{
  "rows": 601,
  "kept": 217,
  "kept_pct": 36.10648918469218,
  "base_pnl": 988658.8512285812,
  "ml_pnl": 248143.68136017828,
  "pnl_delta": -740515.1698684029,
  "base_avg_trade": 1645.0230469693531,
  "ml_avg_trade": 1143.5192689409137,
  "base_win_rate": 0.7870216306156406,
  "ml_win_rate": 0.7972350230414746,
  "avg_p_win_kept": 0.6200807094086396,
  "median_p_win_kept": 0.614498843865344
}