{
  "rows": 591,
  "kept": 591,
  "kept_pct": 100.0,
  "base_pnl": 948948.8855275231,
  "ml_pnl": 1441948.7583248706,
  "pnl_delta": 492999.8727973475,
  "base_avg_trade": 1605.6664729738125,
  "ml_avg_trade": 2439.8456147628945,
  "base_win_rate": 0.7834179357021996,
  "ml_win_rate": 0.7834179357021996
}