trade_date,ticker,side,setup,impulse_type,signal_time_ist,entry_time_ist,entry_price,sl_price,target_price,exit_time_ist,exit_price,outcome,pnl_pct,pnl_pct_gross,adx_signal,rsi_signal,stochk_signal,avwap_dist_atr_signal,ema20_gap_atr_signal,atr_pct_signal,quality_score,india_vix,stop_price,pnl_pct_price,pnl_pct_gross_price,position_size_rs,leverage,notional_exposure_rs,pnl_rs,pnl_rs_gross
2025-08-26,GODIGIT,SHORT,A_MOD_BREAK_C1_LOW,MODERATE,2025-08-26 10:00:00+05:30,2025-08-26 10:15:00+05:30,362.12757220458985,364.02874195866394,359.0857005980713,2025-08-26 11:33:00+05:30,359.0857005980713,TARGET,3.400000000000001,4.2,29.621471405029297,25.82086944580078,4.94727087020874,1.3638084927834775,3.110931549608685,0.005206797865582035,0.5429885573125479,11.76,364.02874195866394,0.6800000000000002,0.8400000000000001,50000.0,5.0,250000.0,1700.0000000000002,2100.0000000000005
2025-08-26,RTNINDIA,LONG,A_MOD_BREAK_C1_HIGH,MODERATE,2025-08-26 10:30:00+05:30,2025-08-26 10:45:00+05:30,54.93000106811523,54.64161856250763,55.50676607933044,2025-08-26 10:46:00+05:30,55.50676607933044,TARGET,4.449999999999985,5.249999999999985,41.411888122558594,89.42911529541016,72.20340728759766,1.9453307941615188,3.258399684802689,0.008586543296083554,7.594197908111365,11.76,54.64161856250763,0.889999999999997,1.049999999999997,100000.0,5.0,500000.0,4449.999999999985,5249.9999999999845
2025-08-26,JSWINFRA,SHORT,A_MOD_BREAK_C1_LOW,MODERATE,2025-08-26 11:30:00+05:30,2025-08-26 11:45:00+05:30,298.24032779541017,299.80608951633604,295.73510904192875,2025-08-26 12:16:00+05:30,295.73510904192875,TARGET,3.3999999999999497,4.1999999999999496,42.86796951293945,36.79954528808594,13.74048137664795,1.0677195737910299,2.0814912326621933,0.004992593150486347,0.6898704681075221,11.76,299.80608951633604,0.67999999999999,0.8399999999999899,50000.0,5.0,250000.0,1699.999999999975,2099.9999999999745
2025-08-26,METROPOLIS,SHORT,A_PULLBACK_C2_THEN_BREAK_C2_LOW,MODERATE,2025-08-26 11:30:00+05:30,2025-08-26 12:00:00+05:30,2136.7725111816408,2147.990566865344,2118.823622087715,2025-08-26 13:30:00+05:30,2147.990566865344,SL,-3.4249999999999425,-2.6249999999999423,41.6338996887207,25.63772964477539,14.756274223327637,1.2555793254660046,2.493551501142543,0.004919628492743465,0.7042348772873612,11.76,2147.990566865344,-0.6849999999999885,-0.5249999999999885,50000.0,5.0,250000.0,-1712.4999999999711,-1312.4999999999714
2025-08-26,RALLIS,SHORT,A_MOD_BREAK_C1_LOW,MODERATE,2025-08-26 12:45:00+05:30,2025-08-26 13:00:00+05:30,363.9272,365.83781780000004,360.87021152000005,2025-08-26 14:35:00+05:30,365.83781780000004,SL,-3.425000000000015,-2.625000000000015,63.97438430786133,24.443946838378906,3.2163026332855225,2.643904091548523,3.0258578973008143,0.0064578801908560645,0.96,11.76,365.83781780000004,-0.6850000000000029,-0.525000000000003,50000.0,5.0,250000.0,-1712.5000000000075,-1312.5000000000075
2025-08-26,SWANCORP,SHORT,A_MOD_BREAK_C1_LOW,MODERATE,2025-08-26 12:45:00+05:30,2025-08-26 13:00:00+05:30,464.5070861022949,466.94574830433197,460.6052265790357,2025-08-26 13:37:00+05:30,460.6052265790357,TARGET,3.3999999999999675,4.199999999999967,27.060073852539062,42.39274215698242,6.398364067077637,1.7771651134637612,2.299321896330103,0.007479551486359082,0.5769050026442442,11.76,466.94574830433197,0.6799999999999935,0.8399999999999935,50000.0,5.0,250000.0,1699.9999999999836,2099.9999999999836
2025-08-26,UDS,SHORT,A_MOD_BREAK_C1_LOW,MODERATE,2025-08-26 13:30:00+05:30,2025-08-26 13:45:00+05:30,250.69985,252.01602421249999,248.59397126000002,2025-08-26 14:36:00+05:30,248.59397126000002,TARGET,3.399999999999961,4.19999999999996,27.975566864013672,28.088281631469727,10.319486618041992,3.781717802770256,3.5937787401483137,0.005224052425527195,0.6296335029602051,11.76,252.01602421249999,0.6799999999999922,0.8399999999999921,50000.0,5.0,250000.0,1699.9999999999804,2099.9999999999804
2025-08-28,PDSL,LONG,A_MOD_BREAK_C1_HIGH,MODERATE,2025-08-28 10:00:00+05:30,2025-08-28 10:15:00+05:30,331.3662477905273,329.62657498962704,334.8455933923278,2025-08-28 10:22:00+05:30,334.8455933923278,TARGET,4.4499999999999496,5.249999999999949,29.737794876098633,78.43855285644531,85.60650634765625,0.9677168882318505,3.2450296160779626,0.00827908582417453,6.152954201050161,12.19,329.62657498962704,0.8899999999999899,1.0499999999999898,100000.0,5.0,500000.0,4449.99999999995,5249.999999999949
2025-08-28,FIEMIND,LONG,A_MOD_BREAK_C1_HIGH,MODERATE,2025-08-28 10:30:00+05:30,2025-08-28 10:45:00+05:30,2145.429,2134.16549775,2167.9560045,2025-08-28 10:46:00+05:30,2167.9560045,TARGET,4.449999999999942,5.249999999999941,29.828617095947266,79.1198501586914,94.11538696289062,2.376858287360772,3.7377842388411766,0.009272148006289192,7.9235815271900485,12.19,2134.16549775,0.8899999999999884,1.0499999999999883,100000.0,5.0,500000.0,4449.999999999942,5249.999999999942
2025-08-28,ABFRL,SHORT,A_MOD_BREAK_C1_LOW,MODERATE,2025-08-28 12:00:00+05:30,2025-08-28 12:15:00+05:30,79.85000152587891,80.26921403388977,79.17926151306153,2025-08-28 12:39:00+05:30,80.26921403388977,SL,-3.4249999999999616,-2.624999999999962,26.87228775024414,30.42933464050293,5.649050712585449,1.9915866798822965,2.6891910817308413,0.008189551902106802,0.6116119852330639,12.19,80.26921403388977,-0.6849999999999923,-0.5249999999999924,50000.0,5.0,250000.0,-1712.4999999999807,-1312.499999999981
2025-08-28,SHANKARA,SHORT,A_MOD_BREAK_C1_LOW,MODERATE,2025-08-28 12:15:00+05:30,2025-08-28 12:30:00+05:30,943.3113,948.263684325,935.38748508,2025-08-28 12:52:00+05:30,935.38748508,TARGET,3.399999999999962,4.199999999999962,64.71965026855469,30.185443878173828,37.650611877441406,0.7632215363460245,1.974633523229655,0.011102881565078984,0.7422954450220371,12.19,948.263684325,0.6799999999999924,0.8399999999999923,50000.0,5.0,250000.0,1699.9999999999811,2099.999999999981
2025-08-28,JAGRAN,SHORT,A_MOD_BREAK_C1_LOW,MODERATE,2025-08-28 13:45:00+05:30,2025-08-28 14:00:00+05:30,70.86000366210938,71.23201868133545,70.26477963134766,2025-08-28 15:30:00+05:30,70.9000015258789,EOD,-1.082231595416331,-0.28223159541633125,25.108257293701172,27.581514358520508,7.592341423034668,2.1078697663918047,3.5391332364406316,0.0031506502409882346,0.5866238594055175,12.19,71.23201868133545,-0.21644631908326623,-0.05644631908326625,50000.0,5.0,250000.0,-541.1157977081656,-141.11579770816562
2025-08-28,INDIASHLTR,LONG,B_HUGE_GREEN_PULLBACK_HOLD_THEN_BREAK,HUGE,2025-08-28 13:30:00+05:30,2025-08-28 14:30:00+05:30,948.1896,943.2116046000001,958.1455908,2025-08-28 14:49:00+05:30,958.1455908,TARGET,4.4499999999999975,5.2499999999999964,29.849714279174805,69.42170715332031,76.52066802978516,3.0309663153358555,2.3691605149106003,0.005838861855723152,7.333058821630335,12.19,943.2116046000001,0.8899999999999995,1.0499999999999994,100000.0,5.0,500000.0,4449.999999999997,5249.999999999997
2025-08-29,GENUSPOWER,SHORT,A_MOD_BREAK_C1_LOW,MODERATE,2025-08-29 12:15:00+05:30,2025-08-29 12:30:00+05:30,329.3341138977051,331.06311799566805,326.5677073409644,2025-08-29 12:31:00+05:30,326.5677073409644,TARGET,3.399999999999994,4.199999999999994,25.3363094329834,16.434083938598633,2.3549599647521973,2.1881311814654016,3.171795774124318,0.0093360652157174,0.5900446414947509,12.18,331.06311799566805,0.6799999999999988,0.8399999999999989,50000.0,5.0,250000.0,1699.999999999997,2099.9999999999973
2025-09-01,SSWL,LONG,A_MOD_BREAK_C1_HIGH,MODERATE,2025-09-01 10:00:00+05:30,2025-09-01 10:15:00+05:30,217.83999328613282,216.69633332138062,220.1273132156372,2025-09-01 10:30:00+05:30,220.1273132156372,TARGET,4.44999999999996,5.24999999999996,34.006446838378906,65.3100357055664,57.680091857910156,0.38642394340147806,1.768395530945906,0.00534663749913374,3.6500020001002174,11.75,216.69633332138062,0.8899999999999921,1.049999999999992,100000.0,5.0,500000.0,4449.999999999961,5249.99999999996
2025-09-01,UBL,SHORT,A_MOD_BREAK_C1_LOW,MODERATE,2025-09-01 10:00:00+05:30,2025-09-01 10:15:00+05:30,1813.3372111816407,1822.8572315403442,1798.105178607715,2025-09-01 12:01:00+05:30,1798.105178607715,TARGET,3.399999999999952,4.199999999999952,29.275985717773438,27.427438735961914,7.107885360717773,0.9443106104601587,2.847594012584048,0.005790879491260608,0.46439414259712936,11.75,1822.8572315403442,0.6799999999999904,0.8399999999999904,50000.0,5.0,250000.0,1699.9999999999761,2099.999999999976
2025-09-01,COLPAL,LONG,B_HUGE_GREEN_PULLBACK_HOLD_THEN_BREAK,HUGE,2025-09-01 10:45:00+05:30,2025-09-01 12:15:00+05:30,2369.4738,2357.0340625500003,2394.3532749,2025-09-01 15:30:00+05:30,2358.0,EOD,-3.221170472532806,-2.4211704725328067,32.36802291870117,68.71995544433594,87.978271484375,2.10282368060213,2.812533253218929,0.004621052777265963,6.642849833750825,11.75,2357.0340625500003,-0.6442340945065612,-0.4842340945065613,100000.0,5.0,500000.0,-3221.170472532806,-2421.1704725328063
2025-09-01,CCL,LONG,B_HUGE_GREEN_PULLBACK_HOLD_THEN_BREAK,HUGE,2025-09-01 10:30:00+05:30,2025-09-01 12:45:00+05:30,902.1304022094727,897.394217597873,911.6027714326721,2025-09-01 15:30:00+05:30,909.0,EOD,3.007430596343117,3.807430596343117,39.17194747924805,84.04457092285156,87.7044448852539,2.103400604653024,4.250346170230722,0.005039400717439042,8.859443110986957,11.75,897.394217597873,0.6014861192686234,0.7614861192686234,100000.0,5.0,500000.0,3007.430596343117,3807.430596343117
2025-09-01,XPROINDIA,LONG,B_HUGE_GREEN_PULLBACK_HOLD_THEN_BREAK,HUGE,2025-09-01 12:15:00+05:30,2025-09-01 13:15:00+05:30,1187.2374,1181.00440365,1199.7033927,2025-09-01 15:20:00+05:30,1181.00440365,SL,-3.424999999999956,-2.6249999999999556,44.967037200927734,79.98824310302734,84.57991790771484,2.302547209649563,3.8849531365251715,0.009485454074407028,8.814693477205862,11.75,1181.00440365,-0.6849999999999912,-0.5249999999999911,100000.0,5.0,500000.0,-3424.999999999956,-2624.9999999999554
2025-09-02,AJMERA,LONG,A_MOD_BREAK_C1_HIGH,MODERATE,2025-09-02 10:00:00+05:30,2025-09-02 10:15:00+05:30,186.05,185.0732375,188.003525,2025-09-02 10:54:00+05:30,188.003525,TARGET,4.449999999999959,5.249999999999959,28.898176193237305,78.02276611328125,81.60203552246094,0.6171954042926866,4.4331764051629845,0.006568588386178089,6.348098003080439,11.29,185.0732375,0.8899999999999919,1.0499999999999918,100000.0,5.0,500000.0,4449.999999999959,5249.99999999996
2025-09-02,FACT,LONG,A_MOD_BREAK_C1_HIGH,MODERATE,2025-09-02 10:00:00+05:30,2025-09-02 10:15:00+05:30,962.8925522094727,957.837366310373,973.002924007672,2025-09-02 10:16:00+05:30,973.002924007672,TARGET,4.44999999999995,5.24999999999995,32.35047149658203,71.95763397216797,84.0997314453125,1.3542484821198522,2.362752460472524,0.007384044597675274,5.34372872053024,11.29,957.837366310373,0.8899999999999901,1.04999999999999,100000.0,5.0,500000.0,4449.999999999951,5249.99999999995
2025-09-02,GNA,LONG,B_HUGE_GREEN_PULLBACK_HOLD_THEN_BREAK,HUGE,2025-09-02 10:15:00+05:30,2025-09-02 11:15:00+05:30,311.5623,309.926597925,314.83370414999996,2025-09-02 11:16:00+05:30,314.83370414999996,TARGET,4.449999999999948,5.249999999999947,36.831695556640625,76.65867614746094,88.71038818359375,2.5855906193153735,3.9626683146017223,0.006113221172835849,8.702197948082482,11.29,309.926597925,0.8899999999999895,1.0499999999999894,100000.0,5.0,500000.0,4449.999999999947,5249.999999999946
2025-09-02,TVSSCS-BE,LONG,B_HUGE_GREEN_PULLBACK_HOLD_THEN_BREAK,HUGE,2025-09-02 10:30:00+05:30,2025-09-02 11:30:00+05:30,131.80999450683595,131.11799203567506,133.19399944915773,2025-09-02 12:41:00+05:30,131.11799203567506,SL,-3.425000000000006,-2.6250000000000058,35.431983947753906,79.94351196289062,92.83739471435547,1.4592397479197183,3.9060164468643515,0.008090240258989084,7.203050360610378,11.29,131.11799203567506,-0.6850000000000012,-0.5250000000000011,100000.0,5.0,500000.0,-3425.000000000006,-2625.000000000006
2025-09-02,ESCORTS,LONG,B_HUGE_GREEN_PULLBACK_HOLD_THEN_BREAK,HUGE,2025-09-02 10:15:00+05:30,2025-09-02 11:45:00+05:30,3690.738,3671.3616254999997,3729.4907489999996,2025-09-02 13:21:00+05:30,3671.3616254999997,SL,-3.425000000000015,-2.625000000000015,46.64376449584961,72.10457611083984,54.07740020751953,1.3935734981834622,2.031935484744785,0.004982625736709396,5.977216315840593,11.29,3671.3616254999997,-0.6850000000000029,-0.525000000000003,100000.0,5.0,500000.0,-3425.000000000015,-2625.000000000015
2025-09-02,ACI,LONG,B_HUGE_GREEN_PULLBACK_HOLD_THEN_BREAK,HUGE,2025-09-02 10:15:00+05:30,2025-09-02 12:00:00+05:30,678.4356477905274,674.8738606396271,685.5592220923279,2025-09-02 13:10:00+05:30,685.5592220923279,TARGET,4.450000000000006,5.250000000000005,54.1558952331543,68.6754379272461,63.043052673339844,0.8906017830515173,2.0812520415462354,0.006491091555586908,5.419116228953497,11.29,674.8738606396271,0.8900000000000012,1.0500000000000012,100000.0,5.0,500000.0,4450.000000000006,5250.0000000000055
2025-09-02,APOLLO,LONG,B_HUGE_GREEN_PULLBACK_HOLD_THEN_BREAK,HUGE,2025-09-02 11:00:00+05:30,2025-09-02 12:15:00+05:30,288.75775220947264,287.2417740103729,291.7897086076721,2025-09-02 12:16:00+05:30,291.7897086076721,TARGET,4.449999999999962,5.249999999999961,34.8928337097168,82.0495376586914,79.19236755371094,2.9092858130065027,3.729710223504461,0.014118896112144676,9.256425436637935,11.29,287.2417740103729,0.8899999999999924,1.0499999999999923,100000.0,5.0,500000.0,4449.999999999962,5249.999999999961
2025-09-02,GENESYS,LONG,B_HUGE_GREEN_PULLBACK_HOLD_THEN_BREAK,HUGE,2025-09-02 10:45:00+05:30,2025-09-02 13:15:00+05:30,630.126,626.8178385,636.7423229999999,2025-09-02 13:16:00+05:30,636.7423229999999,TARGET,4.449999999999974,5.249999999999973,33.69108200073242,78.9965591430664,88.29389190673828,3.0899150535116453,4.442992106244613,0.011840115410489684,10.096411545962596,11.29,626.8178385,0.8899999999999948,1.0499999999999947,100000.0,5.0,500000.0,4449.999999999974,5249.999999999974
2025-09-02,ABCAPITAL,SHORT,A_PULLBACK_C2_THEN_BREAK_C2_LOW,MODERATE,2025-09-02 13:00:00+05:30,2025-09-02 13:30:00+05:30,275.19495,276.6397234875,272.88331242000004,2025-09-02 15:30:00+05:30,274.54998779296875,EOD,0.37182783883071946,1.1718278388307193,40.572059631347656,35.34836959838867,22.483732223510742,1.6623160637328538,1.900520653267068,0.004786103722468374,0.7545122382868177,11.29,276.6397234875,0.07436556776614389,0.23436556776614387,50000.0,5.0,250000.0,185.91391941535971,585.9139194153597
2025-09-02,BHARTIARTL,SHORT,A_MOD_BREAK_C1_LOW,MODERATE,2025-09-02 14:15:00+05:30,2025-09-02 14:30:00+05:30,1879.1241,1888.989501525,1863.33945756,2025-09-02 15:12:00+05:30,1888.989501525,SL,-3.4249999999999794,-2.6249999999999796,25.524179458618164,27.563772201538086,3.612001419067383,4.287549432632723,3.413187515486026,0.0022262059601081585,0.5928626918792725,11.29,1888.989501525,-0.6849999999999958,-0.5249999999999959,50000.0,5.0,250000.0,-1712.4999999999895,-1312.49999999999
2025-09-02,EIMCOELECO,SHORT,A_MOD_BREAK_C1_LOW,MODERATE,2025-09-02 14:15:00+05:30,2025-09-02 14:30:00+05:30,2036.1926555908203,2046.882667032672,2019.0886372838575,2025-09-02 14:40:00+05:30,2019.0886372838575,TARGET,3.399999999999995,4.199999999999996,42.377262115478516,15.244522094726562,7.027763366699219,3.2572707251995254,5.205649699936347,0.01453768418502247,0.8456589317321777,11.29,2046.882667032672,0.679999999999999,0.8399999999999991,50000.0,5.0,250000.0,1699.9999999999975,2099.9999999999977
2025-09-03,PPLPHARMA,LONG,B_HUGE_GREEN_PULLBACK_HOLD_THEN_BREAK,HUGE,2025-09-03 10:00:00+05:30,2025-09-03 11:00:00+05:30,195.68999938964845,194.66262689285278,197.74474438323975,2025-09-03 11:03:00+05:30,197.74474438323975,TARGET,4.449999999999976,5.249999999999976,30.89513397216797,78.5765609741211,93.21070861816406,1.6683563439971114,4.470580632772695,0.00666324949328417,8.090915291011761,11.4,194.66262689285278,0.8899999999999952,1.0499999999999952,100000.0,5.0,500000.0,4449.999999999976,5249.999999999976
2025-09-03,SIYSIL,LONG,A_MOD_BREAK_C1_HIGH,MODERATE,2025-09-03 11:00:00+05:30,2025-09-03 11:15:00+05:30,642.0784022094726,638.707490597873,648.820225432672,2025-09-03 11:16:00+05:30,648.820225432672,TARGET,4.449999999999944,5.249999999999943,45.58176803588867,68.59796905517578,89.1750717163086,1.9176555703386688,2.033890402858374,0.0052210487426586644,6.365520838968493,11.4,638.707490597873,0.8899999999999888,1.0499999999999887,100000.0,5.0,500000.0,4449.999999999944,5249.999999999944
2025-09-03,AVANTEL,LONG,B_HUGE_GREEN_PULLBACK_HOLD_THEN_BREAK,HUGE,2025-09-03 10:30:00+05:30,2025-09-03 11:30:00+05:30,161.55,160.7018625,163.246275,2025-09-03 13:03:00+05:30,160.7018625,SL,-3.425000000000021,-2.6250000000000218,49.49552917480469,80.20268249511719,92.81874084472656,1.4294590027711778,3.4918351262371914,0.00945203631206462,7.496047450457745,11.4,160.7018625,-0.6850000000000043,-0.5250000000000044,100000.0,5.0,500000.0,-3425.0000000000214,-2625.000000000022
2025-09-03,CIGNITITEC,SHORT,A_MOD_BREAK_C1_LOW,MODERATE,2025-09-03 11:15:00+05:30,2025-09-03 11:30:00+05:30,1627.0745444091797,1635.616685767328,1613.4071182361427,2025-09-03 12:36:00+05:30,1635.616685767328,SL,-3.4250000000000105,-2.6250000000000107,29.10861587524414,26.29107666015625,3.3848466873168945,1.5457340746865411,2.5347933745687024,0.004967262736804625,0.5671327011988068,11.4,1635.616685767328,-0.685000000000002,-0.5250000000000021,50000.0,5.0,250000.0,-1712.500000000005,-1312.5000000000052
2025-09-03,SCILAL,LONG,B_HUGE_GREEN_PULLBACK_HOLD_THEN_BREAK,HUGE,2025-09-03 11:30:00+05:30,2025-09-03 12:30:00+05:30,51.8,51.52805,52.3439,2025-09-03 12:31:00+05:30,52.3439,TARGET,4.450000000000007,5.250000000000007,41.826751708984375,74.84327697753906,76.15492248535156,1.2623594656017454,2.3391710202081697,0.008741844228490028,6.035469627525349,11.4,51.52805,0.8900000000000015,1.0500000000000014,100000.0,5.0,500000.0,4450.000000000007,5250.000000000007
2025-09-03,GLOBUSSPR,SHORT,A_MOD_BREAK_C1_LOW,MODERATE,2025-09-03 12:15:00+05:30,2025-09-03 12:30:00+05:30,1102.7794,1108.56899185,1093.5160530399999,2025-09-03 12:48:00+05:30,1093.5160530399999,TARGET,3.4000000000000163,4.200000000000016,53.11933898925781,8.470474243164062,4.087658882141113,2.69316169777777,4.3402878651510886,0.011767843800522888,0.96,11.4,1108.56899185,0.6800000000000033,0.8400000000000032,50000.0,5.0,250000.0,1700.0000000000082,2100.000000000008
2025-09-03,SJS,LONG,B_HUGE_GREEN_PULLBACK_HOLD_THEN_BREAK,HUGE,2025-09-03 10:15:00+05:30,2025-09-03 12:45:00+05:30,1409.1818044189454,1401.783599945746,1423.9782133653443,2025-09-03 12:46:00+05:30,1423.9782133653443,TARGET,4.450000000000015,5.250000000000014,31.289791107177734,75.37911224365234,88.08977508544922,1.7166164716968428,3.2683385702636585,0.011003572881008134,7.400229137261787,11.4,1401.783599945746,0.890000000000003,1.050000000000003,100000.0,5.0,500000.0,4450.000000000015,5250.0000000000155
2025-09-03,DELTACORP,LONG,B_HUGE_GREEN_PULLBACK_HOLD_THEN_BREAK,HUGE,2025-09-03 11:15:00+05:30,2025-09-03 13:00:00+05:30,90.8,90.3233,91.7534,2025-09-03 13:01:00+05:30,91.7534,TARGET,4.450000000000012,5.2500000000000115,36.5804443359375,83.1883773803711,88.59127044677734,2.1511830861240644,4.920044377097472,0.009295115531883261,9.352461384836426,11.4,90.3233,0.8900000000000023,1.0500000000000023,100000.0,5.0,500000.0,4450.000000000012,5250.000000000012
2025-09-03,LXCHEM,LONG,B_HUGE_GREEN_PULLBACK_HOLD_THEN_BREAK,HUGE,2025-09-03 10:45:00+05:30,2025-09-03 14:15:00+05:30,217.05,215.91048750000002,219.329025,2025-09-03 15:30:00+05:30,217.33999633789062,EOD,-0.13195959942268215,0.6680404005773177,32.54705810546875,72.0178451538086,78.88748931884766,1.7350962573047004,2.8428453351955345,0.008090013099232659,6.731752036931834,11.4,215.91048750000002,-0.02639191988453643,0.13360808011546355,100000.0,5.0,500000.0,-131.95959942268215,668.0404005773177
2025-09-04,ZUARI,SHORT,A_MOD_BREAK_C1_LOW,MODERATE,2025-09-04 10:15:00+05:30,2025-09-04 10:30:00+05:30,312.03758610229494,313.675783429332,309.4164703790357,2025-09-04 10:37:00+05:30,309.4164703790357,TARGET,3.399999999999981,4.199999999999981,42.803138732910156,33.152076721191406,19.519174575805664,1.1434372785279874,2.099188543977129,0.015737333657508436,0.7021486047360501,10.93,313.675783429332,0.6799999999999962,0.8399999999999961,50000.0,5.0,250000.0,1699.9999999999905,2099.9999999999905
2025-09-04,GALAXYSURF,LONG,B_HUGE_GREEN_PULLBACK_HOLD_THEN_BREAK,HUGE,2025-09-04 10:00:00+05:30,2025-09-04 11:15:00+05:30,2365.473,2353.05426675,2390.3104664999996,2025-09-04 15:30:00+05:30,2364.5,EOD,-1.0056671118207556,-0.20566711182075562,47.10771179199219,82.84521484375,89.31568908691406,1.7441725338950638,4.635519077226291,0.004031726331973415,9.030964691371125,10.93,2353.05426675,-0.2011334223641511,-0.04113342236415112,100000.0,5.0,500000.0,-1005.6671118207556,-205.6671118207556
2025-09-04,SONACOMS,SHORT,A_MOD_BREAK_C1_LOW,MODERATE,2025-09-04 14:15:00+05:30,2025-09-04 14:30:00+05:30,442.11157220458983,444.4326579586639,438.3978349980713,2025-09-04 14:53:00+05:30,438.3978349980713,TARGET,3.399999999999989,4.199999999999989,27.267465591430664,30.60542869567871,2.7772693634033203,3.9377805724100243,2.5013578285456393,0.004044957491587573,0.6190119838714598,10.93,444.4326579586639,0.6799999999999977,0.8399999999999976,50000.0,5.0,250000.0,1699.9999999999943,2099.999999999994
2025-09-05,JTEKTINDIA,LONG,B_HUGE_GREEN_PULLBACK_HOLD_THEN_BREAK,HUGE,2025-09-05 10:00:00+05:30,2025-09-05 11:00:00+05:30,151.88999633789064,151.09257385711672,153.48484129943847,2025-09-05 11:01:00+05:30,153.48484129943847,TARGET,4.449999999999946,5.249999999999946,44.54045486450195,81.31201171875,69.7630386352539,1.6206915763922356,3.814305295500338,0.010037397767795485,7.5654205514107975,10.85,151.09257385711672,0.8899999999999892,1.0499999999999892,100000.0,5.0,500000.0,4449.999999999946,5249.999999999945
2025-09-05,GMDCLTD,LONG,B_HUGE_GREEN_PULLBACK_HOLD_THEN_BREAK,HUGE,2025-09-05 10:00:00+05:30,2025-09-05 11:15:00+05:30,503.6007,500.956796325,508.88850735,2025-09-05 11:17:00+05:30,508.88850735,TARGET,4.449999999999981,5.2499999999999805,31.88996696472168,73.94147491455078,80.9886245727539,1.9667115214652826,2.9129209961734666,0.007894342181279733,6.615275952897308,10.85,500.956796325,0.8899999999999961,1.049999999999996,100000.0,5.0,500000.0,4449.999999999981,5249.99999999998
2025-09-05,ACE,SHORT,A_MOD_BREAK_C1_LOW,MODERATE,2025-09-05 11:00:00+05:30,2025-09-05 11:15:00+05:30,1050.1899444091796,1055.7034416173278,1041.3683488761426,2025-09-05 11:24:00+05:30,1041.3683488761426,TARGET,3.3999999999999475,4.199999999999948,29.016569137573242,26.991655349731445,4.649144649505615,1.9130075267656326,2.860503539173544,0.006288931716989978,0.6300248542475844,10.85,1055.7034416173278,0.6799999999999895,0.8399999999999895,50000.0,5.0,250000.0,1699.9999999999736,2099.9999999999736
2025-09-05,JLHL,SHORT,A_MOD_BREAK_C1_LOW,MODERATE,2025-09-05 11:00:00+05:30,2025-09-05 11:15:00+05:30,1426.2147,1433.702327175,1414.23449652,2025-09-05 15:30:00+05:30,1426.699951171875,EOD,-0.9701185564399968,-0.17011855643999693,34.457069396972656,32.0909423828125,15.829733848571777,1.1907935312326994,1.8646263740920235,0.0042361534565238,0.5784762276249134,10.85,1433.702327175,-0.19402371128799936,-0.034023711287999386,50000.0,5.0,250000.0,-485.0592782199984,-85.05927821999848
2025-09-05,KALAMANDIR,SHORT,A_MOD_BREAK_C1_LOW,MODERATE,2025-09-05 11:45:00+05:30,2025-09-05 12:00:00+05:30,172.0500061035156,172.95326863555906,170.60478605224608,2025-09-05 12:26:00+05:30,170.60478605224608,TARGET,3.3999999999999964,4.199999999999997,37.34662628173828,32.96609878540039,40.70513153076172,0.8135298866519061,1.3771706938858788,0.009511076157028031,0.5314256590844517,10.85,172.95326863555906,0.6799999999999993,0.8399999999999993,50000.0,5.0,250000.0,1699.9999999999982,2099.999999999998
2025-09-05,ABBOTINDIA,SHORT,A_MOD_BREAK_C1_LOW,MODERATE,2025-09-05 12:00:00+05:30,2025-09-05 12:15:00+05:30,31043.79,31206.7698975,30783.022164,2025-09-05 14:51:00+05:30,31206.7698975,SL,-3.4249999999999616,-2.624999999999962,32.004032135009766,17.783905029296875,0.6551390290260315,2.264564689192795,3.6816324961824947,0.0067244471711747165,0.6900604820251464,10.85,31206.7698975,-0.6849999999999923,-0.5249999999999924,50000.0,5.0,250000.0,-1712.4999999999807,-1312.499999999981
2025-09-05,FINEORG,SHORT,A_MOD_BREAK_C1_LOW,MODERATE,2025-09-05 12:00:00+05:30,2025-09-05 12:15:00+05:30,4786.5425,4811.671848124999,4746.335543,2025-09-05 13:19:00+05:30,4811.671848124999,SL,-3.42499999999995,-2.6249999999999503,49.886146545410156,22.478525161743164,0.3745318353176117,2.093599415722891,2.4384997220555653,0.0038687101916918243,0.9582921981811523,10.85,4811.671848124999,-0.6849999999999901,-0.52499999999999,50000.0,5.0,250000.0,-1712.4999999999752,-1312.4999999999752
2025-09-05,GUJGASLTD,SHORT,A_MOD_BREAK_C1_LOW,MODERATE,2025-09-05 12:30:00+05:30,2025-09-05 12:45:00+05:30,435.0129861022949,437.296804279332,431.3588770190357,2025-09-05 15:30:00+05:30,433.79998779296875,EOD,0.5942093087778835,1.3942093087778833,33.195884704589844,23.469158172607422,11.059234619140625,1.4907520065001516,1.799316692243686,0.004826475837176554,0.6087857063185584,10.85,437.296804279332,0.1188418617555767,0.2788418617555767,50000.0,5.0,250000.0,297.10465438894175,697.1046543889418
2025-09-05,CHAMBLFERT,SHORT,A_MOD_BREAK_C1_LOW,MODERATE,2025-09-05 12:45:00+05:30,2025-09-05 13:00:00+05:30,551.9895555908203,554.887500757672,547.3528433238574,2025-09-05 13:39:00+05:30,554.887500757672,SL,-3.424999999999941,-2.6249999999999414,32.22087860107422,32.748538970947266,9.874882698059082,1.6203981674871109,1.6614096032797312,0.005164852401250088,0.6099533384903442,10.85,554.887500757672,-0.6849999999999883,-0.5249999999999883,50000.0,5.0,250000.0,-1712.4999999999707,-1312.4999999999707
2025-09-05,BSE,LONG,B_HUGE_GREEN_PULLBACK_HOLD_THEN_BREAK,HUGE,2025-09-05 10:00:00+05:30,2025-09-05 14:15:00+05:30,2334.7669088378907,2322.5093825664917,2359.2819613806882,2025-09-05 15:03:00+05:30,2322.5093825664917,SL,-3.425000000000016,-2.625000000000016,27.300485610961914,79.36537170410156,94.48504638671875,3.9287603364714845,4.7855322214120575,0.006994819805823871,11.078810602160075,10.85,2322.5093825664917,-0.6850000000000032,-0.5250000000000032,100000.0,5.0,500000.0,-3425.000000000016,-2625.0000000000164
2025-09-08,ELGIEQUIP,SHORT,A_MOD_BREAK_C1_LOW,MODERATE,2025-09-08 10:15:00+05:30,2025-09-08 10:30:00+05:30,474.4051,476.895726775,470.42009716,2025-09-08 15:30:00+05:30,474.70001220703125,EOD,-1.110823183636986,-0.31082318363698613,31.363950729370117,40.02167510986328,45.911930084228516,0.8439171937948261,1.1260306354647485,0.00528375818556051,0.4344463016278838,10.78,476.895726775,-0.2221646367273972,-0.06216463672739723,50000.0,5.0,250000.0,-555.411591818493,-155.41159181849306
2025-09-08,GRINFRA,SHORT,A_MOD_BREAK_C1_LOW,MODERATE,2025-09-08 10:15:00+05:30,2025-09-08 10:30:00+05:30,1269.8459555908203,1276.512646857672,1259.1792495638574,2025-09-08 10:45:00+05:30,1276.512646857672,SL,-3.4249999999999914,-2.624999999999991,25.930835723876953,18.22462272644043,9.699615478515625,1.6126966509990404,3.7384478661333267,0.003147142126652127,0.5311844497829863,10.78,1276.512646857672,-0.6849999999999983,-0.5249999999999982,50000.0,5.0,250000.0,-1712.4999999999957,-1312.4999999999955
2025-09-08,ERIS,SHORT,A_MOD_BREAK_C1_LOW,MODERATE,2025-09-08 11:00:00+05:30,2025-09-08 11:15:00+05:30,1707.9583888183595,1716.9251703596558,1693.6115383522854,2025-09-08 11:22:00+05:30,1716.9251703596558,SL,-3.424999999999978,-2.6249999999999787,52.99858474731445,28.069236755371094,36.88888931274414,1.1381177035779084,1.8521852405905768,0.005702097799243419,0.8017798601556629,10.78,1716.9251703596558,-0.6849999999999956,-0.5249999999999957,50000.0,5.0,250000.0,-1712.499999999989,-1312.4999999999893
2025-09-08,SHK,SHORT,A_MOD_BREAK_C1_LOW,MODERATE,2025-09-08 11:00:00+05:30,2025-09-08 11:15:00+05:30,254.99899305114747,256.337737764666,252.85700150951783,2025-09-08 11:43:00+05:30,256.337737764666,SL,-3.424999999999969,-2.624999999999969,33.61716079711914,22.239307403564453,13.9179105758667,1.6249607051816624,3.065894724404797,0.0075859234564025334,0.6486255353635779,10.78,256.337737764666,-0.6849999999999938,-0.5249999999999938,50000.0,5.0,250000.0,-1712.4999999999845,-1312.4999999999845
2025-09-08,ABSLAMC,LONG,B_HUGE_GREEN_PULLBACK_HOLD_THEN_BREAK,HUGE,2025-09-08 10:00:00+05:30,2025-09-08 11:30:00+05:30,852.0203455810547,847.5472387667542,860.9665592096558,2025-09-08 12:32:00+05:30,847.5472387667542,SL,-3.424999999999999,-2.6249999999999996,25.751575469970703,73.56452941894531,70.64189910888672,1.3168736710929556,3.299155021006744,0.005431360457802887,6.3548245736062,10.78,847.5472387667542,-0.6849999999999998,-0.5249999999999999,100000.0,5.0,500000.0,-3424.999999999999,-2624.9999999999995
2025-09-08,PARADEEP,SHORT,A_MOD_BREAK_C1_LOW,MODERATE,2025-09-08 11:15:00+05:30,2025-09-08 11:30:00+05:30,188.16000671386718,189.14784674911496,186.57946265747069,2025-09-08 11:36:00+05:30,186.57946265747069,TARGET,3.4000000000000172,4.200000000000017,42.930782318115234,14.327500343322754,3.76800799369812,2.599570882938945,4.1409792216257975,0.010629596498581992,0.8539617347717285,10.78,189.14784674911496,0.6800000000000035,0.8400000000000034,50000.0,5.0,250000.0,1700.0000000000089,2100.0000000000086
2025-09-08,CONCORDBIO,SHORT,A_MOD_BREAK_C1_LOW,MODERATE,2025-09-08 12:15:00+05:30,2025-09-08 12:30:00+05:30,1624.675,1633.2045437499999,1611.02773,2025-09-08 12:37:00+05:30,1633.2045437499999,SL,-3.4249999999999705,-2.6249999999999702,25.183279037475586,29.709938049316406,3.071664810180664,2.12682385148471,2.368713202514573,0.005836007897535082,0.5877491855621337,10.78,1633.2045437499999,-0.6849999999999941,-0.524999999999994,50000.0,5.0,250000.0,-1712.499999999985,-1312.4999999999852
2025-09-08,CARERATING,LONG,B_HUGE_GREEN_PULLBACK_HOLD_THEN_BREAK,HUGE,2025-09-08 12:00:00+05:30,2025-09-08 13:00:00+05:30,1664.3328,1655.5950527999998,1681.8082943999998,2025-09-08 13:16:00+05:30,1655.5950527999998,SL,-3.4250000000000167,-2.6250000000000173,44.92702865600586,81.5818862915039,86.3850326538086,3.4439143673604837,3.707611627887605,0.0073100832611204605,9.598534162771571,10.78,1655.5950527999998,-0.6850000000000034,-0.5250000000000035,100000.0,5.0,500000.0,-3425.000000000017,-2625.0000000000177
2025-09-09,BAJAJCON,SHORT,A_MOD_BREAK_C1_LOW,MODERATE,2025-09-09 10:15:00+05:30,2025-09-09 10:30:00+05:30,220.22999877929686,221.38620627288816,218.38006678955077,2025-09-09 10:33:00+05:30,221.38620627288816,SL,-3.4249999999999714,-2.6249999999999716,38.86564254760742,25.06252098083496,16.274690628051758,1.2148111233347523,2.892965967759601,0.005090932751639012,0.6555765847976929,10.84,221.38620627288816,-0.6849999999999943,-0.5249999999999944,50000.0,5.0,250000.0,-1712.4999999999857,-1312.499999999986
2025-09-09,GSFC,SHORT,A_MOD_BREAK_C1_LOW,MODERATE,2025-09-09 10:15:00+05:30,2025-09-09 10:30:00+05:30,204.06000061035155,205.1313156135559,202.3458966052246,2025-09-09 15:30:00+05:30,203.60000610351562,EOD,0.32710601161438896,1.127106011614389,25.637325286865234,19.84512710571289,4.027324676513672,1.6834107668292813,4.116246847264217,0.005869605720020944,0.5391567634981027,10.84,205.1313156135559,0.06542120232287779,0.22542120232287777,50000.0,5.0,250000.0,163.55300580719447,563.5530058071944
2025-09-09,AFFLE,LONG,B_HUGE_GREEN_PULLBACK_HOLD_THEN_BREAK,HUGE,2025-09-09 11:30:00+05:30,2025-09-09 13:00:00+05:30,2010.402,1999.8473895000002,2031.511221,2025-09-09 13:03:00+05:30,2031.511221,TARGET,4.449999999999984,5.249999999999984,50.246036529541016,75.30072021484375,42.73316192626953,2.803984588207195,2.491145501508883,0.007027537983914557,8.489666901196365,10.84,1999.8473895000002,0.8899999999999968,1.0499999999999967,100000.0,5.0,500000.0,4449.9999999999845,5249.999999999984
2025-09-09,ASHAPURMIN,LONG,B_HUGE_GREEN_PULLBACK_HOLD_THEN_BREAK,HUGE,2025-09-09 12:45:00+05:30,2025-09-09 14:15:00+05:30,607.5215044189454,604.3320165207459,613.9004802153443,2025-09-09 14:18:00+05:30,613.9004802153443,TARGET,4.449999999999972,5.249999999999972,25.860681533813477,77.26478576660156,82.8384780883789,2.5632152584005414,3.751197533733625,0.009097205967234841,8.08940293069548,10.84,604.3320165207459,0.8899999999999944,1.0499999999999943,100000.0,5.0,500000.0,4449.999999999971,5249.999999999972
2025-09-09,GODREJPROP,SHORT,A_MOD_BREAK_C1_LOW,MODERATE,2025-09-09 14:15:00+05:30,2025-09-09 14:30:00+05:30,1948.8101111816407,1959.0413642653443,1932.440106247715,2025-09-09 15:30:00+05:30,1950.0,EOD,-1.1052859823366457,-0.3052859823366457,29.03765296936035,36.3942756652832,27.017744064331055,2.1048131712752984,1.7531790822880733,0.0021685008513621794,0.6332237486548089,10.84,1959.0413642653443,-0.22105719646732913,-0.06105719646732914,50000.0,5.0,250000.0,-552.6429911683229,-152.64299116832285
2025-09-10,GREENPANEL,LONG,A_MOD_BREAK_C1_HIGH,MODERATE,2025-09-10 11:15:00+05:30,2025-09-10 11:30:00+05:30,270.45407389526366,269.03419000731355,273.29384167116393,2025-09-10 15:25:00+05:30,273.29384167116393,TARGET,4.450000000000004,5.2500000000000036,35.902259826660156,56.59483337402344,34.53104019165039,0.3061410205105768,0.8148223992851292,0.006069167676857609,2.7309751909157955,10.69,269.03419000731355,0.8900000000000008,1.0500000000000007,100000.0,5.0,500000.0,4450.000000000005,5250.000000000004
2025-09-10,RAYMOND,LONG,B_HUGE_GREEN_PULLBACK_HOLD_THEN_BREAK,HUGE,2025-09-10 10:45:00+05:30,2025-09-10 12:30:00+05:30,629.3258522094726,626.0218914853729,635.9337736576721,2025-09-10 12:50:00+05:30,626.0218914853729,SL,-3.425000000000006,-2.6250000000000058,41.98535919189453,70.33251190185547,71.8688735961914,0.7405839818399219,2.025094057811589,0.006654202469460983,5.22844460355874,10.69,626.0218914853729,-0.6850000000000012,-0.5250000000000011,100000.0,5.0,500000.0,-3425.000000000006,-2625.000000000006
2025-09-10,VRLLOG,LONG,B_HUGE_GREEN_PULLBACK_HOLD_THEN_BREAK,HUGE,2025-09-10 10:30:00+05:30,2025-09-10 12:45:00+05:30,270.4040761047363,268.98445470518647,273.24331890383604,2025-09-10 13:38:00+05:30,268.98445470518647,SL,-3.4249999999999514,-2.624999999999952,37.52846145629883,81.39500427246094,83.7836685180664,1.3001431958973184,3.5693270452057164,0.006038266121930319,7.3872747828868635,10.69,268.98445470518647,-0.6849999999999903,-0.5249999999999904,100000.0,5.0,500000.0,-3424.9999999999513,-2624.9999999999523
2025-09-11,ENDURANCE,SHORT,A_MOD_BREAK_C1_LOW,MODERATE,2025-09-11 11:00:00+05:30,2025-09-11 11:15:00+05:30,2957.2084888183595,2972.7338333846556,2932.367937512285,2025-09-11 12:20:00+05:30,2932.367937512285,TARGET,3.400000000000014,4.200000000000014,25.570682525634766,29.031368255615234,6.863710403442383,1.771197706664915,2.2921305173903264,0.006155884588086928,0.5535198365508815,10.54,2972.7338333846556,0.6800000000000028,0.8400000000000029,50000.0,5.0,250000.0,1700.000000000007,2100.0000000000073
2025-09-11,FINOPB,LONG,A_MOD_BREAK_C1_HIGH,MODERATE,2025-09-11 11:00:00+05:30,2025-09-11 11:15:00+05:30,279.60589779052737,278.1379668271271,282.54175971732786,2025-09-11 11:16:00+05:30,282.54175971732786,TARGET,4.449999999999932,5.249999999999932,43.529335021972656,75.62957000732422,86.22052001953125,1.6602350787243327,3.0551105189880183,0.00834613547102952,7.2060038409584415,10.54,278.1379668271271,0.8899999999999864,1.0499999999999863,100000.0,5.0,500000.0,4449.999999999932,5249.999999999932
2025-09-11,ANGELONE,SHORT,B_HUGE_RED_FAILED_BOUNCE,HUGE,2025-09-11 10:15:00+05:30,2025-09-11 11:45:00+05:30,2308.5382,2320.65802555,2289.14647912,2025-09-11 11:46:00+05:30,2289.14647912,TARGET,3.399999999999971,4.199999999999971,31.03253746032715,38.23811721801758,38.43501663208008,0.689552598999231,1.3330667803241092,0.005208018743233575,0.4528131057459781,10.54,2320.65802555,0.6799999999999942,0.8399999999999942,50000.0,5.0,250000.0,1699.9999999999854,2099.9999999999854
2025-09-11,NUVAMA,SHORT,A_MOD_BREAK_C1_LOW,MODERATE,2025-09-11 14:00:00+05:30,2025-09-11 14:15:00+05:30,1237.2525,1243.748075625,1226.8595790000002,2025-09-11 15:30:00+05:30,1232.5,EOD,1.120586137429528,1.9205861374295279,50.37025833129883,24.637226104736328,9.608159065246582,3.3933557533699377,3.3383197592338765,0.004761904706858625,0.96,10.54,1243.748075625,0.22411722748590562,0.3841172274859056,50000.0,5.0,250000.0,560.293068714764,960.293068714764
2025-09-12,METROPOLIS,SHORT,A_MOD_BREAK_C1_LOW,MODERATE,2025-09-12 10:30:00+05:30,2025-09-12 10:45:00+05:30,2091.5816,2102.5624033999998,2074.01231456,2025-09-12 12:23:00+05:30,2074.01231456,TARGET,3.399999999999983,4.199999999999983,33.61182403564453,16.50318145751953,19.21491813659668,0.9552352863896304,3.0881271721963177,0.0038104210027545176,0.5313435356528533,10.36,2102.5624033999998,0.6799999999999966,0.8399999999999966,50000.0,5.0,250000.0,1699.9999999999914,2099.999999999992
2025-09-12,TRITURBINE,LONG,A_MOD_BREAK_C1_HIGH,MODERATE,2025-09-12 10:30:00+05:30,2025-09-12 10:45:00+05:30,518.6037,515.8810305750001,524.04903885,2025-09-12 10:59:00+05:30,524.04903885,TARGET,4.449999999999986,5.249999999999986,27.13772964477539,67.14163208007812,79.2079086303711,1.581509552170407,1.97697867709323,0.003714045888623261,4.8279208630193065,10.36,515.8810305750001,0.8899999999999972,1.0499999999999972,100000.0,5.0,500000.0,4449.999999999986,5249.999999999985
2025-09-12,ORIENTHOT,SHORT,A_MOD_BREAK_C1_LOW,MODERATE,2025-09-12 11:00:00+05:30,2025-09-12 11:15:00+05:30,142.33999938964843,143.08728438644408,141.14434339477538,2025-09-12 15:30:00+05:30,142.5,EOD,-1.362036711527518,-0.5620367115275181,41.244754791259766,28.806316375732422,17.550119400024414,1.7748550337446138,2.9051683497857836,0.006797251515162719,0.7892709527742039,10.36,143.08728438644408,-0.2724073423055036,-0.11240734230550363,50000.0,5.0,250000.0,-681.0183557637591,-281.0183557637591
2025-09-12,MIDHANI,LONG,B_HUGE_GREEN_PULLBACK_HOLD_THEN_BREAK,HUGE,2025-09-12 10:30:00+05:30,2025-09-12 12:00:00+05:30,399.87994779052735,397.7805780646271,404.0786872423279,2025-09-12 12:14:00+05:30,397.7805780646271,SL,-3.424999999999989,-2.6249999999999893,34.274139404296875,70.9491958618164,78.60199737548828,1.088143012210001,2.90061559119687,0.00643637686723124,5.954394428185669,10.36,397.7805780646271,-0.6849999999999978,-0.5249999999999979,100000.0,5.0,500000.0,-3424.999999999989,-2624.9999999999895
2025-09-12,GRSE,LONG,B_HUGE_GREEN_PULLBACK_HOLD_THEN_BREAK,HUGE,2025-09-12 10:45:00+05:30,2025-09-12 12:00:00+05:30,2507.5014,2494.3370176500002,2533.8301647,2025-09-12 12:16:00+05:30,2533.8301647,TARGET,4.449999999999948,5.249999999999947,33.22970962524414,84.48892211914062,93.0283432006836,1.8182970794559004,4.358717246148943,0.009110998808192676,8.453513422149047,10.36,2494.3370176500002,0.8899999999999895,1.0499999999999894,100000.0,5.0,500000.0,4449.999999999947,5249.999999999946
2025-09-12,HAL,LONG,B_HUGE_GREEN_PULLBACK_HOLD_THEN_BREAK,HUGE,2025-09-12 10:30:00+05:30,2025-09-12 12:15:00+05:30,4709.541817675781,4684.8167231329835,4758.992006761377,2025-09-12 15:30:00+05:30,4744.0,EOD,2.858337016447212,3.6583370164472124,37.95309066772461,80.80770111083984,90.6320571899414,1.9858981590103124,4.696884986941049,0.003956055432704243,8.887558436615215,10.36,4684.8167231329835,0.5716674032894424,0.7316674032894425,100000.0,5.0,500000.0,2858.3370164472126,3658.337016447212
2025-09-12,GMRP&UI,LONG,A_MOD_BREAK_C1_HIGH,MODERATE,2025-09-12 13:00:00+05:30,2025-09-12 13:15:00+05:30,117.05,116.4354875,118.27902499999999,2025-09-12 14:17:00+05:30,116.4354875,SL,-3.425000000000015,-2.625000000000015,34.304115295410156,65.46128845214844,49.84080505371094,0.8018002215976189,2.1464249516574494,0.005649549571331742,4.432926936227478,10.36,116.4354875,-0.6850000000000029,-0.525000000000003,100000.0,5.0,500000.0,-3425.000000000015,-2625.000000000015
2025-09-12,SRHHYPOLTD,SHORT,A_MOD_BREAK_C1_LOW,MODERATE,2025-09-12 13:15:00+05:30,2025-09-12 13:30:00+05:30,607.0785722045898,610.2657347086639,601.9791121980713,2025-09-12 15:18:00+05:30,601.9791121980713,TARGET,3.3999999999999417,4.199999999999942,27.435331344604492,37.055641174316406,13.715758323669434,1.496223870886062,1.7447490856944363,0.0037860238503036187,0.52060660185885,10.36,610.2657347086639,0.6799999999999884,0.8399999999999883,50000.0,5.0,250000.0,1699.9999999999711,2099.999999999971
2025-09-12,PUNJABCHEM,LONG,B_HUGE_GREEN_PULLBACK_HOLD_THEN_BREAK,HUGE,2025-09-12 10:00:00+05:30,2025-09-12 13:45:00+05:30,1280.6561044189452,1273.9326598707457,1294.102993515344,2025-09-12 13:58:00+05:30,1273.9326598707457,SL,-3.4250000000000123,-2.625000000000013,38.331478118896484,86.94676208496094,85.05807495117188,1.2272015276770991,5.831934422402287,0.01311494213392136,9.080014780069895,10.36,1273.9326598707457,-0.6850000000000025,-0.5250000000000026,100000.0,5.0,500000.0,-3425.0000000000127,-2625.0000000000127
2025-09-15,WELCORP,LONG,A_MOD_BREAK_C1_HIGH,MODERATE,2025-09-15 10:15:00+05:30,2025-09-15 10:30:00+05:30,899.92995,895.2053177624999,909.3792144749999,2025-09-15 10:31:00+05:30,909.3792144749999,TARGET,4.449999999999973,5.2499999999999725,38.796512603759766,83.07146453857422,91.51988983154297,1.7748848106687063,3.1692631506679785,0.005868341340960364,7.141449203737221,10.12,895.2053177624999,0.8899999999999946,1.0499999999999945,100000.0,5.0,500000.0,4449.999999999973,5249.999999999973
2025-09-15,KRBL,SHORT,A_MOD_BREAK_C1_LOW,MODERATE,2025-09-15 11:00:00+05:30,2025-09-15 11:15:00+05:30,395.62087220458983,397.69788178366395,392.2976568780713,2025-09-15 11:40:00+05:30,397.69788178366395,SL,-3.425000000000024,-2.6250000000000235,49.55707931518555,15.4238920211792,23.853971481323242,0.7796029979467458,3.4798708859516143,0.018860452499415828,0.7397867143684638,10.12,397.69788178366395,-0.6850000000000047,-0.5250000000000047,50000.0,5.0,250000.0,-1712.5000000000118,-1312.5000000000118
2025-09-15,JBCHEPHARM,SHORT,A_MOD_BREAK_C1_LOW,MODERATE,2025-09-15 11:15:00+05:30,2025-09-15 11:30:00+05:30,1673.2652555908203,1682.049898182672,1659.2098274438574,2025-09-15 12:23:00+05:30,1682.049898182672,SL,-3.4249999999999705,-2.6249999999999702,35.00066375732422,21.126453399658203,8.390847206115723,1.596909020482752,2.4870719759160065,0.0038144122044756878,0.6644690349443447,10.12,1682.049898182672,-0.6849999999999941,-0.524999999999994,50000.0,5.0,250000.0,-1712.499999999985,-1312.4999999999852
2025-09-15,PRUDENT,LONG,B_HUGE_GREEN_PULLBACK_HOLD_THEN_BREAK,HUGE,2025-09-15 12:00:00+05:30,2025-09-15 14:30:00+05:30,2918.6837176757813,2903.3606281579837,2949.329896711377,2025-09-15 14:33:00+05:30,2949.329896711377,TARGET,4.44999999999999,5.24999999999999,36.757991790771484,77.8238525390625,94.49077606201172,3.133229952990087,3.3924235087746917,0.0067269467295413094,8.766493888791452,10.12,2903.3606281579837,0.8899999999999981,1.049999999999998,100000.0,5.0,500000.0,4449.99999999999,5249.99999999999
2025-09-15,EXPLEOSOL,SHORT,A_MOD_BREAK_C1_LOW,MODERATE,2025-09-15 14:15:00+05:30,2025-09-15 14:30:00+05:30,984.803,989.97321575,976.5306548,2025-09-15 15:21:00+05:30,976.5306548,TARGET,3.4000000000000097,4.200000000000009,39.0949821472168,38.319602966308594,41.80077362060547,2.700382854796141,1.9337673624027447,0.0030091215973720494,0.7931131003283891,10.12,989.97321575,0.6800000000000019,0.8400000000000019,50000.0,5.0,250000.0,1700.000000000005,2100.0000000000045
2025-09-16,JKTYRE,LONG,A_MOD_BREAK_C1_HIGH,MODERATE,2025-09-16 10:00:00+05:30,2025-09-16 10:15:00+05:30,376.0752,374.1008052,380.0239896,2025-09-16 10:34:00+05:30,374.1008052,SL,-3.4249999999999603,-2.624999999999961,34.30186080932617,74.71247100830078,81.28811645507812,0.7100902585056607,2.4658115939506797,0.004669961535660786,4.7735379503575714,10.4,374.1008052,-0.6849999999999921,-0.5249999999999921,100000.0,5.0,500000.0,-3424.99999999996,-2624.999999999961
2025-09-16,AHLUCONT,LONG,A_MOD_BREAK_C1_HIGH,MODERATE,2025-09-16 10:15:00+05:30,2025-09-16 10:30:00+05:30,943.4886477905274,938.5353323896271,953.3952785923278,2025-09-16 10:55:00+05:30,953.3952785923278,TARGET,4.449999999999967,5.249999999999967,28.78879737854004,69.07391357421875,54.36695098876953,1.1782809369453415,1.436591197949204,0.006640812059888345,5.024929671927172,10.4,938.5353323896271,0.8899999999999935,1.0499999999999934,100000.0,5.0,500000.0,4449.999999999967,5249.999999999966
2025-09-16,POCL,LONG,B_HUGE_GREEN_PULLBACK_HOLD_THEN_BREAK,HUGE,2025-09-16 12:15:00+05:30,2025-09-16 14:15:00+05:30,1288.8576955810547,1282.0911926792542,1302.3907013846558,2025-09-16 14:39:00+05:30,1302.3907013846558,TARGET,4.450000000000011,5.250000000000011,25.04426383972168,70.7274398803711,80.04178619384766,2.0798831293578077,2.5822907913247914,0.010054898410503705,6.410278432600726,10.4,1282.0911926792542,0.8900000000000021,1.050000000000002,100000.0,5.0,500000.0,4450.00000000001,5250.00000000001
2025-09-17,BRITANNIA,SHORT,A_MOD_BREAK_C1_LOW,MODERATE,2025-09-17 10:00:00+05:30,2025-09-17 10:15:00+05:30,6079.2839,6111.200140475,6028.21791524,2025-09-17 15:30:00+05:30,6101.5,EOD,-2.6271971144495856,-1.8271971144495853,31.147348403930664,22.079566955566406,9.731690406799316,1.4878087403468876,3.894178850843866,0.003966949818912322,0.5875767556196654,10.27,6111.200140475,-0.5254394228899171,-0.36543942288991704,50000.0,5.0,250000.0,-1313.5985572247926,-913.5985572247927
2025-09-17,ANTELOPUS,LONG,A_MOD_BREAK_C1_HIGH,MODERATE,2025-09-17 10:15:00+05:30,2025-09-17 10:30:00+05:30,567.1134,564.13605465,573.0680907,2025-09-17 10:31:00+05:30,573.0680907,TARGET,4.4500000000000135,5.250000000000013,44.212646484375,83.95452117919922,92.81390380859375,3.0184302766002453,4.800253783123423,0.003992779267364701,10.468945487569423,10.27,564.13605465,0.8900000000000028,1.0500000000000027,100000.0,5.0,500000.0,4450.000000000014,5250.000000000014
2025-09-17,SUPRIYA,LONG,A_MOD_BREAK_C1_HIGH,MODERATE,2025-09-17 11:15:00+05:30,2025-09-17 11:30:00+05:30,655.0810022094727,651.6418269478729,661.9593527326721,2025-09-17 12:35:00+05:30,661.9593527326721,TARGET,4.449999999999953,5.249999999999952,34.875770568847656,61.65520477294922,68.03614807128906,1.8459403767852807,1.224201183835237,0.004167999465260634,4.836464649454667,10.27,651.6418269478729,0.8899999999999906,1.0499999999999905,100000.0,5.0,500000.0,4449.999999999953,5249.999999999953
2025-09-17,KALYANKJIL,LONG,A_MOD_BREAK_C1_HIGH,MODERATE,2025-09-17 11:30:00+05:30,2025-09-17 11:45:00+05:30,520.0040044189453,517.2739833957459,525.4640464653443,2025-09-17 11:46:00+05:30,525.4640464653443,TARGET,4.4500000000000135,5.250000000000013,42.886436462402344,75.4150619506836,89.18035125732422,2.20125075473922,3.2733692693240997,0.00609320542062366,7.936492860452985,10.27,517.2739833957459,0.8900000000000028,1.0500000000000027,100000.0,5.0,500000.0,4450.000000000014,5250.000000000014
2025-09-18,SOBHA,LONG,A_MOD_BREAK_C1_HIGH,MODERATE,2025-09-18 10:30:00+05:30,2025-09-18 10:45:00+05:30,1638.3276,1629.7263801000001,1655.5300398,2025-09-18 15:19:00+05:30,1629.7263801000001,SL,-3.4249999999999794,-2.6249999999999796,33.50470733642578,74.86335754394531,89.19139099121094,1.6793171599440497,2.712041300240644,0.004962854064568103,6.355265826339242,10.25,1629.7263801000001,-0.6849999999999958,-0.5249999999999959,100000.0,5.0,500000.0,-3424.999999999979,-2624.99999999998
2025-09-18,KFINTECH,LONG,B_HUGE_GREEN_PULLBACK_HOLD_THEN_BREAK,HUGE,2025-09-18 10:00:00+05:30,2025-09-18 11:15:00+05:30,1144.1288044189453,1138.1221281957457,1156.142156865344,2025-09-18 12:43:00+05:30,1138.1221281957457,SL,-3.4250000000000247,-2.625000000000025,27.630556106567383,80.48873901367188,83.522705078125,1.3870960238375334,4.432350258554201,0.004355632056570007,7.4891642800528935,10.25,1138.1221281957457,-0.6850000000000049,-0.525000000000005,100000.0,5.0,500000.0,-3425.000000000025,-2625.000000000025
2025-09-18,GABRIEL,SHORT,A_MOD_BREAK_C1_LOW,MODERATE,2025-09-18 11:30:00+05:30,2025-09-18 11:45:00+05:30,1246.6506444091797,1253.1955602923279,1236.1787789961427,2025-09-18 11:47:00+05:30,1236.1787789961427,TARGET,3.399999999999954,4.199999999999954,46.082820892333984,20.135501861572266,49.99505615234375,0.889886953618478,2.0617951735188975,0.013250205055637078,0.7069725302682435,10.25,1253.1955602923279,0.6799999999999908,0.8399999999999908,50000.0,5.0,250000.0,1699.999999999977,2099.999999999977
2025-09-18,YATRA,SHORT,A_MOD_BREAK_C1_LOW,MODERATE,2025-09-18 11:30:00+05:30,2025-09-18 11:45:00+05:30,156.39999694824218,157.22109693222043,155.08623697387694,2025-09-18 11:47:00+05:30,155.08623697387694,TARGET,3.4000000000000186,4.200000000000019,28.328935623168945,23.46518325805664,5.759210109710693,2.3837181079672733,3.357568203765685,0.0075036842194649515,0.6349340343475343,10.25,157.22109693222043,0.6800000000000037,0.8400000000000037,50000.0,5.0,250000.0,1700.0000000000093,2100.0000000000095
2025-09-18,ERIS,SHORT,A_MOD_BREAK_C1_LOW,MODERATE,2025-09-18 12:00:00+05:30,2025-09-18 12:15:00+05:30,1612.6774,1621.14395635,1599.1309098400002,2025-09-18 13:25:00+05:30,1621.14395635,SL,-3.425000000000006,-2.6250000000000058,38.44509506225586,15.78416633605957,10.196133613586426,1.452298389520376,2.5941203782898756,0.004645293792138096,0.6908286440999036,10.25,1621.14395635,-0.6850000000000012,-0.5250000000000011,50000.0,5.0,250000.0,-1712.500000000003,-1312.500000000003
2025-09-18,ETERNAL,LONG,B_HUGE_GREEN_PULLBACK_HOLD_THEN_BREAK,HUGE,2025-09-18 10:00:00+05:30,2025-09-18 12:30:00+05:30,333.51670220947267,331.76573952287293,337.01862758267214,2025-09-18 14:56:00+05:30,337.01862758267214,TARGET,4.450000000000011,5.250000000000011,38.81468963623047,77.78309631347656,83.66594696044922,1.3916977979507799,3.3346673225350503,0.003521349022940588,7.216616888176398,10.25,331.76573952287293,0.8900000000000021,1.050000000000002,100000.0,5.0,500000.0,4450.00000000001,5250.00000000001
2025-09-19,FLUOROCHEM,LONG,B_HUGE_GREEN_PULLBACK_HOLD_THEN_BREAK,HUGE,2025-09-19 10:15:00+05:30,2025-09-19 11:15:00+05:30,3836.667082324219,3816.524580142017,3876.952086688623,2025-09-19 12:00:00+05:30,3816.524580142017,SL,-3.4249999999999736,-2.6249999999999742,25.595394134521484,80.24107360839844,87.42314910888672,1.5697969841036674,3.643083476863753,0.0057753273157721795,7.251332369568724,9.89,3816.524580142017,-0.6849999999999947,-0.5249999999999948,100000.0,5.0,500000.0,-3424.9999999999736,-2624.999999999974
2025-09-19,EXICOM,LONG,A_MOD_BREAK_C1_HIGH,MODERATE,2025-09-19 11:00:00+05:30,2025-09-19 11:15:00+05:30,148.43999938964845,147.6606893928528,149.99861938323974,2025-09-19 11:16:00+05:30,149.99861938323974,TARGET,4.449999999999948,5.249999999999947,32.426021575927734,70.09709930419922,80.51599884033203,1.7529708774471149,2.092316267255776,0.006560891626555661,5.775825354338815,9.89,147.6606893928528,0.8899999999999895,1.0499999999999894,100000.0,5.0,500000.0,4449.999999999947,5249.999999999946
2025-09-19,AARTIDRUGS,LONG,A_MOD_BREAK_C1_HIGH,MODERATE,2025-09-19 11:15:00+05:30,2025-09-19 11:30:00+05:30,525.7551544189453,522.9949398582459,531.2755835403442,2025-09-19 11:42:00+05:30,531.2755835403442,TARGET,4.450000000000008,5.250000000000008,27.0949764251709,74.34666442871094,87.51042175292969,1.0247827850984366,1.9906640280510015,0.005334342701892171,4.932265147688807,9.89,522.9949398582459,0.8900000000000017,1.0500000000000016,100000.0,5.0,500000.0,4450.000000000008,5250.000000000008
2025-09-19,INDHOTEL,SHORT,A_MOD_BREAK_C1_LOW,MODERATE,2025-09-19 12:00:00+05:30,2025-09-19 12:15:00+05:30,768.6462277954101,772.681620491336,762.1895994819288,2025-09-19 13:06:00+05:30,772.681620491336,SL,-3.4250000000000025,-2.625000000000002,32.299678802490234,31.15306854248047,5.928489685058594,1.5353321423673574,2.1467618585489094,0.004286651028458256,0.613178306951641,9.89,772.681620491336,-0.6850000000000005,-0.5250000000000005,50000.0,5.0,250000.0,-1712.5000000000014,-1312.5000000000011
2025-09-19,ADANIENSOL,LONG,B_HUGE_GREEN_PULLBACK_HOLD_THEN_BREAK,HUGE,2025-09-19 12:45:00+05:30,2025-09-19 13:45:00+05:30,891.8783522094726,887.195990860373,901.243074907672,2025-09-19 14:06:00+05:30,887.195990860373,SL,-3.4249999999999625,-2.6249999999999627,47.797630310058594,79.57401275634766,67.7998275756836,3.008885957119023,2.9454046715084217,0.010601294781528624,8.770811806403863,9.89,887.195990860373,-0.6849999999999925,-0.5249999999999926,100000.0,5.0,500000.0,-3424.9999999999623,-2624.9999999999627
2025-09-19,IGARASHI,LONG,B_HUGE_GREEN_PULLBACK_HOLD_THEN_BREAK,HUGE,2025-09-19 13:00:00+05:30,2025-09-19 14:15:00+05:30,541.1082,538.2673819500001,546.7898361,2025-09-19 14:17:00+05:30,546.7898361,TARGET,4.449999999999992,5.249999999999991,50.2379264831543,69.00494384765625,76.42179870605469,2.5472623554531646,2.173517738971013,0.0070618055075284325,7.531658168111234,9.89,538.2673819500001,0.8899999999999983,1.0499999999999983,100000.0,5.0,500000.0,4449.999999999992,5249.999999999992
2025-09-22,MPHASIS,SHORT,A_PULLBACK_C2_THEN_BREAK_C2_LOW,MODERATE,2025-09-22 10:15:00+05:30,2025-09-22 10:45:00+05:30,2871.4256,2886.5005843999998,2847.30562496,2025-09-22 14:43:00+05:30,2847.30562496,TARGET,3.4000000000000172,4.200000000000017,33.1065788269043,19.087425231933594,38.53482437133789,0.49955347355359253,3.5855301268391027,0.007867184936602113,0.4440205402754432,9.97,2886.5005843999998,0.6800000000000035,0.8400000000000034,50000.0,5.0,250000.0,1700.0000000000089,2100.0000000000086
2025-09-22,SBICARD,SHORT,A_MOD_BREAK_C1_LOW,MODERATE,2025-09-22 10:45:00+05:30,2025-09-22 11:00:00+05:30,865.8767777954101,870.422630878836,858.6034128619287,2025-09-22 12:43:00+05:30,870.422630878836,SL,-3.4249999999999794,-2.6249999999999796,37.46192932128906,35.6037483215332,40.931175231933594,1.08345987288124,1.857914614567127,0.004803091596979584,0.6044301483019092,9.97,870.422630878836,-0.6849999999999958,-0.5249999999999959,50000.0,5.0,250000.0,-1712.4999999999895,-1312.49999999999
2025-09-22,LTIM,SHORT,A_MOD_BREAK_C1_LOW,MODERATE,2025-09-22 11:00:00+05:30,2025-09-22 11:15:00+05:30,5274.9448,5302.6382602,5230.63526368,2025-09-22 12:15:00+05:30,5302.6382602,SL,-3.4250000000000114,-2.625000000000011,39.85596466064453,19.998319625854492,33.33333206176758,0.5000796661769296,3.0195985216351273,0.008038672371831371,0.5453534114906307,9.97,5302.6382602,-0.6850000000000023,-0.5250000000000022,50000.0,5.0,250000.0,-1712.5000000000057,-1312.5000000000055
2025-09-22,NUVAMA,SHORT,A_MOD_BREAK_C1_LOW,MODERATE,2025-09-22 11:00:00+05:30,2025-09-22 11:15:00+05:30,1256.2487,1262.844005675,1245.69621092,2025-09-22 15:30:00+05:30,1258.0,EOD,-1.4970355471810244,-0.6970355471810242,36.68309020996094,20.35965919494629,2.4265644550323486,2.0984178320557274,3.5725911458333335,0.003581376840429765,0.7602463531494139,9.97,1262.844005675,-0.29940710943620485,-0.13940710943620485,50000.0,5.0,250000.0,-748.5177735905122,-348.51777359051215
2025-09-22,APTECHT,SHORT,A_MOD_BREAK_C1_LOW,MODERATE,2025-09-22 11:15:00+05:30,2025-09-22 11:30:00+05:30,128.3000061035156,128.97358113555907,127.22228605224609,2025-09-22 15:30:00+05:30,128.25999450683594,EOD,-0.6440701684480287,0.1559298315519712,30.64752197265625,35.67360305786133,4.3484954833984375,1.2939848055541188,1.6841983228041795,0.005831809709343607,0.5303700867020236,9.97,128.97358113555907,-0.12881403368960573,0.03118596631039424,50000.0,5.0,250000.0,-322.03508422401427,77.9649157759856
2025-09-22,ATGL,LONG,B_HUGE_GREEN_PULLBACK_HOLD_THEN_BREAK,HUGE,2025-09-22 11:00:00+05:30,2025-09-22 12:30:00+05:30,765.153,761.13594675,773.1871065,2025-09-22 12:31:00+05:30,773.1871065,TARGET,4.450000000000005,5.250000000000004,45.24049758911133,79.40302276611328,89.2853012084961,2.297588118263109,4.5404896192179605,0.016552622133442794,8.873587860874084,9.97,761.13594675,0.890000000000001,1.050000000000001,100000.0,5.0,500000.0,4450.0000000000055,5250.000000000005
2025-09-22,CONFIPET,SHORT,A_MOD_BREAK_C1_LOW,MODERATE,2025-09-22 12:15:00+05:30,2025-09-22 12:30:00+05:30,47.13999862670899,47.38748361949921,46.74402263824464,2025-09-22 15:21:00+05:30,46.74402263824464,TARGET,3.3999999999999453,4.199999999999945,47.4129524230957,29.128841400146484,7.51786470413208,1.854326590524591,1.7840019760483814,0.004358378058031405,0.884901538490658,9.97,47.38748361949921,0.6799999999999891,0.839999999999989,50000.0,5.0,250000.0,1699.9999999999725,2099.9999999999727
2025-09-22,CHEMCON,LONG,B_HUGE_GREEN_PULLBACK_HOLD_THEN_BREAK,HUGE,2025-09-22 12:00:00+05:30,2025-09-22 13:15:00+05:30,259.0518,257.69177805000004,261.7718439,2025-09-22 13:16:00+05:30,261.7718439,TARGET,4.450000000000015,5.250000000000014,43.44806671142578,77.15092468261719,79.96710205078125,1.5128951904525851,3.3909590551941178,0.017363084667550807,6.994882708049959,9.97,257.69177805000004,0.890000000000003,1.050000000000003,100000.0,5.0,500000.0,4450.000000000015,5250.0000000000155
2025-09-22,CUMMINSIND,SHORT,A_MOD_BREAK_C1_LOW,MODERATE,2025-09-22 14:15:00+05:30,2025-09-22 14:30:00+05:30,4010.0977223632813,4031.1507354056885,3976.4129014954297,2025-09-22 15:30:00+05:30,3999.0,EOD,0.5837221847976581,1.383722184797658,37.21057891845703,23.142728805541992,8.437673568725586,4.278496583050604,3.2927482149152225,0.002840061596393823,0.7681586837768555,9.97,4031.1507354056885,0.11674443695953163,0.2767444369595316,50000.0,5.0,250000.0,291.86109239882904,691.861092398829
2025-09-22,SIEMENS,SHORT,A_MOD_BREAK_C1_LOW,MODERATE,2025-09-22 14:15:00+05:30,2025-09-22 14:30:00+05:30,3265.246722363281,3282.3892676556884,3237.8186498954296,2025-09-22 14:46:00+05:30,3237.8186498954296,TARGET,3.399999999999992,4.199999999999992,43.27555847167969,25.697250366210938,11.844449043273926,2.3793450590464817,2.2601935097443353,0.0030718386848293242,0.8591333770751952,9.97,3282.3892676556884,0.6799999999999984,0.8399999999999984,50000.0,5.0,250000.0,1699.999999999996,2099.999999999996
2025-09-23,INDHOTEL,SHORT,A_MOD_BREAK_C1_LOW,MODERATE,2025-09-23 10:15:00+05:30,2025-09-23 10:30:00+05:30,753.8492,757.8069083,747.51686672,2025-09-23 11:32:00+05:30,747.51686672,TARGET,3.399999999999963,4.199999999999963,33.739036560058594,17.843273162841797,3.223729372024536,1.8327815724875993,4.4201956420784425,0.0040179410365146564,0.6868223235862088,10.56,757.8069083,0.6799999999999926,0.8399999999999925,50000.0,5.0,250000.0,1699.9999999999816,2099.9999999999814
2025-09-23,DBL,SHORT,A_MOD_BREAK_C1_LOW,MODERATE,2025-09-23 11:00:00+05:30,2025-09-23 11:15:00+05:30,551.0397944091796,553.9327533298278,546.4110601361425,2025-09-23 11:20:00+05:30,546.4110601361425,TARGET,3.4000000000000274,4.200000000000028,33.83121871948242,27.11772346496582,10.263008117675781,1.2450915204757487,2.3473042475020884,0.007296430106582007,0.5853592968754924,10.56,553.9327533298278,0.6800000000000055,0.8400000000000055,50000.0,5.0,250000.0,1700.0000000000139,2100.0000000000136
2025-09-23,KEI,SHORT,A_MOD_BREAK_C1_LOW,MODERATE,2025-09-23 11:00:00+05:30,2025-09-23 11:15:00+05:30,4061.3875111816405,4082.709795615344,4027.2718560877147,2025-09-23 12:04:00+05:30,4082.709795615344,SL,-3.4249999999999634,-2.6249999999999636,40.07849884033203,18.77393913269043,10.116630554199219,1.477448035857294,2.6131382012402793,0.005732540771244256,0.7197308888800069,10.56,4082.709795615344,-0.6849999999999927,-0.5249999999999927,50000.0,5.0,250000.0,-1712.4999999999818,-1312.4999999999816
2025-09-23,SJVN,SHORT,A_MOD_BREAK_C1_LOW,MODERATE,2025-09-23 11:00:00+05:30,2025-09-23 11:15:00+05:30,92.85000152587891,93.33746403388977,92.07006151306153,2025-09-23 15:30:00+05:30,92.9000015258789,EOD,-1.0692514764583028,-0.26925147645830294,25.108285903930664,31.252819061279297,14.431137084960938,1.4612209643874439,2.1754699928078676,0.003913581242866947,0.4923379573267626,10.56,93.33746403388977,-0.21385029529166055,-0.05385029529166059,50000.0,5.0,250000.0,-534.6257382291514,-134.6257382291515
2025-09-23,KRN,SHORT,A_MOD_BREAK_C1_LOW,MODERATE,2025-09-23 11:15:00+05:30,2025-09-23 11:30:00+05:30,862.4774944091797,867.0055012548279,855.2326834561426,2025-09-23 11:54:00+05:30,855.2326834561426,TARGET,3.400000000000013,4.200000000000013,26.113096237182617,26.33852767944336,5.842104911804199,2.1604976429880516,2.3660594408439675,0.00479997357423752,0.6016964435577392,10.56,867.0055012548279,0.6800000000000026,0.8400000000000025,50000.0,5.0,250000.0,1700.0000000000064,2100.0000000000064
2025-09-23,POWERMECH,SHORT,A_PULLBACK_C2_THEN_BREAK_C2_LOW,MODERATE,2025-09-23 11:15:00+05:30,2025-09-23 11:45:00+05:30,2931.2136888183595,2946.602560684656,2906.5914938322853,2025-09-23 12:45:00+05:30,2906.5914938322853,TARGET,3.399999999999995,4.199999999999996,26.90688705444336,27.78722381591797,1.9553653001785278,2.4181883886106186,3.1028770793967975,0.005070535535389612,0.6136033058166503,10.56,2946.602560684656,0.679999999999999,0.8399999999999991,50000.0,5.0,250000.0,1699.9999999999975,2099.9999999999977
2025-09-23,CRISIL,SHORT,A_MOD_BREAK_C1_LOW,MODERATE,2025-09-23 12:00:00+05:30,2025-09-23 12:15:00+05:30,4865.0268,4890.5681907,4824.16057488,2025-09-23 15:30:00+05:30,4850.0,EOD,0.7443697041915209,1.5443697041915208,50.74796676635742,16.606548309326172,5.999713897705078,1.5869863752927136,2.309127908402187,0.0036743995890981406,0.8877226156762248,10.56,4890.5681907,0.1488739408383042,0.30887394083830416,50000.0,5.0,250000.0,372.18485209576045,772.1848520957603
2025-09-23,GODREJCP,SHORT,A_MOD_BREAK_C1_LOW,MODERATE,2025-09-23 13:45:00+05:30,2025-09-23 14:00:00+05:30,1193.7612,1200.0284462999998,1183.73360592,2025-09-23 15:30:00+05:30,1192.199951171875,EOD,-0.1460799244752982,0.6539200755247017,44.38015365600586,21.135255813598633,6.224196434020996,2.492613853435413,3.0692365052589485,0.003761610329832056,0.8757023048400878,10.56,1200.0284462999998,-0.029215984895059638,0.13078401510494034,50000.0,5.0,250000.0,-73.0399622376491,326.96003776235085
2025-09-24,NAVKARCORP,SHORT,B_HUGE_RED_FAILED_BOUNCE,HUGE,2025-09-24 10:00:00+05:30,2025-09-24 11:30:00+05:30,124.28000183105469,124.93247184066773,123.23604981567384,2025-09-24 12:40:00+05:30,123.23604981567384,TARGET,3.3999999999999755,4.199999999999974,27.417194366455078,25.41908836364746,9.331113815307617,0.921847753573502,3.550367925656637,0.0053788188398341584,0.47258127237218894,10.63,124.93247184066773,0.679999999999995,0.839999999999995,50000.0,5.0,250000.0,1699.9999999999875,2099.9999999999873
2025-09-24,NESCO,SHORT,A_MOD_BREAK_C1_LOW,MODERATE,2025-09-24 11:15:00+05:30,2025-09-24 11:30:00+05:30,1444.8109555908204,1452.396213107672,1432.6745435638575,2025-09-24 14:49:00+05:30,1432.6745435638575,TARGET,3.4000000000000186,4.200000000000018,32.315486907958984,31.81128692626953,34.75479507446289,0.7361769448436438,1.630223798122748,0.008231882937373258,0.4550744588731599,10.63,1452.396213107672,0.6800000000000037,0.8400000000000036,50000.0,5.0,250000.0,1700.0000000000093,2100.000000000009
2025-09-24,IFBIND,LONG,B_HUGE_GREEN_PULLBACK_HOLD_THEN_BREAK,HUGE,2025-09-24 10:30:00+05:30,2025-09-24 11:45:00+05:30,1843.5685911621094,1833.8898560585085,1862.9260613693116,2025-09-24 11:46:00+05:30,1862.9260613693116,TARGET,4.449999999999998,5.249999999999998,50.910133361816406,76.88776397705078,90.63602447509766,1.714311458291136,3.838264801119557,0.0108989970996838,8.130834449487587,10.63,1833.8898560585085,0.8899999999999997,1.0499999999999996,100000.0,5.0,500000.0,4449.999999999998,5249.999999999997
2025-09-24,GODREJPROP,SHORT,A_MOD_BREAK_C1_LOW,MODERATE,2025-09-24 12:00:00+05:30,2025-09-24 12:15:00+05:30,2043.8911888183593,2054.6216175596555,2026.722502832285,2025-09-24 13:32:00+05:30,2026.722502832285,TARGET,3.4000000000000083,4.200000000000008,38.435302734375,17.20690155029297,4.129907608032227,3.021819095360919,3.3923939442070914,0.004784250255915883,0.786529541015625,10.63,2054.6216175596555,0.6800000000000017,0.8400000000000016,50000.0,5.0,250000.0,1700.0000000000043,2100.000000000004
2025-09-24,VTL,SHORT,A_MOD_BREAK_C1_LOW,MODERATE,2025-09-24 12:15:00+05:30,2025-09-24 12:30:00+05:30,412.56746389770507,414.733443083168,409.10189720096434,2025-09-24 13:05:00+05:30,414.733443083168,SL,-3.425000000000009,-2.625000000000009,27.904428482055664,29.539798736572266,9.486238479614258,1.941073936387845,2.2624363100908362,0.004280007859080083,0.6182543660987079,10.63,414.733443083168,-0.6850000000000018,-0.5250000000000018,50000.0,5.0,250000.0,-1712.5000000000045,-1312.5000000000043
2025-09-24,NSIL,LONG,B_HUGE_GREEN_PULLBACK_HOLD_THEN_BREAK,HUGE,2025-09-24 10:15:00+05:30,2025-09-24 13:15:00+05:30,7634.0265,7593.9478608750005,7714.18377825,2025-09-24 13:16:00+05:30,7714.18377825,TARGET,4.449999999999985,5.249999999999985,25.662519454956055,87.97083282470703,88.27156066894531,1.3671194337059072,5.490368696085645,0.008908400424691133,8.528397664522636,10.63,7593.9478608750005,0.889999999999997,1.049999999999997,100000.0,5.0,500000.0,4449.999999999985,5249.9999999999845
2025-09-24,INNOVACAP,SHORT,A_MOD_BREAK_C1_LOW,MODERATE,2025-09-24 13:00:00+05:30,2025-09-24 13:15:00+05:30,845.8308,850.2714116999999,838.72582128,2025-09-24 14:01:00+05:30,850.2714116999999,SL,-3.4249999999999856,-2.6249999999999862,28.75071907043457,27.43182945251465,2.9774515628814697,1.919178064176896,2.6611363517748376,0.004544739114273018,0.6271169472874754,10.63,850.2714116999999,-0.6849999999999972,-0.5249999999999972,50000.0,5.0,250000.0,-1712.499999999993,-1312.4999999999932
2025-09-25,KSCL,SHORT,A_MOD_BREAK_C1_LOW,MODERATE,2025-09-25 10:45:00+05:30,2025-09-25 11:00:00+05:30,1119.776,1125.654824,1110.3698816,2025-09-25 11:09:00+05:30,1110.3698816,TARGET,3.399999999999986,4.199999999999986,26.371068954467773,30.814085006713867,11.900860786437988,1.093966102115595,2.39665085995917,0.005295487740395689,0.44701010218724574,10.52,1125.654824,0.6799999999999973,0.8399999999999972,50000.0,5.0,250000.0,1699.9999999999932,2099.9999999999927
2025-09-25,MANAPPURAM,SHORT,A_MOD_BREAK_C1_LOW,MODERATE,2025-09-25 11:30:00+05:30,2025-09-25 11:45:00+05:30,280.14397220458983,281.6147280586639,277.79076283807126,2025-09-25 12:08:00+05:30,277.79076283807126,TARGET,3.4000000000000274,4.200000000000028,46.09992599487305,18.35797882080078,9.167155265808105,1.2766332531669853,2.7731369492325944,0.006110470013962703,0.774909709227318,10.52,281.6147280586639,0.6800000000000055,0.8400000000000055,50000.0,5.0,250000.0,1700.0000000000139,2100.0000000000136
2025-09-25,GRAVITA,SHORT,A_PULLBACK_C2_THEN_BREAK_C2_LOW,MODERATE,2025-09-25 11:45:00+05:30,2025-09-25 12:15:00+05:30,1614.7769555908203,1623.254534607672,1601.2128291638576,2025-09-25 14:21:00+05:30,1601.2128291638576,TARGET,3.3999999999999506,4.19999999999995,43.676143646240234,21.27530860900879,2.7890565395355225,1.5238301364803755,2.6331530272708035,0.004481407327353434,0.7818124285776691,10.52,1623.254534607672,0.6799999999999902,0.8399999999999901,50000.0,5.0,250000.0,1699.9999999999754,2099.999999999975
2025-09-25,EXPLEOSOL,SHORT,A_MOD_BREAK_C1_LOW,MODERATE,2025-09-25 12:00:00+05:30,2025-09-25 12:15:00+05:30,978.8042,983.94292205,970.5822447200001,2025-09-25 12:16:00+05:30,970.5822447200001,TARGET,3.399999999999986,4.199999999999987,53.53477478027344,29.585494995117188,16.438411712646484,2.0633865217356138,2.112810290385483,0.005318840385335702,0.96,10.52,983.94292205,0.6799999999999973,0.8399999999999973,50000.0,5.0,250000.0,1699.9999999999932,2099.999999999993
2025-09-25,RKFORGE,SHORT,A_MOD_BREAK_C1_LOW,MODERATE,2025-09-25 12:00:00+05:30,2025-09-25 12:15:00+05:30,548.8902,551.77187355,544.2795223200001,2025-09-25 12:26:00+05:30,544.2795223200001,TARGET,3.399999999999983,4.199999999999982,26.905818939208984,23.232973098754883,0.0,2.24325421488381,2.909538836143808,0.004605787916478781,0.6135872840881347,10.52,551.77187355,0.6799999999999966,0.8399999999999965,50000.0,5.0,250000.0,1699.9999999999914,2099.9999999999914
2025-09-25,TCS,SHORT,A_MOD_BREAK_C1_LOW,MODERATE,2025-09-25 12:00:00+05:30,2025-09-25 12:15:00+05:30,2996.4006,3012.13170315,2971.2308349600003,2025-09-25 13:58:00+05:30,2971.2308349600003,TARGET,3.399999999999946,4.199999999999946,53.77739334106445,19.014638900756836,3.086244583129883,2.0269281823496756,3.0886394567326176,0.002471347342797815,0.96,10.52,3012.13170315,0.6799999999999893,0.8399999999999892,50000.0,5.0,250000.0,1699.9999999999732,2099.999999999973
2025-09-25,MUFTI,SHORT,A_MOD_BREAK_C1_LOW,MODERATE,2025-09-25 12:15:00+05:30,2025-09-25 12:30:00+05:30,111.56000061035157,112.14569061355591,110.62289660522461,2025-09-25 13:18:00+05:30,110.62289660522461,TARGET,3.4000000000000066,4.200000000000006,50.42609786987305,16.232892990112305,5.898470401763916,1.6241103178953649,2.3431282557718878,0.004366785506902649,0.8942193056316887,10.52,112.14569061355591,0.6800000000000013,0.8400000000000013,50000.0,5.0,250000.0,1700.0000000000032,2100.000000000003
2025-09-25,AJANTPHARM,SHORT,A_MOD_BREAK_C1_LOW,MODERATE,2025-09-25 13:45:00+05:30,2025-09-25 14:00:00+05:30,2483.4031223632815,2496.4409887556885,2462.54253613543,2025-09-25 15:20:00+05:30,2496.4409887556885,SL,-3.424999999999967,-2.624999999999967,29.66176414489746,27.144630432128906,5.618180274963379,2.49129665808808,2.506986722328521,0.0033902523022342995,0.6549264621734618,10.52,2496.4409887556885,-0.6849999999999934,-0.5249999999999935,50000.0,5.0,250000.0,-1712.4999999999836,-1312.4999999999836
2025-09-25,IONEXCHANG,SHORT,A_MOD_BREAK_C1_LOW,MODERATE,2025-09-25 13:45:00+05:30,2025-09-25 14:00:00+05:30,414.7670361022949,416.94456304183194,411.2829929990357,2025-09-25 15:21:00+05:30,411.2829929990357,TARGET,3.399999999999954,4.199999999999954,37.427513122558594,23.332839965820312,10.16686725616455,2.4880234386281135,2.592117904851732,0.003546893982681817,0.7714126968383788,10.52,416.94456304183194,0.6799999999999908,0.8399999999999908,50000.0,5.0,250000.0,1699.999999999977,2099.999999999977
2025-09-26,HLEGLAS,SHORT,A_MOD_BREAK_C1_LOW,MODERATE,2025-09-26 10:45:00+05:30,2025-09-26 11:00:00+05:30,489.902,492.47398549999997,485.7868232,2025-09-26 11:18:00+05:30,485.7868232,TARGET,3.399999999999971,4.199999999999971,28.137311935424805,26.169658660888672,26.78740692138672,1.1798301244015665,3.0376830598008464,0.010738301056129529,0.48852995080164624,10.78,492.47398549999997,0.6799999999999942,0.8399999999999942,50000.0,5.0,250000.0,1699.9999999999854,2099.9999999999854
2025-09-26,KRN,SHORT,A_MOD_BREAK_C1_LOW,MODERATE,2025-09-26 11:00:00+05:30,2025-09-26 11:15:00+05:30,833.7332444091796,838.1103439423279,826.7298851561426,2025-09-26 11:21:00+05:30,826.7298851561426,TARGET,3.399999999999963,4.199999999999963,45.07078552246094,20.44663429260254,5.197507381439209,1.9385104321889097,2.860500080020427,0.005812645529558558,0.8753011084699731,10.78,838.1103439423279,0.6799999999999926,0.8399999999999925,50000.0,5.0,250000.0,1699.9999999999816,2099.9999999999814
2025-09-26,ELIN,SHORT,A_PULLBACK_C2_THEN_BREAK_C2_LOW,MODERATE,2025-09-26 11:00:00+05:30,2025-09-26 11:30:00+05:30,207.47000427246093,208.55922179489133,205.72725623657226,2025-09-26 11:42:00+05:30,205.72725623657226,TARGET,3.399999999999989,4.199999999999989,39.25177764892578,29.219539642333984,17.581567764282227,1.2385214677688694,2.058077625832369,0.012471444447009305,0.6655179215934388,10.78,208.55922179489133,0.6799999999999977,0.8399999999999976,50000.0,5.0,250000.0,1699.9999999999943,2099.999999999994
2025-09-26,AARTIIND,SHORT,A_MOD_BREAK_C1_LOW,MODERATE,2025-09-26 11:15:00+05:30,2025-09-26 11:30:00+05:30,373.4253,375.385782825,370.28852748,2025-09-26 15:11:00+05:30,375.385782825,SL,-3.4249999999999803,-2.6249999999999805,26.348163604736328,26.76975440979004,17.122039794921875,1.1027680922537972,2.202409412390669,0.0051307051641613895,0.4482068702154594,10.78,375.385782825,-0.6849999999999961,-0.5249999999999961,50000.0,5.0,250000.0,-1712.49999999999,-1312.4999999999902
2025-09-26,BOMDYEING,SHORT,A_MOD_BREAK_C1_LOW,MODERATE,2025-09-26 11:15:00+05:30,2025-09-26 11:30:00+05:30,169.34999389648436,170.2390813644409,167.9274539477539,2025-09-26 13:51:00+05:30,167.9274539477539,TARGET,3.4000000000000163,4.200000000000016,36.93362045288086,24.463851928710938,12.567119598388672,1.4412049873643273,2.895008003250938,0.0063785317246926355,0.6662151795819702,10.78,170.2390813644409,0.6800000000000033,0.8400000000000032,50000.0,5.0,250000.0,1700.0000000000082,2100.000000000008
2025-09-26,PPLPHARMA,SHORT,A_MOD_BREAK_C1_LOW,MODERATE,2025-09-26 11:15:00+05:30,2025-09-26 11:30:00+05:30,189.2500030517578,190.2435655677795,187.66030302612305,2025-09-26 11:43:00+05:30,187.66030302612305,TARGET,3.399999999999973,4.199999999999973,41.319618225097656,29.060558319091797,38.14358139038086,0.8727770664771519,2.4363269506685756,0.008813545250246566,0.6325302600099665,10.78,190.2435655677795,0.6799999999999946,0.8399999999999945,50000.0,5.0,250000.0,1699.9999999999864,2099.9999999999864
2025-09-26,VASCONEQ,SHORT,A_MOD_BREAK_C1_LOW,MODERATE,2025-09-26 11:15:00+05:30,2025-09-26 11:30:00+05:30,58.95,59.2594875,58.454820000000005,2025-09-26 11:31:00+05:30,58.454820000000005,TARGET,3.399999999999981,4.199999999999981,25.629405975341797,29.855087280273438,32.78235626220703,0.22950757519728482,1.8858376278339897,0.010811148053508694,0.27889679668135126,10.78,59.2594875,0.6799999999999962,0.8399999999999961,50000.0,5.0,250000.0,1699.9999999999905,2099.9999999999905
2025-09-26,ABCAPITAL,SHORT,A_MOD_BREAK_C1_LOW,MODERATE,2025-09-26 11:30:00+05:30,2025-09-26 11:45:00+05:30,283.19335,284.6801150875,280.81452586,2025-09-26 13:33:00+05:30,280.81452586,TARGET,3.400000000000011,4.200000000000011,42.350372314453125,29.856351852416992,27.3583984375,0.7208021998552261,2.050566600638282,0.007156730756807912,0.6213959696914615,10.78,284.6801150875,0.6800000000000022,0.8400000000000022,50000.0,5.0,250000.0,1700.0000000000052,2100.0000000000055
2025-09-26,DEVYANI,SHORT,A_MOD_BREAK_C1_LOW,MODERATE,2025-09-26 11:30:00+05:30,2025-09-26 11:45:00+05:30,168.14999694824218,169.03278443222044,166.73753697387696,2025-09-26 14:19:00+05:30,166.73753697387696,TARGET,3.3999999999999564,4.199999999999957,63.73222351074219,12.178081512451172,2.496326208114624,2.2968984037461575,3.673417077714993,0.005094472579049143,0.96,10.78,169.03278443222044,0.6799999999999913,0.8399999999999913,50000.0,5.0,250000.0,1699.9999999999782,2099.999999999978
2025-09-26,IEX,SHORT,A_MOD_BREAK_C1_LOW,MODERATE,2025-09-26 11:30:00+05:30,2025-09-26 11:45:00+05:30,138.3000061035156,139.02608113555905,137.1382860522461,2025-09-26 13:36:00+05:30,137.1382860522461,TARGET,3.399999999999983,4.199999999999982,25.284765243530273,27.947200775146484,11.321677207946777,1.3281803966448522,2.096572459730875,0.004687957815314889,0.47170304806580327,10.78,139.02608113555905,0.6799999999999966,0.8399999999999965,50000.0,5.0,250000.0,1699.9999999999914,2099.9999999999914
2025-09-26,IOLCP,SHORT,A_MOD_BREAK_C1_LOW,MODERATE,2025-09-26 11:30:00+05:30,2025-09-26 11:45:00+05:30,106.75000305175782,107.31044056777954,105.85330302612306,2025-09-26 12:59:00+05:30,105.85330302612306,TARGET,3.399999999999962,4.199999999999962,40.19265365600586,21.13954734802246,5.6233229637146,1.89168418854859,2.801063557835993,0.009685904693643744,0.7939345378360911,10.78,107.31044056777954,0.6799999999999924,0.8399999999999923,50000.0,5.0,250000.0,1699.9999999999811,2099.999999999981
2025-09-26,LAURUSLABS,SHORT,A_MOD_BREAK_C1_LOW,MODERATE,2025-09-26 11:30:00+05:30,2025-09-26 11:45:00+05:30,849.2301444091797,853.6886026673279,842.0966111961427,2025-09-26 11:50:00+05:30,842.0966111961427,TARGET,3.3999999999999506,4.199999999999951,42.95438003540039,22.81435203552246,7.719930648803711,1.7257328959025238,3.37479587225475,0.010572208392073857,0.8063189573139475,10.78,853.6886026673279,0.6799999999999902,0.8399999999999902,50000.0,5.0,250000.0,1699.9999999999754,2099.9999999999754
2025-09-26,PNCINFRA,SHORT,A_MOD_BREAK_C1_LOW,MODERATE,2025-09-26 11:30:00+05:30,2025-09-26 11:45:00+05:30,293.6412722045898,295.1828888836639,291.17468551807127,2025-09-26 12:50:00+05:30,295.1828888836639,SL,-3.424999999999975,-2.6249999999999747,45.16627502441406,12.284278869628906,1.709572434425354,2.400521759850639,3.3369325303850434,0.004328271987590384,0.887494125366211,10.78,295.1828888836639,-0.684999999999995,-0.5249999999999949,50000.0,5.0,250000.0,-1712.4999999999875,-1312.4999999999873
2025-09-26,TECHM,SHORT,A_MOD_BREAK_C1_LOW,MODERATE,2025-09-26 11:30:00+05:30,2025-09-26 11:45:00+05:30,1415.9167111816407,1423.3502739153444,1404.023010807715,2025-09-26 15:19:00+05:30,1404.023010807715,TARGET,3.3999999999999497,4.1999999999999496,49.31437301635742,28.178911209106445,11.025556564331055,1.4008278369940428,2.689901116481861,0.004496430711335672,0.8448604667193187,10.78,1423.3502739153444,0.67999999999999,0.8399999999999899,50000.0,5.0,250000.0,1699.999999999975,2099.9999999999745
2025-09-26,PGEL,SHORT,A_PULLBACK_C2_THEN_BREAK_C2_LOW,MODERATE,2025-09-26 11:45:00+05:30,2025-09-26 12:15:00+05:30,521.14575,523.8817651875,516.7681257,2025-09-26 12:26:00+05:30,523.8817651875,SL,-3.425000000000015,-2.625000000000015,43.761966705322266,18.575176239013672,6.611097812652588,2.334077824481854,3.978208060355734,0.0065644483104755165,0.8664295005798339,10.78,523.8817651875,-0.6850000000000029,-0.525000000000003,50000.0,5.0,250000.0,-1712.5000000000075,-1312.5000000000075
2025-09-26,JYOTICNC,SHORT,A_MOD_BREAK_C1_LOW,MODERATE,2025-09-26 13:30:00+05:30,2025-09-26 13:45:00+05:30,867.9263555908203,872.4829689576721,860.6357742038574,2025-09-26 15:30:00+05:30,866.9000244140625,EOD,-0.2087452407991625,0.5912547592008374,39.97565460205078,31.163360595703125,6.1546125411987305,2.6891851483116094,2.45940848585647,0.0036700611421784817,0.8096348190307616,10.78,872.4829689576721,-0.041749048159832505,0.11825095184016747,50000.0,5.0,250000.0,-104.37262039958127,295.6273796004187
2025-09-26,SAMHI,SHORT,A_MOD_BREAK_C1_LOW,MODERATE,2025-09-26 13:30:00+05:30,2025-09-26 13:45:00+05:30,202.19000549316405,203.25150302200316,200.4916094470215,2025-09-26 15:16:00+05:30,203.25150302200316,SL,-3.4250000000000025,-2.625000000000002,25.1207275390625,32.05076217651367,13.426519393920898,1.8427019985835946,1.776767045641624,0.004551155984088986,0.5481221151201477,10.78,203.25150302200316,-0.6850000000000005,-0.5250000000000005,50000.0,5.0,250000.0,-1712.5000000000014,-1312.5000000000011
2025-09-26,DOMS,SHORT,A_MOD_BREAK_C1_LOW,MODERATE,2025-09-26 14:00:00+05:30,2025-09-26 14:15:00+05:30,2479.4039223632813,2492.4207929556883,2458.5769294154297,2025-09-26 15:30:00+05:30,2478.199951171875,EOD,-0.5572055161027029,0.24279448389729705,48.798553466796875,23.7006893157959,5.109143257141113,2.7678350840650183,3.311962890625,0.004030307994838136,0.941978302001953,10.78,2492.4207929556883,-0.11144110322054057,0.04855889677945941,50000.0,5.0,250000.0,-278.60275805135143,121.39724194864853
2025-09-26,KAMDHENU,SHORT,A_MOD_BREAK_C1_LOW,MODERATE,2025-09-26 14:00:00+05:30,2025-09-26 14:15:00+05:30,26.63000030517578,26.76980780677795,26.406308302612306,2025-09-26 14:36:00+05:30,26.76980780677795,SL,-3.424999999999959,-2.6249999999999596,38.967323303222656,24.665922164916992,3.901249885559082,2.6993528438957997,3.332185687085284,0.006559212383875498,0.7945098495483398,10.78,26.76980780677795,-0.6849999999999918,-0.5249999999999919,50000.0,5.0,250000.0,-1712.4999999999798,-1312.4999999999798
2025-09-26,LYKALABS,SHORT,A_MOD_BREAK_C1_LOW,MODERATE,2025-09-26 14:15:00+05:30,2025-09-26 14:30:00+05:30,93.95,94.4432375,93.16082,2025-09-26 14:49:00+05:30,94.4432375,SL,-3.424999999999958,-2.6249999999999583,34.901336669921875,28.556100845336914,1.004338026046753,4.285234585514512,4.65454850257679,0.0033872494645430695,0.7335200500488281,10.78,94.4432375,-0.6849999999999916,-0.5249999999999917,50000.0,5.0,250000.0,-1712.499999999979,-1312.4999999999793
2025-09-29,TANLA,SHORT,A_MOD_BREAK_C1_LOW,MODERATE,2025-09-29 10:30:00+05:30,2025-09-29 10:45:00+05:30,670.8658,674.38784545,665.23052728,2025-09-29 10:59:00+05:30,674.38784545,SL,-3.4249999999999625,-2.6249999999999627,69.8568115234375,13.024662971496582,2.899840831756592,2.3875130699013494,4.112301404135714,0.008001495037639634,0.96,11.43,674.38784545,-0.6849999999999925,-0.5249999999999926,50000.0,5.0,250000.0,-1712.4999999999811,-1312.4999999999814
2025-09-29,GRSE,SHORT,A_MOD_BREAK_C1_LOW,MODERATE,2025-09-29 11:15:00+05:30,2025-09-29 11:30:00+05:30,2533.4932,2546.7940393,2512.21185712,2025-09-29 12:03:00+05:30,2512.21185712,TARGET,3.400000000000003,4.200000000000003,36.79996109008789,21.292766571044922,4.666106224060059,2.9382801721187213,3.3338121810904346,0.009030692346937793,0.7619994163513182,11.43,2546.7940393,0.6800000000000006,0.8400000000000005,50000.0,5.0,250000.0,1700.0000000000014,2100.0000000000014
2025-09-29,FSL,SHORT,A_MOD_BREAK_C1_LOW,MODERATE,2025-09-29 11:30:00+05:30,2025-09-29 11:45:00+05:30,345.13097220458985,346.94290980866396,342.2318720380713,2025-09-29 11:46:00+05:30,342.2318720380713,TARGET,3.400000000000014,4.200000000000014,32.51935577392578,35.1639518737793,21.20349884033203,0.8961121647379169,1.9058678153943445,0.008592519459153227,0.49990335620773935,11.43,346.94290980866396,0.6800000000000028,0.8400000000000029,50000.0,5.0,250000.0,1700.000000000007,2100.0000000000073
2025-09-29,WHIRLPOOL,SHORT,A_MOD_BREAK_C1_LOW,MODERATE,2025-09-29 11:30:00+05:30,2025-09-29 11:45:00+05:30,1215.8567555908203,1222.240003557672,1205.6435588438574,2025-09-29 12:10:00+05:30,1205.6435588438574,TARGET,3.400000000000013,4.200000000000013,50.112632751464844,23.491540908813477,11.618453979492188,1.2416802343718427,2.1534677904336195,0.0055879592871591445,0.8272940410150724,11.43,1222.240003557672,0.6800000000000026,0.8400000000000025,50000.0,5.0,250000.0,1700.0000000000064,2100.0000000000064
2025-09-29,SONATSOFTW,SHORT,A_MOD_BREAK_C1_LOW,MODERATE,2025-09-29 12:00:00+05:30,2025-09-29 12:15:00+05:30,347.48047779541014,349.30475030383604,344.5616417819287,2025-09-29 12:19:00+05:30,349.30475030383604,SL,-3.4250000000000047,-2.6250000000000044,34.38999938964844,24.124454498291016,2.047494888305664,2.249265497037195,2.4681255920369316,0.006930333452239442,0.7258499908447265,11.43,349.30475030383604,-0.6850000000000009,-0.5250000000000009,50000.0,5.0,250000.0,-1712.5000000000025,-1312.5000000000023
2025-09-29,COROMANDEL,SHORT,A_MOD_BREAK_C1_LOW,MODERATE,2025-09-29 13:00:00+05:30,2025-09-29 13:15:00+05:30,2151.3696888183595,2162.6643796846556,2133.2981834322854,2025-09-29 13:32:00+05:30,2162.6643796846556,SL,-3.4249999999999448,-2.624999999999945,53.977970123291016,25.876123428344727,11.379691123962402,1.9116048208368264,2.9059151944757513,0.0064572861494207245,0.9445308436464446,11.43,2162.6643796846556,-0.684999999999989,-0.524999999999989,50000.0,5.0,250000.0,-1712.4999999999723,-1312.4999999999725
2025-09-30,BHEL,LONG,B_HUGE_GREEN_PULLBACK_HOLD_THEN_BREAK,HUGE,2025-09-30 10:00:00+05:30,2025-09-30 11:00:00+05:30,237.29000549316407,236.04423296432498,239.7815505508423,2025-09-30 15:30:00+05:30,238.85000610351562,EOD,2.4871182397871623,3.287118239787162,26.709762573242188,67.67799377441406,61.34143829345703,1.234561367299403,2.0042699963836967,0.0058033278566494715,5.166315724292023,11.37,236.04423296432498,0.4974236479574325,0.6574236479574325,100000.0,5.0,500000.0,2487.118239787162,3287.118239787162
2025-09-30,HDFCAMC,SHORT,A_PULLBACK_C2_THEN_BREAK_C2_LOW,MODERATE,2025-09-30 11:30:00+05:30,2025-09-30 12:00:00+05:30,2764.447,2778.96034675,2741.2256452,2025-09-30 13:33:00+05:30,2741.2256452,TARGET,3.399999999999994,4.199999999999994,29.807172775268555,26.974349975585938,8.95961856842041,1.318380957778479,2.4440780549201744,0.004598295063480977,0.5378242592402622,11.37,2778.96034675,0.6799999999999988,0.8399999999999989,50000.0,5.0,250000.0,1699.999999999997,2099.9999999999973
2025-09-30,CCL,SHORT,A_MOD_BREAK_C1_LOW,MODERATE,2025-09-30 12:00:00+05:30,2025-09-30 12:15:00+05:30,839.8819777954102,844.291358178836,832.8269691819288,2025-09-30 12:47:00+05:30,844.291358178836,SL,-3.4249999999999714,-2.624999999999971,55.479549407958984,28.774442672729492,7.4973368644714355,1.1577416745936797,2.0069441165851796,0.008234096124077227,0.812604793053894,11.37,844.291358178836,-0.6849999999999943,-0.5249999999999942,50000.0,5.0,250000.0,-1712.4999999999857,-1312.4999999999854
2025-09-30,FIEMIND,SHORT,A_MOD_BREAK_C1_LOW,MODERATE,2025-09-30 12:30:00+05:30,2025-09-30 12:45:00+05:30,1910.9177888183594,1920.9501072096557,1894.8660793922852,2025-09-30 13:18:00+05:30,1894.8660793922852,TARGET,3.4000000000000052,4.200000000000005,37.55350875854492,32.74589920043945,5.566921710968018,1.7519195866319732,1.7939590441486455,0.00820382469368779,0.7195865112462014,11.37,1920.9501072096557,0.680000000000001,0.840000000000001,50000.0,5.0,250000.0,1700.0000000000027,2100.0000000000023
2025-09-30,DMART,SHORT,A_MOD_BREAK_C1_LOW,MODERATE,2025-09-30 13:00:00+05:30,2025-09-30 13:15:00+05:30,4443.511022363281,4466.839455230688,4406.185529775429,2025-09-30 13:58:00+05:30,4466.839455230688,SL,-3.4249999999999936,-2.624999999999994,25.504695892333984,26.984899520874023,4.538177013397217,2.6076647088323397,2.4896106454025784,0.004141616541783457,0.5925704383850097,11.37,4466.839455230688,-0.6849999999999987,-0.5249999999999988,50000.0,5.0,250000.0,-1712.4999999999968,-1312.499999999997
2025-09-30,CRISIL,SHORT,A_MOD_BREAK_C1_LOW,MODERATE,2025-09-30 13:15:00+05:30,2025-09-30 13:30:00+05:30,4478.1042,4501.61424705,4440.48812472,2025-09-30 14:05:00+05:30,4440.48812472,TARGET,3.399999999999964,4.199999999999965,61.24225616455078,12.82020378112793,6.915826320648193,2.353000765170606,4.135454594128482,0.0037698884791747085,0.96,11.37,4501.61424705,0.6799999999999928,0.8399999999999929,50000.0,5.0,250000.0,1699.999999999982,2099.9999999999823
2025-09-30,BDL,SHORT,A_MOD_BREAK_C1_LOW,MODERATE,2025-09-30 13:30:00+05:30,2025-09-30 13:45:00+05:30,1479.704,1487.472446,1467.2744864000001,2025-09-30 14:19:00+05:30,1467.2744864000001,TARGET,3.3999999999999453,4.199999999999945,25.407268524169922,25.34752655029297,1.388909101486206,3.1636461863656096,3.2758485419590935,0.0033156404624114164,0.5911090278625488,11.37,1487.472446,0.6799999999999891,0.839999999999989,50000.0,5.0,250000.0,1699.9999999999725,2099.9999999999727
2025-09-30,HARIOMPIPE,SHORT,A_MOD_BREAK_C1_LOW,MODERATE,2025-09-30 13:30:00+05:30,2025-09-30 13:45:00+05:30,478.1043722045898,480.6144201586639,474.0882954780713,2025-09-30 15:29:00+05:30,480.6144201586639,SL,-3.4249999999999847,-2.624999999999985,38.16960525512695,26.599117279052734,5.921074867248535,2.631837625953697,2.504852837577118,0.006012124175747805,0.7825440788269042,11.37,480.6144201586639,-0.684999999999997,-0.524999999999997,50000.0,5.0,250000.0,-1712.4999999999925,-1312.4999999999925
2025-10-01,NAVA,SHORT,A_MOD_BREAK_C1_LOW,MODERATE,2025-10-01 11:00:00+05:30,2025-10-01 11:15:00+05:30,639.9719555908204,643.3318083576721,634.5961911638575,2025-10-01 13:20:00+05:30,643.3318083576721,SL,-3.4249999999999625,-2.6249999999999623,34.36668014526367,28.0639591217041,15.307829856872559,1.686769415890161,2.268127757161161,0.005774767502506341,0.6706848499597331,11.07,643.3318083576721,-0.6849999999999925,-0.5249999999999925,50000.0,5.0,250000.0,-1712.4999999999811,-1312.4999999999811
2025-10-03,JPPOWER,LONG,A_MOD_BREAK_C1_HIGH,MODERATE,2025-10-03 10:00:00+05:30,2025-10-03 10:15:00+05:30,17.990000534057618,17.895553031253815,18.178895539665223,2025-10-03 11:44:00+05:30,18.178895539665223,TARGET,4.450000000000015,5.250000000000014,37.19709777832031,74.61954498291016,81.64517974853516,1.2057773542188979,2.510782983698669,0.0052984048813337695,5.883269325547003,10.29,17.895553031253815,0.890000000000003,1.050000000000003,100000.0,5.0,500000.0,4450.000000000015,5250.0000000000155
2025-10-03,MOIL,LONG,A_MOD_BREAK_C1_HIGH,MODERATE,2025-10-03 10:00:00+05:30,2025-10-03 10:15:00+05:30,373.1746261047363,371.21545931768645,377.09295967883605,2025-10-03 10:19:00+05:30,377.09295967883605,TARGET,4.450000000000003,5.250000000000003,30.618968963623047,74.58282470703125,78.06285095214844,0.875327277043532,2.6893899214011947,0.006783987778005534,5.2412397678397955,10.29,371.21545931768645,0.8900000000000006,1.0500000000000005,100000.0,5.0,500000.0,4450.000000000003,5250.000000000002
2025-10-03,BATAINDIA,LONG,B_HUGE_GREEN_PULLBACK_HOLD_THEN_BREAK,HUGE,2025-10-03 10:00:00+05:30,2025-10-03 11:30:00+05:30,1221.2442,1214.83266795,1234.0672641,2025-10-03 11:37:00+05:30,1234.0672641,TARGET,4.450000000000004,5.2500000000000036,40.80628967285156,80.00505828857422,91.48721313476562,2.2566126638521506,4.571017409617442,0.004354690226355038,9.18202115800794,10.29,1214.83266795,0.8900000000000008,1.0500000000000007,100000.0,5.0,500000.0,4450.000000000005,5250.000000000004
2025-10-03,SANDUMA,LONG,B_HUGE_GREEN_PULLBACK_HOLD_THEN_BREAK,HUGE,2025-10-03 10:45:00+05:30,2025-10-03 11:45:00+05:30,196.27999572753907,195.2495257499695,198.34093568267824,2025-10-03 11:53:00+05:30,195.2495257499695,SL,-3.424999999999966,-2.624999999999966,30.596773147583008,90.70840454101562,90.0179672241211,1.997804545166909,5.863378631058356,0.01376439130343466,10.086746261268654,10.29,195.2495257499695,-0.6849999999999932,-0.5249999999999931,100000.0,5.0,500000.0,-3424.999999999966,-2624.999999999966
2025-10-03,MAXHEALTH,SHORT,A_MOD_BREAK_C1_LOW,MODERATE,2025-10-03 11:45:00+05:30,2025-10-03 12:00:00+05:30,1064.9869111816406,1070.5780924653443,1056.0410211277149,2025-10-03 12:34:00+05:30,1070.5780924653443,SL,-3.425000000000036,-2.6250000000000364,42.721744537353516,13.541677474975586,2.663261651992798,2.755757574928643,4.174987983378738,0.0059211489752000615,0.8508261680603026,10.29,1070.5780924653443,-0.6850000000000072,-0.5250000000000072,50000.0,5.0,250000.0,-1712.5000000000177,-1312.5000000000182
2025-10-03,ABDL,LONG,B_HUGE_GREEN_PULLBACK_HOLD_THEN_BREAK,HUGE,2025-10-03 10:45:00+05:30,2025-10-03 12:15:00+05:30,550.11,547.2219225,555.886155,2025-10-03 12:55:00+05:30,555.886155,TARGET,4.450000000000015,5.250000000000014,55.65422439575195,84.63177490234375,84.41368865966797,2.1227613941665395,3.683721524027902,0.01040403938445006,8.975348784067872,10.29,547.2219225,0.890000000000003,1.050000000000003,100000.0,5.0,500000.0,4450.000000000015,5250.0000000000155
2025-10-03,ADSL,LONG,B_HUGE_GREEN_PULLBACK_HOLD_THEN_BREAK,HUGE,2025-10-03 11:15:00+05:30,2025-10-03 12:45:00+05:30,189.05,188.0574875,191.035025,2025-10-03 12:56:00+05:30,191.035025,TARGET,4.449999999999944,5.249999999999943,39.55840301513672,74.43050384521484,73.24978637695312,1.7098314052679782,2.333374813121868,0.00978803027282182,6.391579964797583,10.29,188.0574875,0.8899999999999888,1.0499999999999887,100000.0,5.0,500000.0,4449.999999999944,5249.999999999944
2025-10-03,TVSHLTD,LONG,B_HUGE_GREEN_PULLBACK_HOLD_THEN_BREAK,HUGE,2025-10-03 12:00:00+05:30,2025-10-03 13:00:00+05:30,13331.6658,13261.674554550002,13471.6482909,2025-10-03 14:36:00+05:30,13261.674554550002,SL,-3.4249999999999634,-2.6249999999999636,29.82961082458496,83.11125946044922,70.96785736083984,210.6542418531594,3.326921253460654,0.007306367510198613,258.2279319293186,10.29,13261.674554550002,-0.6849999999999927,-0.5249999999999927,100000.0,5.0,500000.0,-3424.9999999999636,-2624.999999999963
2025-10-03,KSCL,SHORT,A_MOD_BREAK_C1_LOW,MODERATE,2025-10-03 13:00:00+05:30,2025-10-03 13:15:00+05:30,1037.7924,1043.2408101,1029.07494384,2025-10-03 14:53:00+05:30,1043.2408101,SL,-3.4250000000000225,-2.625000000000022,26.251371383666992,34.212032318115234,5.220897197723389,1.5918155262175258,1.87878399431856,0.00517181927992853,0.526277487559,10.29,1043.2408101,-0.6850000000000045,-0.5250000000000045,50000.0,5.0,250000.0,-1712.5000000000114,-1312.5000000000111
2025-10-03,FINOPB,LONG,B_HUGE_GREEN_PULLBACK_HOLD_THEN_BREAK,HUGE,2025-10-03 11:45:00+05:30,2025-10-03 13:30:00+05:30,291.0582,289.53014445,294.1143111,2025-10-03 15:07:00+05:30,289.53014445,SL,-3.424999999999959,-2.6249999999999596,34.54928970336914,83.70641326904297,78.29952239990234,1.708521360100684,4.332105455678837,0.007583899250144101,8.174130516683423,10.29,289.53014445,-0.6849999999999918,-0.5249999999999919,100000.0,5.0,500000.0,-3424.9999999999595,-2624.9999999999595
2025-10-06,AADHARHFC,LONG,A_MOD_BREAK_C1_HIGH,MODERATE,2025-10-06 10:00:00+05:30,2025-10-06 10:15:00+05:30,520.0540022094726,517.3237186978729,525.5145692326721,2025-10-06 10:16:00+05:30,525.5145692326721,TARGET,4.450000000000011,5.250000000000011,28.87232208251953,79.83772277832031,93.96469116210938,1.7018852869197851,2.9819695370230734,0.005709887040143648,6.530127326339193,10.06,517.3237186978729,0.8900000000000021,1.050000000000002,100000.0,5.0,500000.0,4450.00000000001,5250.00000000001
2025-10-06,ANUP,LONG,A_MOD_BREAK_C1_HIGH,MODERATE,2025-10-06 10:30:00+05:30,2025-10-06 10:45:00+05:30,2437.4874,2424.69059115,2463.0810177,2025-10-06 10:46:00+05:30,2463.0810177,TARGET,4.449999999999973,5.2499999999999725,41.05050277709961,80.21863555908203,90.42662811279297,1.5116856498245137,3.385270871823371,0.009822887740111703,7.260858404250067,10.06,2424.69059115,0.8899999999999946,1.0499999999999945,100000.0,5.0,500000.0,4449.999999999973,5249.999999999973
2025-10-06,AUBANK,LONG,B_HUGE_GREEN_PULLBACK_HOLD_THEN_BREAK,HUGE,2025-10-06 11:00:00+05:30,2025-10-06 12:30:00+05:30,759.8019544189453,755.8129941582459,767.7798749403443,2025-10-06 15:30:00+05:30,764.4000244140625,EOD,2.225834540418831,3.0258345404188307,40.393863677978516,78.73023223876953,85.13307189941406,1.4961186120500443,3.4877987672110815,0.0049914776957374046,7.456535327721106,10.06,755.8129941582459,0.4451669080837662,0.6051669080837662,100000.0,5.0,500000.0,2225.8345404188312,3025.8345404188312
2025-10-06,GRMOVER,LONG,B_HUGE_GREEN_PULLBACK_HOLD_THEN_BREAK,HUGE,2025-10-06 11:15:00+05:30,2025-10-06 12:30:00+05:30,126.7000015258789,126.03482651786804,128.03035154190061,2025-10-06 15:17:00+05:30,128.03035154190061,TARGET,4.449999999999932,5.249999999999932,51.7238655090332,80.36730194091797,86.24442291259766,1.2290689906328875,3.818428150816778,0.00629337852144327,7.651308964198044,10.06,126.03482651786804,0.8899999999999864,1.0499999999999863,100000.0,5.0,500000.0,4449.999999999932,5249.999999999932
2025-10-07,CMSINFO,SHORT,A_MOD_BREAK_C1_LOW,MODERATE,2025-10-07 10:30:00+05:30,2025-10-07 10:45:00+05:30,365.27693610229494,367.19464001683195,362.20860983903566,2025-10-07 14:32:00+05:30,362.20860983903566,TARGET,3.400000000000003,4.200000000000003,32.55998229980469,21.55829620361328,6.787764072418213,1.2962444695992785,3.7462686772490987,0.004505212317305809,0.5752425166769439,10.19,367.19464001683195,0.6800000000000006,0.8400000000000006,50000.0,5.0,250000.0,1700.0000000000014,2100.000000000002
2025-10-07,SOTL,SHORT,A_MOD_BREAK_C1_LOW,MODERATE,2025-10-07 12:15:00+05:30,2025-10-07 12:30:00+05:30,399.96997779541016,402.06982017883604,396.61022998192874,2025-10-07 15:30:00+05:30,399.0,EOD,0.4125632538179098,1.2125632538179096,37.993770599365234,39.28035354614258,26.82912826538086,0.8030154066634477,1.3619142346904176,0.0033745935375812867,0.5385299668911028,10.19,402.06982017883604,0.08251265076358197,0.24251265076358194,50000.0,5.0,250000.0,206.28162690895493,606.2816269089549
2025-10-07,TBOTEK,SHORT,A_PULLBACK_C2_THEN_BREAK_C2_LOW,MODERATE,2025-10-07 12:30:00+05:30,2025-10-07 13:00:00+05:30,1556.1887,1564.358690675,1543.11671492,2025-10-07 14:47:00+05:30,1543.11671492,TARGET,3.399999999999961,4.19999999999996,38.25844192504883,25.135591506958008,1.5794737339019775,2.3822398545205727,2.369656048074401,0.005335348419601058,0.7838766288757324,10.19,1564.358690675,0.6799999999999922,0.8399999999999921,50000.0,5.0,250000.0,1699.9999999999804,2099.9999999999804
2025-10-07,IRCON,LONG,B_HUGE_GREEN_PULLBACK_HOLD_THEN_BREAK,HUGE,2025-10-07 13:15:00+05:30,2025-10-07 14:15:00+05:30,176.58999328613282,175.66289582138063,178.4441882156372,2025-10-07 14:33:00+05:30,178.4441882156372,TARGET,4.449999999999981,5.2499999999999805,29.405977249145508,75.50909423828125,62.01238250732422,1.432587465953877,2.925593484862368,0.005453047855746759,6.835434315515993,10.19,175.66289582138063,0.8899999999999961,1.049999999999996,100000.0,5.0,500000.0,4449.999999999981,5249.99999999998
2025-10-08,RKSWAMY,SHORT,A_MOD_BREAK_C1_LOW,MODERATE,2025-10-08 10:15:00+05:30,2025-10-08 10:30:00+05:30,143.66000671386718,144.41422174911497,142.4532626574707,2025-10-08 12:17:00+05:30,142.4532626574707,TARGET,3.399999999999963,4.199999999999963,37.116912841796875,35.3134651184082,72.93721008300781,0.3664276295713659,1.3704705946942668,0.00510876784544979,0.44940205753665546,10.05,144.41422174911497,0.6799999999999926,0.8399999999999926,50000.0,5.0,250000.0,1699.9999999999816,2099.999999999982
2025-10-08,JAGSNPHARM,SHORT,A_MOD_BREAK_C1_LOW,MODERATE,2025-10-08 11:15:00+05:30,2025-10-08 11:30:00+05:30,213.14999694824218,214.26903443222045,211.35953697387694,2025-10-08 13:16:00+05:30,214.26903443222045,SL,-3.425000000000008,-2.625000000000008,25.516021728515625,31.483802795410156,14.63980770111084,1.6711291597973927,1.9970774350163896,0.00474183620370616,0.5350418006430975,10.05,214.26903443222045,-0.6850000000000016,-0.5250000000000016,50000.0,5.0,250000.0,-1712.5000000000039,-1312.500000000004
2025-10-08,WHEELS,LONG,A_MOD_BREAK_C1_HIGH,MODERATE,2025-10-08 13:00:00+05:30,2025-10-08 13:15:00+05:30,898.4796477905273,893.7626296396271,907.9136840923278,2025-10-08 13:16:00+05:30,907.9136840923278,TARGET,4.449999999999958,5.249999999999958,35.10234832763672,64.96894073486328,73.20362854003906,2.5300644274165944,1.7180771892991347,0.006132799975984496,6.134606752327501,10.05,893.7626296396271,0.8899999999999917,1.0499999999999916,100000.0,5.0,500000.0,4449.999999999958,5249.999999999958
2025-10-08,GMBREW,LONG,B_HUGE_GREEN_PULLBACK_HOLD_THEN_BREAK,HUGE,2025-10-08 12:30:00+05:30,2025-10-08 13:30:00+05:30,755.7510955810546,751.7834023292542,763.6864820846557,2025-10-08 14:02:00+05:30,763.6864820846557,TARGET,4.450000000000005,5.250000000000004,45.46626663208008,70.73609161376953,82.55648803710938,1.8551702589719767,2.409101098257271,0.0065545540948309475,6.675642324381954,10.05,751.7834023292542,0.890000000000001,1.050000000000001,100000.0,5.0,500000.0,4450.0000000000055,5250.000000000005
2025-10-09,VINCOFE,SHORT,A_MOD_BREAK_C1_LOW,MODERATE,2025-10-09 11:15:00+05:30,2025-10-09 11:30:00+05:30,137.6199981689453,138.34250315933227,136.46399018432618,2025-10-09 11:36:00+05:30,138.34250315933227,SL,-3.4250000000000114,-2.625000000000011,51.01897430419922,18.979501724243164,10.848093032836914,1.6889102819024437,3.1517784505811264,0.009302552079548637,0.9055592993329276,10.31,138.34250315933227,-0.6850000000000023,-0.5250000000000022,50000.0,5.0,250000.0,-1712.5000000000057,-1312.5000000000055
2025-10-09,GMBREW,LONG,B_HUGE_GREEN_PULLBACK_HOLD_THEN_BREAK,HUGE,2025-10-09 12:30:00+05:30,2025-10-09 14:30:00+05:30,895.0289455810547,890.3300436167542,904.4267495096557,2025-10-09 14:31:00+05:30,904.4267495096557,TARGET,4.449999999999948,5.249999999999947,38.36222457885742,87.43904876708984,76.77457427978516,1.2312927019704558,5.878412448566806,0.019632800031741927,8.538897381637915,10.31,890.3300436167542,0.8899999999999895,1.0499999999999894,100000.0,5.0,500000.0,4449.999999999947,5249.999999999946
2025-10-10,SBIN,LONG,A_MOD_BREAK_C1_HIGH,MODERATE,2025-10-10 10:00:00+05:30,2025-10-10 10:15:00+05:30,873.2245977905274,868.6401686521272,882.3934560673279,2025-10-10 10:40:00+05:30,882.3934560673279,TARGET,4.449999999999983,5.249999999999982,30.150814056396484,80.19898223876953,93.89108276367188,1.7447789987422966,3.4517804630514326,0.0030885006151404244,7.261189823839128,10.12,868.6401686521272,0.8899999999999966,1.0499999999999965,100000.0,5.0,500000.0,4449.999999999983,5249.999999999982
2025-10-10,LTFOODS,LONG,B_HUGE_GREEN_PULLBACK_HOLD_THEN_BREAK,HUGE,2025-10-10 11:30:00+05:30,2025-10-10 14:30:00+05:30,402.5305022094727,400.417217072873,406.75707248267213,2025-10-10 15:29:00+05:30,400.417217072873,SL,-3.4249999999999603,-2.624999999999961,26.091806411743164,75.3226318359375,88.0301284790039,2.3374980125013916,2.9671239429795384,0.007712406313809221,6.746302817969285,10.12,400.417217072873,-0.6849999999999921,-0.5249999999999921,100000.0,5.0,500000.0,-3424.99999999996,-2624.999999999961
2025-10-13,KNRCON,SHORT,A_MOD_BREAK_C1_LOW,MODERATE,2025-10-13 10:45:00+05:30,2025-10-13 11:00:00+05:30,190.45,191.4498625,188.85022,2025-10-13 15:30:00+05:30,190.5,EOD,-0.9312680493568162,-0.1312680493568164,38.525482177734375,21.628435134887695,15.566680908203125,1.2306095196479188,2.852390584608013,0.0033972666453427687,0.6532388986044013,10.1,191.4498625,-0.18625360987136325,-0.02625360987136328,50000.0,5.0,250000.0,-465.63402467840814,-65.63402467840821
2025-10-13,SIEMENS,SHORT,A_MOD_BREAK_C1_LOW,MODERATE,2025-10-13 10:45:00+05:30,2025-10-13 11:00:00+05:30,3041.3916,3057.3589059,3015.84391056,2025-10-13 11:54:00+05:30,3057.3589059,SL,-3.4250000000000256,-2.6250000000000258,40.95001220703125,12.576982498168945,2.481940746307373,2.0232714499989704,5.175551194947608,0.004754866363575501,0.8242501831054687,10.1,3057.3589059,-0.6850000000000052,-0.5250000000000051,50000.0,5.0,250000.0,-1712.5000000000127,-1312.500000000013
2025-10-13,MINDACORP,SHORT,A_MOD_BREAK_C1_LOW,MODERATE,2025-10-13 11:15:00+05:30,2025-10-13 11:30:00+05:30,564.5870722045898,567.5511543336639,559.8445407980713,2025-10-13 11:34:00+05:30,559.8445407980713,TARGET,3.3999999999999853,4.199999999999985,27.646076202392578,23.565967559814453,13.317981719970703,2.1217470170886825,3.3110396875049557,0.008249059187627472,0.6246911430358886,10.1,567.5511543336639,0.679999999999997,0.839999999999997,50000.0,5.0,250000.0,1699.9999999999925,2099.9999999999927
2025-10-13,KROSS,SHORT,A_PULLBACK_C2_THEN_BREAK_C2_LOW,MODERATE,2025-10-13 11:15:00+05:30,2025-10-13 11:45:00+05:30,184.95,185.9209875,183.39642,2025-10-13 15:30:00+05:30,184.9499969482422,EOD,-0.7999917497761526,8.250223847340678e-06,35.369667053222656,25.781259536743164,5.9667463302612305,1.5422655261075338,2.641307084873189,0.006353933892520103,0.6604414728671582,10.1,185.9209875,-0.15999834995523052,1.6500447694681356e-06,50000.0,5.0,250000.0,-399.9958748880763,0.004125111923670339
2025-10-13,POLYMED,SHORT,A_PULLBACK_C2_THEN_BREAK_C2_LOW,MODERATE,2025-10-13 11:30:00+05:30,2025-10-13 12:00:00+05:30,1873.1253,1882.9592078249998,1857.39104748,2025-10-13 14:32:00+05:30,1857.39104748,TARGET,3.399999999999981,4.199999999999981,29.245044708251953,28.8420467376709,16.66666603088379,1.2629242869503732,1.9454811486993075,0.004273898957219161,0.51696147827506,10.1,1882.9592078249998,0.6799999999999962,0.8399999999999961,50000.0,5.0,250000.0,1699.9999999999905,2099.9999999999905
2025-10-13,ORCHPHARMA,SHORT,A_MOD_BREAK_C1_LOW,MODERATE,2025-10-13 11:45:00+05:30,2025-10-13 12:00:00+05:30,729.5040944091797,733.3339909048279,723.3762600161426,2025-10-13 14:38:00+05:30,733.3339909048279,SL,-3.4250000000000034,-2.625000000000004,34.87110900878906,29.48894691467285,9.271993637084961,1.5768077320592384,2.2440979872521214,0.00554494214164104,0.6590079882422026,10.1,733.3339909048279,-0.6850000000000007,-0.5250000000000008,50000.0,5.0,250000.0,-1712.5000000000018,-1312.500000000002
2025-10-13,CHOICEIN,LONG,B_HUGE_GREEN_PULLBACK_HOLD_THEN_BREAK,HUGE,2025-10-13 11:30:00+05:30,2025-10-13 13:00:00+05:30,821.1642,816.85308795,829.7864241,2025-10-13 15:30:00+05:30,819.5,EOD,-1.8133174339553835,-1.0133174339553834,25.691770553588867,78.36088562011719,92.64848327636719,2.9492240549893927,3.573596520390576,0.004161580539829436,8.238244696801685,10.1,816.85308795,-0.3626634867910767,-0.2026634867910767,100000.0,5.0,500000.0,-1813.3174339553834,-1013.3174339553834
2025-10-14,PETRONET,SHORT,A_MOD_BREAK_C1_LOW,MODERATE,2025-10-14 10:00:00+05:30,2025-10-14 10:15:00+05:30,273.4952777954102,274.9311280038361,271.19791746192874,2025-10-14 12:07:00+05:30,271.19791746192874,TARGET,3.399999999999983,4.199999999999982,29.167179107666016,49.662269592285156,45.298851013183594,1.5404628683771613,0.09756050765368358,0.00331496210903569,0.4719667139636776,11.01,274.9311280038361,0.6799999999999966,0.8399999999999965,50000.0,5.0,250000.0,1699.9999999999914,2099.9999999999914
2025-10-14,BRIGADE,SHORT,A_MOD_BREAK_C1_LOW,MODERATE,2025-10-14 11:00:00+05:30,2025-10-14 11:15:00+05:30,922.7154444091797,927.5597004923278,914.9646346761426,2025-10-14 11:19:00+05:30,914.9646346761426,TARGET,3.3999999999999653,4.199999999999965,29.04021644592285,34.60298538208008,33.20109176635742,1.318760327945958,1.6882351830759235,0.004130908552464324,0.5107980632331817,11.01,927.5597004923278,0.679999999999993,0.839999999999993,50000.0,5.0,250000.0,1699.9999999999825,2099.9999999999827
2025-10-14,SCHAEFFLER,SHORT,A_MOD_BREAK_C1_LOW,MODERATE,2025-10-14 11:00:00+05:30,2025-10-14 11:15:00+05:30,3945.2108,3965.9231566999997,3912.07102928,2025-10-14 11:18:00+05:30,3912.07102928,TARGET,3.399999999999986,4.199999999999986,57.3347053527832,14.466755867004395,7.540085315704346,2.0550108435661576,3.351233994871155,0.004180524513306406,0.96,11.01,3965.9231566999997,0.6799999999999973,0.8399999999999972,50000.0,5.0,250000.0,1699.9999999999932,2099.9999999999927
2025-10-14,PNBHOUSING,SHORT,A_MOD_BREAK_C1_LOW,MODERATE,2025-10-14 11:15:00+05:30,2025-10-14 11:30:00+05:30,841.9815944091797,846.4019977798279,834.9089490161426,2025-10-14 12:51:00+05:30,834.9089490161426,TARGET,3.3999999999999817,4.1999999999999815,28.56975746154785,30.939620971679688,9.535496711730957,1.7383587144961672,1.9583606916174217,0.00397179466543092,0.590677171540918,11.01,846.4019977798279,0.6799999999999964,0.8399999999999963,50000.0,5.0,250000.0,1699.999999999991,2099.999999999991
2025-10-14,SUNPHARMA,SHORT,A_MOD_BREAK_C1_LOW,MODERATE,2025-10-14 11:30:00+05:30,2025-10-14 11:45:00+05:30,1652.6694,1661.34591435,1638.78697704,2025-10-14 14:37:00+05:30,1661.34591435,SL,-3.4249999999999803,-2.62499999999998,26.987977981567383,32.26122283935547,17.226940155029297,1.201311663845755,1.6910308456393128,0.002815001953925541,0.45960075317848353,11.01,1661.34591435,-0.6849999999999961,-0.524999999999996,50000.0,5.0,250000.0,-1712.49999999999,-1312.49999999999
2025-10-14,RPTECH,SHORT,A_MOD_BREAK_C1_LOW,MODERATE,2025-10-14 11:45:00+05:30,2025-10-14 12:00:00+05:30,325.9348,327.6459577,323.19694768,2025-10-14 12:50:00+05:30,323.19694768,TARGET,3.400000000000003,4.200000000000003,33.50203323364258,23.98171615600586,10.993087768554688,1.9028157962315488,2.500273584898504,0.006741238990036972,0.6955232628451598,11.01,327.6459577,0.6800000000000006,0.8400000000000006,50000.0,5.0,250000.0,1700.0000000000014,2100.000000000002
2025-10-14,NBCC,SHORT,A_MOD_BREAK_C1_LOW,MODERATE,2025-10-14 12:30:00+05:30,2025-10-14 12:45:00+05:30,109.7999984741211,110.37644846611023,108.87767848693848,2025-10-14 13:33:00+05:30,110.37644846611023,SL,-3.4250000000000025,-2.6250000000000027,26.574419021606445,17.89455795288086,3.470850944519043,3.3614796040291663,3.428230773522046,0.004648774885291714,0.6086162853240966,11.01,110.37644846611023,-0.6850000000000005,-0.5250000000000006,50000.0,5.0,250000.0,-1712.5000000000014,-1312.5000000000014
2025-10-14,NCC,SHORT,A_MOD_BREAK_C1_LOW,MODERATE,2025-10-14 12:30:00+05:30,2025-10-14 12:45:00+05:30,203.84999389648436,204.9202063644409,202.1376539477539,2025-10-14 15:30:00+05:30,203.91000366210938,EOD,-0.9471909919592258,-0.14719099195922591,37.0321044921875,12.588088989257812,6.212298393249512,2.895208819301151,3.2890935350633552,0.0036278070626583584,0.7654815673828124,11.01,204.9202063644409,-0.18943819839184517,-0.029438198391845184,50000.0,5.0,250000.0,-473.5954959796129,-73.59549597961296
2025-10-14,VTL,SHORT,A_MOD_BREAK_C1_LOW,MODERATE,2025-10-14 14:00:00+05:30,2025-10-14 14:15:00+05:30,389.12217220458984,391.16506360866396,385.8535459580713,2025-10-14 14:37:00+05:30,391.16506360866396,SL,-3.4250000000000194,-2.6250000000000195,50.89840316772461,19.030113220214844,1.8474422693252563,4.559967388446251,3.5318823128385435,0.002679495786229861,0.96,11.01,391.16506360866396,-0.6850000000000038,-0.5250000000000039,50000.0,5.0,250000.0,-1712.5000000000095,-1312.5000000000098
2025-10-15,LAOPALA,SHORT,A_MOD_BREAK_C1_LOW,MODERATE,2025-10-15 10:00:00+05:30,2025-10-15 10:15:00+05:30,228.44000549316405,229.63931552200316,226.52110944702147,2025-10-15 15:30:00+05:30,228.0,EOD,0.1630657559610725,0.9630657559610724,40.90507888793945,26.220102310180664,9.770356178283691,1.1387645221245486,2.716353285165359,0.004301826299251122,0.6728599746908879,11.16,229.63931552200316,0.0326131511922145,0.19261315119221448,50000.0,5.0,250000.0,81.53287798053624,481.5328779805362
2025-10-15,OLAELEC,LONG,A_MOD_BREAK_C1_HIGH,MODERATE,2025-10-15 10:00:00+05:30,2025-10-15 10:15:00+05:30,51.7000015258789,51.42857651786804,52.24285154190063,2025-10-15 10:16:00+05:30,52.24285154190063,TARGET,4.4499999999999575,5.249999999999957,29.063987731933594,78.47432708740234,85.88105773925781,1.8065533102044424,3.7196340283753924,0.009307154221706505,7.372221478759122,11.16,51.42857651786804,0.8899999999999915,1.0499999999999914,100000.0,5.0,500000.0,4449.999999999957,5249.999999999957
2025-10-15,GRINFRA,SHORT,A_MOD_BREAK_C1_LOW,MODERATE,2025-10-15 11:45:00+05:30,2025-10-15 12:00:00+05:30,1238.9521111816407,1245.4566097653442,1228.5449134477149,2025-10-15 13:49:00+05:30,1228.5449134477149,TARGET,3.4000000000000243,4.200000000000024,45.91706466674805,32.68791961669922,8.052390098571777,0.9236256477097348,1.6997950553926084,0.007028783277401673,0.6953802111200547,11.16,1245.4566097653442,0.6800000000000048,0.8400000000000049,50000.0,5.0,250000.0,1700.000000000012,2100.000000000012
2025-10-15,TATVA,LONG,B_HUGE_GREEN_PULLBACK_HOLD_THEN_BREAK,HUGE,2025-10-15 11:45:00+05:30,2025-10-15 13:15:00+05:30,1233.8466955810547,1227.3690004292541,1246.8020858846558,2025-10-15 13:20:00+05:30,1246.8020858846558,TARGET,4.449999999999973,5.2499999999999725,49.52102279663086,77.998779296875,85.13681030273438,1.4811203323148836,2.9484475741299536,0.019843221127247613,7.071714030347447,11.16,1227.3690004292541,0.8899999999999946,1.0499999999999945,100000.0,5.0,500000.0,4449.999999999973,5249.999999999973
2025-10-15,ONMOBILE,LONG,B_HUGE_GREEN_PULLBACK_HOLD_THEN_BREAK,HUGE,2025-10-15 13:00:00+05:30,2025-10-15 14:00:00+05:30,71.24999694824218,70.87593446426392,71.99812191619873,2025-10-15 14:01:00+05:30,71.99812191619873,TARGET,4.449999999999995,5.249999999999995,26.252531051635742,73.52796173095703,71.77731323242188,2.1713921567764642,2.8757275681100674,0.00743962224875211,7.271658450114927,11.16,70.87593446426392,0.889999999999999,1.049999999999999,100000.0,5.0,500000.0,4449.9999999999945,5249.9999999999945
2025-10-15,GMBREW,LONG,B_HUGE_GREEN_PULLBACK_HOLD_THEN_BREAK,HUGE,2025-10-15 12:30:00+05:30,2025-10-15 14:15:00+05:30,1105.221,1099.4185897500001,1116.8258205,2025-10-15 14:16:00+05:30,1116.8258205,TARGET,4.449999999999983,5.249999999999982,49.52154541015625,80.6968994140625,91.71568298339844,2.956130080272144,2.727593069159315,0.021306367743208623,8.540888528948948,11.16,1099.4185897500001,0.8899999999999966,1.0499999999999965,100000.0,5.0,500000.0,4449.999999999983,5249.999999999982
2025-10-15,BLS,SHORT,A_MOD_BREAK_C1_LOW,MODERATE,2025-10-15 14:00:00+05:30,2025-10-15 14:15:00+05:30,280.4938777954101,281.96647065383604,278.1377292219287,2025-10-15 15:19:00+05:30,278.1377292219287,TARGET,3.4000000000000066,4.200000000000006,45.064632415771484,24.882295608520508,17.634981155395508,3.382340014583261,3.625165761794839,0.004363310942136063,0.8859694862365721,11.16,281.96647065383604,0.6800000000000013,0.8400000000000012,50000.0,5.0,250000.0,1700.0000000000032,2100.0000000000027
2025-10-16,RALLIS,SHORT,A_MOD_BREAK_C1_LOW,MODERATE,2025-10-16 10:00:00+05:30,2025-10-16 10:15:00+05:30,290.7918361022949,292.31849324183196,288.3491846790356,2025-10-16 10:29:00+05:30,288.3491846790356,TARGET,3.400000000000026,4.200000000000026,34.697513580322266,45.849098205566406,32.31275939941406,1.2117092261404643,0.5689491729333023,0.004565539228957134,0.5209592769260802,10.53,292.31849324183196,0.6800000000000053,0.8400000000000052,50000.0,5.0,250000.0,1700.0000000000132,2100.0000000000127
2025-10-16,TSFINV,SHORT,B_HUGE_RED_FAILED_BOUNCE,HUGE,2025-10-16 10:30:00+05:30,2025-10-16 11:45:00+05:30,655.0689722045898,658.5080843086639,649.5663928380714,2025-10-16 12:02:00+05:30,658.5080843086639,SL,-3.4249999999999794,-2.6249999999999796,37.112518310546875,23.726526260375977,10.95312213897705,0.8941331858986087,2.8632950389971046,0.010580185226138883,0.6131610821904596,10.53,658.5080843086639,-0.6849999999999958,-0.5249999999999959,50000.0,5.0,250000.0,-1712.4999999999895,-1312.49999999999
2025-10-16,FUSION,SHORT,A_MOD_BREAK_C1_LOW,MODERATE,2025-10-16 11:30:00+05:30,2025-10-16 11:45:00+05:30,182.7399932861328,183.699378250885,181.2049773425293,2025-10-16 11:49:00+05:30,181.2049773425293,TARGET,3.3999999999999497,4.1999999999999496,30.482664108276367,16.224220275878906,3.5082669258117676,2.4458817814874005,3.937472852155129,0.007033581290740133,0.6672399616241456,10.53,183.699378250885,0.67999999999999,0.8399999999999899,50000.0,5.0,250000.0,1699.999999999975,2099.9999999999745
2025-10-16,PDSL,LONG,A_MOD_BREAK_C1_HIGH,MODERATE,2025-10-16 13:00:00+05:30,2025-10-16 13:15:00+05:30,305.11099779052734,303.50916505212706,308.31466326732783,2025-10-16 13:16:00+05:30,308.31466326732783,TARGET,4.449999999999932,5.249999999999932,26.62652587890625,71.85213470458984,82.41436767578125,3.7915668791010937,2.4158081092673735,0.005957265969597256,8.128818322535407,10.53,303.50916505212706,0.8899999999999864,1.0499999999999863,100000.0,5.0,500000.0,4449.999999999932,5249.999999999932
2025-10-16,APARINDS,LONG,B_HUGE_GREEN_PULLBACK_HOLD_THEN_BREAK,HUGE,2025-10-16 10:00:00+05:30,2025-10-16 14:15:00+05:30,8851.77,8805.2982075,8944.713585,2025-10-16 14:49:00+05:30,8805.2982075,SL,-3.4250000000000247,-2.625000000000025,28.385135650634766,84.07740783691406,90.952880859375,2.30570564228946,5.8630115301888175,0.005706075471023034,9.465002958399383,10.53,8805.2982075,-0.6850000000000049,-0.525000000000005,100000.0,5.0,500000.0,-3425.000000000025,-2625.000000000025
2025-10-17,IRCON,SHORT,A_MOD_BREAK_C1_LOW,MODERATE,2025-10-17 10:15:00+05:30,2025-10-17 10:30:00+05:30,169.7,170.590925,168.27452,2025-10-17 13:39:00+05:30,168.27452,TARGET,3.399999999999981,4.199999999999981,30.075361251831055,15.324745178222656,12.73148250579834,1.5931591477834932,4.10623192216671,0.003700758388627913,0.5899332696395772,10.87,170.590925,0.6799999999999962,0.8399999999999961,50000.0,5.0,250000.0,1699.9999999999905,2099.9999999999905
2025-10-17,JSWINFRA,SHORT,A_MOD_BREAK_C1_LOW,MODERATE,2025-10-17 11:45:00+05:30,2025-10-17 12:00:00+05:30,296.14077220458984,297.69551125866394,293.6531897180713,2025-10-17 15:10:00+05:30,297.69551125866394,SL,-3.4250000000000136,-2.625000000000014,48.312034606933594,13.853981971740723,8.477646827697754,1.4054780841341752,3.1382943007056063,0.006399305378204281,0.8306391838274845,10.87,297.69551125866394,-0.6850000000000027,-0.5250000000000028,50000.0,5.0,250000.0,-1712.5000000000068,-1312.500000000007
2025-10-17,MONARCH,SHORT,A_MOD_BREAK_C1_LOW,MODERATE,2025-10-17 11:45:00+05:30,2025-10-17 12:00:00+05:30,310.23792779541014,311.866676916336,307.6319292019287,2025-10-17 15:30:00+05:30,308.29998779296875,EOD,2.3233125108406956,3.1233125108406954,40.82197570800781,31.554052352905273,11.267662048339844,1.7512468470404063,1.9611370111872934,0.0028198658896592317,0.7768546844115529,10.87,311.866676916336,0.46466250216813915,0.6246625021681391,50000.0,5.0,250000.0,1161.6562554203479,1561.6562554203479
2025-10-17,WIPRO,SHORT,A_MOD_BREAK_C1_LOW,MODERATE,2025-10-17 11:45:00+05:30,2025-10-17 12:00:00+05:30,235.45,236.68611249999998,233.47222,2025-10-17 13:34:00+05:30,233.47222,TARGET,3.3999999999999906,4.199999999999991,51.87434005737305,20.76582908630371,1.989625334739685,1.1844578476627223,3.093938854571156,0.006110321938258102,0.8172801233409763,10.87,236.68611249999998,0.6799999999999982,0.8399999999999982,50000.0,5.0,250000.0,1699.9999999999955,2099.9999999999955
2025-10-17,SCHAEFFLER,SHORT,A_MOD_BREAK_C1_LOW,MODERATE,2025-10-17 13:15:00+05:30,2025-10-17 13:30:00+05:30,3899.22,3919.690905,3866.466552,2025-10-17 13:53:00+05:30,3866.466552,TARGET,3.399999999999992,4.199999999999992,30.405166625976562,32.389217376708984,3.4391934871673584,2.082422680100914,2.0248808870252897,0.003160359094889156,0.6660774993896483,10.87,3919.690905,0.6799999999999984,0.8399999999999984,50000.0,5.0,250000.0,1699.999999999996,2099.999999999996
2025-10-20,AVANTEL,SHORT,A_MOD_BREAK_C1_LOW,MODERATE,2025-10-20 10:00:00+05:30,2025-10-20 10:15:00+05:30,163.0699951171875,163.9261125915527,161.7002071582031,2025-10-20 10:17:00+05:30,161.7002071582031,TARGET,3.400000000000001,4.2,42.803802490234375,8.39148235321045,4.7878642082214355,1.3720493475159437,6.68700673861805,0.019581400692748118,0.7421656731688058,11.63,163.9261125915527,0.6800000000000002,0.8400000000000001,50000.0,5.0,250000.0,1700.0000000000002,2100.0000000000005
2025-10-20,JSFB,SHORT,A_MOD_BREAK_C1_LOW,MODERATE,2025-10-20 10:00:00+05:30,2025-10-20 10:15:00+05:30,421.71562779541017,423.92963484133605,418.17321652192874,2025-10-20 10:37:00+05:30,423.92963484133605,SL,-3.424999999999975,-2.624999999999975,30.02573013305664,10.436792373657227,6.456893444061279,1.3490903524321307,5.2009521513934045,0.01017264280274016,0.5464767636714725,11.63,423.92963484133605,-0.684999999999995,-0.524999999999995,50000.0,5.0,250000.0,-1712.4999999999875,-1312.4999999999875
2025-10-20,RICOAUTO,SHORT,A_MOD_BREAK_C1_LOW,MODERATE,2025-10-20 10:00:00+05:30,2025-10-20 10:15:00+05:30,84.31000061035157,84.75262811355591,83.60179660522462,2025-10-20 11:03:00+05:30,84.75262811355591,SL,-3.4250000000000203,-2.6250000000000204,37.99905776977539,16.35725975036621,6.642327308654785,1.2234945259747338,3.156197577481939,0.0043141355700406225,0.6440974085922093,11.63,84.75262811355591,-0.685000000000004,-0.5250000000000041,50000.0,5.0,250000.0,-1712.50000000001,-1312.5000000000102
2025-10-20,EQUITASBNK,LONG,B_HUGE_GREEN_PULLBACK_HOLD_THEN_BREAK,HUGE,2025-10-20 10:15:00+05:30,2025-10-20 12:15:00+05:30,57.71999816894531,57.41696817855835,58.32605814971923,2025-10-20 12:35:00+05:30,58.32605814971923,TARGET,4.449999999999958,5.249999999999958,35.13859939575195,85.37310791015625,73.5323715209961,1.257702471922946,3.5181317781099803,0.005123470750862028,6.961748190431262,11.63,57.41696817855835,0.8899999999999917,1.0499999999999916,100000.0,5.0,500000.0,4449.999999999958,5249.999999999958
2025-10-20,PFS,SHORT,A_MOD_BREAK_C1_LOW,MODERATE,2025-10-20 12:00:00+05:30,2025-10-20 12:15:00+05:30,33.67000122070313,33.846768727111815,33.38717321044922,2025-10-20 14:12:00+05:30,33.38717321044922,TARGET,3.4000000000000297,4.2000000000000295,31.568565368652344,15.969477653503418,3.7166693210601807,2.346566993590551,2.8715715178225727,0.005673647315935496,0.6835284805297852,11.63,33.846768727111815,0.6800000000000059,0.8400000000000059,50000.0,5.0,250000.0,1700.0000000000148,2100.0000000000146
2025-10-20,SURYODAY,LONG,B_HUGE_GREEN_PULLBACK_HOLD_THEN_BREAK,HUGE,2025-10-20 12:45:00+05:30,2025-10-20 13:45:00+05:30,148.99000244140626,148.20780492858887,150.554397467041,2025-10-20 15:30:00+05:30,148.50999450683594,EOD,-2.4108729669935336,-1.6108729669935338,40.646976470947266,79.56198120117188,74.71638488769531,2.2587443787661625,2.5276773189232067,0.010226296567416361,7.342634346718507,11.63,148.20780492858887,-0.4821745933987067,-0.32217459339870674,100000.0,5.0,500000.0,-2410.8729669935337,-1610.8729669935337
2025-10-20,GSLSU,LONG,B_HUGE_GREEN_PULLBACK_HOLD_THEN_BREAK,HUGE,2025-10-20 12:45:00+05:30,2025-10-20 14:00:00+05:30,106.03999786376953,105.48328787498474,107.1534178413391,2025-10-20 14:02:00+05:30,107.1534178413391,TARGET,4.4499999999999895,5.249999999999989,30.369443893432617,78.7418441772461,75.89891052246094,1.5072405570810743,4.389495576460953,0.017700004577636718,7.59402360928031,11.63,105.48328787498474,0.8899999999999979,1.0499999999999978,100000.0,5.0,500000.0,4449.99999999999,5249.999999999989
2025-10-23,MUTHOOTFIN,SHORT,A_MOD_BREAK_C1_LOW,MODERATE,2025-10-23 11:30:00+05:30,2025-10-23 11:45:00+05:30,3122.0754111816404,3138.466307090344,3095.8499777277148,2025-10-23 12:35:00+05:30,3138.466307090344,SL,-3.4249999999999723,-2.624999999999973,41.01839828491211,20.873014450073242,2.84004545211792,1.2000799190988214,3.126152181691466,0.00885939651736522,0.6852899601159754,11.3,3138.466307090344,-0.6849999999999945,-0.5249999999999946,50000.0,5.0,250000.0,-1712.4999999999861,-1312.4999999999864
2025-10-23,KIRLOSIND,LONG,B_HUGE_GREEN_PULLBACK_HOLD_THEN_BREAK,HUGE,2025-10-23 10:45:00+05:30,2025-10-23 12:00:00+05:30,3960.0919088378905,3939.301426316492,4001.6728738806883,2025-10-23 14:46:00+05:30,3939.301426316492,SL,-3.4249999999999647,-2.6249999999999645,25.4537410736084,70.02864837646484,70.31192779541016,1.4582412742097683,2.5768272081854358,0.004584082591382763,5.613475776801243,11.3,3939.301426316492,-0.684999999999993,-0.5249999999999929,100000.0,5.0,500000.0,-3424.9999999999645,-2624.9999999999645
2025-10-23,ELECON,LONG,B_HUGE_GREEN_PULLBACK_HOLD_THEN_BREAK,HUGE,2025-10-23 10:30:00+05:30,2025-10-23 13:00:00+05:30,569.1138,566.12595255,575.0894949,2025-10-23 14:11:00+05:30,566.12595255,SL,-3.4250000000000034,-2.6250000000000036,25.177879333496094,80.79289245605469,87.86785125732422,2.24073559863313,3.2963006480220827,0.008446311483278497,7.558322605063555,11.3,566.12595255,-0.6850000000000007,-0.5250000000000007,100000.0,5.0,500000.0,-3425.0000000000036,-2625.0000000000036
2025-10-24,CELLO,LONG,A_MOD_BREAK_C1_HIGH,MODERATE,2025-10-24 10:00:00+05:30,2025-10-24 10:15:00+05:30,638.5777022094727,635.225169272873,645.2827680826722,2025-10-24 11:20:00+05:30,635.225169272873,SL,-3.4249999999999647,-2.6249999999999645,38.932716369628906,66.9804916381836,64.16108703613281,1.0572193008007928,1.5823970436519033,0.008602138757679316,4.327337906478177,11.73,635.225169272873,-0.684999999999993,-0.5249999999999929,100000.0,5.0,500000.0,-3424.9999999999645,-2624.9999999999645
2025-10-24,GRAVITA,LONG,A_MOD_BREAK_C1_HIGH,MODERATE,2025-10-24 10:00:00+05:30,2025-10-24 10:15:00+05:30,1662.5323911621094,1653.8040961085085,1679.9889812693116,2025-10-24 10:16:00+05:30,1679.9889812693116,TARGET,4.449999999999999,5.249999999999999,42.14594268798828,71.2548599243164,70.09163665771484,1.3774058580086481,2.9396292752397692,0.008269593723890118,6.076877589694771,11.73,1653.8040961085085,0.8899999999999999,1.0499999999999998,100000.0,5.0,500000.0,4449.999999999999,5249.999999999999
2025-10-24,AEGISLOG,SHORT,A_MOD_BREAK_C1_LOW,MODERATE,2025-10-24 10:30:00+05:30,2025-10-24 10:45:00+05:30,794.4410555908203,798.611871132672,787.7677507238574,2025-10-24 13:49:00+05:30,787.7677507238574,TARGET,3.400000000000003,4.200000000000003,38.01195526123047,35.5160026550293,43.49486541748047,0.7810547659391676,1.3529813358792826,0.0037220686906572283,0.5345129797517755,11.73,798.611871132672,0.6800000000000006,0.8400000000000005,50000.0,5.0,250000.0,1700.0000000000014,2100.0000000000014
2025-10-24,PNBGILTS,SHORT,A_MOD_BREAK_C1_LOW,MODERATE,2025-10-24 10:30:00+05:30,2025-10-24 10:45:00+05:30,90.07000274658203,90.54287026100158,89.31341472351075,2025-10-24 15:30:00+05:30,90.37999725341797,EOD,-2.5208532107416772,-1.720853210741677,31.103471755981445,20.919111251831055,11.736659049987793,1.5622894468456268,3.127523552785612,0.0041271302622474335,0.5999527295377063,11.73,90.54287026100158,-0.5041706421483354,-0.34417064214833537,50000.0,5.0,250000.0,-1260.4266053708386,-860.4266053708384
2025-10-24,VIPIND,SHORT,A_MOD_BREAK_C1_LOW,MODERATE,2025-10-24 12:30:00+05:30,2025-10-24 12:45:00+05:30,424.915,427.14580375,421.34571400000004,2025-10-24 15:17:00+05:30,427.14580375,SL,-3.425000000000008,-2.625000000000008,44.20616149902344,27.92966651916504,36.35874557495117,1.270398027018146,1.7228186703276531,0.005736130675731302,0.7315530107299097,11.73,427.14580375,-0.6850000000000016,-0.5250000000000016,50000.0,5.0,250000.0,-1712.5000000000039,-1312.500000000004
2025-10-24,NOCIL,LONG,B_HUGE_GREEN_PULLBACK_HOLD_THEN_BREAK,HUGE,2025-10-24 10:15:00+05:30,2025-10-24 13:00:00+05:30,188.79000549316407,187.79885796432498,190.7723005508423,2025-10-24 13:04:00+05:30,190.7723005508423,TARGET,4.44999999999998,5.249999999999979,51.85725784301758,85.94246673583984,91.76016235351562,1.3797026590376584,4.871368253218377,0.005484290030333785,8.34072058150583,11.73,187.79885796432498,0.8899999999999959,1.0499999999999958,100000.0,5.0,500000.0,4449.999999999979,5249.999999999979
2025-10-24,SURYAROSNI,SHORT,A_MOD_BREAK_C1_LOW,MODERATE,2025-10-24 13:30:00+05:30,2025-10-24 13:45:00+05:30,262.5474861022949,263.92586040433196,260.34208721903565,2025-10-24 13:46:00+05:30,260.34208721903565,TARGET,3.3999999999999475,4.199999999999948,30.211885452270508,26.325111389160156,24.34501075744629,2.471522909408398,2.5469167578621774,0.006345282438669654,0.6631782817840575,11.73,263.92586040433196,0.6799999999999895,0.8399999999999895,50000.0,5.0,250000.0,1699.9999999999736,2099.9999999999736
2025-10-24,CREDITACC,LONG,B_HUGE_GREEN_PULLBACK_HOLD_THEN_BREAK,HUGE,2025-10-24 10:15:00+05:30,2025-10-24 14:00:00+05:30,1410.7821,1403.375493975,1425.5953120499998,2025-10-24 14:45:00+05:30,1425.5953120499998,TARGET,4.449999999999983,5.249999999999982,29.8999080657959,82.17488861083984,93.2713851928711,1.6731764008768728,4.209155454356373,0.007883873974390667,7.534850400006096,11.73,1403.375493975,0.8899999999999966,1.0499999999999965,100000.0,5.0,500000.0,4449.999999999983,5249.999999999982
2025-10-24,UTKARSHBNK,LONG,B_HUGE_GREEN_PULLBACK_HOLD_THEN_BREAK,HUGE,2025-10-24 12:30:00+05:30,2025-10-24 14:00:00+05:30,21.150000381469727,21.03896287946701,21.37207538547516,2025-10-24 14:09:00+05:30,21.37207538547516,TARGET,4.450000000000013,5.250000000000012,38.158294677734375,82.14594268798828,77.89376068115234,1.572064487502562,3.635844630923976,0.01758297740963326,7.280848432759834,11.73,21.03896287946701,0.8900000000000026,1.0500000000000025,100000.0,5.0,500000.0,4450.000000000013,5250.000000000013
2025-10-24,WOCKPHARMA,SHORT,A_MOD_BREAK_C1_LOW,MODERATE,2025-10-24 13:45:00+05:30,2025-10-24 14:00:00+05:30,1326.4346111816405,1333.3983928903442,1315.2925604477148,2025-10-24 14:37:00+05:30,1333.3983928903442,SL,-3.4250000000000194,-2.625000000000019,35.22395706176758,19.739309310913086,6.731019020080566,3.128079625869214,3.2082732079352057,0.003067683036148707,0.7383593559265136,11.73,1333.3983928903442,-0.6850000000000038,-0.5250000000000038,50000.0,5.0,250000.0,-1712.5000000000095,-1312.5000000000093
2025-10-24,REPCOHOME,LONG,B_HUGE_GREEN_PULLBACK_HOLD_THEN_BREAK,HUGE,2025-10-24 12:30:00+05:30,2025-10-24 14:30:00+05:30,418.2836522094727,416.08766303537294,422.6756305576721,2025-10-24 14:59:00+05:30,416.08766303537294,SL,-3.425000000000006,-2.6250000000000058,26.97637367248535,63.97046661376953,58.7122802734375,2.1540352876655673,1.8310153261068427,0.005470035307239439,5.858009098271656,11.73,416.08766303537294,-0.6850000000000012,-0.5250000000000011,100000.0,5.0,500000.0,-3425.000000000006,-2625.000000000006
2025-10-27,BLS,SHORT,A_MOD_BREAK_C1_LOW,MODERATE,2025-10-27 10:00:00+05:30,2025-10-27 10:15:00+05:30,314.0371861022949,315.68588132933195,311.39927373903566,2025-10-27 13:44:00+05:30,315.68588132933195,SL,-3.4249999999999616,-2.6249999999999614,36.032630920410156,19.61404037475586,4.678697109222412,1.2342935733372906,3.080609889442352,0.004793705924108489,0.6164908391401782,11.59,315.68588132933195,-0.6849999999999923,-0.5249999999999923,50000.0,5.0,250000.0,-1712.4999999999807,-1312.4999999999807
2025-10-27,INDIGOPNTS,SHORT,A_MOD_BREAK_C1_LOW,MODERATE,2025-10-27 10:15:00+05:30,2025-10-27 10:30:00+05:30,1020.9957722045898,1026.3560000086638,1012.4194077180713,2025-10-27 13:49:00+05:30,1012.4194077180713,TARGET,3.399999999999981,4.199999999999981,26.326122283935547,30.31717872619629,4.545218467712402,1.0951561349991996,2.6195807176549355,0.0035602603334365128,0.4465441578838932,11.59,1026.3560000086638,0.6799999999999962,0.8399999999999961,50000.0,5.0,250000.0,1699.9999999999905,2099.9999999999905
2025-10-27,FIEMIND,LONG,B_HUGE_GREEN_PULLBACK_HOLD_THEN_BREAK,HUGE,2025-10-27 10:00:00+05:30,2025-10-27 11:15:00+05:30,2080.416,2069.493816,2102.260368,2025-10-27 11:21:00+05:30,2102.260368,TARGET,4.450000000000007,5.250000000000007,30.904062271118164,76.38056945800781,79.94465637207031,1.3840818762021636,3.2913341199753505,0.006672187729673687,7.053916490416041,11.59,2069.493816,0.8900000000000015,1.0500000000000014,100000.0,5.0,500000.0,4450.000000000007,5250.000000000007
2025-10-27,CESC,LONG,B_HUGE_GREEN_PULLBACK_HOLD_THEN_BREAK,HUGE,2025-10-27 11:00:00+05:30,2025-10-27 12:00:00+05:30,181.38999633789064,180.43769885711671,183.29459129943848,2025-10-27 15:04:00+05:30,180.43769885711671,SL,-3.424999999999989,-2.624999999999989,53.61377716064453,74.25933074951172,74.6480941772461,1.587285168276341,2.0913748546410718,0.0063707057130642395,6.172350447460873,11.59,180.43769885711671,-0.6849999999999978,-0.5249999999999978,100000.0,5.0,500000.0,-3424.999999999989,-2624.999999999989
2025-10-27,HAL,SHORT,A_MOD_BREAK_C1_LOW,MODERATE,2025-10-27 12:15:00+05:30,2025-10-27 12:30:00+05:30,4767.0464,4792.0733936,4727.00321024,2025-10-27 15:30:00+05:30,4759.0,EOD,0.043960738456434584,0.8439607384564345,25.07581329345703,32.04551696777344,12.883846282958984,1.4115017358975401,2.0360413960133084,0.003020804362972773,0.4831500031839249,11.59,4792.0733936,0.008792147691286917,0.1687921476912869,50000.0,5.0,250000.0,21.980369228217292,421.9803692282172
2025-10-27,HERITGFOOD,LONG,B_HUGE_GREEN_PULLBACK_HOLD_THEN_BREAK,HUGE,2025-10-27 11:45:00+05:30,2025-10-27 12:45:00+05:30,488.7477238952637,486.18179834481356,493.8795749961639,2025-10-27 12:46:00+05:30,493.8795749961639,TARGET,4.449999999999966,5.249999999999966,32.4333381652832,66.5855484008789,63.55305480957031,2.5332596850518674,1.710344961981085,0.003740768883559722,6.726588928317031,11.59,486.18179834481356,0.8899999999999932,1.0499999999999932,100000.0,5.0,500000.0,4449.999999999966,5249.999999999965
2025-10-27,COHANCE,SHORT,A_MOD_BREAK_C1_LOW,MODERATE,2025-10-27 14:15:00+05:30,2025-10-27 14:30:00+05:30,851.8296,856.3017054000001,844.67423136,2025-10-27 15:30:00+05:30,851.0,EOD,-0.31304814953599414,0.48695185046400574,57.53360366821289,17.95005226135254,2.2914886474609375,3.5284241362421653,3.671816802290071,0.002807693839527778,0.96,11.59,856.3017054000001,-0.06260962990719883,0.09739037009280115,50000.0,5.0,250000.0,-156.5240747679971,243.47592523200285
2025-10-28,KSB,SHORT,A_MOD_BREAK_C1_LOW,MODERATE,2025-10-28 10:00:00+05:30,2025-10-28 10:15:00+05:30,789.842,793.9886705,783.2073272,2025-10-28 11:21:00+05:30,783.2073272,TARGET,3.3999999999999853,4.199999999999985,26.4532527923584,35.16761016845703,28.20484733581543,1.0726193417051513,1.881176724447961,0.005363917682324589,0.43856601290617553,11.86,793.9886705,0.679999999999997,0.839999999999997,50000.0,5.0,250000.0,1699.9999999999925,2099.9999999999927
2025-10-28,BSE,SHORT,A_MOD_BREAK_C1_LOW,MODERATE,2025-10-28 11:00:00+05:30,2025-10-28 11:15:00+05:30,2429.514,2442.2689485,2409.1060824,2025-10-28 14:39:00+05:30,2409.1060824,TARGET,3.400000000000004,4.200000000000005,28.06212615966797,23.37019157409668,2.2590789794921875,2.738072065035348,3.629501995638572,0.00512638602237152,0.6309318923950196,11.86,2442.2689485,0.6800000000000008,0.8400000000000009,50000.0,5.0,250000.0,1700.000000000002,2100.000000000002
2025-10-28,ADANIENSOL,SHORT,A_MOD_BREAK_C1_LOW,MODERATE,2025-10-28 11:15:00+05:30,2025-10-28 11:30:00+05:30,924.3151,929.167754275,916.5508531600001,2025-10-28 15:30:00+05:30,923.0,EOD,-0.08860839772063131,0.7113916022793686,29.813892364501953,26.109027862548828,9.239968299865723,1.7622976483765964,2.4828500018275896,0.005400382262182408,0.6156104739334336,11.86,929.167754275,-0.017721679544126262,0.1422783204558737,50000.0,5.0,250000.0,-44.30419886031565,355.69580113968425
2025-10-28,PGEL,SHORT,A_PULLBACK_C2_THEN_BREAK_C2_LOW,MODERATE,2025-10-28 13:15:00+05:30,2025-10-28 13:45:00+05:30,565.0369944091797,568.0034386298279,560.2906836561426,2025-10-28 15:30:00+05:30,568.0034386298279,SL,-3.425000000000018,-2.6250000000000178,30.053913116455078,31.04276466369629,6.360386848449707,2.3541057811311292,1.6953521801629132,0.0033734206992361336,0.6455763057549719,11.86,568.0034386298279,-0.6850000000000036,-0.5250000000000036,50000.0,5.0,250000.0,-1712.5000000000089,-1312.5000000000089
2025-10-28,REMSONSIND,LONG,B_HUGE_GREEN_PULLBACK_HOLD_THEN_BREAK,HUGE,2025-10-28 12:00:00+05:30,2025-10-28 14:15:00+05:30,142.77999572753907,142.0304007499695,144.27918568267822,2025-10-28 14:16:00+05:30,142.0304007499695,SL,-3.425000000000021,-2.6250000000000213,30.728578567504883,77.04681396484375,78.20731353759766,1.8503629969962223,3.240262141523732,0.020911476196396328,7.152120559858592,11.86,142.0304007499695,-0.6850000000000043,-0.5250000000000042,100000.0,5.0,500000.0,-3425.0000000000214,-2625.0000000000214
2025-10-28,SHANKARA,LONG,B_HUGE_GREEN_PULLBACK_HOLD_THEN_BREAK,HUGE,2025-10-28 13:15:00+05:30,2025-10-28 14:15:00+05:30,139.4999969482422,138.76762196426392,140.96474691619875,2025-10-28 15:30:00+05:30,139.5,EOD,-0.7999890617997565,1.0938200243343341e-05,37.96163558959961,78.75102996826172,93.29248046875,4.794122692315358,5.0215932837072295,0.0053914091282132055,12.412890772539136,11.86,138.76762196426392,-0.1599978123599513,2.187640048668668e-06,100000.0,5.0,500000.0,-799.9890617997565,0.01093820024334334
2025-10-28,SFL,SHORT,A_MOD_BREAK_C1_LOW,MODERATE,2025-10-28 14:00:00+05:30,2025-10-28 14:15:00+05:30,668.4162777954101,671.925463253836,662.8015810619287,2025-10-28 15:30:00+05:30,667.6500244140625,EOD,-0.2268142422601605,0.5731857577398394,48.482025146484375,28.326143264770508,11.296613693237305,2.502003768399381,2.517391979837387,0.0026429252783354493,0.9372303771972657,11.86,671.925463253836,-0.045362848452032103,0.11463715154796787,50000.0,5.0,250000.0,-113.40712113008026,286.5928788699197
2025-10-28,TORNTPOWER,SHORT,A_MOD_BREAK_C1_LOW,MODERATE,2025-10-28 14:00:00+05:30,2025-10-28 14:15:00+05:30,1272.7454,1279.42731335,1262.05433864,2025-10-28 15:17:00+05:30,1279.42731335,SL,-3.4250000000000225,-2.625000000000023,43.604759216308594,17.35755157470703,1.3848309516906738,3.3254321905790207,3.911556804483328,0.004581353387336044,0.8640713882446289,11.86,1279.42731335,-0.6850000000000045,-0.5250000000000046,50000.0,5.0,250000.0,-1712.5000000000114,-1312.5000000000114
2025-10-29,SAMMAANCAP,SHORT,A_MOD_BREAK_C1_LOW,MODERATE,2025-10-29 10:15:00+05:30,2025-10-29 10:30:00+05:30,181.5000030517578,182.45287806777952,179.97540302612305,2025-10-29 10:36:00+05:30,182.45287806777952,SL,-3.4249999999999803,-2.6249999999999805,29.7402400970459,23.906822204589844,4.214053630828857,1.877229395091862,3.7287609040322582,0.0069638414979970266,0.6346187455967642,11.95,182.45287806777952,-0.6849999999999961,-0.5249999999999961,50000.0,5.0,250000.0,-1712.49999999999,-1312.4999999999902
2025-10-29,MOTILALOFS,SHORT,A_MOD_BREAK_C1_LOW,MODERATE,2025-10-29 10:30:00+05:30,2025-10-29 10:45:00+05:30,1004.2991,1009.571670275,995.86298756,2025-10-29 10:59:00+05:30,1009.571670275,SL,-3.4250000000000105,-2.6250000000000107,45.30936813354492,15.390677452087402,6.24630880355835,1.5252168368209984,4.57036433050926,0.011612294470763772,0.8065534684468485,11.95,1009.571670275,-0.685000000000002,-0.5250000000000021,50000.0,5.0,250000.0,-1712.500000000005,-1312.5000000000052
2025-10-29,PATANJALI,LONG,B_HUGE_GREEN_PULLBACK_HOLD_THEN_BREAK,HUGE,2025-10-29 10:15:00+05:30,2025-10-29 11:45:00+05:30,600.8201522094727,597.665846410373,607.1287638076722,2025-10-29 15:30:00+05:30,604.9000244140625,EOD,2.5952524641412222,3.3952524641412225,28.5888729095459,74.02857971191406,81.08992767333984,1.111356410097063,2.730272538942288,0.00368213534503552,5.9875603076208925,11.95,597.665846410373,0.5190504928282444,0.6790504928282445,100000.0,5.0,500000.0,2595.252464141222,3395.2524641412224
2025-10-29,BOSCHLTD,SHORT,A_MOD_BREAK_C1_LOW,MODERATE,2025-10-29 12:30:00+05:30,2025-10-29 12:45:00+05:30,36997.599,37191.836394750004,36686.819168400005,2025-10-29 13:48:00+05:30,37191.836394750004,SL,-3.4250000000000247,-2.625000000000025,63.44129943847656,13.381235122680664,2.363206386566162,2.532033064674118,3.5012050028196957,0.005808456031338646,0.96,11.95,37191.836394750004,-0.6850000000000049,-0.525000000000005,50000.0,5.0,250000.0,-1712.5000000000125,-1312.5000000000125
2025-10-29,AJANTPHARM,LONG,B_HUGE_GREEN_PULLBACK_HOLD_THEN_BREAK,HUGE,2025-10-29 11:00:00+05:30,2025-10-29 13:00:00+05:30,2445.1888911621095,2432.3516494835085,2470.8633745193115,2025-10-29 15:30:00+05:30,2456.89990234375,EOD,1.5947048066447533,2.394704806644753,30.185625076293945,76.92847442626953,92.77299499511719,2.592657294107782,3.7928355855285627,0.0037767825156895447,8.304635840736955,11.95,2432.3516494835085,0.31894096132895067,0.47894096132895064,100000.0,5.0,500000.0,1594.7048066447533,2394.7048066447533
2025-10-29,LUPIN,LONG,B_HUGE_GREEN_PULLBACK_HOLD_THEN_BREAK,HUGE,2025-10-29 11:00:00+05:30,2025-10-29 13:15:00+05:30,1951.4901955810546,1941.244872054254,1971.9808426346556,2025-10-29 15:30:00+05:30,1956.199951171875,EOD,0.4067074693700998,1.2067074693700997,37.50900650024414,78.41329193115234,89.65570831298828,1.8265559410173615,2.9581985495044387,0.004243316045470878,7.337350681959149,11.95,1941.244872054254,0.08134149387401995,0.24134149387401993,100000.0,5.0,500000.0,406.7074693700998,1206.7074693700997
2025-10-29,JKIL,LONG,B_HUGE_GREEN_PULLBACK_HOLD_THEN_BREAK,HUGE,2025-10-29 12:15:00+05:30,2025-10-29 13:15:00+05:30,646.1292,642.7370217,652.9135566,2025-10-29 15:30:00+05:30,652.0,EOD,3.7430542374497477,4.543054237449748,51.68382263183594,79.31682586669922,81.4882583618164,2.1925967400030433,3.0414229552000656,0.006768424053398947,8.381496731216439,11.95,642.7370217,0.7486108474899495,0.9086108474899496,100000.0,5.0,500000.0,3743.0542374497477,4543.054237449748
2025-10-29,RECLTD,LONG,B_HUGE_GREEN_PULLBACK_HOLD_THEN_BREAK,HUGE,2025-10-29 11:15:00+05:30,2025-10-29 14:30:00+05:30,384.17682610473634,382.15989776768646,388.21068277883603,2025-10-29 15:30:00+05:30,388.21068277883603,TARGET,4.449999999999953,5.249999999999952,31.298206329345703,82.1111068725586,89.00965118408203,2.3790848922080947,4.218590114264466,0.005399499662439518,8.997282583277107,11.95,382.15989776768646,0.8899999999999906,1.0499999999999905,100000.0,5.0,500000.0,4449.999999999953,5249.999999999953
2025-10-30,AIIL,SHORT,A_MOD_BREAK_C1_LOW,MODERATE,2025-10-30 10:15:00+05:30,2025-10-30 10:30:00+05:30,589.4820555908203,592.5768363826721,584.5304063238575,2025-10-30 11:33:00+05:30,584.5304063238575,TARGET,3.3999999999999386,4.199999999999938,26.741289138793945,24.210533142089844,4.135931015014648,1.0075360205295354,2.486297906199287,0.004188866534475553,0.4374381406745778,11.97,592.5768363826721,0.6799999999999877,0.8399999999999876,50000.0,5.0,250000.0,1699.9999999999693,2099.999999999969
2025-10-30,UBL,SHORT,A_MOD_BREAK_C1_LOW,MODERATE,2025-10-30 10:45:00+05:30,2025-10-30 11:00:00+05:30,1785.8427111816407,1795.2183854153443,1770.841632407715,2025-10-30 15:30:00+05:30,1793.0,EOD,-2.8038967523695235,-2.0038967523695232,34.0694465637207,14.946659088134766,47.61366271972656,0.7106804659555895,2.7313755439638028,0.007110090458530039,0.4954107799980387,11.97,1795.2183854153443,-0.5607793504739047,-0.40077935047390467,50000.0,5.0,250000.0,-1401.9483761847619,-1001.9483761847616
2025-10-30,VADILALIND,SHORT,A_MOD_BREAK_C1_LOW,MODERATE,2025-10-30 11:30:00+05:30,2025-10-30 11:45:00+05:30,5425.4147,5453.898127175,5379.841216520001,2025-10-30 13:21:00+05:30,5379.841216520001,TARGET,3.399999999999963,4.199999999999963,34.031715393066406,37.92609786987305,26.305221557617188,0.8110244408428149,1.3383966161870635,0.004725051888317743,0.4793248388528419,11.97,5453.898127175,0.6799999999999926,0.8399999999999925,50000.0,5.0,250000.0,1699.9999999999816,2099.9999999999814
2025-10-30,GREAVESCOT,LONG,B_HUGE_GREEN_PULLBACK_HOLD_THEN_BREAK,HUGE,2025-10-30 11:00:00+05:30,2025-10-30 12:00:00+05:30,236.05,234.81073750000002,238.528525,2025-10-30 12:28:00+05:30,234.81073750000002,SL,-3.424999999999989,-2.6249999999999893,31.160215377807617,69.12144470214844,84.30976104736328,1.7555039407239235,2.181393519869451,0.008282239597500308,5.7289444287974725,11.97,234.81073750000002,-0.6849999999999978,-0.5249999999999979,100000.0,5.0,500000.0,-3424.999999999989,-2624.9999999999895
2025-10-30,INDIASHLTR,LONG,B_HUGE_GREEN_PULLBACK_HOLD_THEN_BREAK,HUGE,2025-10-30 11:30:00+05:30,2025-10-30 12:30:00+05:30,880.9761477905273,876.351023014627,890.2263973423278,2025-10-30 13:57:00+05:30,876.351023014627,SL,-3.4250000000000203,-2.62500000000002,28.575551986694336,65.30496978759766,46.571449279785156,0.8439823589490858,1.8031911978729493,0.005050177425338952,4.407766252538239,11.97,876.351023014627,-0.685000000000004,-0.525000000000004,100000.0,5.0,500000.0,-3425.00000000002,-2625.00000000002
2025-10-30,DCMSRIND,SHORT,B_HUGE_RED_FAILED_BOUNCE,HUGE,2025-10-30 11:30:00+05:30,2025-10-30 13:00:00+05:30,171.0500061035156,171.94801863555907,169.61318605224608,2025-10-30 13:23:00+05:30,171.94801863555907,SL,-3.424999999999987,-2.6249999999999867,31.57839584350586,31.643308639526367,40.467384338378906,0.28123824830733674,1.755126765040161,0.008372760738653121,0.4106489693583799,11.97,171.94801863555907,-0.6849999999999974,-0.5249999999999974,50000.0,5.0,250000.0,-1712.4999999999936,-1312.4999999999934
2025-10-30,ASALCBR,LONG,B_HUGE_GREEN_PULLBACK_HOLD_THEN_BREAK,HUGE,2025-10-30 10:15:00+05:30,2025-10-30 13:30:00+05:30,1165.233,1159.11552675,1177.4679465,2025-10-30 13:31:00+05:30,1177.4679465,TARGET,4.44999999999999,5.24999999999999,35.7330207824707,89.73389434814453,88.56689453125,2.6051871834090856,6.1602910795612145,0.011888786498136693,10.945825129003547,11.97,1159.11552675,0.8899999999999981,1.049999999999998,100000.0,5.0,500000.0,4449.99999999999,5249.99999999999
2025-10-30,WELCORP,LONG,B_HUGE_GREEN_PULLBACK_HOLD_THEN_BREAK,HUGE,2025-10-30 11:45:00+05:30,2025-10-30 14:15:00+05:30,926.1852,921.3227277000001,935.9101446,2025-10-30 15:30:00+05:30,928.0,EOD,0.1797176633787667,0.9797176633787665,43.78392028808594,79.35015106201172,66.02005767822266,2.9412167821500104,2.616216100302743,0.006074991565813749,7.958090062279238,11.97,921.3227277000001,0.03594353267575334,0.19594353267575332,100000.0,5.0,500000.0,179.7176633787667,979.7176633787666
2025-10-30,KSCL,SHORT,A_MOD_BREAK_C1_LOW,MODERATE,2025-10-30 14:15:00+05:30,2025-10-30 14:30:00+05:30,1033.7932,1039.2206143,1025.1093371200002,2025-10-30 15:30:00+05:30,1034.0,EOD,-0.9000200040007662,-0.10002000400076637,36.012168884277344,28.80928611755371,13.053675651550293,2.88727509900626,2.413134871661269,0.0031893439400233264,0.7501825332641601,11.97,1039.2206143,-0.18000400080015325,-0.020004000800153274,50000.0,5.0,250000.0,-450.0100020003831,-50.01000200038319
2025-10-31,CHAMBLFERT,SHORT,A_MOD_BREAK_C1_LOW,MODERATE,2025-10-31 10:30:00+05:30,2025-10-31 10:45:00+05:30,477.4045,479.91087362499997,473.3943022,2025-10-31 12:02:00+05:30,479.91087362499997,SL,-3.4249999999999794,-2.6249999999999796,42.91839599609375,20.17053985595703,7.500412940979004,1.3390405748361989,3.450680410899987,0.0032593239545198336,0.7381080405377409,12.07,479.91087362499997,-0.6849999999999958,-0.5249999999999959,50000.0,5.0,250000.0,-1712.4999999999895,-1312.49999999999
2025-10-31,MANYAVAR,SHORT,A_MOD_BREAK_C1_LOW,MODERATE,2025-10-31 10:45:00+05:30,2025-10-31 11:00:00+05:30,658.8682,662.32725805,653.33370712,2025-10-31 11:13:00+05:30,653.33370712,TARGET,3.400000000000012,4.200000000000012,48.40941619873047,19.306406021118164,3.5367677211761475,0.7281987452617336,3.105796387797395,0.0063082668958556855,0.7135760234017603,12.07,662.32725805,0.6800000000000024,0.8400000000000024,50000.0,5.0,250000.0,1700.000000000006,2100.000000000006
2025-10-31,TECHM,SHORT,A_MOD_BREAK_C1_LOW,MODERATE,2025-10-31 10:45:00+05:30,2025-10-31 11:00:00+05:30,1430.4138111816405,1437.923483690344,1418.3983351677148,2025-10-31 15:30:00+05:30,1424.0,EOD,1.4419425523940514,2.2419425523940513,44.04496383666992,35.759979248046875,65.67024993896484,0.5296163008404134,1.1968795250387083,0.0027203874767951245,0.5732012864490565,12.07,1437.923483690344,0.2883885104788103,0.4483885104788103,50000.0,5.0,250000.0,720.9712761970258,1120.9712761970256
2025-10-31,LATENTVIEW,LONG,A_MOD_BREAK_C1_HIGH,MODERATE,2025-10-31 11:00:00+05:30,2025-10-31 11:15:00+05:30,433.33665,431.0616325875,437.886684825,2025-10-31 12:19:00+05:30,437.886684825,TARGET,4.449999999999948,5.249999999999947,36.800865173339844,72.01956176757812,92.44123840332031,1.7813531623475563,3.007950331438068,0.006977903374898791,6.872712697662834,12.07,431.0616325875,0.8899999999999895,1.0499999999999894,100000.0,5.0,500000.0,4449.999999999947,5249.999999999946
2025-10-31,NH,SHORT,A_MOD_BREAK_C1_LOW,MODERATE,2025-10-31 11:15:00+05:30,2025-10-31 11:30:00+05:30,1745.6508,1754.8154667,1730.98733328,2025-10-31 14:45:00+05:30,1754.8154667,SL,-3.424999999999999,-2.6249999999999996,29.661510467529297,25.541587829589844,3.416154384613037,2.23998533646957,2.601478607093608,0.005903999533868887,0.6549226570129394,12.07,1754.8154667,-0.6849999999999998,-0.5249999999999999,50000.0,5.0,250000.0,-1712.4999999999995,-1312.4999999999998
2025-10-31,VISHNU,LONG,B_HUGE_GREEN_PULLBACK_HOLD_THEN_BREAK,HUGE,2025-10-31 11:00:00+05:30,2025-10-31 12:15:00+05:30,513.85275,511.15502306250005,519.248203875,2025-10-31 12:51:00+05:30,519.248203875,TARGET,4.449999999999932,5.249999999999932,27.911970138549805,85.44754028320312,92.25428009033203,1.47153376932368,4.574308843232649,0.0078480433910648,8.113227508663208,12.07,511.15502306250005,0.8899999999999864,1.0499999999999863,100000.0,5.0,500000.0,4449.999999999932,5249.999999999932
2025-10-31,MUFIN,LONG,B_HUGE_GREEN_PULLBACK_HOLD_THEN_BREAK,HUGE,2025-10-31 11:15:00+05:30,2025-10-31 12:15:00+05:30,104.55,104.0011125,105.647775,2025-10-31 12:16:00+05:30,105.647775,TARGET,4.449999999999994,5.249999999999994,31.42470359802246,69.64669036865234,70.0793685913086,2.5074302714764074,2.1619956059234813,0.009572393063478464,6.737392052453833,12.07,104.0011125,0.8899999999999988,1.0499999999999987,100000.0,5.0,500000.0,4449.999999999994,5249.999999999994
2025-10-31,FORTIS,SHORT,A_MOD_BREAK_C1_LOW,MODERATE,2025-10-31 12:15:00+05:30,2025-10-31 12:30:00+05:30,1029.9939111816407,1035.4013792153441,1021.3419623277149,2025-10-31 15:07:00+05:30,1021.3419623277149,TARGET,3.3999999999999964,4.199999999999997,28.607105255126953,27.47964096069336,7.144434928894043,1.3556988240922234,1.8804244291929997,0.0052395741106906505,0.5203750945026934,12.07,1035.4013792153441,0.6799999999999993,0.8399999999999993,50000.0,5.0,250000.0,1699.9999999999982,2099.999999999998
2025-10-31,VRLLOG,LONG,B_HUGE_GREEN_PULLBACK_HOLD_THEN_BREAK,HUGE,2025-10-31 12:45:00+05:30,2025-10-31 14:00:00+05:30,282.8565477905273,281.37155091462705,285.82654154232785,2025-10-31 14:06:00+05:30,285.82654154232785,TARGET,4.449999999999989,5.249999999999988,53.07768249511719,92.15747833251953,85.38448333740234,2.9056869131554843,4.480333887276381,0.007059487174766019,10.585612584806904,12.07,281.37155091462705,0.8899999999999977,1.0499999999999976,100000.0,5.0,500000.0,4449.999999999989,5249.999999999988
2025-11-03,PATANJALI,SHORT,A_MOD_BREAK_C1_LOW,MODERATE,2025-11-03 10:00:00+05:30,2025-11-03 10:15:00+05:30,578.8842,581.92334205,574.02157272,2025-11-03 10:27:00+05:30,574.02157272,TARGET,3.399999999999974,4.1999999999999735,35.653587341308594,11.251279830932617,1.9605388641357422,1.9556566827996698,4.911817668011724,0.007142867449034063,0.7370437296095711,12.15,581.92334205,0.6799999999999948,0.8399999999999948,50000.0,5.0,250000.0,1699.999999999987,2099.999999999987
2025-11-03,ANURAS,SHORT,A_MOD_BREAK_C1_LOW,MODERATE,2025-11-03 10:45:00+05:30,2025-11-03 11:00:00+05:30,1069.786,1075.4023765,1060.7997976000001,2025-11-03 14:57:00+05:30,1075.4023765,SL,-3.424999999999947,-2.6249999999999476,27.83571434020996,30.7833309173584,46.67177963256836,0.8332026196419904,1.6441557877581465,0.005232668723119607,0.40555396292840507,12.15,1075.4023765,-0.6849999999999894,-0.5249999999999895,50000.0,5.0,250000.0,-1712.4999999999736,-1312.4999999999736
2025-11-03,HLEGLAS,LONG,B_HUGE_GREEN_PULLBACK_HOLD_THEN_BREAK,HUGE,2025-11-03 10:30:00+05:30,2025-11-03 11:30:00+05:30,591.2181955810547,588.1143000542542,597.4259866346557,2025-11-03 11:31:00+05:30,597.4259866346557,TARGET,4.449999999999936,5.249999999999936,25.442371368408203,71.25569152832031,86.71429443359375,2.899968834030584,2.841229041369784,0.008337873970235318,7.7651776607147545,12.15,588.1143000542542,0.8899999999999872,1.0499999999999872,100000.0,5.0,500000.0,4449.999999999936,5249.999999999936
2025-11-03,SHARDACROP,SHORT,A_MOD_BREAK_C1_LOW,MODERATE,2025-11-03 11:15:00+05:30,2025-11-03 11:30:00+05:30,835.8328,840.2209222,828.8118044800001,2025-11-03 11:34:00+05:30,828.8118044800001,TARGET,3.3999999999999577,4.199999999999957,28.974376678466797,26.113187789916992,4.790234088897705,1.6450829719007216,3.1360927502296803,0.008969105272737456,0.5825051702596282,12.15,840.2209222,0.6799999999999915,0.8399999999999914,50000.0,5.0,250000.0,1699.9999999999786,2099.9999999999786
2025-11-03,VASCONEQ,LONG,B_HUGE_GREEN_PULLBACK_HOLD_THEN_BREAK,HUGE,2025-11-03 10:30:00+05:30,2025-11-03 12:00:00+05:30,69.18999938964843,68.82675189285278,69.91649438323974,2025-11-03 12:40:00+05:30,69.91649438323974,TARGET,4.449999999999955,5.249999999999955,29.882429122924805,73.5693359375,78.83319091796875,1.3557794944385813,2.3619380680706095,0.010578146027680608,5.400324806523019,12.15,68.82675189285278,0.889999999999991,1.049999999999991,100000.0,5.0,500000.0,4449.9999999999545,5249.9999999999545
2025-11-04,SUPRIYA,LONG,A_MOD_BREAK_C1_HIGH,MODERATE,2025-11-04 10:00:00+05:30,2025-11-04 10:15:00+05:30,817.8635522094727,813.5459142067668,826.4988282148843,2025-11-04 10:21:00+05:30,826.4988282148843,TARGET,4.479166666666607,5.279166666666606,34.329551696777344,80.68354034423828,92.20232391357422,1.7668681505661432,3.9603122854262254,0.008617666693295337,7.539840638561369,12.67,813.5459142067668,0.8958333333333213,1.0558333333333212,100000.0,5.0,500000.0,4479.166666666606,5279.166666666606
2025-11-04,AFFLE,SHORT,A_MOD_BREAK_C1_LOW,MODERATE,2025-11-04 10:15:00+05:30,2025-11-04 10:30:00+05:30,1825.6348,1835.2726303816669,1810.2142713893334,2025-11-04 10:31:00+05:30,1810.2142713893334,TARGET,3.4233333333333373,4.223333333333336,25.695812225341797,20.141172409057617,9.902799606323242,1.378978334857102,4.1086854531514945,0.007600693369087794,0.4867583919801198,12.67,1835.2726303816669,0.6846666666666674,0.8446666666666673,50000.0,5.0,250000.0,1711.6666666666686,2111.6666666666683
2025-11-04,NH,LONG,A_MOD_BREAK_C1_HIGH,MODERATE,2025-11-04 10:15:00+05:30,2025-11-04 10:30:00+05:30,1837.1674088378907,1827.4686958920674,1856.564834729537,2025-11-04 10:31:00+05:30,1856.564834729537,TARGET,4.479166666666588,5.279166666666587,38.00019073486328,80.56820678710938,91.74987030029297,1.90754301049495,3.7281953603330305,0.006856101839207387,7.655963369610364,12.67,1827.4686958920674,0.8958333333333175,1.0558333333333174,100000.0,5.0,500000.0,4479.166666666587,5279.166666666588
2025-11-04,TATAPOWER,SHORT,A_MOD_BREAK_C1_LOW,MODERATE,2025-11-04 10:15:00+05:30,2025-11-04 10:30:00+05:30,400.5698638977051,402.6845389708651,397.1863837806491,2025-11-04 15:30:00+05:30,400.54998779296875,EOD,-0.775190214582123,0.02480978541787697,27.389726638793945,26.479459762573242,7.3209991455078125,1.243908286945529,3.1475770478251586,0.003885585965771119,0.48852984979737674,12.67,402.6845389708651,-0.1550380429164246,0.004961957083575394,50000.0,5.0,250000.0,-387.5951072910615,12.404892708938487
2025-11-04,NTPC,SHORT,A_MOD_BREAK_C1_LOW,MODERATE,2025-11-04 10:30:00+05:30,2025-11-04 10:45:00+05:30,330.68385,332.429585158125,327.890673747,2025-11-04 15:30:00+05:30,330.5,EOD,-0.5220154537332156,0.2779845462667843,42.6363639831543,22.576799392700195,8.562821388244629,1.1959062954097437,3.308933876450951,0.0030103608560706195,0.7088290614440196,12.67,332.429585158125,-0.10440309074664311,0.05559690925335686,50000.0,5.0,250000.0,-261.00772686660775,138.99227313339216
2025-11-04,NATIONALUM,SHORT,A_MOD_BREAK_C1_LOW,MODERATE,2025-11-04 11:00:00+05:30,2025-11-04 11:15:00+05:30,233.5000030517578,234.73268848453523,231.52770635931395,2025-11-04 15:30:00+05:30,233.0,EOD,0.2706703323831866,1.0706703323831865,25.129173278808594,25.177474975585938,13.034743309020996,2.250725194652246,3.3785596822367405,0.004277173676637809,0.5869375991821288,12.67,234.73268848453523,0.05413406647663732,0.2141340664766373,50000.0,5.0,250000.0,135.3351661915933,535.3351661915932
2025-11-04,WIPRO,SHORT,A_MOD_BREAK_C1_LOW,MODERATE,2025-11-04 11:15:00+05:30,2025-11-04 11:30:00+05:30,232.84999389648436,234.07924782259624,230.88318761470538,2025-11-04 15:30:00+05:30,232.3000030517578,EOD,0.3809981944235197,1.1809981944235195,35.32575607299805,33.918701171875,15.930910110473633,1.4375374859321264,1.959597987067915,0.0022843642246468455,0.6394353004864886,12.67,234.07924782259624,0.07619963888470394,0.2361996388847039,50000.0,5.0,250000.0,190.49909721175985,590.4990972117598
2025-11-04,JUBLFOOD,SHORT,A_MOD_BREAK_C1_LOW,MODERATE,2025-11-04 11:30:00+05:30,2025-11-04 11:45:00+05:30,593.7312055908203,596.8656115803352,588.7161560075965,2025-11-04 14:15:00+05:30,588.7161560075965,TARGET,3.4233333333333373,4.223333333333336,31.497194290161133,33.01062774658203,11.025254249572754,1.7342321348918164,1.733135967946446,0.003810005997990554,0.6226053363558071,12.67,596.8656115803352,0.6846666666666674,0.8446666666666673,50000.0,5.0,250000.0,1711.6666666666686,2111.6666666666683
2025-11-04,DYNAMATECH,LONG,B_HUGE_GREEN_PULLBACK_HOLD_THEN_BREAK,HUGE,2025-11-04 10:45:00+05:30,2025-11-04 12:30:00+05:30,8571.714,8526.462493175,8662.217013649999,2025-11-04 12:47:00+05:30,8662.217013649999,TARGET,4.479166666666611,5.27916666666661,62.997676849365234,85.48947143554688,91.20787048339844,1.4687397960412514,5.697091300006715,0.0071816768898630414,9.889130979581045,12.67,8526.462493175,0.8958333333333222,1.055833333333322,100000.0,5.0,500000.0,4479.166666666611,5279.16666666661
2025-11-04,MANORAMA,SHORT,A_MOD_BREAK_C1_LOW,MODERATE,2025-11-04 13:00:00+05:30,2025-11-04 13:15:00+05:30,1348.7302,1355.8503715141667,1337.3379255773332,2025-11-04 14:26:00+05:30,1337.3379255773332,TARGET,3.423333333333378,4.223333333333378,29.55514144897461,21.848987579345703,3.4126009941101074,2.60104353496604,2.750549835186106,0.004267716602186877,0.653327121734619,12.67,1355.8503715141667,0.6846666666666756,0.8446666666666757,50000.0,5.0,250000.0,1711.666666666689,2111.6666666666893
2025-11-04,SINDHUTRAD,LONG,A_MOD_BREAK_C1_HIGH,MODERATE,2025-11-04 13:00:00+05:30,2025-11-04 13:15:00+05:30,24.699999618530274,24.56960420387745,24.96079044783592,2025-11-04 13:16:00+05:30,24.96079044783592,TARGET,4.479166666666583,5.279166666666582,30.004844665527344,80.56121826171875,88.58765411376953,2.2396347918581165,3.464347556641088,0.008507550115390713,7.548488724375618,12.67,24.56960420387745,0.8958333333333166,1.0558333333333165,100000.0,5.0,500000.0,4479.166666666582,5279.166666666582
2025-11-04,ETERNAL,SHORT,A_MOD_BREAK_C1_LOW,MODERATE,2025-11-04 13:45:00+05:30,2025-11-04 14:00:00+05:30,314.2371277954102,315.89603796589677,311.5828715226316,2025-11-04 15:30:00+05:30,313.70001220703125,EOD,0.054634193208103754,0.8546341932081036,33.692626953125,28.245946884155273,2.0472826957702637,3.089041587230253,3.1223560352813085,0.0029080445108567938,0.7153894042968749,12.67,315.89603796589677,0.01092683864162075,0.17092683864162073,50000.0,5.0,250000.0,27.317096604051876,427.3170966040518
2025-11-04,BDL,SHORT,A_MOD_BREAK_C1_LOW,MODERATE,2025-11-04 14:00:00+05:30,2025-11-04 14:15:00+05:30,1485.2029,1493.0435336429168,1472.6578861713333,2025-11-04 15:30:00+05:30,1480.5,EOD,0.7832516890453151,1.583251689045315,35.40205764770508,23.693178176879883,6.352690696716309,3.4834287897858958,3.288088489546176,0.0037419611604404515,0.7410308647155761,12.67,1493.0435336429168,0.156650337809063,0.316650337809063,50000.0,5.0,250000.0,391.62584452265753,791.6258445226574
2025-11-06,ABFRL,SHORT,A_MOD_BREAK_C1_LOW,MODERATE,2025-11-06 10:00:00+05:30,2025-11-06 10:15:00+05:30,79.56000061035157,79.97934811356863,78.88904460520428,2025-11-06 10:39:00+05:30,78.88904460520428,TARGET,3.41666666666661,4.21666666666661,32.17288589477539,13.807371139526367,9.14222526550293,1.0373715562004078,4.25472534277766,0.010459937824166756,0.5241333107567021,12.65,79.97934811356863,0.683333333333322,0.8433333333333219,50000.0,5.0,250000.0,1708.333333333305,2108.333333333305
2025-11-06,ADOR,SHORT,A_MOD_BREAK_C1_LOW,MODERATE,2025-11-06 10:00:00+05:30,2025-11-06 10:15:00+05:30,1062.1875444091797,1067.7861579245032,1053.2297627846624,2025-11-06 10:17:00+05:30,1053.2297627846624,TARGET,3.41666666666663,4.2166666666666295,31.36907196044922,29.577585220336914,31.215389251708984,0.5786136916050767,2.4405007732782678,0.006639975427598905,0.43179347543762664,12.65,1067.7861579245032,0.683333333333326,0.8433333333333259,50000.0,5.0,250000.0,1708.333333333315,2108.333333333315
2025-11-06,BAJAJHIND,SHORT,A_MOD_BREAK_C1_LOW,MODERATE,2025-11-06 10:00:00+05:30,2025-11-06 10:15:00+05:30,21.460000228881835,21.573112313421568,21.279020893618267,2025-11-06 11:23:00+05:30,21.279020893618267,TARGET,3.4166666666666323,4.216666666666632,49.87335205078125,16.0551700592041,5.5284810066223145,1.234456050601551,4.192282437390252,0.004711028261426529,0.8241300896169901,12.65,21.573112313421568,0.6833333333333265,0.8433333333333265,50000.0,5.0,250000.0,1708.333333333316,2108.333333333316
2025-11-06,HINDALCO,SHORT,A_MOD_BREAK_C1_LOW,MODERATE,2025-11-06 10:00:00+05:30,2025-11-06 10:15:00+05:30,778.9441555908203,783.0498404109136,772.3750598786711,2025-11-06 10:29:00+05:30,772.3750598786711,TARGET,3.4166666666666288,4.2166666666666295,48.681209564208984,4.655730247497559,11.559786796569824,1.108687105885741,6.50667930415664,0.008705213790218214,0.7842383869931395,12.65,783.0498404109136,0.6833333333333258,0.8433333333333258,50000.0,5.0,250000.0,1708.3333333333146,2108.3333333333144
2025-11-06,KKCL,SHORT,A_MOD_BREAK_C1_LOW,MODERATE,2025-11-06 10:00:00+05:30,2025-11-06 10:15:00+05:30,513.8972,516.6058664916667,509.5633336133333,2025-11-06 13:55:00+05:30,516.6058664916667,SL,-3.43541666666669,-2.63541666666669,29.513856887817383,32.52064895629883,25.714284896850586,0.7680250335916471,2.1900855600343734,0.004252384608821646,0.437112234195799,12.65,516.6058664916667,-0.6870833333333379,-0.527083333333338,50000.0,5.0,250000.0,-1717.7083333333446,-1317.708333333345
2025-11-06,NETWEB,SHORT,A_MOD_BREAK_C1_LOW,MODERATE,2025-11-06 10:00:00+05:30,2025-11-06 10:15:00+05:30,3424.315,3442.3639936458335,3395.436610166667,2025-11-06 11:09:00+05:30,3395.436610166667,TARGET,3.4166666666666368,4.216666666666637,49.03928756713867,11.836734771728516,4.640668869018555,1.86726029549102,5.135974577853886,0.012397711921605986,0.9223598652180085,12.65,3442.3639936458335,0.6833333333333274,0.8433333333333274,50000.0,5.0,250000.0,1708.3333333333185,2108.3333333333185
2025-11-06,PCBL,SHORT,A_MOD_BREAK_C1_LOW,MODERATE,2025-11-06 10:00:00+05:30,2025-11-06 10:15:00+05:30,350.7798361022949,352.6287381550841,347.8215928178322,2025-11-06 10:22:00+05:30,347.8215928178322,TARGET,3.4166666666666803,4.21666666666668,37.26664352416992,20.51605796813965,9.364971160888672,1.838541328098789,3.7299602802160092,0.0038681444802891765,0.7407443852798368,12.65,352.6287381550841,0.683333333333336,0.843333333333336,50000.0,5.0,250000.0,1708.33333333334,2108.3333333333403
2025-11-06,POKARNA,SHORT,A_MOD_BREAK_C1_LOW,MODERATE,2025-11-06 10:00:00+05:30,2025-11-06 10:15:00+05:30,876.1247277954102,880.7426352148318,868.7360759243356,2025-11-06 10:31:00+05:30,880.7426352148318,SL,-3.435416666666651,-2.6354166666666505,31.007091522216797,19.368635177612305,1.601462960243225,2.2447377241402227,3.7917424767129995,0.005034603216709235,0.6751063728332518,12.65,880.7426352148318,-0.6870833333333302,-0.5270833333333301,50000.0,5.0,250000.0,-1717.7083333333255,-1317.7083333333253
2025-11-06,POWERMECH,SHORT,A_MOD_BREAK_C1_LOW,MODERATE,2025-11-06 10:00:00+05:30,2025-11-06 10:15:00+05:30,2418.916022363281,2431.6657255644877,2398.516497241351,2025-11-06 11:05:00+05:30,2398.516497241351,TARGET,3.416666666666661,4.2166666666666615,30.595712661743164,17.43243980407715,12.605804443359375,1.7182062967118241,3.657123567742026,0.0050005335631620376,0.6196217918507165,12.65,2431.6657255644877,0.6833333333333322,0.8433333333333323,50000.0,5.0,250000.0,1708.3333333333305,2108.3333333333308
2025-11-06,SWANCORP,SHORT,A_MOD_BREAK_C1_LOW,MODERATE,2025-11-06 10:00:00+05:30,2025-11-06 10:15:00+05:30,443.9112,446.25098195,440.16754888,2025-11-06 10:16:00+05:30,440.16754888,TARGET,3.4166666666666456,4.2166666666666455,48.1552734375,14.464495658874512,5.808481693267822,1.6994914562192254,4.431662496678567,0.00612176174626454,0.8797401064008643,12.65,446.25098195,0.6833333333333291,0.843333333333329,50000.0,5.0,250000.0,1708.3333333333228,2108.3333333333226
2025-11-06,ASAHIINDIA,SHORT,A_MOD_BREAK_C1_LOW,MODERATE,2025-11-06 10:15:00+05:30,2025-11-06 10:30:00+05:30,897.07055,901.7988593572917,889.5052550283334,2025-11-06 10:31:00+05:30,889.5052550283334,TARGET,3.416666666666639,4.216666666666638,45.804019927978516,22.760812759399414,21.085941314697266,0.7529381731274031,3.4882389958997724,0.011786985526403813,0.6788244792169733,12.65,901.7988593572917,0.6833333333333278,0.8433333333333277,50000.0,5.0,250000.0,1708.3333333333196,2108.3333333333194
2025-11-06,GRASIM,SHORT,A_MOD_BREAK_C1_LOW,MODERATE,2025-11-06 10:15:00+05:30,2025-11-06 10:30:00+05:30,2729.454,2743.840497125,2706.4356046000003,2025-11-06 10:35:00+05:30,2706.4356046000003,TARGET,3.416666666666651,4.216666666666652,39.708709716796875,9.89178466796875,5.826147556304932,1.703469303022755,5.503506797988404,0.007276034311576997,0.7537377737809352,12.65,2743.840497125,0.6833333333333302,0.8433333333333303,50000.0,5.0,250000.0,1708.3333333333255,2108.3333333333258
2025-11-06,HINDCOPPER,SHORT,A_MOD_BREAK_C1_LOW,MODERATE,2025-11-06 10:15:00+05:30,2025-11-06 10:30:00+05:30,324.98497779541015,326.6979194492068,322.24427114933553,2025-11-06 10:37:00+05:30,322.24427114933553,TARGET,3.416666666666648,4.216666666666648,42.01553726196289,15.69609260559082,18.48329734802246,1.9072454207069545,3.322443080295101,0.00590392509770407,0.8240010075531603,12.65,326.6979194492068,0.6833333333333296,0.8433333333333296,50000.0,5.0,250000.0,1708.333333333324,2108.333333333324
2025-11-06,IONEXCHANG,SHORT,A_MOD_BREAK_C1_LOW,MODERATE,2025-11-06 10:15:00+05:30,2025-11-06 10:30:00+05:30,385.7228277954102,387.7559085335818,382.4698986143356,2025-11-06 12:58:00+05:30,387.7559085335818,SL,-3.4354166666666575,-2.635416666666657,46.644046783447266,15.969413757324219,4.6729278564453125,1.6275577104459529,3.802431414181955,0.006103436411942092,0.8444833010797506,12.65,387.7559085335818,-0.6870833333333315,-0.5270833333333315,50000.0,5.0,250000.0,-1717.7083333333287,-1317.7083333333287
2025-11-06,J&KBANK,SHORT,A_MOD_BREAK_C1_LOW,MODERATE,2025-11-06 10:15:00+05:30,2025-11-06 10:30:00+05:30,103.45,103.99526770833333,102.57757166666667,2025-11-06 10:56:00+05:30,103.99526770833333,SL,-3.4354166666666366,-2.6354166666666363,36.114830017089844,13.636876106262207,3.5648820400238037,2.6325046333812425,4.053458022900763,0.004030368466308151,0.7517224502563475,12.65,103.99526770833333,-0.6870833333333273,-0.5270833333333272,50000.0,5.0,250000.0,-1717.7083333333183,-1317.708333333318
2025-11-06,TARC,SHORT,A_MOD_BREAK_C1_LOW,MODERATE,2025-11-06 10:15:00+05:30,2025-11-06 10:30:00+05:30,153.95,154.76144479166666,152.65168833333334,2025-11-06 10:41:00+05:30,152.65168833333334,TARGET,3.41666666666661,4.21666666666661,25.717161178588867,27.252538681030273,4.1647047996521,1.44827465609113,3.352195464419101,0.006553819427242527,0.49920548249478075,12.65,154.76144479166666,0.683333333333322,0.8433333333333219,50000.0,5.0,250000.0,1708.333333333305,2108.333333333305
2025-11-06,TARSONS,SHORT,A_MOD_BREAK_C1_LOW,MODERATE,2025-11-06 10:15:00+05:30,2025-11-06 10:30:00+05:30,284.4431,285.9423521729167,282.04429652333334,2025-11-06 11:38:00+05:30,282.04429652333334,TARGET,3.416666666666676,4.216666666666676,34.787384033203125,28.107177734375,5.209800720214844,1.340996433574658,2.6716783060010743,0.004205372714828732,0.6164851363736119,12.65,285.9423521729167,0.6833333333333351,0.843333333333335,50000.0,5.0,250000.0,1708.3333333333378,2108.3333333333376
2025-11-06,UNICHEMLAB,SHORT,A_MOD_BREAK_C1_LOW,MODERATE,2025-11-06 10:15:00+05:30,2025-11-06 10:30:00+05:30,462.75743610229495,465.1965534217508,458.8548483911656,2025-11-06 14:55:00+05:30,465.1965534217508,SL,-3.4354166666666974,-2.635416666666697,49.38161087036133,27.75701332092285,13.961858749389648,0.9974596530814912,2.7163521973258864,0.00486068017099733,0.7752796023446809,12.65,465.1965534217508,-0.6870833333333395,-0.5270833333333395,50000.0,5.0,250000.0,-1717.7083333333487,-1317.7083333333487
2025-11-06,CONCORDBIO,SHORT,A_MOD_BREAK_C1_LOW,MODERATE,2025-11-06 10:30:00+05:30,2025-11-06 10:45:00+05:30,1426.3146555908204,1433.8325224213304,1414.2860686620045,2025-11-06 12:43:00+05:30,1414.2860686620045,TARGET,3.4166666666666643,4.216666666666665,27.43954849243164,15.91474723815918,2.507237434387207,2.021052152308325,4.074317135721725,0.003816000835568839,0.6215932273864746,12.65,1433.8325224213304,0.6833333333333329,0.8433333333333329,50000.0,5.0,250000.0,1708.3333333333323,2108.333333333332
2025-11-06,JTLIND,SHORT,A_MOD_BREAK_C1_LOW,MODERATE,2025-11-06 10:30:00+05:30,2025-11-06 10:45:00+05:30,61.92000122070313,62.24637122713725,61.39780921040853,2025-11-06 10:46:00+05:30,61.39780921040853,TARGET,3.4166666666666625,4.2166666666666615,53.716392517089844,6.845207691192627,4.227575302124023,1.899069364674763,5.5353711845805185,0.006963306228965304,0.9423371388180835,12.65,62.24637122713725,0.6833333333333325,0.8433333333333324,50000.0,5.0,250000.0,1708.3333333333312,2108.333333333331
2025-11-06,TATAELXSI,SHORT,A_MOD_BREAK_C1_LOW,MODERATE,2025-11-06 10:30:00+05:30,2025-11-06 10:45:00+05:30,5253.949,5281.641689520833,5209.640696766666,2025-11-06 15:30:00+05:30,5227.5,EOD,1.7170590730895576,2.5170590730895577,41.95249557495117,16.269378662109375,1.9125683307647705,2.15063809038831,4.152443068689509,0.004002990504880954,0.8392874336242675,12.65,5281.641689520833,0.34341181461791154,0.5034118146179115,50000.0,5.0,250000.0,858.5295365447789,1258.529536544779
2025-11-06,MGL,SHORT,A_MOD_BREAK_C1_LOW,MODERATE,2025-11-06 11:00:00+05:30,2025-11-06 11:15:00+05:30,1242.4514111816407,1249.000165494744,1231.9734042806756,2025-11-06 13:41:00+05:30,1231.9734042806756,TARGET,3.416666666666621,4.2166666666666215,42.90137481689453,17.7844295501709,4.645434856414795,2.1217945136582776,3.5906292449350934,0.0035165515547246886,0.853520622253418,12.65,1249.000165494744,0.6833333333333242,0.8433333333333243,50000.0,5.0,250000.0,1708.3333333333107,2108.3333333333107
2025-11-06,LTF,SHORT,A_MOD_BREAK_C1_LOW,MODERATE,2025-11-06 11:30:00+05:30,2025-11-06 11:45:00+05:30,274.2951361022949,275.7409000488341,271.98191378783224,2025-11-06 12:52:00+05:30,275.7409000488341,SL,-3.4354166666666295,-2.63541666666663,33.48234558105469,29.564420700073242,7.445135593414307,2.1321511348379594,2.824102599708388,0.0050360156505575675,0.7122351837158203,12.65,275.7409000488341,-0.6870833333333259,-0.527083333333326,50000.0,5.0,250000.0,-1717.7083333333148,-1317.708333333315
2025-11-06,HITECH,SHORT,B_HUGE_RED_FAILED_BOUNCE,HUGE,2025-11-06 10:00:00+05:30,2025-11-06 12:15:00+05:30,106.36999816894532,106.9306567009608,105.47294451772055,2025-11-06 12:47:00+05:30,105.47294451772055,TARGET,3.416666666666639,4.216666666666638,34.24144744873047,21.304006576538086,4.676916599273682,1.6495998855483909,4.08858026363721,0.009520679421295144,0.7023016917019254,12.65,106.9306567009608,0.6833333333333278,0.8433333333333277,50000.0,5.0,250000.0,1708.3333333333196,2108.3333333333194
2025-11-06,CHEMCON,SHORT,A_MOD_BREAK_C1_LOW,MODERATE,2025-11-06 12:00:00+05:30,2025-11-06 12:15:00+05:30,234.95,236.18838229166664,232.96858833333334,2025-11-06 12:32:00+05:30,232.96858833333334,TARGET,3.416666666666621,4.2166666666666215,33.6929817199707,25.60515785217285,6.680233478546143,1.5354956005822662,2.5291493651600825,0.008282670061639014,0.6341064559014571,12.65,236.18838229166664,0.6833333333333242,0.8433333333333243,50000.0,5.0,250000.0,1708.3333333333107,2108.3333333333107
2025-11-06,TRACXN,SHORT,A_MOD_BREAK_C1_LOW,MODERATE,2025-11-06 12:15:00+05:30,2025-11-06 12:30:00+05:30,49.0499984741211,49.308532841078446,48.63634348698935,2025-11-06 12:31:00+05:30,48.63634348698935,TARGET,3.416666666666619,4.216666666666619,42.414241790771484,26.47245979309082,14.730643272399902,1.0180637709171085,2.5416738712063127,0.012498180451551483,0.6743747867720662,12.65,49.308532841078446,0.6833333333333238,0.8433333333333237,50000.0,5.0,250000.0,1708.3333333333096,2108.3333333333094
2025-11-07,ABREL,SHORT,A_MOD_BREAK_C1_LOW,MODERATE,2025-11-07 10:00:00+05:30,2025-11-07 10:15:00+05:30,1775.3448111816406,1784.6653714403442,1760.431914767715,2025-11-07 10:35:00+05:30,1784.6653714403442,SL,-3.424999999999999,-2.624999999999999,33.20859146118164,20.1589412689209,11.405699729919434,0.9956953883811721,3.2702976422395804,0.004910479776640834,0.5323755648844297,12.41,1784.6653714403442,-0.6849999999999998,-0.5249999999999998,50000.0,5.0,250000.0,-1712.4999999999995,-1312.4999999999993
2025-11-07,SUPREMEIND,SHORT,A_MOD_BREAK_C1_LOW,MODERATE,2025-11-07 10:00:00+05:30,2025-11-07 10:15:00+05:30,3803.2392,3823.2062057999997,3771.2919907200003,2025-11-07 10:48:00+05:30,3771.2919907200003,TARGET,3.3999999999999595,4.19999999999996,27.234079360961914,23.188549041748047,12.955462455749512,0.6687677673667113,2.851486377193959,0.003167712726051499,0.38554554970360316,12.41,3823.2062057999997,0.6799999999999919,0.839999999999992,50000.0,5.0,250000.0,1699.99999999998,2099.99999999998
2025-11-07,SUZLON,SHORT,A_MOD_BREAK_C1_LOW,MODERATE,2025-11-07 12:15:00+05:30,2025-11-07 12:30:00+05:30,57.119998168945315,57.41987815933228,56.64019018432618,2025-11-07 13:31:00+05:30,57.41987815933228,SL,-3.424999999999996,-2.6249999999999956,34.084346771240234,23.670759201049805,13.851201057434082,1.902611049566308,2.992115048018806,0.007786769204590992,0.7042221352427074,12.41,57.41987815933228,-0.6849999999999992,-0.5249999999999991,50000.0,5.0,250000.0,-1712.499999999998,-1312.499999999998
2025-11-10,MEDANTA,SHORT,A_MOD_BREAK_C1_LOW,MODERATE,2025-11-10 10:00:00+05:30,2025-11-10 10:15:00+05:30,1192.7614,1199.02339735,1182.74220424,2025-11-10 10:24:00+05:30,1182.74220424,TARGET,3.400000000000001,4.2,29.74791145324707,14.928071022033691,6.8771281242370605,2.0728085570422725,5.508179051658979,0.007226684167419076,0.656218671798706,12.56,1199.02339735,0.6800000000000002,0.8400000000000001,50000.0,5.0,250000.0,1700.0000000000002,2100.0000000000005
2025-11-10,SHK,SHORT,A_MOD_BREAK_C1_LOW,MODERATE,2025-11-10 10:00:00+05:30,2025-11-10 10:15:00+05:30,192.97999877929686,193.99314377288817,191.35896678955078,2025-11-10 10:17:00+05:30,191.35896678955078,TARGET,3.399999999999981,4.199999999999981,28.41571807861328,10.212966918945312,3.628000497817993,1.56683151803462,6.311653896591325,0.014663554119002,0.5604312868352577,12.56,193.99314377288817,0.6799999999999962,0.8399999999999961,50000.0,5.0,250000.0,1699.9999999999905,2099.9999999999905
2025-11-10,GANECOS,SHORT,A_MOD_BREAK_C1_LOW,MODERATE,2025-11-10 10:30:00+05:30,2025-11-10 10:45:00+05:30,1078.9841111816406,1084.6487777653442,1069.9206446477149,2025-11-10 10:47:00+05:30,1069.9206446477149,TARGET,3.3999999999999853,4.199999999999985,61.98774719238281,10.641676902770996,20.841548919677734,1.5926349691483785,4.119705667415013,0.01295223429991886,0.8887111196009663,12.56,1084.6487777653442,0.679999999999997,0.839999999999997,50000.0,5.0,250000.0,1699.9999999999925,2099.9999999999927
2025-11-10,KAMATHOTEL,SHORT,A_MOD_BREAK_C1_LOW,MODERATE,2025-11-10 10:30:00+05:30,2025-11-10 10:45:00+05:30,230.0500061035156,231.25776863555907,228.11758605224608,2025-11-10 10:46:00+05:30,228.11758605224608,TARGET,3.400000000000001,4.2,43.307865142822266,8.778841972351074,8.27351188659668,1.3856748725285601,5.452975361558167,0.024410913825529852,0.752111079834832,12.56,231.25776863555907,0.6800000000000002,0.8400000000000001,50000.0,5.0,250000.0,1700.0000000000002,2100.0000000000005
2025-11-10,SURYODAY,SHORT,A_MOD_BREAK_C1_LOW,MODERATE,2025-11-10 12:00:00+05:30,2025-11-10 12:15:00+05:30,138.89999694824218,139.62922193222045,137.73323697387696,2025-11-10 12:17:00+05:30,137.73323697387696,TARGET,3.3999999999999506,4.19999999999995,28.494110107421875,27.101524353027344,3.692857027053833,2.197891786768327,2.4265249827597017,0.007004113506070144,0.6374116516113282,12.56,139.62922193222045,0.6799999999999902,0.8399999999999901,50000.0,5.0,250000.0,1699.9999999999754,2099.999999999975
2025-11-10,THERMAX,SHORT,A_PULLBACK_C2_THEN_BREAK_C2_LOW,MODERATE,2025-11-10 12:00:00+05:30,2025-11-10 12:30:00+05:30,3139.5719111816406,3156.0546637153443,3113.199507127715,2025-11-10 15:30:00+05:30,3138.0,EOD,-0.5496615420652964,0.2503384579347035,33.96635818481445,28.280746459960938,9.036494255065918,1.4519561456225483,2.3067423987860756,0.003864371866224049,0.6235876982561628,12.56,3156.0546637153443,-0.10993230841305927,0.0500676915869407,50000.0,5.0,250000.0,-274.8307710326482,125.16922896735176
2025-11-10,CHAMBLFERT,SHORT,A_MOD_BREAK_C1_LOW,MODERATE,2025-11-10 12:15:00+05:30,2025-11-10 12:30:00+05:30,470.20592779541016,472.67450891633604,466.25619800192874,2025-11-10 15:30:00+05:30,469.0,EOD,0.4823400600926381,1.282340060092638,28.764028549194336,27.205493927001953,9.31589126586914,1.3919454720809206,1.9851472369885028,0.005125898193733092,0.5343082477015013,12.56,472.67450891633604,0.09646801201852762,0.2564680120185276,50000.0,5.0,250000.0,241.17003004631903,641.170030046319
2025-11-10,TRENT,SHORT,A_MOD_BREAK_C1_LOW,MODERATE,2025-11-10 12:15:00+05:30,2025-11-10 12:30:00+05:30,4285.1428,4307.6397996999995,4249.14760048,2025-11-10 15:30:00+05:30,4284.0,EOD,-0.6666555522957571,0.13334444770424275,69.6452407836914,10.667664527893066,4.476406097412109,1.457462768135701,2.925785505409906,0.009904723982463927,0.8650559844237475,12.56,4307.6397996999995,-0.13333111045915141,0.026668889540848548,50000.0,5.0,250000.0,-333.3277761478785,66.67222385212138
2025-11-10,ACI,SHORT,A_MOD_BREAK_C1_LOW,MODERATE,2025-11-10 12:30:00+05:30,2025-11-10 12:45:00+05:30,632.7234055908203,636.0452034701722,627.4085289838574,2025-11-10 13:35:00+05:30,636.0452034701722,SL,-3.425000000000021,-2.6250000000000213,26.9460391998291,31.531631469726562,46.40452194213867,1.112269629201969,1.7059921452735545,0.0049605472824043794,0.4441373803714588,12.56,636.0452034701722,-0.6850000000000043,-0.5250000000000042,50000.0,5.0,250000.0,-1712.5000000000107,-1312.5000000000107
2025-11-10,ARVINDFASN,SHORT,A_MOD_BREAK_C1_LOW,MODERATE,2025-11-10 13:00:00+05:30,2025-11-10 13:15:00+05:30,504.94897779541014,507.59995992883603,500.7074063819287,2025-11-10 15:30:00+05:30,501.0,EOD,3.1102740762554317,3.9102740762554316,29.226791381835938,32.1953125,8.440360069274902,1.7370624222837747,2.1846738805273587,0.004681880439912925,0.6023877946271996,12.56,507.59995992883603,0.6220548152510863,0.7820548152510863,50000.0,5.0,250000.0,1555.1370381277156,1955.1370381277159
2025-11-10,SUNCLAY,SHORT,A_MOD_BREAK_C1_LOW,MODERATE,2025-11-10 13:15:00+05:30,2025-11-10 13:30:00+05:30,1414.717,1422.14426425,1402.8333772,2025-11-10 14:01:00+05:30,1422.14426425,SL,-3.4250000000000025,-2.625000000000002,51.79761505126953,18.88002586364746,4.196963787078857,3.5280793680237403,4.469095380793664,0.005734482755088133,0.96,12.56,1422.14426425,-0.6850000000000005,-0.5250000000000005,50000.0,5.0,250000.0,-1712.5000000000014,-1312.5000000000011
2025-11-11,UTIAMC,SHORT,A_MOD_BREAK_C1_LOW,MODERATE,2025-11-11 10:30:00+05:30,2025-11-11 10:45:00+05:30,1178.1643444091796,1184.3497072173277,1168.2677639161425,2025-11-11 15:30:00+05:30,1173.4000244140625,EOD,1.2219250470978806,2.0219250470978807,25.850339889526367,21.74864959716797,5.062276363372803,1.514751781422643,3.4017334825158634,0.003968261479320316,0.5128366600918581,12.3,1184.3497072173277,0.24438500941957614,0.4043850094195761,50000.0,5.0,250000.0,610.9625235489403,1010.9625235489403
2025-11-11,AVANTIFEED,LONG,B_HUGE_GREEN_PULLBACK_HOLD_THEN_BREAK,HUGE,2025-11-11 10:15:00+05:30,2025-11-11 11:15:00+05:30,722.4444477905273,718.6516144396271,730.0301144923278,2025-11-11 11:51:00+05:30,730.0301144923278,TARGET,4.44999999999998,5.249999999999979,31.057825088500977,82.64611053466797,82.91351318359375,1.5183910480850789,4.1836509899164165,0.006329363584518433,7.912603102003392,12.3,718.6516144396271,0.8899999999999959,1.0499999999999958,100000.0,5.0,500000.0,4449.999999999979,5249.999999999979
2025-11-11,ORIENTCEM,SHORT,A_MOD_BREAK_C1_LOW,MODERATE,2025-11-11 11:15:00+05:30,2025-11-11 11:30:00+05:30,192.0500061035156,193.05826863555907,190.43678605224608,2025-11-11 15:30:00+05:30,191.17999267578125,EOD,1.465070034065564,2.265070034065564,49.1408805847168,15.265877723693848,5.355248928070068,2.027572247548162,3.5233905319664687,0.005629203990573244,0.9471132087707519,12.3,193.05826863555907,0.2930140068131128,0.45301400681311277,50000.0,5.0,250000.0,732.535017032782,1132.535017032782
2025-11-11,BAJAJCON,SHORT,A_MOD_BREAK_C1_LOW,MODERATE,2025-11-11 12:30:00+05:30,2025-11-11 12:45:00+05:30,284.34311389770505,285.835915245668,281.9546317409643,2025-11-11 12:56:00+05:30,281.9546317409643,TARGET,3.400000000000023,4.200000000000023,48.32835006713867,21.174251556396484,7.926153182983398,1.8774418886671973,1.9841173232348457,0.013603047134805877,0.9126834476855819,12.3,285.835915245668,0.6800000000000046,0.8400000000000046,50000.0,5.0,250000.0,1700.0000000000114,2100.0000000000114
2025-11-11,DEVYANI,SHORT,A_MOD_BREAK_C1_LOW,MODERATE,2025-11-11 13:15:00+05:30,2025-11-11 13:30:00+05:30,142.59999389648436,143.3486438644409,141.4021539477539,2025-11-11 13:57:00+05:30,141.4021539477539,TARGET,3.3999999999999755,4.199999999999974,38.68228530883789,19.68074607849121,3.88944149017334,4.171128066938785,3.948264251487869,0.004142548989614255,0.7902342796325683,12.3,143.3486438644409,0.679999999999995,0.839999999999995,50000.0,5.0,250000.0,1699.9999999999875,2099.9999999999873
2025-11-11,AWFIS,LONG,B_HUGE_GREEN_PULLBACK_HOLD_THEN_BREAK,HUGE,2025-11-11 11:45:00+05:30,2025-11-11 13:45:00+05:30,628.7256955810547,625.4248856792541,635.3273153846557,2025-11-11 13:48:00+05:30,635.3273153846557,TARGET,4.44999999999995,5.24999999999995,56.826263427734375,78.40007781982422,80.32754516601562,1.7935032837080356,3.0848310807561905,0.00818388207392389,7.457112414673737,12.3,625.4248856792541,0.8899999999999901,1.04999999999999,100000.0,5.0,500000.0,4449.999999999951,5249.99999999995
2025-11-12,GREAVESCOT,LONG,B_HUGE_GREEN_PULLBACK_HOLD_THEN_BREAK,HUGE,2025-11-12 11:15:00+05:30,2025-11-12 12:30:00+05:30,214.7100036621094,213.58277614288332,216.96445870056152,2025-11-12 12:31:00+05:30,216.96445870056152,TARGET,4.449999999999971,5.24999999999997,33.100467681884766,80.64906311035156,84.17376708984375,2.004492722174056,4.045466059782263,0.00877707051083298,8.398366439874131,12.49,213.58277614288332,0.8899999999999941,1.049999999999994,100000.0,5.0,500000.0,4449.999999999971,5249.99999999997
2025-11-12,TITAN,LONG,B_HUGE_GREEN_PULLBACK_HOLD_THEN_BREAK,HUGE,2025-11-12 11:15:00+05:30,2025-11-12 12:45:00+05:30,3870.5740088378907,3850.253495291492,3911.2150359306884,2025-11-12 15:20:00+05:30,3850.253495291492,SL,-3.424999999999959,-2.6249999999999596,38.87248229980469,77.67375183105469,92.07294464111328,1.660619517162865,3.5515421329810164,0.0033602626315371188,7.446216659450954,12.49,3850.253495291492,-0.6849999999999918,-0.5249999999999919,100000.0,5.0,500000.0,-3424.9999999999595,-2624.9999999999595
2025-11-12,GNFC,LONG,B_HUGE_GREEN_PULLBACK_HOLD_THEN_BREAK,HUGE,2025-11-12 12:15:00+05:30,2025-11-12 13:15:00+05:30,518.0036044189453,515.2840854957459,523.4426422653443,2025-11-12 13:31:00+05:30,515.2840854957459,SL,-3.4249999999999545,-2.624999999999955,36.603153228759766,77.42817687988281,80.98185729980469,1.7254076350070515,3.020399908915081,0.008054758716781785,6.677679297880761,12.49,515.2840854957459,-0.684999999999991,-0.524999999999991,100000.0,5.0,500000.0,-3424.9999999999545,-2624.999999999955
2025-11-13,HONASA,LONG,A_MOD_BREAK_C1_HIGH,MODERATE,2025-11-13 11:30:00+05:30,2025-11-13 11:45:00+05:30,300.06,298.484685,303.21063,2025-11-13 11:56:00+05:30,298.484685,SL,-3.424999999999981,-2.624999999999982,51.14640808105469,71.18914031982422,60.143577575683594,0.4109050484852691,2.0063805430968156,0.016267324627970974,4.358374818831651,12.11,298.484685,-0.6849999999999963,-0.5249999999999964,100000.0,5.0,500000.0,-3424.9999999999814,-2624.999999999982
2025-11-13,DEVYANI,SHORT,A_MOD_BREAK_C1_LOW,MODERATE,2025-11-13 11:45:00+05:30,2025-11-13 12:00:00+05:30,140.59999389648436,141.3381438644409,139.4189539477539,2025-11-13 13:17:00+05:30,139.4189539477539,TARGET,3.400000000000013,4.200000000000013,27.49830436706543,24.057493209838867,2.676175355911255,1.9501711316866135,2.5492245537099936,0.004667861713131295,0.6137545135511389,12.11,141.3381438644409,0.6800000000000026,0.8400000000000025,50000.0,5.0,250000.0,1700.0000000000064,2100.0000000000064
2025-11-13,ROHLTD,SHORT,A_MOD_BREAK_C1_LOW,MODERATE,2025-11-13 11:45:00+05:30,2025-11-13 12:00:00+05:30,429.96397779541013,432.221288678836,426.3522803819287,2025-11-13 12:18:00+05:30,426.3522803819287,TARGET,3.3999999999999577,4.199999999999957,38.419742584228516,28.403240203857422,14.691975593566895,1.1795955831541423,2.3637409609689763,0.00905699906935548,0.6427253658154026,12.11,432.221288678836,0.6799999999999915,0.8399999999999914,50000.0,5.0,250000.0,1699.9999999999786,2099.9999999999786
2025-11-13,HCG,SHORT,A_MOD_BREAK_C1_LOW,MODERATE,2025-11-13 13:45:00+05:30,2025-11-13 14:00:00+05:30,729.10415,732.9319467875,722.97967514,2025-11-13 14:01:00+05:30,722.97967514,TARGET,3.3999999999999755,4.199999999999975,29.816286087036133,31.078651428222656,20.52222442626953,2.5183470822344414,2.8782593819336793,0.0031232703664000184,0.6572442913055419,12.11,732.9319467875,0.679999999999995,0.8399999999999951,50000.0,5.0,250000.0,1699.9999999999875,2099.9999999999877
2025-11-14,AGARIND,SHORT,A_MOD_BREAK_C1_LOW,MODERATE,2025-11-14 10:00:00+05:30,2025-11-14 10:15:00+05:30,811.6376277954101,815.898725341336,804.8198717219287,2025-11-14 10:40:00+05:30,815.898725341336,SL,-3.424999999999967,-2.624999999999967,35.44210433959961,30.51502227783203,9.42434310913086,0.5470352481127738,2.5258024825451932,0.010285786475367036,0.48736273351372955,12.16,815.898725341336,-0.6849999999999934,-0.5249999999999935,50000.0,5.0,250000.0,-1712.4999999999836,-1312.4999999999836
2025-11-14,ESCORTS,SHORT,A_MOD_BREAK_C1_LOW,MODERATE,2025-11-14 10:00:00+05:30,2025-11-14 10:15:00+05:30,3549.3900776367186,3568.024375544311,3519.5752009845705,2025-11-14 11:17:00+05:30,3568.024375544311,SL,-3.424999999999969,-2.62499999999997,25.744916915893555,29.184419631958008,6.531142711639404,1.1184393496640508,3.141901954047855,0.004053298585543002,0.4419006399296122,12.16,3568.024375544311,-0.6849999999999938,-0.5249999999999939,50000.0,5.0,250000.0,-1712.4999999999845,-1312.4999999999848
2025-11-14,JASH,SHORT,A_MOD_BREAK_C1_LOW,MODERATE,2025-11-14 10:15:00+05:30,2025-11-14 10:30:00+05:30,476.5546638977051,479.056575883168,472.5516047209644,2025-11-14 10:37:00+05:30,479.056575883168,SL,-3.4249999999999723,-2.6249999999999725,42.37474822998047,25.1285400390625,13.401082992553711,0.7719783869370693,2.2160520587482244,0.007403086982221147,0.6307174411636942,12.16,479.056575883168,-0.6849999999999945,-0.5249999999999945,50000.0,5.0,250000.0,-1712.4999999999861,-1312.4999999999861
2025-11-14,BBL,SHORT,A_MOD_BREAK_C1_LOW,MODERATE,2025-11-14 10:30:00+05:30,2025-11-14 10:45:00+05:30,2918.4162,2933.73788505,2893.9015039200003,2025-11-14 11:11:00+05:30,2933.73788505,SL,-3.424999999999968,-2.624999999999968,44.698638916015625,31.58477210998535,0.0,1.4574551994768636,2.3133095103755252,0.0033352921457476875,0.7855342436486854,12.16,2933.73788505,-0.6849999999999936,-0.5249999999999936,50000.0,5.0,250000.0,-1712.499999999984,-1312.499999999984
2025-11-14,MIDHANI,SHORT,A_MOD_BREAK_C1_LOW,MODERATE,2025-11-14 13:30:00+05:30,2025-11-14 13:45:00+05:30,362.4275,364.330244375,359.38310900000005,2025-11-14 15:05:00+05:30,364.330244375,SL,-3.424999999999996,-2.6249999999999964,34.780311584472656,24.87662696838379,4.580520153045654,2.7125962023785126,3.125215599900566,0.0073002829696192885,0.7317046737670898,12.16,364.330244375,-0.6849999999999992,-0.5249999999999992,50000.0,5.0,250000.0,-1712.499999999998,-1312.4999999999982
2025-11-14,HDFCAMC,SHORT,A_MOD_BREAK_C1_LOW,MODERATE,2025-11-14 14:00:00+05:30,2025-11-14 14:15:00+05:30,2693.4612,2707.6018713000003,2670.83612592,2025-11-14 15:11:00+05:30,2707.6018713000003,SL,-3.4250000000000225,-2.625000000000022,38.41722869873047,25.54506492614746,11.762530326843262,2.255169919501231,2.59916875640372,0.003113077726845218,0.786258430480957,12.16,2707.6018713000003,-0.6850000000000045,-0.5250000000000045,50000.0,5.0,250000.0,-1712.5000000000114,-1312.5000000000111
2025-11-14,PCBL,SHORT,A_MOD_BREAK_C1_LOW,MODERATE,2025-11-14 14:15:00+05:30,2025-11-14 14:30:00+05:30,343.0313861022949,344.83230087933197,340.1499224590356,2025-11-14 14:58:00+05:30,340.1499224590356,TARGET,3.4000000000000052,4.200000000000005,25.03952407836914,28.116769790649414,6.696982383728027,2.8171204718323195,2.5346222270698497,0.0033800458148037986,0.585592861175537,12.16,344.83230087933197,0.680000000000001,0.840000000000001,50000.0,5.0,250000.0,1700.0000000000027,2100.0000000000023
2025-11-17,SAKSOFT,LONG,B_HUGE_GREEN_PULLBACK_HOLD_THEN_BREAK,HUGE,2025-11-17 10:00:00+05:30,2025-11-17 11:00:00+05:30,212.79000549316407,211.67285796432498,215.0243005508423,2025-11-17 11:12:00+05:30,215.0243005508423,TARGET,4.450000000000004,5.2500000000000036,32.111507415771484,88.05748748779297,89.92807006835938,1.6584133598086166,5.3467810972297665,0.008281671775961822,9.102230305916457,11.94,211.67285796432498,0.8900000000000008,1.0500000000000007,100000.0,5.0,500000.0,4450.000000000005,5250.000000000004
2025-11-17,EMAMILTD,SHORT,A_MOD_BREAK_C1_LOW,MODERATE,2025-11-17 11:00:00+05:30,2025-11-17 11:15:00+05:30,518.9461777954101,521.670645228836,514.5870299019286,2025-11-17 13:36:00+05:30,521.670645228836,SL,-3.4249999999999425,-2.6249999999999423,43.25676345825195,50.4212760925293,41.21563720703125,0.38165200993415027,0.012726456056295852,0.0054955737316441985,0.4762768764150704,11.94,521.670645228836,-0.6849999999999885,-0.5249999999999885,50000.0,5.0,250000.0,-1712.4999999999711,-1312.4999999999714
2025-11-17,GABRIEL,SHORT,A_MOD_BREAK_C1_LOW,MODERATE,2025-11-17 11:30:00+05:30,2025-11-17 11:45:00+05:30,1046.2907,1051.783726175,1037.50185812,2025-11-17 11:46:00+05:30,1037.50185812,TARGET,3.4000000000000306,4.20000000000003,79.58643341064453,8.943312644958496,3.152998208999634,2.0987011875767467,4.4656661920538685,0.013505782101161422,0.96,11.94,1051.783726175,0.6800000000000062,0.8400000000000061,50000.0,5.0,250000.0,1700.0000000000152,2100.000000000015
2025-11-17,LICI,LONG,A_MOD_BREAK_C1_HIGH,MODERATE,2025-11-17 11:30:00+05:30,2025-11-17 11:45:00+05:30,915.4830477905274,910.6767617896271,925.0956197923279,2025-11-17 15:30:00+05:30,916.0,EOD,-0.5176615062833524,0.28233849371664754,32.44475173950195,66.25106048583984,82.44324493408203,0.8888077428252437,1.8678420592637681,0.002841527084183823,4.307436719318885,11.94,910.6767617896271,-0.10353230125667047,0.056467698743329506,100000.0,5.0,500000.0,-517.6615062833523,282.3384937166475
2025-11-17,FINEORG,LONG,B_HUGE_GREEN_PULLBACK_HOLD_THEN_BREAK,HUGE,2025-11-17 10:45:00+05:30,2025-11-17 13:15:00+05:30,4607.9214,4583.72981265,4656.3045747,2025-11-17 15:20:00+05:30,4583.72981265,SL,-3.4250000000000203,-2.6250000000000204,39.419612884521484,77.70844268798828,87.34637451171875,1.592076600548444,3.779424861954994,0.0053556606164495,7.433842601237753,11.94,4583.72981265,-0.685000000000004,-0.5250000000000041,100000.0,5.0,500000.0,-3425.00000000002,-2625.0000000000205
2025-11-17,ISGEC,LONG,B_HUGE_GREEN_PULLBACK_HOLD_THEN_BREAK,HUGE,2025-11-17 12:30:00+05:30,2025-11-17 13:30:00+05:30,893.6787,888.986886825,903.06232635,2025-11-17 15:30:00+05:30,891.0,EOD,-2.298692986640528,-1.498692986640528,36.75071334838867,66.10250091552734,47.01983642578125,1.915612749931884,1.8587675656051863,0.005098330074720167,5.693763878769597,11.94,888.986886825,-0.45973859732810557,-0.2997385973281056,100000.0,5.0,500000.0,-2298.6929866405276,-1498.692986640528
2025-11-18,CEMPRO,SHORT,A_MOD_BREAK_C1_LOW,MODERATE,2025-11-18 10:00:00+05:30,2025-11-18 10:15:00+05:30,808.9881944091796,813.2353824298278,802.1926935761426,2025-11-18 10:48:00+05:30,802.1926935761426,TARGET,3.3999999999999755,4.199999999999974,25.405763626098633,28.523448944091797,3.7634780406951904,1.4468472097684844,3.431560781921236,0.00755964822701445,0.4942847161009642,11.79,813.2353824298278,0.679999999999995,0.839999999999995,50000.0,5.0,250000.0,1699.9999999999875,2099.9999999999873
2025-11-18,DBREALTY,SHORT,A_MOD_BREAK_C1_LOW,MODERATE,2025-11-18 10:00:00+05:30,2025-11-18 10:15:00+05:30,137.95,138.67423749999998,136.79121999999998,2025-11-18 10:19:00+05:30,136.79121999999998,TARGET,3.400000000000026,4.200000000000027,41.13581848144531,15.53936767578125,1.713304042816162,1.3860493853646807,4.628938820234896,0.006941003643948099,0.7195959196604989,11.79,138.67423749999998,0.6800000000000053,0.8400000000000053,50000.0,5.0,250000.0,1700.0000000000132,2100.000000000013
2025-11-18,HIRECT,SHORT,A_MOD_BREAK_C1_LOW,MODERATE,2025-11-18 10:00:00+05:30,2025-11-18 10:15:00+05:30,1522.7953555908202,1530.790031207672,1510.0038746038574,2025-11-18 15:05:00+05:30,1530.790031207672,SL,-3.4249999999999767,-2.6249999999999774,26.234731674194336,24.647703170776367,6.871406078338623,1.132453626595768,3.1984632684452503,0.004429709411101685,0.45170035976717443,11.79,1530.790031207672,-0.6849999999999954,-0.5249999999999955,50000.0,5.0,250000.0,-1712.4999999999886,-1312.4999999999886
2025-11-18,IGL,SHORT,A_MOD_BREAK_C1_LOW,MODERATE,2025-11-18 10:00:00+05:30,2025-11-18 10:15:00+05:30,209.5500061035156,210.65014363555906,207.7897860522461,2025-11-18 15:30:00+05:30,208.35000610351562,EOD,2.0632783704315445,2.8632783704315443,25.7987060546875,31.379236221313477,18.73200035095215,1.0891626458587829,1.8919421451976568,0.004104102347915959,0.4321811611054823,11.79,210.65014363555906,0.41265567408630893,0.5726556740863089,50000.0,5.0,250000.0,1031.6391852157724,1431.6391852157724
2025-11-18,GOKULAGRO,LONG,A_MOD_BREAK_C1_HIGH,MODERATE,2025-11-18 10:15:00+05:30,2025-11-18 10:30:00+05:30,214.9499938964844,213.82150642852784,217.20696883239745,2025-11-18 10:32:00+05:30,217.20696883239745,TARGET,4.449999999999949,5.2499999999999485,35.265201568603516,81.5151138305664,82.57217407226562,1.2913714861761219,3.6013920256893446,0.014464930972228176,6.93366406704876,11.79,213.82150642852784,0.8899999999999897,1.0499999999999896,100000.0,5.0,500000.0,4449.999999999949,5249.999999999948
2025-11-18,NATIONALUM,SHORT,A_MOD_BREAK_C1_LOW,MODERATE,2025-11-18 10:15:00+05:30,2025-11-18 10:30:00+05:30,255.52888583068847,256.8704124812996,253.3824431897107,2025-11-18 11:17:00+05:30,256.8704124812996,SL,-3.4250000000000016,-2.6250000000000013,32.00758361816406,27.535791397094727,17.734651565551758,1.0926474268129682,3.1086283474987684,0.0056526183543560305,0.5313270539647303,11.79,256.8704124812996,-0.6850000000000003,-0.5250000000000002,50000.0,5.0,250000.0,-1712.5000000000007,-1312.5000000000005
2025-11-18,SAMHI,LONG,A_MOD_BREAK_C1_HIGH,MODERATE,2025-11-18 11:00:00+05:30,2025-11-18 11:15:00+05:30,186.71999816894532,185.73971817855838,188.68055814971925,2025-11-18 11:44:00+05:30,188.68055814971925,TARGET,4.44999999999999,5.24999999999999,30.2850284576416,62.567264556884766,72.53961181640625,1.0290981031912059,1.2949173713884559,0.006564490343486698,3.8216242497243917,11.79,185.73971817855838,0.8899999999999981,1.049999999999998,100000.0,5.0,500000.0,4449.99999999999,5249.99999999999
2025-11-18,SENCO,SHORT,A_MOD_BREAK_C1_LOW,MODERATE,2025-11-18 11:30:00+05:30,2025-11-18 11:45:00+05:30,323.0353861022949,324.731321879332,320.32188885903565,2025-11-18 15:30:00+05:30,321.54998779296875,EOD,1.499126308186859,2.299126308186859,28.620180130004883,20.193374633789062,7.724151134490967,1.5860782149646233,2.856257872450792,0.004903256211610627,0.5668663895688824,11.79,324.731321879332,0.29982526163737183,0.4598252616373718,50000.0,5.0,250000.0,749.5631540934296,1149.5631540934296
2025-11-19,FINPIPE,SHORT,A_MOD_BREAK_C1_LOW,MODERATE,2025-11-19 10:30:00+05:30,2025-11-19 10:45:00+05:30,181.2,182.1513,179.67792,2025-11-19 15:01:00+05:30,182.1513,SL,-3.425000000000009,-2.6250000000000098,43.73249053955078,11.50696086883545,8.105711936950684,2.272478146491702,4.735869993088356,0.0031921146655904836,0.8659873580932615,12.1,182.1513,-0.6850000000000018,-0.5250000000000019,50000.0,5.0,250000.0,-1712.5000000000045,-1312.5000000000048
2025-11-19,COHANCE,SHORT,A_MOD_BREAK_C1_LOW,MODERATE,2025-11-19 10:45:00+05:30,2025-11-19 11:00:00+05:30,575.9847555908203,579.0086755576722,571.1464836438574,2025-11-19 11:14:00+05:30,579.0086755576722,SL,-3.425000000000037,-2.6250000000000373,26.74416160583496,15.272950172424316,2.5957651138305664,2.0118784205403837,4.2109928299817145,0.007175064874316674,0.6111624240875244,12.1,579.0086755576722,-0.6850000000000074,-0.5250000000000075,50000.0,5.0,250000.0,-1712.5000000000184,-1312.5000000000186
2025-11-19,INTELLECT,LONG,B_HUGE_GREEN_PULLBACK_HOLD_THEN_BREAK,HUGE,2025-11-19 10:15:00+05:30,2025-11-19 11:30:00+05:30,1165.1330044189453,1159.016056145746,1177.3669009653443,2025-11-19 11:35:00+05:30,1159.016056145746,SL,-3.4249999999999483,-2.624999999999948,25.298690795898438,65.57280731201172,49.463924407958984,1.73357239077779,2.3123308896417365,0.012977882343850961,5.801996826008065,12.1,1159.016056145746,-0.6849999999999896,-0.5249999999999896,100000.0,5.0,500000.0,-3424.999999999948,-2624.999999999948
2025-11-19,ORIENTCEM,SHORT,A_MOD_BREAK_C1_LOW,MODERATE,2025-11-19 11:15:00+05:30,2025-11-19 11:30:00+05:30,180.7500030517578,181.69894056777952,179.23170302612303,2025-11-19 15:09:00+05:30,181.69894056777952,SL,-3.4249999999999625,-2.6249999999999627,28.585798263549805,22.77549934387207,20.18454933166504,1.7387783199274711,2.487398471610341,0.004081063035529263,0.5930731799405544,12.1,181.69894056777952,-0.6849999999999925,-0.5249999999999926,50000.0,5.0,250000.0,-1712.4999999999811,-1312.4999999999814
2025-11-19,LTTS,LONG,B_HUGE_GREEN_PULLBACK_HOLD_THEN_BREAK,HUGE,2025-11-19 10:45:00+05:30,2025-11-19 11:45:00+05:30,4347.769282324219,4324.943493592016,4393.420859788623,2025-11-19 12:07:00+05:30,4393.420859788623,TARGET,4.449999999999966,5.249999999999966,30.584674835205078,87.02855682373047,93.07131958007812,2.1553494715602755,6.225383869258605,0.005605221264408913,10.425989919531169,12.1,4324.943493592016,0.8899999999999932,1.0499999999999932,100000.0,5.0,500000.0,4449.999999999966,5249.999999999965
2025-11-19,LINDEINDIA,LONG,B_HUGE_GREEN_PULLBACK_HOLD_THEN_BREAK,HUGE,2025-11-19 11:15:00+05:30,2025-11-19 12:30:00+05:30,5976.195,5944.81997625,6038.945047499999,2025-11-19 12:33:00+05:30,6038.945047499999,TARGET,4.449999999999976,5.249999999999976,30.460803985595703,78.89395141601562,94.21635437011719,2.5934639312792296,4.124779312846624,0.005542238854578108,8.622027241176633,12.1,5944.81997625,0.8899999999999952,1.0499999999999952,100000.0,5.0,500000.0,4449.999999999976,5249.999999999976
2025-11-19,BODALCHEM,SHORT,A_MOD_BREAK_C1_LOW,MODERATE,2025-11-19 12:45:00+05:30,2025-11-19 13:00:00+05:30,55.85000152587891,56.14321403388977,55.380861513061525,2025-11-19 14:44:00+05:30,55.380861513061525,TARGET,3.400000000000011,4.20000000000001,53.1634407043457,37.317928314208984,55.82345199584961,0.37107342276748934,0.9093947507833817,0.004600058708974092,0.6204075865234797,12.1,56.14321403388977,0.6800000000000022,0.8400000000000021,50000.0,5.0,250000.0,1700.0000000000052,2100.000000000005
2025-11-19,RAJRATAN,SHORT,A_MOD_BREAK_C1_LOW,MODERATE,2025-11-19 13:00:00+05:30,2025-11-19 13:15:00+05:30,454.95897779541014,457.347512428836,451.1373223819287,2025-11-19 13:16:00+05:30,451.1373223819287,TARGET,3.3999999999999906,4.199999999999991,37.57386779785156,24.625734329223633,11.182554244995117,2.36434300942035,3.126769701148309,0.007911250306013256,0.7736080169677733,12.1,457.347512428836,0.6799999999999982,0.8399999999999982,50000.0,5.0,250000.0,1699.9999999999955,2099.9999999999955
2025-11-20,WCIL,SHORT,A_MOD_BREAK_C1_LOW,MODERATE,2025-11-20 10:15:00+05:30,2025-11-20 10:30:00+05:30,116.14999694824219,116.75978443222046,115.17433697387696,2025-11-20 11:41:00+05:30,115.17433697387696,TARGET,3.3999999999999755,4.199999999999975,33.82672119140625,15.054207801818848,2.066462278366089,1.4806611821741433,3.1357569055485945,0.007825189839464928,0.6265165247515689,11.97,116.75978443222046,0.679999999999995,0.8399999999999951,50000.0,5.0,250000.0,1699.9999999999875,2099.9999999999877
2025-11-20,SWARAJENG,SHORT,A_MOD_BREAK_C1_LOW,MODERATE,2025-11-20 11:15:00+05:30,2025-11-20 11:30:00+05:30,3681.363677636719,3700.6908369443117,3650.4402227445707,2025-11-20 11:31:00+05:30,3650.4402227445707,TARGET,3.3999999999999586,4.199999999999958,30.747507095336914,27.761459350585938,10.443573951721191,1.6660715974653182,3.274886930042483,0.007259612320198367,0.6127751359864844,11.97,3700.6908369443117,0.6799999999999917,0.8399999999999916,50000.0,5.0,250000.0,1699.9999999999793,2099.999999999979
2025-11-20,SAGCEM,SHORT,A_PULLBACK_C2_THEN_BREAK_C2_LOW,MODERATE,2025-11-20 12:30:00+05:30,2025-11-20 13:00:00+05:30,216.86000366210936,217.99851868133544,215.03837963134765,2025-11-20 14:35:00+05:30,217.99851868133544,SL,-3.425000000000006,-2.6250000000000058,27.899497985839844,39.065284729003906,21.207862854003906,0.9875279354096913,1.3501137423034772,0.0043632316674878414,0.4188155455994675,11.97,217.99851868133544,-0.6850000000000012,-0.5250000000000011,50000.0,5.0,250000.0,-1712.500000000003,-1312.500000000003
2025-11-20,DCXINDIA,SHORT,A_MOD_BREAK_C1_LOW,MODERATE,2025-11-20 14:00:00+05:30,2025-11-20 14:15:00+05:30,195.75999755859374,196.78773754577634,194.11561357910156,2025-11-20 14:57:00+05:30,194.11561357910156,TARGET,3.399999999999971,4.199999999999971,26.67034339904785,30.05807876586914,11.535248756408691,1.8051386251903314,1.9722392139363145,0.004675662335084409,0.5745663710908415,11.97,196.78773754577634,0.6799999999999942,0.8399999999999941,50000.0,5.0,250000.0,1699.9999999999854,2099.999999999985
2025-11-21,JSWENERGY,SHORT,A_MOD_BREAK_C1_LOW,MODERATE,2025-11-21 10:00:00+05:30,2025-11-21 10:15:00+05:30,494.0011861022949,496.59469232933196,489.85157613903567,2025-11-21 10:22:00+05:30,489.85157613903567,TARGET,3.399999999999974,4.1999999999999735,45.34139633178711,14.42117691040039,1.7046297788619995,1.7884060589646948,4.256457866531498,0.0055183944898198,0.8530920052956281,12.14,496.59469232933196,0.6799999999999948,0.8399999999999948,50000.0,5.0,250000.0,1699.999999999987,2099.999999999987
2025-11-21,KHAICHEM,SHORT,A_MOD_BREAK_C1_LOW,MODERATE,2025-11-21 10:00:00+05:30,2025-11-21 10:15:00+05:30,88.95,89.4169875,88.20282,2025-11-21 10:48:00+05:30,89.4169875,SL,-3.4250000000000105,-2.6250000000000107,26.285154342651367,20.440099716186523,6.834103107452393,1.4654864602890956,3.842798420066136,0.005023526349824659,0.5107374456903622,12.14,89.4169875,-0.685000000000002,-0.5250000000000021,50000.0,5.0,250000.0,-1712.500000000005,-1312.5000000000052
2025-11-21,NIACL,SHORT,A_MOD_BREAK_C1_LOW,MODERATE,2025-11-21 10:00:00+05:30,2025-11-21 10:15:00+05:30,175.5000030517578,176.42137806777953,174.02580302612304,2025-11-21 15:29:00+05:30,174.02580302612304,TARGET,3.3999999999999786,4.199999999999979,27.51491928100586,26.772438049316406,3.469050645828247,1.2484794414506124,2.880211385172113,0.0033475011750814182,0.4912076914689451,12.14,176.42137806777953,0.6799999999999957,0.8399999999999958,50000.0,5.0,250000.0,1699.9999999999893,2099.9999999999895
2025-11-21,PRAKASH,SHORT,A_MOD_BREAK_C1_LOW,MODERATE,2025-11-21 10:00:00+05:30,2025-11-21 10:15:00+05:30,135.6700012207031,136.3822687271118,134.5303732104492,2025-11-21 10:16:00+05:30,134.5303732104492,TARGET,3.400000000000033,4.200000000000033,34.41693115234375,21.31165313720703,1.6757299900054932,0.9418161764598251,4.232179006788774,0.004639179068599267,0.5410717981656257,12.14,136.3822687271118,0.6800000000000066,0.8400000000000065,50000.0,5.0,250000.0,1700.0000000000166,2100.0000000000164
2025-11-21,RHIM,SHORT,A_MOD_BREAK_C1_LOW,MODERATE,2025-11-21 10:00:00+05:30,2025-11-21 10:15:00+05:30,465.85682220458983,468.30257052116394,461.9436248980713,2025-11-21 11:58:00+05:30,468.30257052116394,SL,-3.425000000000015,-2.625000000000015,43.28087615966797,17.94473648071289,4.265780925750732,1.2941298959511598,3.6342076694099106,0.004673044940700197,0.7356858741864725,12.14,468.30257052116394,-0.6850000000000029,-0.525000000000003,50000.0,5.0,250000.0,-1712.5000000000075,-1312.5000000000075
2025-11-21,SANDHAR,SHORT,A_MOD_BREAK_C1_LOW,MODERATE,2025-11-21 10:00:00+05:30,2025-11-21 10:15:00+05:30,533.4432777954102,536.2438550038361,528.9623542619287,2025-11-21 10:49:00+05:30,528.9623542619287,TARGET,3.400000000000026,4.200000000000026,30.700363159179688,35.0805778503418,38.00008010864258,1.0198950022206588,1.5287825009144305,0.0057763536090891425,0.4754261978220321,12.14,536.2438550038361,0.6800000000000053,0.8400000000000052,50000.0,5.0,250000.0,1700.0000000000132,2100.0000000000127
2025-11-21,GABRIEL,SHORT,A_MOD_BREAK_C1_LOW,MODERATE,2025-11-21 10:15:00+05:30,2025-11-21 10:30:00+05:30,1023.9951111816406,1029.3710855153442,1015.3935522477149,2025-11-21 11:46:00+05:30,1029.3710855153442,SL,-3.4250000000000194,-2.625000000000019,29.979990005493164,25.899682998657227,9.055778503417969,1.1504950860915826,4.004244901406636,0.007087191178319979,0.5110364901484243,12.14,1029.3710855153442,-0.6850000000000038,-0.5250000000000038,50000.0,5.0,250000.0,-1712.5000000000095,-1312.5000000000093
2025-11-21,HINDZINC,SHORT,A_MOD_BREAK_C1_LOW,MODERATE,2025-11-21 10:15:00+05:30,2025-11-21 10:30:00+05:30,464.907,467.34776174999996,461.0017812,2025-11-21 14:52:00+05:30,461.0017812,TARGET,3.400000000000001,4.2,33.37200164794922,16.999189376831055,4.285287857055664,1.5135414411293637,4.005043639258458,0.003323864770281513,0.625449776916877,12.14,467.34776174999996,0.6800000000000002,0.8400000000000001,50000.0,5.0,250000.0,1700.0000000000002,2100.0000000000005
2025-11-21,KIRLOSBROS,SHORT,A_MOD_BREAK_C1_LOW,MODERATE,2025-11-21 10:15:00+05:30,2025-11-21 10:30:00+05:30,1707.1585,1716.121082125,1692.8183686,2025-11-21 14:16:00+05:30,1716.121082125,SL,-3.424999999999978,-2.6249999999999787,27.539955139160156,22.86716651916504,6.808084487915039,1.3506175750139282,3.585863163973193,0.0044454637679339016,0.5094574027148397,12.14,1716.121082125,-0.6849999999999956,-0.5249999999999957,50000.0,5.0,250000.0,-1712.499999999989,-1312.4999999999893
2025-11-21,LICHSGFIN,SHORT,A_MOD_BREAK_C1_LOW,MODERATE,2025-11-21 10:15:00+05:30,2025-11-21 10:30:00+05:30,548.5902722045898,551.4703711336639,543.9821139180713,2025-11-21 15:30:00+05:30,546.8499755859375,EOD,0.7861533705826593,1.5861533705826592,37.56610107421875,10.757569313049316,2.3487579822540283,1.371658417443967,4.595345809316354,0.0027788029216967197,0.6635317391659754,12.14,551.4703711336639,0.15723067411653185,0.31723067411653183,50000.0,5.0,250000.0,393.0766852913296,793.0766852913296
2025-11-21,MANINFRA,SHORT,A_MOD_BREAK_C1_LOW,MODERATE,2025-11-21 10:45:00+05:30,2025-11-21 11:00:00+05:30,122.89000244140625,123.53517495422363,121.85772642089844,2025-11-21 15:12:00+05:30,123.53517495422363,SL,-3.424999999999997,-2.624999999999997,44.46120834350586,16.800081253051758,3.638607978820801,1.746670990283243,3.9306805430298306,0.004465008675165093,0.8325855484521554,12.14,123.53517495422363,-0.6849999999999994,-0.5249999999999994,50000.0,5.0,250000.0,-1712.4999999999986,-1312.4999999999984
2025-11-21,XPROINDIA,SHORT,A_MOD_BREAK_C1_LOW,MODERATE,2025-11-21 10:45:00+05:30,2025-11-21 11:00:00+05:30,1006.3986555908203,1011.6822485326721,997.9449068838575,2025-11-21 12:35:00+05:30,1011.6822485326721,SL,-3.4249999999999936,-2.6249999999999933,27.433937072753906,32.17339324951172,15.60604190826416,0.7941430138442351,2.4072835199291513,0.0050665668857650566,0.4104840835140497,12.14,1011.6822485326721,-0.6849999999999987,-0.5249999999999987,50000.0,5.0,250000.0,-1712.4999999999968,-1312.4999999999968
2025-11-21,DYNAMATECH,SHORT,A_MOD_BREAK_C1_LOW,MODERATE,2025-11-21 12:30:00+05:30,2025-11-21 12:45:00+05:30,9370.1256,9419.3187594,9291.41654496,2025-11-21 13:34:00+05:30,9419.3187594,SL,-3.424999999999989,-2.624999999999989,28.907367706298828,23.650066375732422,4.471102237701416,2.953900589310965,3.8500685563312778,0.006975416814512437,0.6436105155944825,12.14,9419.3187594,-0.6849999999999978,-0.5249999999999978,50000.0,5.0,250000.0,-1712.4999999999945,-1312.4999999999945
2025-11-24,ABSLAMC,SHORT,A_MOD_BREAK_C1_LOW,MODERATE,2025-11-24 10:00:00+05:30,2025-11-24 10:15:00+05:30,720.1559277954102,724.2458133353483,713.6121109315093,2025-11-24 15:30:00+05:30,720.0,EOD,-0.6917402541644391,0.1082597458355608,29.861141204833984,21.68262481689453,5.255009174346924,1.5548198981608439,3.774721680291396,0.004103446789143509,0.5800106002506573,13.63,724.2458133353483,-0.13834805083288781,0.02165194916711216,50000.0,5.0,250000.0,-345.87012708221954,54.1298729177804
2025-11-24,APOLLO,SHORT,A_MOD_BREAK_C1_LOW,MODERATE,2025-11-24 10:00:00+05:30,2025-11-24 10:15:00+05:30,264.4471,265.94893915541667,262.0441573513333,2025-11-24 11:40:00+05:30,262.0441573513333,TARGET,3.7433333333333607,4.5433333333333605,51.000091552734375,16.009464263916016,6.785434246063232,1.3106117811228024,3.9611858439217182,0.006955486707116038,0.8393570616964903,13.63,265.94893915541667,0.7486666666666721,0.9086666666666721,50000.0,5.0,250000.0,1871.6666666666804,2271.66666666668
2025-11-24,EIMCOELECO,SHORT,A_MOD_BREAK_C1_LOW,MODERATE,2025-11-24 10:00:00+05:30,2025-11-24 10:15:00+05:30,1613.6772,1622.841541765,1599.014253176,2025-11-24 10:17:00+05:30,1599.014253176,TARGET,3.7433333333333563,4.543333333333356,30.568235397338867,18.837547302246094,11.045945167541504,1.7875342444665598,4.51435183767084,0.005802739736834547,0.6313420237417309,13.63,1622.841541765,0.7486666666666713,0.9086666666666712,50000.0,5.0,250000.0,1871.666666666678,2271.666666666678
2025-11-24,PATELENG,SHORT,A_MOD_BREAK_C1_LOW,MODERATE,2025-11-24 10:00:00+05:30,2025-11-24 10:15:00+05:30,32.40999908447266,32.59406087093989,32.115500226125086,2025-11-24 10:19:00+05:30,32.115500226125086,TARGET,3.7433333333333096,4.54333333333331,60.15544891357422,13.910638809204102,4.403496742248535,1.6512293865216754,4.913299431482317,0.0036055033969178796,0.8989651426412932,13.63,32.59406087093989,0.7486666666666619,0.908666666666662,50000.0,5.0,250000.0,1871.6666666666547,2271.6666666666547
2025-11-24,PREMEXPLN,SHORT,A_MOD_BREAK_C1_LOW,MODERATE,2025-11-24 10:00:00+05:30,2025-11-24 10:15:00+05:30,538.3923,541.44991960375,533.500108634,2025-11-24 10:16:00+05:30,533.500108634,TARGET,3.7433333333333527,4.5433333333333525,44.78191375732422,10.644683837890625,5.074329853057861,1.9221601236369064,4.825698914030086,0.0057524777409699345,0.8681067279963217,13.63,541.44991960375,0.7486666666666706,0.9086666666666705,50000.0,5.0,250000.0,1871.6666666666765,2271.666666666676
2025-11-24,TARC,SHORT,A_MOD_BREAK_C1_LOW,MODERATE,2025-11-24 10:15:00+05:30,2025-11-24 10:30:00+05:30,130.95,131.693686875,129.760101,2025-11-24 10:45:00+05:30,129.760101,TARGET,3.7433333333333216,4.543333333333322,28.828811645507812,23.319244384765625,3.286336898803711,2.0161692505924043,3.635304107206078,0.006493971093010357,0.6424321746826172,13.63,131.693686875,0.7486666666666644,0.9086666666666644,50000.0,5.0,250000.0,1871.666666666661,2271.666666666661
2025-11-24,IRFC,SHORT,A_MOD_BREAK_C1_LOW,MODERATE,2025-11-24 10:30:00+05:30,2025-11-24 10:45:00+05:30,117.65999908447266,118.32820982927323,116.59086189279175,2025-11-24 14:59:00+05:30,116.59086189279175,TARGET,3.7433333333333376,4.5433333333333366,31.177478790283203,19.23985481262207,7.563994407653809,1.8191392774604092,3.1938861013800692,0.0032073441650316884,0.6460115554098196,13.63,118.32820982927323,0.7486666666666675,0.9086666666666674,50000.0,5.0,250000.0,1871.6666666666686,2271.6666666666683
2025-11-24,RITCO,SHORT,A_MOD_BREAK_C1_LOW,MODERATE,2025-11-24 10:30:00+05:30,2025-11-24 10:45:00+05:30,265.2969361022949,266.8036016185759,262.8862712762454,2025-11-24 11:23:00+05:30,266.8036016185759,SL,-3.6395833333333805,-2.8395833333333806,47.80029296875,26.709138870239258,7.004756450653076,1.129591116855253,3.164289404621303,0.006519151053591484,0.7746828399809191,13.63,266.8036016185759,-0.7279166666666761,-0.5679166666666762,50000.0,5.0,250000.0,-1819.7916666666902,-1419.7916666666904
2025-11-24,CERA,SHORT,A_MOD_BREAK_C1_LOW,MODERATE,2025-11-24 10:45:00+05:30,2025-11-24 11:00:00+05:30,5449.9098,5480.860746072501,5400.388286284,2025-11-24 13:36:00+05:30,5480.860746072501,SL,-3.6395833333333605,-2.839583333333361,53.60626220703125,9.918797492980957,2.41445255279541,2.0919902775494124,4.631559556472027,0.00432761565574695,0.96,13.63,5480.860746072501,-0.7279166666666721,-0.5679166666666722,50000.0,5.0,250000.0,-1819.7916666666802,-1419.7916666666806
2025-11-24,BAJAJCON,SHORT,B_HUGE_RED_FAILED_BOUNCE,HUGE,2025-11-24 10:00:00+05:30,2025-11-24 11:30:00+05:30,257.49847779541017,258.9608545672233,255.1586749605092,2025-11-24 11:41:00+05:30,258.9608545672233,SL,-3.639583333333384,-2.8395833333333838,45.03660583496094,14.076921463012695,13.863237380981445,1.772421525406585,5.16233156669382,0.006614529203534423,0.8857228544705664,13.63,258.9608545672233,-0.7279166666666768,-0.5679166666666767,50000.0,5.0,250000.0,-1819.791666666692,-1419.7916666666918
2025-11-24,CAPACITE,SHORT,A_MOD_BREAK_C1_LOW,MODERATE,2025-11-24 11:15:00+05:30,2025-11-24 11:30:00+05:30,279.04418610229493,280.6289245425342,276.5086045979121,2025-11-24 11:49:00+05:30,280.6289245425342,SL,-3.6395833333333227,-2.839583333333323,32.70682144165039,23.617719650268555,10.09464168548584,1.2406554935913714,2.563247077528557,0.0069614599547388085,0.5677170330032457,13.63,280.6289245425342,-0.7279166666666645,-0.5679166666666646,50000.0,5.0,250000.0,-1819.7916666666615,-1419.7916666666617
2025-11-24,CMSINFO,SHORT,A_MOD_BREAK_C1_LOW,MODERATE,2025-11-24 11:15:00+05:30,2025-11-24 11:30:00+05:30,349.88002220458986,351.86704916402675,346.7007790694908,2025-11-24 12:25:00+05:30,346.7007790694908,TARGET,3.743333333333357,4.543333333333358,28.33957862854004,25.018070220947266,5.597850799560547,1.0401611902570467,2.1518003677367705,0.004174055473577507,0.4671218877230838,13.63,351.86704916402675,0.7486666666666715,0.9086666666666715,50000.0,5.0,250000.0,1871.6666666666786,2271.666666666679
2025-11-24,DEEPAKNTR,SHORT,A_MOD_BREAK_C1_LOW,MODERATE,2025-11-24 11:15:00+05:30,2025-11-24 11:30:00+05:30,1662.7673555908202,1672.210488531113,1647.6583428863516,2025-11-24 11:43:00+05:30,1647.6583428863516,TARGET,3.7433333333333287,4.543333333333328,54.55449295043945,12.442571640014648,3.2191109657287598,2.5058506072923814,4.382424219779454,0.0028762187062315136,0.96,13.63,1672.210488531113,0.7486666666666657,0.9086666666666656,50000.0,5.0,250000.0,1871.6666666666642,2271.6666666666642
2025-11-24,GREENPLY,SHORT,A_MOD_BREAK_C1_LOW,MODERATE,2025-11-24 11:15:00+05:30,2025-11-24 11:30:00+05:30,282.9434,284.5502827258333,280.3723876386667,2025-11-24 14:22:00+05:30,280.3723876386667,TARGET,3.743333333333304,4.543333333333304,32.90599060058594,24.752168655395508,7.041782379150391,1.8272192240751046,2.757412049951155,0.004574567830056929,0.6733532232219324,13.63,284.5502827258333,0.7486666666666608,0.9086666666666607,50000.0,5.0,250000.0,1871.6666666666522,2271.666666666652
2025-11-24,NHPC,SHORT,A_MOD_BREAK_C1_LOW,MODERATE,2025-11-24 11:15:00+05:30,2025-11-24 11:30:00+05:30,77.35000152587891,77.7892850762113,76.64714784534709,2025-11-24 12:32:00+05:30,76.64714784534709,TARGET,3.7433333333333154,4.543333333333315,59.153968811035156,12.71422004699707,8.6094331741333,1.9264610240335545,3.3737019089050317,0.0036875802770214524,0.947130679205872,13.63,77.7892850762113,0.748666666666663,0.908666666666663,50000.0,5.0,250000.0,1871.6666666666576,2271.6666666666574
2025-11-24,HSCL,SHORT,A_PULLBACK_C2_THEN_BREAK_C2_LOW,MODERATE,2025-11-24 11:15:00+05:30,2025-11-24 11:45:00+05:30,430.0639638977051,432.5063688260075,426.15611601242125,2025-11-24 11:54:00+05:30,426.15611601242125,TARGET,3.7433333333333674,4.543333333333367,64.47549438476562,18.6512451171875,2.85771107673645,2.2198353180969264,3.301116943359375,0.004644681773458227,0.96,13.63,432.5063688260075,0.7486666666666735,0.9086666666666734,50000.0,5.0,250000.0,1871.6666666666838,2271.6666666666833
2025-11-24,NYKAA,SHORT,A_MOD_BREAK_C1_LOW,MODERATE,2025-11-24 11:30:00+05:30,2025-11-24 11:45:00+05:30,266.5466861022949,268.06044915711755,264.1246652145787,2025-11-24 12:43:00+05:30,268.06044915711755,SL,-3.639583333333337,-2.839583333333337,25.692760467529297,36.344871520996094,62.91971206665039,0.8864071192074523,1.278412289380514,0.006232269865060132,0.3644332673432693,13.63,268.06044915711755,-0.7279166666666674,-0.5679166666666674,50000.0,5.0,250000.0,-1819.7916666666686,-1419.7916666666686
2025-11-24,ROUTE,SHORT,A_MOD_BREAK_C1_LOW,MODERATE,2025-11-24 11:45:00+05:30,2025-11-24 12:00:00+05:30,659.6680277954101,663.4143924699316,653.6738443161759,2025-11-24 13:06:00+05:30,653.6738443161759,TARGET,3.7433333333333128,4.543333333333313,32.02764129638672,27.69122314453125,14.35573673248291,1.0143202757417014,2.028083594893523,0.004452453708073985,0.5179206677005985,13.63,663.4143924699316,0.7486666666666626,0.9086666666666625,50000.0,5.0,250000.0,1871.6666666666565,2271.666666666656
2025-11-24,SPIC,SHORT,A_MOD_BREAK_C1_LOW,MODERATE,2025-11-24 11:45:00+05:30,2025-11-24 12:00:00+05:30,86.00000305175782,86.48841140242259,85.21854969069418,2025-11-24 13:04:00+05:30,85.21854969069418,TARGET,3.7433333333333385,4.543333333333338,29.902280807495117,27.43759536743164,4.213919639587402,1.4403012987316028,2.18618122327361,0.003739754519202887,0.5605869393904572,13.63,86.48841140242259,0.7486666666666677,0.9086666666666677,50000.0,5.0,250000.0,1871.6666666666692,2271.6666666666692
2025-11-24,GSFC,SHORT,A_MOD_BREAK_C1_LOW,MODERATE,2025-11-24 12:00:00+05:30,2025-11-24 12:15:00+05:30,184.7500030517578,185.7992291107559,183.07124135736083,2025-11-24 15:27:00+05:30,183.07124135736083,TARGET,3.7433333333333207,4.543333333333321,35.188663482666016,15.43320083618164,0.5106197595596313,2.8475998720947118,3.10873747737728,0.0035095804504984003,0.7378299522399903,13.63,185.7992291107559,0.7486666666666641,0.9086666666666642,50000.0,5.0,250000.0,1871.6666666666604,2271.6666666666606
2025-11-24,UPL,SHORT,A_MOD_BREAK_C1_LOW,MODERATE,2025-11-24 13:15:00+05:30,2025-11-24 13:30:00+05:30,743.9511555908203,748.1761781952799,737.1911194236851,2025-11-24 15:30:00+05:30,737.1911194236851,TARGET,3.7433333333333243,4.543333333333324,25.46122932434082,33.757755279541016,13.168937683105469,2.479150476899587,2.0996129358570306,0.0032617977334606038,0.5919184398651123,13.63,748.1761781952799,0.7486666666666648,0.9086666666666647,50000.0,5.0,250000.0,1871.6666666666622,2271.666666666662
2025-11-24,HINDPETRO,SHORT,A_MOD_BREAK_C1_LOW,MODERATE,2025-11-24 14:15:00+05:30,2025-11-24 14:30:00+05:30,464.5070861022949,467.1450992621175,460.2862650465787,2025-11-24 15:30:00+05:30,463.79998779296875,EOD,-0.03887241929991639,0.7611275807000835,27.59736442565918,26.49472999572754,10.379019737243652,3.327155539160383,2.8171817317507446,0.003287258712194299,0.6239604663848877,13.63,467.1450992621175,-0.007774483859983278,0.1522255161400167,50000.0,5.0,250000.0,-19.436209649958197,380.56379035004176
2025-11-25,THOMASCOOK,SHORT,A_MOD_BREAK_C1_LOW,MODERATE,2025-11-25 11:30:00+05:30,2025-11-25 11:45:00+05:30,152.14999694824218,152.98935776473996,150.8070196418457,2025-11-25 14:23:00+05:30,150.8070196418457,TARGET,3.6133333333333106,4.413333333333311,38.510013580322266,30.257902145385742,8.636500358581543,1.246299558216855,1.6425812767385664,0.005934428033502844,0.637881690229712,13.24,152.98935776473996,0.7226666666666621,0.8826666666666622,50000.0,5.0,250000.0,1806.6666666666551,2206.6666666666556
2025-11-25,THEJO,SHORT,A_MOD_BREAK_C1_LOW,MODERATE,2025-11-25 13:45:00+05:30,2025-11-25 14:00:00+05:30,1667.2664555908202,1676.4642088708295,1652.5500503428052,2025-11-25 15:30:00+05:30,1652.5500503428052,TARGET,3.613333333333344,4.413333333333344,34.17660903930664,39.04301452636719,16.885704040527344,2.0026435542622942,2.187042630924211,0.0029555034315256615,0.7226491355895996,13.24,1676.4642088708295,0.7226666666666688,0.8826666666666687,50000.0,5.0,250000.0,1806.666666666672,2206.666666666672
2025-11-26,CHENNPETRO,SHORT,A_MOD_BREAK_C1_LOW,MODERATE,2025-11-26 12:15:00+05:30,2025-11-26 12:30:00+05:30,939.9119555908203,944.8464933576721,932.0166951638574,2025-11-26 12:31:00+05:30,932.0166951638574,TARGET,3.399999999999986,4.199999999999986,33.180023193359375,27.641666412353516,12.254437446594238,1.5617576790377368,2.420239007864127,0.01319456911172009,0.6310079417319945,12.24,944.8464933576721,0.6799999999999973,0.8399999999999972,50000.0,5.0,250000.0,1699.9999999999932,2099.9999999999927
2025-11-26,JAMNAAUTO,LONG,B_HUGE_GREEN_PULLBACK_HOLD_THEN_BREAK,HUGE,2025-11-26 11:15:00+05:30,2025-11-26 13:30:00+05:30,109.55,108.9748625,110.70027499999999,2025-11-26 15:30:00+05:30,109.9000015258789,EOD,0.7974510537604251,1.597451053760425,41.689422607421875,83.249267578125,94.23776245117188,2.0941308040849482,4.475734182051258,0.00609459259115511,9.26025222680271,12.24,108.9748625,0.15949021075208503,0.319490210752085,100000.0,5.0,500000.0,797.4510537604251,1597.451053760425
2025-11-26,POKARNA,LONG,B_HUGE_GREEN_PULLBACK_HOLD_THEN_BREAK,HUGE,2025-11-26 10:30:00+05:30,2025-11-26 13:45:00+05:30,941.6383022094726,936.6947011228729,951.525504382672,2025-11-26 15:30:00+05:30,941.9000244140625,EOD,-0.6610282716963728,0.13897172830362708,43.61187744140625,75.93956756591797,92.69928741455078,2.4422484393254003,3.360460023515286,0.007665469728506253,8.400871108160912,12.24,936.6947011228729,-0.13220565433927456,0.027794345660725417,100000.0,5.0,500000.0,-661.0282716963728,138.9717283036271
2025-11-27,AVANTIFEED,SHORT,A_MOD_BREAK_C1_LOW,MODERATE,2025-11-27 10:45:00+05:30,2025-11-27 11:00:00+05:30,814.58705,818.8636320124999,807.74451878,2025-11-27 12:28:00+05:30,807.74451878,TARGET,3.399999999999973,4.199999999999973,26.87969207763672,19.620609283447266,4.338051795959473,2.1666168245452075,3.4139494127827916,0.005916941597027587,0.6131953811645507,11.97,818.8636320124999,0.6799999999999946,0.8399999999999945,50000.0,5.0,250000.0,1699.9999999999864,2099.9999999999864
2025-11-27,LTTS,LONG,B_HUGE_GREEN_PULLBACK_HOLD_THEN_BREAK,HUGE,2025-11-27 10:45:00+05:30,2025-11-27 13:15:00+05:30,4375.774882324219,4352.8020641920175,4421.720518588623,2025-11-27 15:30:00+05:30,4377.0,EOD,-0.6600113455642209,0.13998865443577901,41.342506408691406,82.14935302734375,79.21332550048828,1.3971945972027722,3.3531544336301207,0.00486506594760567,7.369551350656799,11.97,4352.8020641920175,-0.13200226911284418,0.027997730887155806,100000.0,5.0,500000.0,-660.011345564221,139.988654435779
2025-11-28,GAIL,SHORT,A_PULLBACK_C2_THEN_BREAK_C2_LOW,MODERATE,2025-11-28 10:30:00+05:30,2025-11-28 11:00:00+05:30,167.33999938964843,168.21853438644408,165.9343433947754,2025-11-28 11:29:00+05:30,168.21853438644408,SL,-3.424999999999989,-2.6249999999999893,36.03582000732422,10.375374794006348,11.407951354980469,0.7454251127323747,4.846730042377734,0.00847833261950517,0.5309866948380288,11.79,168.21853438644408,-0.6849999999999978,-0.5249999999999979,50000.0,5.0,250000.0,-1712.4999999999945,-1312.4999999999948
2025-11-28,KAYNES,SHORT,A_MOD_BREAK_C1_LOW,MODERATE,2025-11-28 11:15:00+05:30,2025-11-28 11:30:00+05:30,5488.902,5517.7187355,5442.795223200001,2025-11-28 15:30:00+05:30,5512.0,EOD,-2.9040638000095425,-2.1040638000095426,30.012733459472656,23.257047653198242,3.992948055267334,2.4427063599319934,3.03986592669671,0.004474854907840138,0.6601910018920898,11.79,5517.7187355,-0.5808127600019085,-0.42081276000190854,50000.0,5.0,250000.0,-1452.0319000047714,-1052.0319000047714
2025-11-28,KOTHARIPET,SHORT,A_MOD_BREAK_C1_LOW,MODERATE,2025-11-28 11:45:00+05:30,2025-11-28 12:00:00+05:30,137.95,138.67423749999998,136.79121999999998,2025-11-28 12:40:00+05:30,136.79121999999998,TARGET,3.400000000000026,4.200000000000027,39.8415412902832,39.095726013183594,20.861019134521484,0.6054606569989064,1.4614491073264633,0.005001921005653565,0.5366511896953798,11.79,138.67423749999998,0.6800000000000053,0.8400000000000053,50000.0,5.0,250000.0,1700.0000000000132,2100.000000000013
2025-12-01,DCXINDIA,SHORT,A_MOD_BREAK_C1_LOW,MODERATE,2025-12-01 11:45:00+05:30,2025-12-01 12:00:00+05:30,181.84999389648436,182.8047063644409,180.3224539477539,2025-12-01 12:05:00+05:30,180.3224539477539,TARGET,3.399999999999986,4.199999999999987,35.4075927734375,28.15054702758789,22.472488403320312,1.5135853518707478,1.6494373013373043,0.006519196825670583,0.6384631932458085,11.62,182.8047063644409,0.6799999999999973,0.8399999999999973,50000.0,5.0,250000.0,1699.9999999999932,2099.999999999993
2025-12-01,GPTINFRA,LONG,B_HUGE_GREEN_PULLBACK_HOLD_THEN_BREAK,HUGE,2025-12-01 11:45:00+05:30,2025-12-01 13:15:00+05:30,111.02000122070312,110.43714621429443,112.1857112335205,2025-12-01 15:25:00+05:30,110.43714621429443,SL,-3.4250000000000047,-2.6250000000000053,40.102325439453125,78.29256439208984,72.5237045288086,1.3067083647018707,4.049219601039675,0.005235302930914782,7.472962827848985,11.62,110.43714621429443,-0.6850000000000009,-0.525000000000001,100000.0,5.0,500000.0,-3425.000000000005,-2625.000000000005
2025-12-01,ANURAS,LONG,B_HUGE_GREEN_PULLBACK_HOLD_THEN_BREAK,HUGE,2025-12-01 11:45:00+05:30,2025-12-01 13:45:00+05:30,1232.2464,1225.7771064,1245.1849872,2025-12-01 14:08:00+05:30,1245.1849872,TARGET,4.450000000000012,5.2500000000000115,32.94090270996094,64.7142105102539,65.22846984863281,3.3460030416905866,1.9503645938200507,0.005064651400400058,7.752342020031033,11.62,1225.7771064,0.8900000000000023,1.0500000000000023,100000.0,5.0,500000.0,4450.000000000012,5250.000000000012
2025-12-01,THANGAMAYL,LONG,B_HUGE_GREEN_PULLBACK_HOLD_THEN_BREAK,HUGE,2025-12-01 10:45:00+05:30,2025-12-01 14:00:00+05:30,3356.6712,3339.0486762000005,3391.9162476,2025-12-01 15:30:00+05:30,3351.0,EOD,-1.6447654926702717,-0.8447654926702719,45.13240432739258,82.82417297363281,68.63228607177734,1.5700502227509738,3.563193082262373,0.0068588354061796565,7.68111192549388,11.62,3339.0486762000005,-0.32895309853405436,-0.16895309853405438,100000.0,5.0,500000.0,-1644.765492670272,-844.7654926702719
2025-12-01,NMDC,LONG,B_HUGE_GREEN_PULLBACK_HOLD_THEN_BREAK,HUGE,2025-12-01 12:30:00+05:30,2025-12-01 14:00:00+05:30,73.2000015258789,72.81570151786804,73.96860154190063,2025-12-01 14:53:00+05:30,72.81570151786804,SL,-3.4250000000000256,-2.625000000000026,34.227413177490234,69.28108215332031,72.09820556640625,1.2981366246791535,2.01435020231017,0.004738963379405844,5.393407319470933,11.62,72.81570151786804,-0.6850000000000052,-0.5250000000000052,100000.0,5.0,500000.0,-3425.0000000000255,-2625.0000000000264
2025-12-02,GOKEX,SHORT,A_MOD_BREAK_C1_LOW,MODERATE,2025-12-02 10:00:00+05:30,2025-12-02 10:15:00+05:30,877.7744222045899,882.382737921164,870.4011170580713,2025-12-02 12:05:00+05:30,870.4011170580713,TARGET,3.3999999999999875,4.199999999999988,32.29594421386719,23.94261932373047,4.655900001525879,1.0359300809364411,3.923902704120727,0.005781608583270114,0.525726927371885,11.63,882.382737921164,0.6799999999999975,0.8399999999999975,50000.0,5.0,250000.0,1699.9999999999939,2099.9999999999936
2025-12-02,IRCTC,SHORT,A_MOD_BREAK_C1_LOW,MODERATE,2025-12-02 10:00:00+05:30,2025-12-02 10:15:00+05:30,680.5638722045899,684.136832533664,674.8471356780714,2025-12-02 15:30:00+05:30,680.0,EOD,-0.3857316060847554,0.4142683939152445,32.826141357421875,34.43675231933594,17.48401641845703,1.1847812662376644,2.234148209965694,0.0024815029490313635,0.5597288419529194,11.63,684.136832533664,-0.07714632121695107,0.0828536787830489,50000.0,5.0,250000.0,-192.86580304237768,207.13419695762227
2025-12-02,JTEKTINDIA,SHORT,A_MOD_BREAK_C1_LOW,MODERATE,2025-12-02 12:15:00+05:30,2025-12-02 12:30:00+05:30,150.5500061035156,151.34039363555905,149.28538605224608,2025-12-02 15:08:00+05:30,151.34039363555905,SL,-3.424999999999941,-2.624999999999942,42.372745513916016,24.553115844726562,6.130212306976318,1.7482887756607188,2.817403901220574,0.005677276880873646,0.8015417184493658,11.63,151.34039363555905,-0.6849999999999883,-0.5249999999999884,50000.0,5.0,250000.0,-1712.4999999999707,-1312.499999999971
2025-12-02,IGARASHI,SHORT,A_MOD_BREAK_C1_LOW,MODERATE,2025-12-02 12:30:00+05:30,2025-12-02 12:45:00+05:30,448.4103,450.764454075,444.64365348,2025-12-02 13:46:00+05:30,444.64365348,TARGET,3.399999999999994,4.199999999999994,46.890655517578125,27.1199893951416,9.86423397064209,1.6269093719482695,2.415950587678936,0.007680049248060476,0.8480689728546189,11.63,450.764454075,0.6799999999999988,0.8399999999999989,50000.0,5.0,250000.0,1699.999999999997,2099.9999999999973
2025-12-02,NUCLEUS,SHORT,A_MOD_BREAK_C1_LOW,MODERATE,2025-12-02 13:15:00+05:30,2025-12-02 13:30:00+05:30,913.8172,918.6147402999999,906.14113552,2025-12-02 15:21:00+05:30,918.6147402999999,SL,-3.424999999999958,-2.624999999999958,25.322307586669922,34.363792419433594,21.494699478149414,1.0897687448197086,1.2742449130838733,0.004729359576192431,0.39425638979769145,11.63,918.6147402999999,-0.6849999999999916,-0.5249999999999916,50000.0,5.0,250000.0,-1712.499999999979,-1312.499999999979
2025-12-03,MAXHEALTH,SHORT,A_MOD_BREAK_C1_LOW,MODERATE,2025-12-03 10:00:00+05:30,2025-12-03 10:15:00+05:30,1094.4810111816407,1100.2270364903443,1085.2873706877149,2025-12-03 14:17:00+05:30,1085.2873706877149,TARGET,3.400000000000026,4.200000000000027,50.723819732666016,18.340787887573242,4.898411273956299,0.9511068066730791,4.210866656671995,0.004220479590707718,0.7764436911677888,11.23,1100.2270364903443,0.6800000000000053,0.8400000000000053,50000.0,5.0,250000.0,1700.0000000000132,2100.000000000013
2025-12-03,NDRAUTO,SHORT,A_MOD_BREAK_C1_LOW,MODERATE,2025-12-03 10:00:00+05:30,2025-12-03 10:15:00+05:30,837.0325722045899,841.4269932086639,830.0014985980714,2025-12-03 11:56:00+05:30,841.4269932086639,SL,-3.4249999999999705,-2.6249999999999702,28.643695831298828,42.516021728515625,8.049524307250977,2.030985647111596,1.0457650712067674,0.0110931476051958,0.5919436910298208,11.23,841.4269932086639,-0.6849999999999941,-0.524999999999994,50000.0,5.0,250000.0,-1712.499999999985,-1312.4999999999852
2025-12-03,PFC,SHORT,A_MOD_BREAK_C1_LOW,MODERATE,2025-12-03 10:00:00+05:30,2025-12-03 10:15:00+05:30,355.4289,357.294901725,352.44329724,2025-12-03 10:47:00+05:30,352.44329724,TARGET,3.4000000000000083,4.200000000000008,26.03301239013672,26.561464309692383,4.996022701263428,1.3589104644537484,3.169304488427811,0.003634186756083099,0.4883045171314568,11.23,357.294901725,0.6800000000000017,0.8400000000000016,50000.0,5.0,250000.0,1700.0000000000043,2100.000000000004
2025-12-03,BANKINDIA,SHORT,A_MOD_BREAK_C1_LOW,MODERATE,2025-12-03 10:15:00+05:30,2025-12-03 10:30:00+05:30,142.3000061035156,143.04708113555907,141.10468605224608,2025-12-03 10:57:00+05:30,141.10468605224608,TARGET,3.4000000000000075,4.200000000000007,35.57425308227539,14.579120635986328,4.427284240722656,1.4258680088171913,4.177033179666015,0.005436683998004958,0.6431406977771392,11.23,143.04708113555907,0.6800000000000015,0.8400000000000015,50000.0,5.0,250000.0,1700.0000000000039,2100.0000000000036
2025-12-03,BHEL,SHORT,A_MOD_BREAK_C1_LOW,MODERATE,2025-12-03 10:15:00+05:30,2025-12-03 10:30:00+05:30,281.69365,283.1725416625,279.32742334,2025-12-03 11:41:00+05:30,279.32742334,TARGET,3.399999999999992,4.199999999999992,37.96989059448242,19.439971923828125,4.608034133911133,1.7562849090827914,3.253571547780569,0.005044110755584078,0.7368982180067247,11.23,283.1725416625,0.6799999999999984,0.8399999999999984,50000.0,5.0,250000.0,1699.999999999996,2099.999999999996
2025-12-03,SBFC,SHORT,A_MOD_BREAK_C1_LOW,MODERATE,2025-12-03 10:15:00+05:30,2025-12-03 10:30:00+05:30,105.45,106.0036125,104.56422,2025-12-03 12:14:00+05:30,106.0036125,SL,-3.424999999999999,-2.6249999999999996,43.05889892578125,26.117868423461914,31.249711990356445,1.0119753433526506,1.7099536636050994,0.004549763778939632,0.6684768521536875,11.23,106.0036125,-0.6849999999999998,-0.5249999999999999,50000.0,5.0,250000.0,-1712.4999999999995,-1312.4999999999998
2025-12-03,RVNL,SHORT,A_PULLBACK_C2_THEN_BREAK_C2_LOW,MODERATE,2025-12-03 10:15:00+05:30,2025-12-03 10:45:00+05:30,314.2371277954102,315.8868727163361,311.59753592192874,2025-12-03 14:21:00+05:30,311.59753592192874,TARGET,3.3999999999999853,4.199999999999985,30.831857681274414,24.541425704956055,8.206809043884277,1.5912466895081863,2.8010864067073955,0.0030518202241321345,0.6009460358830487,11.23,315.8868727163361,0.679999999999997,0.839999999999997,50000.0,5.0,250000.0,1699.9999999999925,2099.9999999999927
2025-12-03,CROMPTON,SHORT,A_MOD_BREAK_C1_LOW,MODERATE,2025-12-03 10:30:00+05:30,2025-12-03 10:45:00+05:30,257.0485861022949,258.39809117933197,254.88937797903563,2025-12-03 15:30:00+05:30,257.3999938964844,EOD,-1.4835435267666162,-0.6835435267666162,26.785282135009766,16.012773513793945,5.397366046905518,2.050907934012633,3.7858449451910943,0.0036936285159137536,0.6117792320251465,11.23,258.39809117933197,-0.2967087053533232,-0.13670870535332325,50000.0,5.0,250000.0,-741.7717633833081,-341.7717633833081
2025-12-03,PARACABLES,SHORT,A_MOD_BREAK_C1_LOW,MODERATE,2025-12-03 10:30:00+05:30,2025-12-03 10:45:00+05:30,38.10999984741211,38.310077346611024,37.78987584869385,2025-12-03 11:20:00+05:30,38.310077346611024,SL,-3.4249999999999767,-2.624999999999977,44.912174224853516,24.792633056640625,12.967379570007324,0.9240689564870194,2.0157168692327514,0.006787600494053216,0.6953946807580311,11.23,38.310077346611024,-0.6849999999999954,-0.5249999999999954,50000.0,5.0,250000.0,-1712.4999999999886,-1312.4999999999884
2025-12-03,CANBK,SHORT,A_MOD_BREAK_C1_LOW,MODERATE,2025-12-03 11:15:00+05:30,2025-12-03 11:30:00+05:30,146.95,147.7214875,145.71562,2025-12-03 11:42:00+05:30,147.7214875,SL,-3.425000000000021,-2.6250000000000218,43.42365646362305,16.530153274536133,1.2065666913986206,2.8604286173645916,3.9192721252787996,0.006026840828724038,0.8613548469543457,11.23,147.7214875,-0.6850000000000043,-0.5250000000000044,50000.0,5.0,250000.0,-1712.5000000000107,-1312.500000000011
2025-12-03,DIAMONDYD,SHORT,A_MOD_BREAK_C1_LOW,MODERATE,2025-12-03 11:45:00+05:30,2025-12-03 12:00:00+05:30,1061.7876,1067.3619849000002,1052.8685841600002,2025-12-03 12:29:00+05:30,1067.3619849000002,SL,-3.4250000000000194,-2.625000000000019,31.157251358032227,36.40011978149414,38.79399108886719,0.8767657040652796,1.1851588119626115,0.0070016123705215596,0.4400507091800379,11.23,1067.3619849000002,-0.6850000000000038,-0.5250000000000038,50000.0,5.0,250000.0,-1712.5000000000095,-1312.5000000000093
2025-12-03,CSBBANK,SHORT,A_MOD_BREAK_C1_LOW,MODERATE,2025-12-03 12:15:00+05:30,2025-12-03 12:30:00+05:30,400.06996389770507,402.170331208168,396.70937620096436,2025-12-03 12:40:00+05:30,396.70937620096436,TARGET,3.399999999999983,4.199999999999982,67.36188507080078,19.05381965637207,7.3747053146362305,1.6593462070924032,2.455041711529065,0.006593266182397997,0.9003855862411705,11.23,402.170331208168,0.6799999999999966,0.8399999999999965,50000.0,5.0,250000.0,1699.9999999999914,2099.9999999999914
2025-12-03,TOLINS,SHORT,A_MOD_BREAK_C1_LOW,MODERATE,2025-12-03 12:15:00+05:30,2025-12-03 12:30:00+05:30,144.84999389648436,145.6104563644409,143.6332539477539,2025-12-03 13:47:00+05:30,143.6332539477539,TARGET,3.399999999999983,4.199999999999982,26.52033805847168,35.58610534667969,13.849637031555176,0.8986049113583808,1.1331273549621037,0.0059215849561384815,0.371717298112897,11.23,145.6104563644409,0.6799999999999966,0.8399999999999965,50000.0,5.0,250000.0,1699.9999999999914,2099.9999999999914
2025-12-04,PRINCEPIPE,SHORT,A_MOD_BREAK_C1_LOW,MODERATE,2025-12-04 11:15:00+05:30,2025-12-04 11:30:00+05:30,263.64727220458985,265.03142038366394,261.4326351180713,2025-12-04 11:41:00+05:30,261.4326351180713,TARGET,3.4000000000000186,4.200000000000019,31.33511734008789,31.52231216430664,23.992746353149414,1.2429991075883595,2.0738077671669766,0.008350043112295785,0.5475516039292814,11.21,265.03142038366394,0.6800000000000037,0.8400000000000037,50000.0,5.0,250000.0,1700.0000000000093,2100.0000000000095
2025-12-04,HBLENGINE,SHORT,A_MOD_BREAK_C1_LOW,MODERATE,2025-12-04 11:30:00+05:30,2025-12-04 11:45:00+05:30,828.3842777954102,832.7332952538361,821.4258498619288,2025-12-04 12:20:00+05:30,821.4258498619288,TARGET,3.3999999999999755,4.199999999999974,27.744752883911133,31.739816665649414,3.7878212928771973,1.4054248929258897,1.9351575571298836,0.006308981088491586,0.5188785273771919,11.21,832.7332952538361,0.679999999999995,0.839999999999995,50000.0,5.0,250000.0,1699.9999999999875,2099.9999999999873
2025-12-04,SUZLON,SHORT,A_MOD_BREAK_C1_LOW,MODERATE,2025-12-04 11:45:00+05:30,2025-12-04 12:00:00+05:30,51.720000457763675,51.991530460166935,51.28555245391846,2025-12-04 12:59:00+05:30,51.28555245391846,TARGET,3.399999999999971,4.199999999999971,36.8759651184082,26.837970733642578,9.320796966552734,2.2287332378129836,2.520736926952777,0.004646992487200328,0.763139476776123,11.21,51.991530460166935,0.6799999999999942,0.8399999999999942,50000.0,5.0,250000.0,1699.9999999999854,2099.9999999999854
2025-12-04,RBLBANK,SHORT,A_MOD_BREAK_C1_LOW,MODERATE,2025-12-04 12:45:00+05:30,2025-12-04 13:00:00+05:30,297.9404,299.5045871,295.43770064,2025-12-04 15:30:00+05:30,298.20001220703125,EOD,-1.2356780870120985,-0.43567808701209865,27.848299026489258,28.184581756591797,0.828916072845459,2.1872275276115096,2.3415710507215244,0.004277807432359099,0.6277244853973389,11.21,299.5045871,-0.2471356174024197,-0.08713561740241973,50000.0,5.0,250000.0,-617.8390435060493,-217.83904350604934
2025-12-04,GANDHAR,SHORT,B_HUGE_RED_FAILED_BOUNCE,HUGE,2025-12-04 10:30:00+05:30,2025-12-04 13:45:00+05:30,125.60000152587891,126.25940153388977,124.54496151306154,2025-12-04 15:30:00+05:30,125.38999938964844,EOD,0.035995755092416565,0.8359957550924164,29.484106063842773,29.72220230102539,28.183252334594727,0.08309616328620492,1.6830873049346267,0.005733986554756791,0.3409577847794588,11.21,126.25940153388977,0.007199151018483313,0.1671991510184833,50000.0,5.0,250000.0,17.99787754620828,417.9978775462082
2025-12-05,GODREJAGRO,SHORT,A_MOD_BREAK_C1_LOW,MODERATE,2025-12-05 10:00:00+05:30,2025-12-05 10:15:00+05:30,579.884,582.928391,575.0129744000001,2025-12-05 10:29:00+05:30,582.928391,SL,-3.425000000000016,-2.625000000000016,33.51020812988281,28.614105224609375,3.2917683124542236,1.1787724844037641,2.862496608831741,0.0033743722685452165,0.5689383067189009,10.82,582.928391,-0.6850000000000032,-0.5250000000000032,50000.0,5.0,250000.0,-1712.500000000008,-1312.5000000000082
2025-12-05,MEDANTA,SHORT,A_MOD_BREAK_C1_LOW,MODERATE,2025-12-05 10:15:00+05:30,2025-12-05 10:30:00+05:30,1160.9677111816407,1167.0627916653443,1151.215582407715,2025-12-05 10:34:00+05:30,1167.0627916653443,SL,-3.425000000000024,-2.6250000000000235,25.433149337768555,21.224597930908203,3.208665370941162,1.9401820620330896,3.6625980005389907,0.006322988561098748,0.581029100922319,10.82,1167.0627916653443,-0.6850000000000047,-0.5250000000000047,50000.0,5.0,250000.0,-1712.5000000000118,-1312.5000000000118
2025-12-05,SUNTECK,SHORT,A_MOD_BREAK_C1_LOW,MODERATE,2025-12-05 10:15:00+05:30,2025-12-05 10:30:00+05:30,407.66845,409.8087093625,404.24403502,2025-12-05 14:41:00+05:30,404.24403502,TARGET,3.399999999999994,4.199999999999994,25.77403450012207,22.351648330688477,10.384978294372559,0.7574635875280562,2.505534166814647,0.00462355816651426,0.3791666453192409,10.82,409.8087093625,0.6799999999999988,0.8399999999999987,50000.0,5.0,250000.0,1699.999999999997,2099.999999999997
2025-12-05,MPSLTD,SHORT,A_MOD_BREAK_C1_LOW,MODERATE,2025-12-05 11:00:00+05:30,2025-12-05 11:15:00+05:30,2116.0767,2127.186102675,2098.3016557200003,2025-12-05 11:25:00+05:30,2098.3016557200003,TARGET,3.39999999999994,4.19999999999994,38.61903762817383,26.945384979248047,5.021987438201904,1.4841899280517596,2.1153679114704658,0.005325513389581996,0.6990188018316652,10.82,2127.186102675,0.679999999999988,0.839999999999988,50000.0,5.0,250000.0,1699.9999999999698,2099.99999999997
2025-12-05,KIRLOSBROS,SHORT,A_MOD_BREAK_C1_LOW,MODERATE,2025-12-05 11:45:00+05:30,2025-12-05 12:00:00+05:30,1600.8797111816407,1609.2843296653443,1587.432321607715,2025-12-05 14:48:00+05:30,1587.432321607715,TARGET,3.3999999999999586,4.199999999999958,36.28223419189453,22.334413528442383,8.560078620910645,2.0623622829005246,2.955675239646244,0.004487685482627829,0.7542335128784179,10.82,1609.2843296653443,0.6799999999999917,0.8399999999999916,50000.0,5.0,250000.0,1699.9999999999793,2099.999999999979
2025-12-05,IXIGO,SHORT,A_PULLBACK_C2_THEN_BREAK_C2_LOW,MODERATE,2025-12-05 11:45:00+05:30,2025-12-05 12:15:00+05:30,233.84999389648436,235.0777063644409,231.8856539477539,2025-12-05 12:35:00+05:30,231.8856539477539,TARGET,3.400000000000001,4.2,29.774215698242188,24.548141479492188,1.307033658027649,2.3683308346197274,3.2302739162649967,0.010920957018697768,0.6566132354736327,10.82,235.0777063644409,0.6800000000000002,0.8400000000000001,50000.0,5.0,250000.0,1700.0000000000002,2100.0000000000005
2025-12-05,LIKHITHA,SHORT,A_MOD_BREAK_C1_LOW,MODERATE,2025-12-05 12:00:00+05:30,2025-12-05 12:15:00+05:30,187.95,188.9367375,186.37122,2025-12-05 12:20:00+05:30,186.37122,TARGET,3.399999999999986,4.199999999999986,25.607709884643555,33.38096618652344,17.258018493652344,0.8440744590417748,1.4965704671929598,0.004703393431099639,0.3666572019616119,10.82,188.9367375,0.6799999999999973,0.8399999999999972,50000.0,5.0,250000.0,1699.9999999999932,2099.9999999999927
2025-12-05,VINDHYATEL,SHORT,A_MOD_BREAK_C1_LOW,MODERATE,2025-12-05 12:00:00+05:30,2025-12-05 12:15:00+05:30,1477.1045444091797,1484.8593432673279,1464.6968662361426,2025-12-05 12:40:00+05:30,1484.8593432673279,SL,-3.4250000000000047,-2.6250000000000044,26.09900665283203,28.205331802368164,5.960353374481201,0.979616549221145,1.8125755132100738,0.005879514718079914,0.41354677156668457,10.82,1484.8593432673279,-0.6850000000000009,-0.5250000000000009,50000.0,5.0,250000.0,-1712.5000000000025,-1312.5000000000023
2025-12-05,EVEREADY,SHORT,A_MOD_BREAK_C1_LOW,MODERATE,2025-12-05 13:30:00+05:30,2025-12-05 13:45:00+05:30,313.83721389770506,315.484859270668,311.2009813009644,2025-12-05 14:10:00+05:30,311.2009813009644,TARGET,3.3999999999999373,4.199999999999937,25.735437393188477,31.67083168029785,13.851780891418457,1.9623764715749563,2.4392103836511154,0.005129653557091002,0.5894474434234445,10.82,315.484859270668,0.6799999999999875,0.8399999999999874,50000.0,5.0,250000.0,1699.9999999999686,2099.9999999999686
2025-12-05,VINCOFE,LONG,B_HUGE_GREEN_PULLBACK_HOLD_THEN_BREAK,HUGE,2025-12-05 12:30:00+05:30,2025-12-05 14:30:00+05:30,168.72999267578126,167.84416021423343,170.50165759887696,2025-12-05 14:47:00+05:30,167.84416021423343,SL,-3.4249999999999514,-2.624999999999952,29.09650230407715,76.93241882324219,84.81695556640625,2.4878206516964734,3.8305429889103237,0.007310620063188998,8.556778477973598,10.82,167.84416021423343,-0.6849999999999903,-0.5249999999999904,100000.0,5.0,500000.0,-3424.9999999999513,-2624.9999999999523
2025-12-08,ATGL,SHORT,A_MOD_BREAK_C1_LOW,MODERATE,2025-12-08 10:00:00+05:30,2025-12-08 10:15:00+05:30,585.9827555908203,589.0591650576721,581.0605004438573,2025-12-08 10:21:00+05:30,581.0605004438573,TARGET,3.4000000000000306,4.20000000000003,26.037748336791992,27.06683921813965,6.8325605392456055,1.4533363463564875,2.7760029777799358,0.0032151946631234015,0.5049000856642651,10.32,589.0591650576721,0.6800000000000062,0.8400000000000061,50000.0,5.0,250000.0,1700.0000000000152,2100.000000000015
2025-12-08,PENIND,SHORT,A_MOD_BREAK_C1_LOW,MODERATE,2025-12-08 10:00:00+05:30,2025-12-08 10:15:00+05:30,199.95,200.99973749999998,198.27042,2025-12-08 11:06:00+05:30,198.27042,TARGET,3.3999999999999684,4.199999999999969,42.444244384765625,19.235090255737305,2.4672086238861084,1.20471576852009,3.9930578851530747,0.00674803196044616,0.7074889252625001,10.32,200.99973749999998,0.6799999999999937,0.8399999999999938,50000.0,5.0,250000.0,1699.9999999999843,2099.999999999984
2025-12-08,PRAKASH,SHORT,A_MOD_BREAK_C1_LOW,MODERATE,2025-12-08 10:00:00+05:30,2025-12-08 10:15:00+05:30,127.46000213623047,128.12916714744568,126.38933811828613,2025-12-08 10:41:00+05:30,126.38933811828613,TARGET,3.4000000000000097,4.200000000000009,33.34916687011719,23.249094009399414,4.839179992675781,1.6205202866573505,3.6948108493014358,0.006964959579685375,0.6438285532167942,10.32,128.12916714744568,0.6800000000000019,0.8400000000000019,50000.0,5.0,250000.0,1700.000000000005,2100.0000000000045
2025-12-08,RUPA,SHORT,A_MOD_BREAK_C1_LOW,MODERATE,2025-12-08 10:00:00+05:30,2025-12-08 10:15:00+05:30,164.0699951171875,164.93136259155273,162.69180715820312,2025-12-08 11:35:00+05:30,162.69180715820312,TARGET,3.3999999999999844,4.199999999999984,26.722414016723633,25.45099639892578,1.657591462135315,1.321805772559508,3.601964080654739,0.0050818653901248305,0.49215222044876833,10.32,164.93136259155273,0.6799999999999968,0.8399999999999969,50000.0,5.0,250000.0,1699.999999999992,2099.9999999999923
2025-12-08,SJVN,SHORT,A_MOD_BREAK_C1_LOW,MODERATE,2025-12-08 10:00:00+05:30,2025-12-08 10:15:00+05:30,72.39999694824219,72.78009693222046,71.79183697387695,2025-12-08 12:37:00+05:30,71.79183697387695,TARGET,3.400000000000012,4.200000000000012,47.86653518676758,13.412847518920898,6.444899082183838,2.0149023532329022,5.279063775640695,0.00348767823186414,0.9279980278015136,10.32,72.78009693222046,0.6800000000000024,0.8400000000000024,50000.0,5.0,250000.0,1700.000000000006,2100.000000000006
2025-12-08,TEXRAIL,SHORT,A_MOD_BREAK_C1_LOW,MODERATE,2025-12-08 10:00:00+05:30,2025-12-08 10:15:00+05:30,119.99000091552735,120.61994842033386,118.98208490783692,2025-12-08 12:36:00+05:30,118.98208490783692,TARGET,3.3999999999999844,4.199999999999984,47.14904022216797,16.963924407958984,6.676818370819092,2.030777165579834,4.514604529044962,0.0042565861549128375,0.9172356033325195,10.32,120.61994842033386,0.6799999999999968,0.8399999999999969,50000.0,5.0,250000.0,1699.999999999992,2099.9999999999923
2025-12-08,MANYAVAR,SHORT,A_PULLBACK_C2_THEN_BREAK_C2_LOW,MODERATE,2025-12-08 10:15:00+05:30,2025-12-08 10:45:00+05:30,587.0325944091796,590.1145155298278,582.1015206161426,2025-12-08 11:23:00+05:30,590.1145155298278,SL,-3.424999999999997,-2.6249999999999973,39.609596252441406,12.36670207977295,17.151893615722656,1.2702996436728502,2.7827425609447163,0.005332665775897311,0.6764463814293697,10.32,590.1145155298278,-0.6849999999999994,-0.5249999999999995,50000.0,5.0,250000.0,-1712.4999999999986,-1312.4999999999986
2025-12-08,TITAGARH,SHORT,A_PULLBACK_C2_THEN_BREAK_C2_LOW,MODERATE,2025-12-08 10:15:00+05:30,2025-12-08 10:45:00+05:30,774.3950777954102,778.4606519538361,767.8901591419287,2025-12-08 10:55:00+05:30,778.4606519538361,SL,-3.424999999999981,-2.624999999999982,25.26994514465332,29.169025421142578,14.136199951171875,1.7113517367585356,2.9777900669002686,0.005096444301944203,0.5385357311025436,10.32,778.4606519538361,-0.6849999999999963,-0.5249999999999964,50000.0,5.0,250000.0,-1712.4999999999907,-1312.499999999991
2025-12-08,PNGJL,SHORT,A_MOD_BREAK_C1_LOW,MODERATE,2025-12-08 10:30:00+05:30,2025-12-08 10:45:00+05:30,605.2289055908203,608.4063573451721,600.1449827838575,2025-12-08 11:05:00+05:30,600.1449827838575,TARGET,3.399999999999963,4.199999999999963,26.6792049407959,28.146400451660156,4.729394435882568,1.7397639484503102,2.568725908291883,0.006383230739257007,0.5646467650907427,10.32,608.4063573451721,0.6799999999999926,0.8399999999999926,50000.0,5.0,250000.0,1699.9999999999816,2099.999999999982
2025-12-08,DLF,SHORT,A_MOD_BREAK_C1_LOW,MODERATE,2025-12-08 10:45:00+05:30,2025-12-08 11:00:00+05:30,697.9603555908203,701.6246474576722,692.0974886038574,2025-12-08 11:55:00+05:30,692.0974886038574,TARGET,3.4000000000000066,4.200000000000006,32.765079498291016,23.435062408447266,1.0026440620422363,2.332556973206166,3.8711623891204208,0.005294617531466129,0.7014761924743651,10.32,701.6246474576722,0.6800000000000013,0.8400000000000012,50000.0,5.0,250000.0,1700.0000000000032,2100.0000000000027
2025-12-08,GODREJPROP,SHORT,A_MOD_BREAK_C1_LOW,MODERATE,2025-12-08 11:00:00+05:30,2025-12-08 11:15:00+05:30,2003.5992,2014.1180958,1986.7689667200002,2025-12-08 12:07:00+05:30,1986.7689667200002,TARGET,3.3999999999999755,4.199999999999975,28.85116195678711,21.15946388244629,3.9019246101379395,2.1802140277794906,3.9271373445052813,0.006190578408616525,0.6427674293518066,10.32,2014.1180958,0.679999999999995,0.8399999999999951,50000.0,5.0,250000.0,1699.9999999999875,2099.9999999999877
2025-12-08,INDNIPPON,SHORT,A_MOD_BREAK_C1_LOW,MODERATE,2025-12-08 11:00:00+05:30,2025-12-08 11:15:00+05:30,792.3415,796.501292875,785.6858314,2025-12-08 13:04:00+05:30,785.6858314,TARGET,3.4000000000000083,4.200000000000008,53.315948486328125,23.302427291870117,14.632308959960938,1.0508189502683905,2.457274660701149,0.00768165470283541,0.7938933162969684,10.32,796.501292875,0.6800000000000017,0.8400000000000016,50000.0,5.0,250000.0,1700.0000000000043,2100.000000000004
2025-12-08,BLUEDART,SHORT,A_MOD_BREAK_C1_LOW,MODERATE,2025-12-08 11:15:00+05:30,2025-12-08 11:30:00+05:30,5461.9074,5490.58241385,5416.027377840001,2025-12-08 11:32:00+05:30,5416.027377840001,TARGET,3.399999999999954,4.199999999999954,27.447996139526367,17.209287643432617,4.022227764129639,3.7686828907881256,3.384261731748157,0.0034972349962660585,0.6217199420928954,10.32,5490.58241385,0.6799999999999908,0.8399999999999908,50000.0,5.0,250000.0,1699.999999999977,2099.999999999977
2025-12-08,INDIGO,SHORT,A_MOD_BREAK_C1_LOW,MODERATE,2025-12-08 11:15:00+05:30,2025-12-08 11:30:00+05:30,4985.0028,5011.1740647,4943.12877648,2025-12-08 11:32:00+05:30,5011.1740647,SL,-3.4249999999999483,-2.624999999999948,49.195068359375,19.45693588256836,8.433682441711426,1.9431438524296754,3.6119875559314814,0.01235424532673033,0.937976199565818,10.32,5011.1740647,-0.6849999999999896,-0.5249999999999896,50000.0,5.0,250000.0,-1712.499999999974,-1312.499999999974
2025-12-08,MOL,SHORT,A_MOD_BREAK_C1_LOW,MODERATE,2025-12-08 11:15:00+05:30,2025-12-08 11:30:00+05:30,63.7,64.034425,63.16492,2025-12-08 12:11:00+05:30,63.16492,TARGET,3.4000000000000052,4.200000000000005,36.28733825683594,20.483200073242188,5.020092487335205,1.8872165046717742,3.198668118964468,0.005501400255689434,0.7345729621700994,10.32,64.034425,0.680000000000001,0.840000000000001,50000.0,5.0,250000.0,1700.0000000000027,2100.0000000000023
2025-12-08,AEROFLEX,SHORT,A_MOD_BREAK_C1_LOW,MODERATE,2025-12-08 11:30:00+05:30,2025-12-08 11:45:00+05:30,171.7,172.60142499999998,170.25772,2025-12-08 12:28:00+05:30,170.25772,TARGET,3.3999999999999497,4.1999999999999496,33.66243362426758,23.432579040527344,9.366238594055176,2.027987412624266,2.844938885024113,0.005903549254911747,0.7149365043640137,10.32,172.60142499999998,0.67999999999999,0.8399999999999899,50000.0,5.0,250000.0,1699.999999999975,2099.9999999999745
2025-12-08,HUDCO,SHORT,A_MOD_BREAK_C1_LOW,MODERATE,2025-12-08 11:30:00+05:30,2025-12-08 11:45:00+05:30,218.0699951171875,219.21486259155273,216.23820715820312,2025-12-08 12:16:00+05:30,216.23820715820312,TARGET,3.3999999999999755,4.199999999999975,27.109113693237305,31.64791488647461,2.9798243045806885,2.015288752773301,2.5315914550667733,0.005412934260456616,0.6166367053985595,10.32,219.21486259155273,0.679999999999995,0.8399999999999951,50000.0,5.0,250000.0,1699.9999999999875,2099.9999999999877
2025-12-08,PREMEXPLN,SHORT,A_MOD_BREAK_C1_LOW,MODERATE,2025-12-08 11:30:00+05:30,2025-12-08 11:45:00+05:30,510.8978,513.58001345,506.60625848000006,2025-12-08 12:30:00+05:30,506.60625848000006,TARGET,3.399999999999954,4.199999999999954,40.29854202270508,17.67177391052246,6.8158183097839355,2.4249976756887457,3.2508718998017065,0.006295331294837899,0.8144781303405761,10.32,513.58001345,0.6799999999999908,0.8399999999999908,50000.0,5.0,250000.0,1699.999999999977,2099.999999999977
2025-12-08,OLECTRA,SHORT,A_PULLBACK_C2_THEN_BREAK_C2_LOW,MODERATE,2025-12-08 11:30:00+05:30,2025-12-08 12:00:00+05:30,1182.7634,1188.97290785,1172.8281874400002,2025-12-08 13:10:00+05:30,1172.8281874400002,TARGET,3.3999999999999386,4.199999999999938,25.713041305541992,25.608078002929688,7.168810844421387,2.248538913229202,2.8988597470750808,0.005978962120697621,0.5956956195831298,10.32,1188.97290785,0.6799999999999877,0.8399999999999876,50000.0,5.0,250000.0,1699.9999999999693,2099.999999999969
2025-12-08,HGS,SHORT,A_MOD_BREAK_C1_LOW,MODERATE,2025-12-08 11:45:00+05:30,2025-12-08 12:00:00+05:30,459.908,462.322517,456.04477280000003,2025-12-08 13:33:00+05:30,456.04477280000003,TARGET,3.3999999999999817,4.1999999999999815,39.433902740478516,25.200742721557617,8.527538299560547,1.6130600461319058,2.3761496710595162,0.004829188533451247,0.7337940491802613,10.32,462.322517,0.6799999999999964,0.8399999999999963,50000.0,5.0,250000.0,1699.999999999991,2099.999999999991
2025-12-08,GAIL,SHORT,A_MOD_BREAK_C1_LOW,MODERATE,2025-12-08 12:00:00+05:30,2025-12-08 12:15:00+05:30,161.8000061035156,162.64945613555906,160.4408860522461,2025-12-08 15:30:00+05:30,161.1699981689453,EOD,1.1468724066896443,1.9468724066896441,41.48189926147461,17.228408813476562,3.5919246673583984,2.0324780925528656,3.0169644958056594,0.00325596035572772,0.8322284889221192,10.32,162.64945613555906,0.22937448133792887,0.38937448133792885,50000.0,5.0,250000.0,573.4362033448222,973.4362033448222
2025-12-08,TI,SHORT,A_MOD_BREAK_C1_LOW,MODERATE,2025-12-08 12:00:00+05:30,2025-12-08 12:15:00+05:30,440.6118722045899,442.92508453366395,436.91073247807134,2025-12-08 12:20:00+05:30,436.91073247807134,TARGET,3.3999999999999764,4.199999999999976,25.297332763671875,24.162057876586914,3.1881871223449707,2.1767540517027157,2.6085550465109795,0.005701329973008897,0.5894599914550782,10.32,442.92508453366395,0.6799999999999953,0.8399999999999953,50000.0,5.0,250000.0,1699.9999999999882,2099.999999999988
2025-12-08,GRSE,SHORT,A_MOD_BREAK_C1_LOW,MODERATE,2025-12-08 12:15:00+05:30,2025-12-08 12:30:00+05:30,2389.522,2402.0669905,2369.4500152,2025-12-08 13:12:00+05:30,2369.4500152,TARGET,3.3999999999999755,4.199999999999975,50.59487533569336,15.982337951660156,4.0172600746154785,2.436436369463291,2.7913065762444678,0.006185213518842997,0.96,10.32,2402.0669905,0.679999999999995,0.8399999999999951,50000.0,5.0,250000.0,1699.9999999999875,2099.9999999999877
2025-12-08,HITECH,SHORT,A_MOD_BREAK_C1_LOW,MODERATE,2025-12-08 12:15:00+05:30,2025-12-08 12:30:00+05:30,93.89000244140625,94.38292495422364,93.10132642089845,2025-12-08 13:30:00+05:30,93.10132642089845,TARGET,3.399999999999974,4.1999999999999735,28.142009735107422,25.00063133239746,1.6608459949493408,2.401097575417954,2.832753101197983,0.006569519211308722,0.6321301460266113,10.32,94.38292495422364,0.6799999999999948,0.8399999999999948,50000.0,5.0,250000.0,1699.999999999987,2099.999999999987
2025-12-08,INDIANB,SHORT,A_MOD_BREAK_C1_LOW,MODERATE,2025-12-08 12:15:00+05:30,2025-12-08 12:30:00+05:30,787.1425277954102,791.2750260663361,780.5305305619288,2025-12-08 13:03:00+05:30,780.5305305619288,TARGET,3.3999999999999475,4.199999999999947,29.65472412109375,23.652904510498047,3.202620267868042,2.1746870400991964,3.003441556355094,0.0052202958933870195,0.6548208618164062,10.32,791.2750260663361,0.6799999999999895,0.8399999999999894,50000.0,5.0,250000.0,1699.9999999999736,2099.9999999999736
2025-12-08,RITES,SHORT,A_MOD_BREAK_C1_LOW,MODERATE,2025-12-08 12:15:00+05:30,2025-12-08 12:30:00+05:30,222.45,223.61786249999997,220.58142,2025-12-08 15:30:00+05:30,221.85000610351562,EOD,0.548603948043074,1.348603948043074,30.06219482421875,20.38194465637207,1.5125129222869873,2.8081070090109854,3.184784212166456,0.004230186710359391,0.6609329223632812,10.32,223.61786249999997,0.10972078960861481,0.2697207896086148,50000.0,5.0,250000.0,274.30197402153703,674.301974021537
2025-12-08,SIRCA,SHORT,A_MOD_BREAK_C1_LOW,MODERATE,2025-12-08 12:15:00+05:30,2025-12-08 12:30:00+05:30,483.2533361022949,485.7904161168319,479.19400807903565,2025-12-08 12:33:00+05:30,479.19400807903565,TARGET,3.399999999999963,4.199999999999963,38.333961486816406,23.96934700012207,4.833963871002197,3.015127979460305,3.0172286342664876,0.006451275585483586,0.7850094223022461,10.32,485.7904161168319,0.6799999999999926,0.8399999999999925,50000.0,5.0,250000.0,1699.9999999999816,2099.9999999999814
2025-12-08,YESBANK,SHORT,A_MOD_BREAK_C1_LOW,MODERATE,2025-12-08 12:15:00+05:30,2025-12-08 12:30:00+05:30,22.099999618530273,22.216024616527555,21.91435962173462,2025-12-08 13:21:00+05:30,21.91435962173462,TARGET,3.3999999999999964,4.199999999999997,27.516122817993164,25.628652572631836,2.0357656478881836,2.3070026460061874,2.5621209102855564,0.003932437311621348,0.6227418422698974,10.32,22.216024616527555,0.6799999999999993,0.8399999999999993,50000.0,5.0,250000.0,1699.9999999999982,2099.999999999998
2025-12-08,GESHIP,SHORT,A_MOD_BREAK_C1_LOW,MODERATE,2025-12-08 12:30:00+05:30,2025-12-08 12:45:00+05:30,1066.2867,1071.8847051750001,1057.3298917200002,2025-12-08 14:16:00+05:30,1071.8847051750001,SL,-3.4250000000000114,-2.6250000000000115,40.55091857910156,20.01923942565918,3.8943428993225098,2.8420127516566467,2.8702678927334753,0.004640064270279771,0.8182637786865234,10.32,1071.8847051750001,-0.6850000000000023,-0.5250000000000024,50000.0,5.0,250000.0,-1712.5000000000057,-1312.500000000006
2025-12-08,ALKYLAMINE,SHORT,A_MOD_BREAK_C1_LOW,MODERATE,2025-12-08 12:45:00+05:30,2025-12-08 13:00:00+05:30,1601.2796555908203,1609.686373782672,1587.8289064838575,2025-12-08 15:22:00+05:30,1609.686373782672,SL,-3.4249999999999736,-2.6249999999999742,47.387630462646484,21.583106994628906,6.883554458618164,1.9891088637095364,2.4426769988829586,0.004238123356452917,0.9189085080888661,10.32,1609.686373782672,-0.6849999999999947,-0.5249999999999948,50000.0,5.0,250000.0,-1712.4999999999868,-1312.499999999987
2025-12-08,SAREGAMA,SHORT,A_MOD_BREAK_C1_LOW,MODERATE,2025-12-08 12:45:00+05:30,2025-12-08 13:00:00+05:30,348.0303861022949,349.857545629332,345.1069308590357,2025-12-08 14:11:00+05:30,349.857545629332,SL,-3.425000000000008,-2.625000000000008,32.06525802612305,19.554780960083008,1.6063642501831055,2.067453830156638,3.293668900048561,0.008035600801934838,0.6909788703918456,10.32,349.857545629332,-0.6850000000000016,-0.5250000000000016,50000.0,5.0,250000.0,-1712.5000000000039,-1312.500000000004
2025-12-08,TATAPOWER,SHORT,A_MOD_BREAK_C1_LOW,MODERATE,2025-12-08 12:45:00+05:30,2025-12-08 13:00:00+05:30,375.9248,377.8984052,372.76703168,2025-12-08 14:39:00+05:30,372.76703168,TARGET,3.400000000000003,4.200000000000003,31.92254066467285,26.251201629638672,9.2869291305542,1.6196253856117275,2.380882988695914,0.00393977341297242,0.6222725524521451,10.32,377.8984052,0.6800000000000006,0.8400000000000006,50000.0,5.0,250000.0,1700.0000000000014,2100.000000000002
2025-12-08,TNPL,SHORT,A_MOD_BREAK_C1_LOW,MODERATE,2025-12-08 12:45:00+05:30,2025-12-08 13:00:00+05:30,138.0500061035156,138.77476863555907,136.8903860522461,2025-12-08 14:59:00+05:30,136.8903860522461,TARGET,3.3999999999999355,4.199999999999935,30.315526962280273,23.65538215637207,7.079873561859131,2.0819298680329776,2.661456216510347,0.0034757348630001673,0.6647329044342041,10.32,138.77476863555907,0.6799999999999871,0.8399999999999871,50000.0,5.0,250000.0,1699.9999999999675,2099.9999999999677
2025-12-08,TRENT,SHORT,A_MOD_BREAK_C1_LOW,MODERATE,2025-12-08 12:45:00+05:30,2025-12-08 13:00:00+05:30,4116.376755273437,4137.987733238622,4081.7991905291406,2025-12-08 14:41:00+05:30,4081.7991905291406,TARGET,3.3999999999999586,4.199999999999958,27.313390731811523,26.673818588256836,8.633131980895996,1.8892428590676245,1.8933349719678747,0.004314826565538431,0.5949851099124008,10.32,4137.987733238622,0.6799999999999917,0.8399999999999916,50000.0,5.0,250000.0,1699.9999999999793,2099.999999999979
2025-12-08,ANTELOPUS,SHORT,A_MOD_BREAK_C1_LOW,MODERATE,2025-12-08 13:00:00+05:30,2025-12-08 13:15:00+05:30,368.9262,370.86306255,365.82721992,2025-12-08 13:36:00+05:30,365.82721992,TARGET,3.399999999999986,4.199999999999986,25.927888870239258,21.962665557861328,5.2324748039245605,3.179834752978352,2.9371646407250234,0.005748352563418763,0.5989183330535888,10.32,370.86306255,0.6799999999999973,0.8399999999999972,50000.0,5.0,250000.0,1699.9999999999932,2099.9999999999927
2025-12-08,LAURUSLABS,SHORT,A_PULLBACK_C2_THEN_BREAK_C2_LOW,MODERATE,2025-12-08 13:00:00+05:30,2025-12-08 13:30:00+05:30,1005.1989444091797,1010.4762388673279,996.7552732761426,2025-12-08 14:42:00+05:30,996.7552732761426,TARGET,3.4000000000000097,4.200000000000009,26.64049530029297,25.73599624633789,3.724191188812256,3.278223464011884,2.784187643732621,0.00418749863165175,0.6096074295043945,10.32,1010.4762388673279,0.6800000000000019,0.8400000000000019,50000.0,5.0,250000.0,1700.000000000005,2100.0000000000045
2025-12-08,ASIANPAINT,SHORT,A_MOD_BREAK_C1_LOW,MODERATE,2025-12-08 13:45:00+05:30,2025-12-08 14:00:00+05:30,2929.6139111816406,2944.9943842153443,2905.005154327715,2025-12-08 15:30:00+05:30,2924.0,EOD,0.1581315749856313,0.9581315749856312,25.035423278808594,35.650569915771484,31.30957794189453,1.438596464112859,1.7561007747429682,0.0022317765258206383,0.4750907691390276,10.32,2944.9943842153443,0.03162631499712626,0.19162631499712623,50000.0,5.0,250000.0,79.06578749281564,479.06578749281556
2025-12-08,GIPCL,SHORT,A_MOD_BREAK_C1_LOW,MODERATE,2025-12-08 13:45:00+05:30,2025-12-08 14:00:00+05:30,146.66000671386718,147.42997174911497,145.4280626574707,2025-12-08 14:05:00+05:30,145.4280626574707,TARGET,3.4000000000000066,4.200000000000006,66.04364776611328,19.379154205322266,11.873092651367188,2.8482002729641756,3.858702836283246,0.006783273349813864,0.96,10.32,147.42997174911497,0.6800000000000013,0.8400000000000012,50000.0,5.0,250000.0,1700.0000000000032,2100.0000000000027
2025-12-08,MOIL,SHORT,A_MOD_BREAK_C1_LOW,MODERATE,2025-12-08 14:00:00+05:30,2025-12-08 14:15:00+05:30,315.1369722045898,316.79144130866393,312.4898216380713,2025-12-08 14:40:00+05:30,316.79144130866393,SL,-3.425000000000021,-2.6250000000000213,28.34385108947754,18.502626419067383,2.8896992206573486,4.267166354739655,4.089208812238043,0.005121452128964065,0.635157766342163,10.32,316.79144130866393,-0.6850000000000043,-0.5250000000000042,50000.0,5.0,250000.0,-1712.5000000000107,-1312.5000000000107
2025-12-10,AFFLE,LONG,A_MOD_BREAK_C1_HIGH,MODERATE,2025-12-10 10:15:00+05:30,2025-12-10 10:30:00+05:30,1655.8311,1647.1379867250002,1673.21732655,2025-12-10 10:31:00+05:30,1673.21732655,TARGET,4.449999999999984,5.249999999999984,39.735618591308594,72.08402252197266,83.8921127319336,1.4082639678732274,2.2913105529876043,0.005376028892173756,5.430319787578191,10.95,1647.1379867250002,0.8899999999999968,1.0499999999999967,100000.0,5.0,500000.0,4449.9999999999845,5249.999999999984
2025-12-10,APOLLOHOSP,SHORT,A_MOD_BREAK_C1_LOW,MODERATE,2025-12-10 14:15:00+05:30,2025-12-10 14:30:00+05:30,7011.0975,7047.905761874999,6952.204281,2025-12-10 15:30:00+05:30,7027.0,EOD,-1.934094911673967,-1.1340949116739671,25.877952575683594,33.404449462890625,15.86972427368164,1.8295037673401653,1.939463881053745,0.0027597866270458525,0.56530564197247,10.95,7047.905761874999,-0.3868189823347934,-0.22681898233479345,50000.0,5.0,250000.0,-967.0474558369834,-567.0474558369837
2025-12-12,VIJAYA,SHORT,A_MOD_BREAK_C1_LOW,MODERATE,2025-12-12 12:15:00+05:30,2025-12-12 12:30:00+05:30,985.7028444091796,990.8777843423278,977.4229405161426,2025-12-12 12:36:00+05:30,977.4229405161426,TARGET,3.3999999999999666,4.199999999999966,41.010597229003906,20.073942184448242,10.166921615600586,1.5531969700285486,2.2056058621761503,0.0031170753192853273,0.7469684281900546,10.4,990.8777843423278,0.6799999999999933,0.8399999999999933,50000.0,5.0,250000.0,1699.9999999999832,2099.999999999983
2025-12-12,RPTECH,LONG,B_HUGE_GREEN_PULLBACK_HOLD_THEN_BREAK,HUGE,2025-12-12 12:00:00+05:30,2025-12-12 13:00:00+05:30,343.0686,341.26748985,346.6708203,2025-12-12 13:03:00+05:30,346.6708203,TARGET,4.449999999999999,5.249999999999999,52.48949432373047,76.49797058105469,79.37431335449219,2.3078116235764043,2.9734485658654712,0.005343783203030395,8.035584125446952,10.4,341.26748985,0.8899999999999999,1.0499999999999998,100000.0,5.0,500000.0,4449.999999999999,5249.999999999999
2025-12-15,MOLDTECH,LONG,B_HUGE_GREEN_PULLBACK_HOLD_THEN_BREAK,HUGE,2025-12-15 10:00:00+05:30,2025-12-15 11:00:00+05:30,167.3299987792969,166.4515162857056,169.0869637664795,2025-12-15 11:03:00+05:30,169.0869637664795,TARGET,4.449999999999987,5.249999999999987,26.681440353393555,76.95470428466797,79.32866668701172,1.1390267505115623,4.2439539779563455,0.007002361518256356,6.93693150124067,10.11,166.4515162857056,0.8899999999999975,1.0499999999999974,100000.0,5.0,500000.0,4449.999999999987,5249.999999999987
2025-12-15,ACUTAAS,SHORT,A_MOD_BREAK_C1_LOW,MODERATE,2025-12-15 10:45:00+05:30,2025-12-15 11:00:00+05:30,1631.4736888183593,1640.0389256846556,1617.7693098322852,2025-12-15 15:30:00+05:30,1631.5999755859375,EOD,-0.8387032804892147,-0.038703280489214786,25.364709854125977,25.027889251708984,4.215628623962402,1.4285273810568149,2.4178428884053793,0.00548036661544621,0.49046293949683223,10.11,1640.0389256846556,-0.16774065609784294,-0.007740656097842957,50000.0,5.0,250000.0,-419.3516402446074,-19.351640244607392
2025-12-15,TARC,LONG,B_HUGE_GREEN_PULLBACK_HOLD_THEN_BREAK,HUGE,2025-12-15 10:30:00+05:30,2025-12-15 12:15:00+05:30,150.77000122070314,149.97845871429445,152.35308623352051,2025-12-15 12:20:00+05:30,152.35308623352051,TARGET,4.449999999999983,5.249999999999982,29.16322898864746,74.40435028076172,83.10218811035156,2.3024443801712673,3.1296650903316467,0.006301943313797397,7.394844191996229,10.11,149.97845871429445,0.8899999999999966,1.0499999999999965,100000.0,5.0,500000.0,4449.999999999983,5249.999999999982
2025-12-15,BALKRISIND,LONG,B_HUGE_GREEN_PULLBACK_HOLD_THEN_BREAK,HUGE,2025-12-15 11:30:00+05:30,2025-12-15 12:45:00+05:30,2360.2720088378906,2347.880580791492,2385.0548649306884,2025-12-15 13:16:00+05:30,2385.0548649306884,TARGET,4.449999999999995,5.249999999999995,40.23772430419922,71.07636260986328,57.35850524902344,2.176325324528216,2.0502250132291855,0.003885306119636879,6.438104323357051,10.11,2347.880580791492,0.889999999999999,1.049999999999999,100000.0,5.0,500000.0,4449.9999999999945,5249.9999999999945
2025-12-15,KRSNAA,LONG,B_HUGE_GREEN_PULLBACK_HOLD_THEN_BREAK,HUGE,2025-12-15 13:00:00+05:30,2025-12-15 14:00:00+05:30,756.6513,752.678880675,764.59613865,2025-12-15 14:50:00+05:30,752.678880675,SL,-3.425000000000021,-2.6250000000000213,25.199764251708984,68.6465072631836,78.38639068603516,2.9633732081877375,1.910897685663979,0.005316826161423676,7.126037513249046,10.11,752.678880675,-0.6850000000000043,-0.5250000000000042,100000.0,5.0,500000.0,-3425.0000000000214,-2625.0000000000214
2025-12-16,NIITMTS,SHORT,A_MOD_BREAK_C1_LOW,MODERATE,2025-12-16 10:00:00+05:30,2025-12-16 10:15:00+05:30,389.47207779541014,391.51680620383604,386.2005123419287,2025-12-16 11:08:00+05:30,391.51680620383604,SL,-3.4249999999999914,-2.624999999999991,27.42881202697754,21.79315757751465,6.28881311416626,1.0304347909589149,3.922042616553697,0.00601426323235335,0.4517582688224732,10.25,391.51680620383604,-0.6849999999999983,-0.5249999999999982,50000.0,5.0,250000.0,-1712.4999999999957,-1312.4999999999955
2025-12-16,NCC,SHORT,A_PULLBACK_C2_THEN_BREAK_C2_LOW,MODERATE,2025-12-16 10:30:00+05:30,2025-12-16 11:00:00+05:30,158.75999755859374,159.59348754577636,157.42641357910156,2025-12-16 15:21:00+05:30,157.42641357910156,TARGET,3.399999999999962,4.199999999999962,27.029691696166992,29.47388458251953,9.121291160583496,1.1270920530643231,2.5395521036880995,0.0038903812942264965,0.46268648472876145,10.25,159.59348754577636,0.6799999999999924,0.8399999999999923,50000.0,5.0,250000.0,1699.9999999999811,2099.999999999981
2025-12-16,JUBLFOOD,SHORT,A_MOD_BREAK_C1_LOW,MODERATE,2025-12-16 10:45:00+05:30,2025-12-16 11:00:00+05:30,565.8868,568.8577057,561.13335088,2025-12-16 11:16:00+05:30,568.8577057,SL,-3.4250000000000025,-2.6250000000000027,49.16716384887695,23.021615982055664,5.729519367218018,1.3706546908106483,3.396372780181313,0.004358252889536338,0.8373720286250177,10.25,568.8577057,-0.6850000000000005,-0.5250000000000006,50000.0,5.0,250000.0,-1712.5000000000014,-1312.5000000000014
2025-12-16,ETERNAL,SHORT,A_MOD_BREAK_C1_LOW,MODERATE,2025-12-16 11:00:00+05:30,2025-12-16 11:15:00+05:30,284.943,286.43895075,282.5494788,2025-12-16 12:07:00+05:30,286.43895075,SL,-3.4250000000000345,-2.625000000000035,42.527381896972656,16.52344512939453,1.8987504243850708,2.204549624293076,4.167430187201171,0.006377338444318613,0.8479107284545897,10.25,286.43895075,-0.6850000000000069,-0.525000000000007,50000.0,5.0,250000.0,-1712.5000000000173,-1312.5000000000177
2025-12-16,JIOFIN,SHORT,A_MOD_BREAK_C1_LOW,MODERATE,2025-12-16 11:15:00+05:30,2025-12-16 11:30:00+05:30,295.04098610229494,296.58995127933196,292.56264181903566,2025-12-16 15:30:00+05:30,294.70001220703125,EOD,-0.22215842658303292,0.577841573416967,26.955854415893555,26.39217185974121,2.4913909435272217,1.2908969327520714,2.4378448362739804,0.0031455522137183536,0.4902447794700158,10.25,296.58995127933196,-0.04443168531660659,0.11556831468339339,50000.0,5.0,250000.0,-111.07921329151647,288.9207867084835
2025-12-16,MHRIL,SHORT,A_MOD_BREAK_C1_LOW,MODERATE,2025-12-16 11:15:00+05:30,2025-12-16 11:30:00+05:30,301.4397,303.022258425,298.90760652,2025-12-16 14:57:00+05:30,303.022258425,SL,-3.4250000000000034,-2.6250000000000036,51.07708740234375,20.33469581604004,11.612303733825684,1.3852992566086515,2.969776775659507,0.0063342241607463505,0.8524273699065139,10.25,303.022258425,-0.6850000000000007,-0.5250000000000007,50000.0,5.0,250000.0,-1712.5000000000018,-1312.5000000000018
2025-12-16,GAEL,SHORT,A_MOD_BREAK_C1_LOW,MODERATE,2025-12-16 11:30:00+05:30,2025-12-16 11:45:00+05:30,114.89999694824219,115.50322193222046,113.93483697387695,2025-12-16 11:58:00+05:30,115.50322193222046,SL,-3.4249999999999714,-2.6249999999999716,26.221498489379883,22.414396286010742,2.3261256217956543,1.5425744719266143,2.6080588732421663,0.006474295867968734,0.5232730099278557,10.25,115.50322193222046,-0.6849999999999943,-0.5249999999999944,50000.0,5.0,250000.0,-1712.4999999999857,-1312.499999999986
2025-12-16,HIRECT,SHORT,A_MOD_BREAK_C1_LOW,MODERATE,2025-12-16 11:30:00+05:30,2025-12-16 11:45:00+05:30,1436.7126,1444.25534115,1424.64421416,2025-12-16 15:30:00+05:30,1435.0,EOD,-0.20398657323668418,0.5960134267633157,31.403188705444336,25.326190948486328,1.5565108060836792,1.8522194519056385,3.148578553478806,0.0034993612359776292,0.6551862346651518,10.25,1444.25534115,-0.04079731464733684,0.11920268535266314,50000.0,5.0,250000.0,-101.9932866183421,298.00671338165785
2025-12-16,SRHHYPOLTD,LONG,B_HUGE_GREEN_PULLBACK_HOLD_THEN_BREAK,HUGE,2025-12-16 10:15:00+05:30,2025-12-16 12:00:00+05:30,540.108,537.272433,545.7791339999999,2025-12-16 12:01:00+05:30,545.7791339999999,TARGET,4.449999999999944,5.249999999999943,41.46705627441406,79.482421875,76.99885559082031,1.7474092198805766,3.854343756925802,0.010965798606335278,7.789931041321162,10.25,537.272433,0.8899999999999888,1.0499999999999887,100000.0,5.0,500000.0,4449.999999999944,5249.999999999944
2025-12-16,AAVAS,SHORT,A_MOD_BREAK_C1_LOW,MODERATE,2025-12-16 11:45:00+05:30,2025-12-16 12:00:00+05:30,1487.7024,1495.5128375999998,1475.2056998399999,2025-12-16 12:13:00+05:30,1475.2056998399999,TARGET,3.4000000000000155,4.200000000000015,51.076419830322266,22.77963638305664,6.206563949584961,1.6000234621491785,3.000542374727659,0.0070094669211847906,0.8900041058761061,10.25,1495.5128375999998,0.680000000000003,0.8400000000000031,50000.0,5.0,250000.0,1700.0000000000077,2100.0000000000077
2025-12-16,COALINDIA,SHORT,A_MOD_BREAK_C1_LOW,MODERATE,2025-12-16 11:45:00+05:30,2025-12-16 12:00:00+05:30,379.5240861022949,381.516587554332,376.3360837790357,2025-12-16 13:18:00+05:30,381.516587554332,SL,-3.4250000000000167,-2.625000000000017,33.81659698486328,22.943307876586914,2.105177402496338,2.206704107843854,2.929166489790353,0.0022674276981727156,0.7172489547729493,10.25,381.516587554332,-0.6850000000000034,-0.5250000000000034,50000.0,5.0,250000.0,-1712.5000000000084,-1312.5000000000084
2025-12-16,ONMOBILE,LONG,B_HUGE_GREEN_PULLBACK_HOLD_THEN_BREAK,HUGE,2025-12-16 11:15:00+05:30,2025-12-16 13:15:00+05:30,59.7000015258789,59.38657651786804,60.32685154190063,2025-12-16 13:20:00+05:30,60.32685154190063,TARGET,4.4499999999999895,5.249999999999989,44.62871170043945,66.82538604736328,63.098941802978516,2.22867568333284,1.8124340536351842,0.008785791748286566,6.423508758708337,10.25,59.38657651786804,0.8899999999999979,1.0499999999999978,100000.0,5.0,500000.0,4449.99999999999,5249.999999999989
2025-12-16,HEMIPROP,SHORT,A_MOD_BREAK_C1_LOW,MODERATE,2025-12-16 13:00:00+05:30,2025-12-16 13:15:00+05:30,131.45,132.1401125,130.34582,2025-12-16 13:16:00+05:30,130.34582,TARGET,3.3999999999999444,4.199999999999944,32.17494583129883,34.19204330444336,23.195161819458008,1.6468188518694595,1.6471546139825282,0.0034924058376560384,0.6131752172457643,10.25,132.1401125,0.6799999999999888,0.8399999999999889,50000.0,5.0,250000.0,1699.9999999999723,2099.9999999999723
2025-12-16,POLYPLEX,SHORT,A_MOD_BREAK_C1_LOW,MODERATE,2025-12-16 13:15:00+05:30,2025-12-16 13:30:00+05:30,805.6388277954102,809.8684316413361,798.8714616419288,2025-12-16 13:47:00+05:30,809.8684316413361,SL,-3.4250000000000025,-2.6250000000000027,32.008113861083984,18.387039184570312,2.653099298477173,3.59681332508397,4.245913516059775,0.003934782432859056,0.6901217079162598,10.25,809.8684316413361,-0.6850000000000005,-0.5250000000000006,50000.0,5.0,250000.0,-1712.5000000000014,-1312.5000000000014
2025-12-17,SWARAJENG,SHORT,A_MOD_BREAK_C1_LOW,MODERATE,2025-12-17 10:00:00+05:30,2025-12-17 10:15:00+05:30,3660.2678,3679.48420595,3629.5215504800003,2025-12-17 15:25:00+05:30,3629.5215504800003,TARGET,3.3999999999999675,4.199999999999967,30.547903060913086,22.184688568115234,16.070316314697266,0.5348033050004012,2.916118657263285,0.003324934896445197,0.41180912428876654,10.06,3679.48420595,0.6799999999999935,0.8399999999999935,50000.0,5.0,250000.0,1699.9999999999836,2099.9999999999836
2025-12-17,QUICKHEAL,SHORT,A_MOD_BREAK_C1_LOW,MODERATE,2025-12-17 10:30:00+05:30,2025-12-17 10:45:00+05:30,270.04598610229493,271.46372752933195,267.7775998190357,2025-12-17 12:08:00+05:30,267.7775998190357,TARGET,3.399999999999943,4.199999999999943,39.264312744140625,24.171653747558594,18.32093620300293,1.2384094356531372,2.3930691564996995,0.005978775700147773,0.6656863424014083,10.06,271.46372752933195,0.6799999999999886,0.8399999999999886,50000.0,5.0,250000.0,1699.9999999999716,2099.999999999972
2025-12-17,SYRMA,SHORT,A_PULLBACK_C2_THEN_BREAK_C2_LOW,MODERATE,2025-12-17 10:30:00+05:30,2025-12-17 11:00:00+05:30,710.60785,714.3385412125,704.63874406,2025-12-17 11:05:00+05:30,714.3385412125,SL,-3.4250000000000034,-2.6250000000000036,28.468425750732422,15.1968994140625,13.747180938720703,1.725417429519291,2.653782523230905,0.0046376218127098245,0.5889744364268623,10.06,714.3385412125,-0.6850000000000007,-0.5250000000000007,50000.0,5.0,250000.0,-1712.5000000000018,-1312.5000000000018
2025-12-17,HFCL,SHORT,A_MOD_BREAK_C1_LOW,MODERATE,2025-12-17 10:45:00+05:30,2025-12-17 11:00:00+05:30,64.33999938964844,64.67778438644409,63.7995433947754,2025-12-17 11:18:00+05:30,64.67778438644409,SL,-3.424999999999949,-2.6249999999999494,25.512908935546875,25.560773849487305,2.859133720397949,1.7542271527268076,2.7846418727756688,0.005386227850931449,0.5496833857603944,10.06,64.67778438644409,-0.6849999999999898,-0.5249999999999899,50000.0,5.0,250000.0,-1712.4999999999748,-1312.4999999999748
2025-12-17,POLYPLEX,SHORT,A_MOD_BREAK_C1_LOW,MODERATE,2025-12-17 10:45:00+05:30,2025-12-17 11:00:00+05:30,791.8416,795.9987683999999,785.1901305600001,2025-12-17 11:39:00+05:30,785.1901305600001,TARGET,3.399999999999946,4.199999999999946,35.460575103759766,22.580724716186523,4.520122051239014,1.5117094542985101,2.904790891618532,0.006926416748701924,0.6564577810586358,10.06,795.9987683999999,0.6799999999999893,0.8399999999999892,50000.0,5.0,250000.0,1699.9999999999732,2099.999999999973
2025-12-17,SCI,SHORT,A_MOD_BREAK_C1_LOW,MODERATE,2025-12-17 10:45:00+05:30,2025-12-17 11:00:00+05:30,210.34999389648436,211.4543313644409,208.5830539477539,2025-12-17 11:55:00+05:30,208.5830539477539,TARGET,3.399999999999963,4.199999999999963,53.817256927490234,11.538636207580566,10.882464408874512,1.6070459823205796,3.496839107767089,0.006936065595956385,0.8912330469061014,10.06,211.4543313644409,0.6799999999999926,0.8399999999999926,50000.0,5.0,250000.0,1699.9999999999816,2099.999999999982
2025-12-17,MAXHEALTH,SHORT,A_MOD_BREAK_C1_LOW,MODERATE,2025-12-17 11:30:00+05:30,2025-12-17 11:45:00+05:30,1046.8905555908202,1052.386731007672,1038.0966749238573,2025-12-17 12:29:00+05:30,1038.0966749238573,TARGET,3.399999999999994,4.199999999999994,43.92219543457031,13.368932723999023,2.383432149887085,2.2085416362556476,3.731597631164034,0.004477913598067888,0.8688329315185546,10.06,1052.386731007672,0.6799999999999988,0.8399999999999989,50000.0,5.0,250000.0,1699.999999999997,2099.9999999999973
2025-12-17,REMSONSIND,LONG,A_MOD_BREAK_C1_HIGH,MODERATE,2025-12-17 11:45:00+05:30,2025-12-17 12:00:00+05:30,118.35000305175781,117.72866553573608,119.59267808380126,2025-12-17 12:01:00+05:30,119.59267808380126,TARGET,4.449999999999974,5.249999999999973,41.679725646972656,65.26504516601562,79.33892059326172,1.2945797748700216,1.4714895900332672,0.007922408043040887,5.042182610610874,10.06,117.72866553573608,0.8899999999999948,1.0499999999999947,100000.0,5.0,500000.0,4449.999999999974,5249.999999999974
2025-12-17,ARMANFIN,LONG,B_HUGE_GREEN_PULLBACK_HOLD_THEN_BREAK,HUGE,2025-12-17 12:00:00+05:30,2025-12-17 13:15:00+05:30,1525.2050044189452,1517.1976781457458,1541.219656965344,2025-12-17 13:42:00+05:30,1541.219656965344,TARGET,4.4499999999999575,5.249999999999957,27.324615478515625,57.20545196533203,50.858943939208984,2.551491701408266,0.6378041261140597,0.008321552465457727,5.134541582327261,10.06,1517.1976781457458,0.8899999999999915,1.0499999999999914,100000.0,5.0,500000.0,4449.999999999957,5249.999999999957
2025-12-17,NAVINFLUOR,SHORT,A_MOD_BREAK_C1_LOW,MODERATE,2025-12-17 13:00:00+05:30,2025-12-17 13:15:00+05:30,5922.8152,5953.9099798,5873.06355232,2025-12-17 15:30:00+05:30,5904.0,EOD,0.788366289057947,1.588366289057947,50.417362213134766,19.532299041748047,2.153938055038452,2.4304334253692157,2.4948926954708646,0.004037555336378943,0.96,10.06,5953.9099798,0.15767325781158942,0.3176732578115894,50000.0,5.0,250000.0,394.1831445289735,794.1831445289735
2025-12-17,BALMLAWRIE,SHORT,A_MOD_BREAK_C1_LOW,MODERATE,2025-12-17 13:15:00+05:30,2025-12-17 13:30:00+05:30,173.84999389648436,174.7627063644409,172.3896539477539,2025-12-17 14:52:00+05:30,172.3896539477539,TARGET,3.3999999999999475,4.199999999999947,33.88908386230469,26.000804901123047,6.189781188964844,2.43389794543937,2.6137850028320413,0.0034605819603492475,0.7183362579345702,10.06,174.7627063644409,0.6799999999999895,0.8399999999999894,50000.0,5.0,250000.0,1699.9999999999736,2099.9999999999736
2025-12-17,PNCINFRA,SHORT,A_MOD_BREAK_C1_LOW,MODERATE,2025-12-17 13:30:00+05:30,2025-12-17 13:45:00+05:30,250.93980749206543,252.25724148139875,248.83191310913207,2025-12-17 14:17:00+05:30,248.83191310913207,TARGET,3.4000000000000066,4.200000000000006,29.836971282958984,25.701732635498047,8.372092247009277,2.0017669042270065,2.1483830345696058,0.004006351517326503,0.6575545692443847,10.06,252.25724148139875,0.6800000000000013,0.8400000000000012,50000.0,5.0,250000.0,1700.0000000000032,2100.0000000000027
2025-12-18,SUNTECK,SHORT,A_MOD_BREAK_C1_LOW,MODERATE,2025-12-18 11:00:00+05:30,2025-12-18 11:15:00+05:30,390.17195,392.2203527375,386.89450562,2025-12-18 13:15:00+05:30,386.89450562,TARGET,3.3999999999999533,4.199999999999953,34.83633041381836,24.191633224487305,12.436842918395996,1.463009133260911,2.0396090169458345,0.004472301803080892,0.6385715545279347,9.84,392.2203527375,0.6799999999999906,0.8399999999999905,50000.0,5.0,250000.0,1699.9999999999766,2099.9999999999764
2025-12-18,RAJESHEXPO-BZ,SHORT,A_MOD_BREAK_C1_LOW,MODERATE,2025-12-18 11:15:00+05:30,2025-12-18 11:30:00+05:30,188.72999877929686,189.72083127288818,187.14466678955077,2025-12-18 11:57:00+05:30,189.72083127288818,SL,-3.4250000000000114,-2.625000000000011,31.349266052246094,21.218759536743164,5.793704032897949,1.3856176642924052,3.0662164037783484,0.006356695754011097,0.5727220820348622,9.84,189.72083127288818,-0.6850000000000023,-0.5250000000000022,50000.0,5.0,250000.0,-1712.5000000000057,-1312.5000000000055
2025-12-18,HINDALCO,LONG,B_HUGE_GREEN_PULLBACK_HOLD_THEN_BREAK,HUGE,2025-12-18 10:30:00+05:30,2025-12-18 12:00:00+05:30,858.9717477905274,854.4621461146271,867.9909511423278,2025-12-18 14:23:00+05:30,854.4621461146271,SL,-3.425000000000009,-2.6250000000000098,33.22357940673828,75.37319946289062,83.26469421386719,2.416547851759311,3.199679421542334,0.003079865815338011,7.852558188959298,9.84,854.4621461146271,-0.6850000000000018,-0.5250000000000019,100000.0,5.0,500000.0,-3425.000000000009,-2625.0000000000095
2025-12-18,GODREJAGRO,SHORT,A_MOD_BREAK_C1_LOW,MODERATE,2025-12-18 14:00:00+05:30,2025-12-18 14:15:00+05:30,563.5872722045898,566.5461053836639,558.8531391180712,2025-12-18 15:30:00+05:30,562.0499877929688,EOD,0.5638388297943939,1.3638388297943937,25.409212112426758,26.3231143951416,2.6066250801086426,2.191780335215198,3.1621740606538378,0.0038450942376391625,0.5911381816864014,9.84,566.5461053836639,0.11276776595887877,0.27276776595887875,50000.0,5.0,250000.0,281.91941489719693,681.9194148971969
2025-12-18,PAGEIND,SHORT,A_MOD_BREAK_C1_LOW,MODERATE,2025-12-18 14:00:00+05:30,2025-12-18 14:15:00+05:30,35742.85,35930.4999625,35442.61006,2025-12-18 15:30:00+05:30,35610.0,EOD,1.058413640770092,1.8584136407700917,25.79975128173828,31.92168426513672,15.439241409301758,1.4413260965776984,2.142662925437252,0.002136666860732414,0.4992283361271715,9.84,35930.4999625,0.2116827281540184,0.37168272815401837,50000.0,5.0,250000.0,529.206820385046,929.206820385046
2025-12-18,SKFINDIA,SHORT,A_MOD_BREAK_C1_LOW,MODERATE,2025-12-18 14:15:00+05:30,2025-12-18 14:30:00+05:30,1764.647,1773.91139675,1749.8239652,2025-12-18 15:30:00+05:30,1765.0,EOD,-0.9000200040008186,-0.1000200040008187,45.632205963134766,22.457923889160156,5.711016654968262,3.489503489172653,3.434907125184506,0.002593958246900575,0.8944830894470215,9.84,1773.91139675,-0.1800040008001637,-0.020004000800163742,50000.0,5.0,250000.0,-450.01000200040926,-50.01000200040936
2025-12-19,JKTYRE,LONG,B_HUGE_GREEN_PULLBACK_HOLD_THEN_BREAK,HUGE,2025-12-19 10:00:00+05:30,2025-12-19 11:45:00+05:30,489.5979,487.02751102499997,494.73867794999995,2025-12-19 11:50:00+05:30,487.02751102499997,SL,-3.425000000000015,-2.625000000000015,25.411989212036133,84.49359893798828,93.23580932617188,1.2265602406687746,5.0967084877363895,0.00725649607990179,8.165458103649845,9.71,487.02751102499997,-0.6850000000000029,-0.525000000000003,100000.0,5.0,500000.0,-3425.000000000015,-2625.000000000015
2025-12-19,GSPL,LONG,B_HUGE_GREEN_PULLBACK_HOLD_THEN_BREAK,HUGE,2025-12-19 10:15:00+05:30,2025-12-19 12:00:00+05:30,288.9577738952637,287.4407455823136,291.99183052116393,2025-12-19 12:08:00+05:30,287.4407455823136,SL,-3.4249999999999705,-2.6249999999999702,35.2191276550293,81.70570373535156,86.62594604492188,1.5517301945336635,4.297563083530845,0.004832960724212171,8.124937186104916,9.71,287.4407455823136,-0.6849999999999941,-0.524999999999994,100000.0,5.0,500000.0,-3424.99999999997,-2624.9999999999704
2025-12-19,AEROFLEX,LONG,B_HUGE_GREEN_PULLBACK_HOLD_THEN_BREAK,HUGE,2025-12-19 10:00:00+05:30,2025-12-19 12:15:00+05:30,199.9499938964844,198.90025642852785,202.04946883239745,2025-12-19 12:21:00+05:30,198.90025642852785,SL,-3.4249999999999736,-2.6249999999999734,30.481769561767578,83.96769714355469,88.956298828125,1.1188591142206155,6.265334165984698,0.011319728685391554,9.085667694290974,9.71,198.90025642852785,-0.6849999999999947,-0.5249999999999947,100000.0,5.0,500000.0,-3424.9999999999736,-2624.999999999973
2025-12-19,SAIL,SHORT,A_PULLBACK_C2_THEN_BREAK_C2_LOW,MODERATE,2025-12-19 12:00:00+05:30,2025-12-19 12:30:00+05:30,124.72999877929688,125.38483127288818,123.6822667895508,2025-12-19 14:21:00+05:30,125.38483127288818,SL,-3.424999999999966,-2.624999999999966,37.613094329833984,26.599071502685547,7.9283366203308105,1.3881903255730026,2.28097871325626,0.005757782276433987,0.6671297219227852,9.71,125.38483127288818,-0.6849999999999932,-0.5249999999999931,50000.0,5.0,250000.0,-1712.499999999983,-1312.499999999983
2025-12-19,APOLLO,LONG,B_HUGE_GREEN_PULLBACK_HOLD_THEN_BREAK,HUGE,2025-12-19 11:30:00+05:30,2025-12-19 12:45:00+05:30,233.7499969482422,232.52280946426393,236.20437191619874,2025-12-19 12:48:00+05:30,236.20437191619874,TARGET,4.449999999999993,5.249999999999993,30.99504852294922,70.7808609008789,57.480201721191406,1.8624208936641757,2.783756743506585,0.008223526906408273,6.410869970376107,9.71,232.52280946426393,0.8899999999999986,1.0499999999999985,100000.0,5.0,500000.0,4449.999999999993,5249.999999999993
2025-12-19,UDS,LONG,B_HUGE_GREEN_PULLBACK_HOLD_THEN_BREAK,HUGE,2025-12-19 12:30:00+05:30,2025-12-19 13:45:00+05:30,177.4600036621094,176.5283386428833,179.32333370056153,2025-12-19 13:47:00+05:30,179.32333370056153,TARGET,4.449999999999998,5.249999999999998,32.995941162109375,73.68815612792969,71.33032989501953,3.2366303833023493,2.572553690971049,0.00816903084035967,8.117686516011142,9.71,176.5283386428833,0.8899999999999997,1.0499999999999996,100000.0,5.0,500000.0,4449.999999999998,5249.999999999997
2025-12-19,SHALBY,LONG,B_HUGE_GREEN_PULLBACK_HOLD_THEN_BREAK,HUGE,2025-12-19 13:15:00+05:30,2025-12-19 14:30:00+05:30,198.55,197.50761250000002,200.634775,2025-12-19 15:30:00+05:30,199.3000030517578,EOD,1.088700709538658,1.8887007095386579,39.548770904541016,72.31035614013672,69.03008270263672,1.911324844877283,2.937585197732726,0.0049732108147620266,6.87394102257603,9.71,197.50761250000002,0.2177401419077316,0.3777401419077316,100000.0,5.0,500000.0,1088.700709538658,1888.700709538658
2025-12-22,CONFIPET,LONG,B_HUGE_GREEN_PULLBACK_HOLD_THEN_BREAK,HUGE,2025-12-22 10:00:00+05:30,2025-12-22 11:00:00+05:30,35.380001831054685,35.19425682144165,35.75149185028076,2025-12-22 11:01:00+05:30,35.75149185028076,TARGET,4.4499999999999815,5.249999999999981,38.29268264770508,85.66365051269531,86.96117401123047,2.1308709675778355,3.9135810702011486,0.006010122170544163,8.853759626629321,9.52,35.19425682144165,0.8899999999999963,1.0499999999999963,100000.0,5.0,500000.0,4449.999999999982,5249.999999999981
2025-12-22,MUNJALAU,LONG,A_MOD_BREAK_C1_HIGH,MODERATE,2025-12-22 10:45:00+05:30,2025-12-22 11:00:00+05:30,80.28999786376953,79.86847537498474,81.1330428413391,2025-12-22 11:57:00+05:30,79.86847537498474,SL,-3.4249999999999883,-2.6249999999999885,43.672542572021484,80.25287628173828,94.68560791015625,1.6096449066360254,2.4779840723128173,0.006311168069340373,6.321283075745125,9.52,79.86847537498474,-0.6849999999999976,-0.5249999999999977,100000.0,5.0,500000.0,-3424.999999999988,-2624.9999999999886
2025-12-22,SUNTECK,LONG,B_HUGE_GREEN_PULLBACK_HOLD_THEN_BREAK,HUGE,2025-12-22 10:00:00+05:30,2025-12-22 12:15:00+05:30,412.0824,409.91896740000004,416.4092652,2025-12-22 14:22:00+05:30,416.4092652,TARGET,4.449999999999983,5.249999999999982,40.93578338623047,89.74011993408203,86.48092651367188,0.8636150310619163,5.8037184551419685,0.006824341938855376,8.84716329577264,9.52,409.91896740000004,0.8899999999999966,1.0499999999999965,100000.0,5.0,500000.0,4449.999999999983,5249.999999999982
2025-12-22,POONAWALLA,LONG,B_HUGE_GREEN_PULLBACK_HOLD_THEN_BREAK,HUGE,2025-12-22 11:30:00+05:30,2025-12-22 12:30:00+05:30,464.39284779052736,461.9547853396271,469.26897269232785,2025-12-22 12:32:00+05:30,469.26897269232785,TARGET,4.449999999999955,5.249999999999955,55.39931106567383,84.7618637084961,88.80949401855469,2.496931309304633,3.2700353710894188,0.00654826138470624,8.422322369501938,9.52,461.9547853396271,0.889999999999991,1.049999999999991,100000.0,5.0,500000.0,4449.9999999999545,5249.9999999999545
2025-12-22,ECLERX,LONG,B_HUGE_GREEN_PULLBACK_HOLD_THEN_BREAK,HUGE,2025-12-22 12:00:00+05:30,2025-12-22 13:00:00+05:30,4640.928,4616.563128,4689.657744,2025-12-22 15:30:00+05:30,4660.0,EOD,1.254761461500816,2.054761461500816,38.34351348876953,72.44612121582031,81.118896484375,1.8496261221296255,2.76274658942461,0.00628434802565387,7.004704672782738,9.52,4616.563128,0.2509522923001632,0.41095229230016317,100000.0,5.0,500000.0,1254.761461500816,2054.761461500816
2025-12-22,JKPAPER,LONG,B_HUGE_GREEN_PULLBACK_HOLD_THEN_BREAK,HUGE,2025-12-22 10:45:00+05:30,2025-12-22 13:30:00+05:30,365.2230238952637,363.30560301981353,369.0578656461639,2025-12-22 15:30:00+05:30,367.0,EOD,1.6327273863844771,2.432727386384477,45.762935638427734,75.80252838134766,82.71319580078125,2.406097670390489,3.317631892106307,0.005056649535090618,8.302511890516914,9.52,363.30560301981353,0.3265454772768954,0.4865454772768954,100000.0,5.0,500000.0,1632.727386384477,2432.727386384477
2025-12-23,SANDUMA,LONG,A_MOD_BREAK_C1_HIGH,MODERATE,2025-12-23 10:15:00+05:30,2025-12-23 10:30:00+05:30,227.8,226.60405000000003,230.1919,2025-12-23 10:31:00+05:30,230.1919,TARGET,4.449999999999984,5.249999999999984,35.26018524169922,74.69293212890625,80.4283447265625,2.339464221378122,2.840536721378782,0.007686554668566297,7.111952122688414,9.68,226.60405000000003,0.8899999999999968,1.0499999999999967,100000.0,5.0,500000.0,4449.9999999999845,5249.999999999984
2025-12-23,WEL,SHORT,A_MOD_BREAK_C1_LOW,MODERATE,2025-12-23 11:00:00+05:30,2025-12-23 11:15:00+05:30,141.84999389648436,142.5947063644409,140.6584539477539,2025-12-23 15:30:00+05:30,142.3000030517578,EOD,-2.3862149264590204,-1.5862149264590206,28.073040008544922,45.489688873291016,18.582040786743164,0.8127224920668812,0.4340170324383146,0.007178098209076173,0.34502288786179375,9.68,142.5947063644409,-0.4772429852918041,-0.3172429852918041,50000.0,5.0,250000.0,-1193.1074632295101,-793.1074632295102
2025-12-24,GMBREW,LONG,B_HUGE_GREEN_PULLBACK_HOLD_THEN_BREAK,HUGE,2025-12-24 10:00:00+05:30,2025-12-24 11:00:00+05:30,1099.2198,1093.44889605,1110.7616079,2025-12-24 11:01:00+05:30,1110.7616079,TARGET,4.44999999999994,5.24999999999994,34.6403923034668,77.75433349609375,80.3958969116211,2.388766769097626,2.972981726023383,0.009295805631109247,7.637459748730974,9.38,1093.44889605,0.8899999999999879,1.0499999999999878,100000.0,5.0,500000.0,4449.999999999939,5249.999999999939
2025-12-24,KAJARIACER,SHORT,A_MOD_BREAK_C1_LOW,MODERATE,2025-12-24 11:00:00+05:30,2025-12-24 11:15:00+05:30,995.3009,1000.5262297249999,986.94037244,2025-12-24 11:16:00+05:30,986.94037244,TARGET,3.399999999999962,4.199999999999962,59.137908935546875,12.817477226257324,3.183664560317993,1.4929183647188347,2.9200543948572135,0.006196202044506149,0.871260713825796,9.38,1000.5262297249999,0.6799999999999924,0.8399999999999923,50000.0,5.0,250000.0,1699.9999999999811,2099.999999999981
2025-12-24,CYIENT,SHORT,A_PULLBACK_C2_THEN_BREAK_C2_LOW,MODERATE,2025-12-24 11:15:00+05:30,2025-12-24 11:45:00+05:30,1127.7744,1133.6952156,1118.30109504,2025-12-24 15:30:00+05:30,1118.30109504,TARGET,3.3999999999999786,4.199999999999978,42.23243713378906,23.201128005981445,4.501440048217773,1.331570744394097,2.0738850131684923,0.005000316415363358,0.7265114372758028,9.38,1133.6952156,0.6799999999999957,0.8399999999999956,50000.0,5.0,250000.0,1699.9999999999893,2099.999999999989
2025-12-24,SOMANYCERA,SHORT,A_MOD_BREAK_C1_LOW,MODERATE,2025-12-24 12:45:00+05:30,2025-12-24 13:00:00+05:30,412.96737779541013,415.135456528836,409.4984518219287,2025-12-24 13:03:00+05:30,409.4984518219287,TARGET,3.3999999999999675,4.199999999999967,34.44584655761719,30.53809356689453,19.523693084716797,2.2835144375933694,2.719803384496684,0.004124382659502282,0.7266876983642578,9.38,415.135456528836,0.6799999999999935,0.8399999999999935,50000.0,5.0,250000.0,1699.9999999999836,2099.9999999999836
2025-12-24,JASH,SHORT,A_MOD_BREAK_C1_LOW,MODERATE,2025-12-24 13:30:00+05:30,2025-12-24 13:45:00+05:30,426.51468610229495,428.753888204332,422.93196273903567,2025-12-24 15:11:00+05:30,422.93196273903567,TARGET,3.3999999999999986,4.199999999999998,35.89889907836914,21.66094207763672,5.5387067794799805,3.181374216547842,2.6501161602014576,0.005419892505404542,0.7484834861755372,9.38,428.753888204332,0.6799999999999997,0.8399999999999997,50000.0,5.0,250000.0,1699.9999999999993,2099.9999999999995
2025-12-26,HINDCOPPER,LONG,A_MOD_BREAK_C1_HIGH,MODERATE,2025-12-26 10:15:00+05:30,2025-12-26 10:30:00+05:30,455.44107610473634,453.0500104551865,460.22320740383606,2025-12-26 10:31:00+05:30,460.22320740383606,TARGET,4.449999999999984,5.249999999999984,59.30385208129883,79.37885284423828,80.81497192382812,1.530745655908476,3.8577223719604863,0.00987038728257738,7.945520499599967,9.19,453.0500104551865,0.8899999999999968,1.0499999999999967,100000.0,5.0,500000.0,4449.9999999999845,5249.999999999984
2025-12-26,AUTOAXLES,SHORT,B_HUGE_RED_FAILED_BOUNCE,HUGE,2025-12-26 10:15:00+05:30,2025-12-26 11:15:00+05:30,1814.1371,1823.6613197749998,1798.89834836,2025-12-26 15:28:00+05:30,1823.6613197749998,SL,-3.4249999999999705,-2.6249999999999702,27.362791061401367,30.800058364868164,13.835657119750977,0.48512872901706816,3.1360731032342386,0.0035633743829856794,0.3953393934990074,9.19,1823.6613197749998,-0.6849999999999941,-0.524999999999994,50000.0,5.0,250000.0,-1712.499999999985,-1312.4999999999852
2025-12-26,GALAPREC,SHORT,A_MOD_BREAK_C1_LOW,MODERATE,2025-12-26 11:30:00+05:30,2025-12-26 11:45:00+05:30,779.1441277954101,783.2346344663359,772.5993171219287,2025-12-26 12:39:00+05:30,783.2346344663359,SL,-3.424999999999956,-2.6249999999999556,35.02799987792969,32.639408111572266,14.085254669189453,1.2884029841520364,2.6000128442033548,0.006393089208564408,0.6108905203955517,9.19,783.2346344663359,-0.6849999999999912,-0.5249999999999911,50000.0,5.0,250000.0,-1712.499999999978,-1312.4999999999777
2025-12-26,GRWRHITECH,SHORT,A_MOD_BREAK_C1_LOW,MODERATE,2025-12-26 14:15:00+05:30,2025-12-26 14:30:00+05:30,3144.1710888183593,3160.6779870346554,3117.760051672285,2025-12-26 15:30:00+05:30,3144.0,EOD,-0.7727926990093288,0.02720730099067108,36.44855880737305,27.4119815826416,1.749674916267395,3.3465338860314056,2.7708216155410375,0.0026914158355658612,0.7567283821105957,9.19,3160.6779870346554,-0.15455853980186576,0.005441460198134216,50000.0,5.0,250000.0,-386.39634950466444,13.60365049533554
2025-12-29,ASAHIINDIA,SHORT,A_MOD_BREAK_C1_LOW,MODERATE,2025-12-29 10:00:00+05:30,2025-12-29 10:15:00+05:30,953.7092444091796,958.7162179423278,945.6980867561425,2025-12-29 10:38:00+05:30,945.6980867561425,TARGET,3.400000000000004,4.200000000000005,37.693626403808594,25.16940689086914,8.339064598083496,1.2934150657604646,3.5655255114461144,0.008085263836446232,0.6517520325652102,9.15,958.7162179423278,0.6800000000000008,0.8400000000000009,50000.0,5.0,250000.0,1700.000000000002,2100.000000000002
2025-12-29,FINCABLES,SHORT,A_MOD_BREAK_C1_LOW,MODERATE,2025-12-29 10:15:00+05:30,2025-12-29 10:30:00+05:30,752.8494,756.80185935,746.52546504,2025-12-29 12:25:00+05:30,746.52546504,TARGET,3.399999999999983,4.199999999999983,58.48375701904297,14.09649658203125,2.344041585922241,1.3699693049308164,4.527629311132058,0.0035166913421805627,0.8497446283628929,9.15,756.80185935,0.6799999999999966,0.8399999999999966,50000.0,5.0,250000.0,1699.9999999999914,2099.999999999992
2025-12-29,TRACXN,SHORT,A_MOD_BREAK_C1_LOW,MODERATE,2025-12-29 10:15:00+05:30,2025-12-29 10:30:00+05:30,39.400000762939456,39.60685076694489,39.06904075653077,2025-12-29 13:13:00+05:30,39.06904075653077,TARGET,3.399999999999955,4.199999999999956,43.11113739013672,31.052053451538086,8.53056526184082,1.513803742053672,2.288911804613297,0.004451849185798463,0.7715827157114434,9.15,39.60685076694489,0.6799999999999911,0.8399999999999911,50000.0,5.0,250000.0,1699.9999999999775,2099.9999999999777
2025-12-29,APTUS,SHORT,A_PULLBACK_C2_THEN_BREAK_C2_LOW,MODERATE,2025-12-29 10:15:00+05:30,2025-12-29 10:45:00+05:30,275.19495,276.6397234875,272.88331242000004,2025-12-29 11:08:00+05:30,272.88331242000004,TARGET,3.399999999999941,4.199999999999941,30.032115936279297,14.751283645629883,1.2254868745803833,1.8234700048920887,4.6955424331855635,0.003670651146850228,0.6295889899003049,9.15,276.6397234875,0.6799999999999882,0.8399999999999882,50000.0,5.0,250000.0,1699.9999999999704,2099.9999999999704
2025-12-29,KPITTECH,SHORT,A_MOD_BREAK_C1_LOW,MODERATE,2025-12-29 10:45:00+05:30,2025-12-29 11:00:00+05:30,1202.0595888183593,1208.3704016596557,1191.9622882722852,2025-12-29 11:54:00+05:30,1191.9622882722852,TARGET,3.3999999999999786,4.199999999999978,31.043245315551758,34.25111770629883,32.48292541503906,1.1832092676415031,1.9420465024103386,0.004734968992410786,0.5298126266910563,9.15,1208.3704016596557,0.6799999999999957,0.8399999999999956,50000.0,5.0,250000.0,1699.9999999999893,2099.999999999989
2025-12-29,SWSOLAR,SHORT,A_MOD_BREAK_C1_LOW,MODERATE,2025-12-29 10:45:00+05:30,2025-12-29 11:00:00+05:30,212.58999938964843,213.70609688644407,210.8042433947754,2025-12-29 15:30:00+05:30,212.9499969482422,EOD,-1.646694481460379,-0.8466944814603792,46.435665130615234,22.822961807250977,16.427188873291016,1.210531666801028,2.5329122644442683,0.0058813173416518765,0.7683780186494085,9.15,213.70609688644407,-0.3293388962920758,-0.16933889629207582,50000.0,5.0,250000.0,-823.3472407301895,-423.3472407301895
2025-12-29,ARE&M,SHORT,A_MOD_BREAK_C1_LOW,MODERATE,2025-12-29 11:00:00+05:30,2025-12-29 11:15:00+05:30,911.7176444091797,916.5041620423278,904.0592161961426,2025-12-29 14:20:00+05:30,904.0592161961426,TARGET,3.399999999999963,4.199999999999963,61.29880142211914,20.971261978149414,5.558359622955322,1.1670917884327952,2.9356825324098317,0.0024938463151993966,0.8142410629757391,9.15,916.5041620423278,0.6799999999999926,0.8399999999999925,50000.0,5.0,250000.0,1699.9999999999816,2099.9999999999814
2025-12-29,KSOLVES,SHORT,A_MOD_BREAK_C1_LOW,MODERATE,2025-12-29 11:45:00+05:30,2025-12-29 12:00:00+05:30,281.74362779541013,283.22278184133603,279.3769813219287,2025-12-29 12:06:00+05:30,279.3769813219287,TARGET,3.3999999999999373,4.199999999999937,40.565879821777344,22.347320556640625,4.455971717834473,1.5684073505636236,2.6682662609897165,0.007003560133859621,0.7429594836752942,9.15,283.22278184133603,0.6799999999999875,0.8399999999999874,50000.0,5.0,250000.0,1699.9999999999686,2099.9999999999686
2025-12-29,KIRLOSENG,SHORT,A_MOD_BREAK_C1_LOW,MODERATE,2025-12-29 12:30:00+05:30,2025-12-29 12:45:00+05:30,1233.9531111816407,1240.4313650153442,1223.587905047715,2025-12-29 12:50:00+05:30,1223.587905047715,TARGET,3.399999999999994,4.199999999999994,28.473596572875977,31.117420196533203,10.825072288513184,2.103985442099216,2.1922918629059893,0.006724793297951752,0.6371039485931396,9.15,1240.4313650153442,0.6799999999999988,0.8399999999999987,50000.0,5.0,250000.0,1699.999999999997,2099.999999999997
2025-12-29,GRANULES,SHORT,A_MOD_BREAK_C1_LOW,MODERATE,2025-12-29 13:00:00+05:30,2025-12-29 13:15:00+05:30,603.7792444091797,606.9490854423278,598.7074987561426,2025-12-29 13:22:00+05:30,598.7074987561426,TARGET,3.399999999999955,4.199999999999956,36.084617614746094,30.108379364013672,12.625028610229492,2.0350230005426804,1.9869443265261921,0.004694108390222695,0.7506164805475011,9.15,606.9490854423278,0.6799999999999911,0.8399999999999911,50000.0,5.0,250000.0,1699.9999999999775,2099.9999999999777
2025-12-29,MGL,SHORT,A_MOD_BREAK_C1_LOW,MODERATE,2025-12-29 14:15:00+05:30,2025-12-29 14:30:00+05:30,1120.2759,1126.1573484750002,1110.86558244,2025-12-29 15:30:00+05:30,1121.9000244140625,EOD,-1.5248769763155698,-0.7248769763155699,37.073490142822266,27.80135154724121,16.524600982666016,2.7149075910070946,2.6394938053572887,0.0020577552914466946,0.7661023521423338,9.15,1126.1573484750002,-0.30497539526311396,-0.14497539526311398,50000.0,5.0,250000.0,-762.4384881577848,-362.43848815778495
2025-12-30,ZENSARTECH,SHORT,A_MOD_BREAK_C1_LOW,MODERATE,2025-12-30 10:30:00+05:30,2025-12-30 10:45:00+05:30,704.0591722045898,707.7554828586639,698.1450751580712,2025-12-30 12:16:00+05:30,698.1450751580712,TARGET,3.4000000000000163,4.200000000000016,45.78825378417969,23.69189453125,1.477676510810852,1.6318663172999772,3.036511425696157,0.0036667710345502143,0.8324004122901913,9.72,707.7554828586639,0.6800000000000033,0.8400000000000032,50000.0,5.0,250000.0,1700.0000000000082,2100.000000000008
2025-12-30,CRISIL,SHORT,A_MOD_BREAK_C1_LOW,MODERATE,2025-12-30 11:00:00+05:30,2025-12-30 11:15:00+05:30,4224.255077636719,4246.432416794311,4188.771334984571,2025-12-30 11:39:00+05:30,4188.771334984571,TARGET,3.3999999999999564,4.199999999999957,30.507707595825195,28.806854248046875,9.044293403625488,1.3632120696366705,2.513143701349455,0.004564558154219257,0.5561777261237952,9.72,4246.432416794311,0.6799999999999913,0.8399999999999913,50000.0,5.0,250000.0,1699.9999999999782,2099.999999999978
2025-12-30,MOTILALOFS,SHORT,A_MOD_BREAK_C1_LOW,MODERATE,2025-12-30 11:00:00+05:30,2025-12-30 11:15:00+05:30,838.8322,843.23606905,831.78600952,2025-12-30 11:43:00+05:30,843.23606905,SL,-3.425000000000015,-2.625000000000015,27.227825164794922,26.02316665649414,12.166097640991211,1.2905826433273107,2.378384481609067,0.007521264893668039,0.49426934005420314,9.72,843.23606905,-0.6850000000000029,-0.525000000000003,50000.0,5.0,250000.0,-1712.5000000000075,-1312.5000000000075
2025-12-30,AUTOAXLES,LONG,A_MOD_BREAK_C1_HIGH,MODERATE,2025-12-30 11:15:00+05:30,2025-12-30 11:30:00+05:30,1872.5743911621094,1862.7433756085084,1892.2364222693113,2025-12-30 15:30:00+05:30,1876.0,EOD,0.11467897191650062,0.9146789719165005,35.07521057128906,76.05348205566406,94.16525268554688,2.194869360492865,4.224382611410488,0.005062164865298589,8.355656374332133,9.72,1862.7433756085084,0.022935794383300123,0.1829357943833001,100000.0,5.0,500000.0,114.67897191650061,914.6789719165005
2025-12-30,PGEL,SHORT,A_MOD_BREAK_C1_LOW,MODERATE,2025-12-30 11:15:00+05:30,2025-12-30 11:30:00+05:30,562.1875277954101,565.139012316336,557.4651525619287,2025-12-30 12:53:00+05:30,565.139012316336,SL,-3.4249999999999736,-2.6249999999999734,38.6711540222168,28.538740158081055,13.699254989624023,1.92138158777755,2.4932587600957055,0.005942847781711154,0.7763090881943231,9.72,565.139012316336,-0.6849999999999947,-0.5249999999999947,50000.0,5.0,250000.0,-1712.4999999999868,-1312.4999999999866
2025-12-30,SANOFI,SHORT,A_MOD_BREAK_C1_LOW,MODERATE,2025-12-30 11:30:00+05:30,2025-12-30 11:45:00+05:30,4054.189,4075.4734922499997,4020.1338124,2025-12-30 15:30:00+05:30,4065.60009765625,EOD,-2.2073218658836757,-1.407321865883676,28.158626556396484,28.571914672851562,8.532495498657227,1.3765383708062504,2.0350435576614596,0.0024385777328322375,0.523273613237041,9.72,4075.4734922499997,-0.44146437317673515,-0.28146437317673517,50000.0,5.0,250000.0,-1103.660932941838,-703.6609329418379
2025-12-30,GSLSU,SHORT,A_MOD_BREAK_C1_LOW,MODERATE,2025-12-30 11:45:00+05:30,2025-12-30 12:00:00+05:30,100.95,101.47998750000001,100.10202000000001,2025-12-30 12:01:00+05:30,100.10202000000001,TARGET,3.399999999999963,4.199999999999963,55.62593460083008,38.07093811035156,15.042682647705078,0.968895788811006,1.8415778889577,0.010855721955252166,0.7716356574898111,9.72,101.47998750000001,0.6799999999999926,0.8399999999999926,50000.0,5.0,250000.0,1699.9999999999816,2099.999999999982
2025-12-30,JKCEMENT,SHORT,A_MOD_BREAK_C1_LOW,MODERATE,2025-12-30 11:45:00+05:30,2025-12-30 12:00:00+05:30,5530.3937,5559.428266925,5483.938392919999,2025-12-30 13:23:00+05:30,5483.938392919999,TARGET,3.4000000000000217,4.200000000000022,33.14255142211914,20.38642692565918,4.39031457901001,2.0401915015177385,3.0733086060000336,0.0061648700229732685,0.7071382713317871,9.72,5559.428266925,0.6800000000000044,0.8400000000000044,50000.0,5.0,250000.0,1700.000000000011,2100.0000000000114
2025-12-30,RIIL,SHORT,A_MOD_BREAK_C1_LOW,MODERATE,2025-12-30 11:45:00+05:30,2025-12-30 12:00:00+05:30,798.8402,803.03411105,792.12994232,2025-12-30 13:06:00+05:30,792.12994232,TARGET,3.399999999999955,4.199999999999955,41.72736358642578,29.100505828857422,8.894891738891602,1.2586548465089826,1.9640625502763942,0.004467088628963354,0.7043781794492785,9.72,803.03411105,0.6799999999999911,0.839999999999991,50000.0,5.0,250000.0,1699.9999999999775,2099.9999999999773
2025-12-30,PAGEIND,SHORT,A_MOD_BREAK_C1_LOW,MODERATE,2025-12-30 12:00:00+05:30,2025-12-30 12:15:00+05:30,35842.83,36031.004857500004,35541.750228000004,2025-12-30 13:06:00+05:30,35541.750228000004,TARGET,3.399999999999963,4.199999999999963,25.662721633911133,24.641300201416016,5.033388137817383,1.7213627020617637,2.701272145989436,0.003026381223459277,0.5461792973694757,9.72,36031.004857500004,0.6799999999999926,0.8399999999999925,50000.0,5.0,250000.0,1699.9999999999816,2099.9999999999814
2025-12-30,WOCKPHARMA,SHORT,A_MOD_BREAK_C1_LOW,MODERATE,2025-12-30 12:30:00+05:30,2025-12-30 12:45:00+05:30,1374.725,1381.9423062499998,1363.17731,2025-12-30 13:07:00+05:30,1363.17731,TARGET,3.399999999999955,4.199999999999955,44.57497024536133,22.771543502807617,4.354207515716553,2.0107020358562844,2.794725726298528,0.007954389994919134,0.8786245536804198,9.72,1381.9423062499998,0.6799999999999911,0.839999999999991,50000.0,5.0,250000.0,1699.9999999999775,2099.9999999999773
2025-12-30,COROMANDEL,SHORT,A_MOD_BREAK_C1_LOW,MODERATE,2025-12-30 12:45:00+05:30,2025-12-30 13:00:00+05:30,2234.553,2246.2844032499997,2215.7827548,2025-12-30 13:07:00+05:30,2215.7827548,TARGET,3.3999999999999697,4.199999999999969,35.60506057739258,14.586441993713379,7.891053199768066,1.839253031734339,2.8966206269515795,0.010978449115574712,0.715945189214398,9.72,2246.2844032499997,0.6799999999999939,0.8399999999999939,50000.0,5.0,250000.0,1699.999999999985,2099.9999999999845
2025-12-30,JYOTHYLAB,SHORT,A_MOD_BREAK_C1_LOW,MODERATE,2025-12-30 12:45:00+05:30,2025-12-30 13:00:00+05:30,273.2953361022949,274.73013661683194,270.99965527903566,2025-12-30 13:10:00+05:30,274.73013661683194,SL,-3.424999999999941,-2.624999999999942,43.9560661315918,21.88034439086914,2.3456804752349854,1.3828474835115319,2.117955860762131,0.006307128142613161,0.7613393015883949,9.72,274.73013661683194,-0.6849999999999883,-0.5249999999999884,50000.0,5.0,250000.0,-1712.4999999999707,-1312.499999999971
2025-12-30,BOSCHLTD,SHORT,A_MOD_BREAK_C1_LOW,MODERATE,2025-12-30 13:15:00+05:30,2025-12-30 13:30:00+05:30,35137.971,35322.44534775,34842.8120436,2025-12-30 13:56:00+05:30,35322.44534775,SL,-3.425000000000021,-2.6250000000000213,37.41219711303711,29.213966369628906,7.440671920776367,1.4670827912296003,2.064070133457762,0.0036958066808813078,0.6779224451607366,9.72,35322.44534775,-0.6850000000000043,-0.5250000000000042,50000.0,5.0,250000.0,-1712.5000000000107,-1312.5000000000107
2025-12-30,CANBK,LONG,B_HUGE_GREEN_PULLBACK_HOLD_THEN_BREAK,HUGE,2025-12-30 10:30:00+05:30,2025-12-30 14:15:00+05:30,153.55,152.7438625,155.162275,2025-12-30 15:30:00+05:30,154.1999969482422,EOD,1.3165644683887208,2.1165644683887206,25.30548858642578,67.894775390625,68.64541625976562,3.1653353355209126,2.3907413429388567,0.005981570950026943,7.400160897508407,9.72,152.7438625,0.26331289367774413,0.4233128936777441,100000.0,5.0,500000.0,1316.5644683887208,2116.564468388721
2025-12-31,DABUR,LONG,B_HUGE_GREEN_PULLBACK_HOLD_THEN_BREAK,HUGE,2025-12-31 10:00:00+05:30,2025-12-31 12:00:00+05:30,507.8015522094727,505.13559406037297,513.1334685076721,2025-12-31 12:35:00+05:30,505.13559406037297,SL,-3.4249999999999767,-2.6249999999999774,46.57536697387695,82.01985168457031,92.82042694091797,1.4784949160491108,4.054753683371691,0.004952679284130666,8.04761690210863,9.68,505.13559406037297,-0.6849999999999954,-0.5249999999999955,100000.0,5.0,500000.0,-3424.9999999999773,-2624.9999999999773
2025-12-31,ZIMLAB,LONG,A_MOD_BREAK_C1_HIGH,MODERATE,2025-12-31 12:15:00+05:30,2025-12-31 12:30:00+05:30,71.73000030517578,71.3534178035736,72.48316530838012,2025-12-31 12:47:00+05:30,71.3534178035736,SL,-3.424999999999996,-2.6249999999999956,56.587650299072266,63.541507720947266,47.177085876464844,0.3909490205948427,1.2883421406704734,0.0107023257506114,4.28628455263105,9.68,71.3534178035736,-0.6849999999999992,-0.5249999999999991,100000.0,5.0,500000.0,-3424.999999999996,-2624.999999999996
2025-12-31,GRAPHITE,LONG,B_HUGE_GREEN_PULLBACK_HOLD_THEN_BREAK,HUGE,2025-12-31 11:00:00+05:30,2025-12-31 13:45:00+05:30,642.5285044189453,639.1552297707459,649.2750537153443,2025-12-31 14:08:00+05:30,639.1552297707459,SL,-3.4249999999999616,-2.6249999999999614,34.218074798583984,82.27576446533203,92.4417724609375,1.4217538272741885,4.508429511840643,0.011235885980876421,7.783396908256229,9.68,639.1552297707459,-0.6849999999999923,-0.5249999999999923,100000.0,5.0,500000.0,-3424.9999999999613,-2624.9999999999613
2026-01-01,POCL,LONG,A_MOD_BREAK_C1_HIGH,MODERATE,2026-01-01 10:15:00+05:30,2026-01-01 10:30:00+05:30,1523.3046,1515.30725085,1539.2992983,2026-01-01 10:31:00+05:30,1539.2992983,TARGET,4.449999999999995,5.249999999999995,25.87859535217285,79.6901626586914,89.68220520019531,2.248552210337896,3.713808395365527,0.008557704424986623,7.898940945235983,9.48,1515.30725085,0.889999999999999,1.049999999999999,100000.0,5.0,500000.0,4449.9999999999945,5249.9999999999945
2026-01-01,IONEXCHANG,SHORT,A_MOD_BREAK_C1_LOW,MODERATE,2026-01-01 11:45:00+05:30,2026-01-01 12:00:00+05:30,376.72462779541013,378.70243209133605,373.5601409219287,2026-01-01 15:16:00+05:30,373.5601409219287,TARGET,3.4000000000000075,4.200000000000007,26.949501037597656,27.135297775268555,14.351927757263184,1.7781651178798255,2.073436011785112,0.004052963876196944,0.5754214111929343,9.48,378.70243209133605,0.6800000000000015,0.8400000000000015,50000.0,5.0,250000.0,1700.0000000000039,2100.0000000000036
2026-01-02,TVSHLTD,LONG,B_HUGE_GREEN_PULLBACK_HOLD_THEN_BREAK,HUGE,2026-01-02 10:00:00+05:30,2026-01-02 11:15:00+05:30,14502.9,14426.759775,14655.18045,2026-01-02 11:19:00+05:30,14655.18045,TARGET,4.450000000000007,5.250000000000007,36.2757682800293,76.03677368164062,92.0832748413086,216.00039474246728,4.223773757663416,0.005164295961612739,265.16479848322433,9.19,14426.759775,0.8900000000000015,1.0500000000000014,100000.0,5.0,500000.0,4450.000000000007,5250.000000000007
2026-01-02,ABBOTINDIA,SHORT,A_PULLBACK_C2_THEN_BREAK_C2_LOW,MODERATE,2026-01-02 10:45:00+05:30,2026-01-02 11:15:00+05:30,28054.388,28201.673537,27818.7311408,2026-01-02 15:30:00+05:30,28125.0,EOD,-2.058484056041447,-1.258484056041447,28.12138557434082,19.429407119750977,6.060606002807617,1.6732877853012786,3.5611725940856935,0.003538336179465459,0.574646146042836,9.19,28201.673537,-0.4116968112082894,-0.2516968112082894,50000.0,5.0,250000.0,-1029.2420280207234,-629.2420280207235
2026-01-02,IDBI,LONG,A_MOD_BREAK_C1_HIGH,MODERATE,2026-01-02 11:15:00+05:30,2026-01-02 11:30:00+05:30,105.99999694824218,105.44349696426391,107.11299691619872,2026-01-02 11:31:00+05:30,107.11299691619872,TARGET,4.449999999999987,5.249999999999987,43.74005889892578,74.12881469726562,65.1399154663086,2.8293052531392515,2.426861370021742,0.005669465526066317,8.110877048954418,9.19,105.44349696426391,0.8899999999999975,1.0499999999999974,100000.0,5.0,500000.0,4449.999999999987,5249.999999999987
2026-01-02,BANCOINDIA,LONG,A_MOD_BREAK_C1_HIGH,MODERATE,2026-01-02 11:45:00+05:30,2026-01-02 12:00:00+05:30,697.8395522094727,694.175894560373,705.1668675076721,2026-01-02 12:01:00+05:30,705.1668675076721,TARGET,4.4499999999999815,5.249999999999981,30.596025466918945,69.77359771728516,90.06634521484375,2.0648432526760914,2.111496914666163,0.0055846747358547725,6.175380711799709,9.19,694.175894560373,0.8899999999999963,1.0499999999999963,100000.0,5.0,500000.0,4449.999999999982,5249.999999999981
2026-01-02,IRCTC,LONG,B_HUGE_GREEN_PULLBACK_HOLD_THEN_BREAK,HUGE,2026-01-02 10:30:00+05:30,2026-01-02 12:15:00+05:30,693.7386955810547,690.0965674292542,701.0229518846558,2026-01-02 13:47:00+05:30,690.0965674292542,SL,-3.424999999999998,-2.624999999999998,30.86859703063965,79.358642578125,86.29840850830078,1.1327448483146665,3.2121426810150964,0.0029335773603173156,6.4048311744595985,9.19,690.0965674292542,-0.6849999999999996,-0.5249999999999996,100000.0,5.0,500000.0,-3424.9999999999977,-2624.999999999998
2026-01-02,GARFIBRES,SHORT,A_MOD_BREAK_C1_LOW,MODERATE,2026-01-02 12:15:00+05:30,2026-01-02 12:30:00+05:30,688.9121777954101,692.528966728836,683.1253155019288,2026-01-02 15:30:00+05:30,690.0,EOD,-1.5895216833523154,-0.7895216833523155,30.400882720947266,33.01894760131836,37.769718170166016,0.771103407516767,1.40382376908744,0.005256295458865944,0.4211475255840152,9.19,692.528966728836,-0.3179043366704631,-0.1579043366704631,50000.0,5.0,250000.0,-794.7608416761577,-394.7608416761578
2026-01-02,PFIZER,SHORT,A_MOD_BREAK_C1_LOW,MODERATE,2026-01-02 12:45:00+05:30,2026-01-02 13:00:00+05:30,4880.0238,4905.64392495,4839.03160008,2026-01-02 15:30:00+05:30,4890.2001953125,EOD,-1.8426583690534524,-1.0426583690534525,30.879833221435547,27.913455963134766,9.566038131713867,1.755428284949535,2.253119263200473,0.003215093442685925,0.6303974481877017,9.19,4905.64392495,-0.36853167381069046,-0.2085316738106905,50000.0,5.0,250000.0,-921.3291845267262,-521.3291845267262
2026-01-02,SHALPAINTS,LONG,B_HUGE_GREEN_PULLBACK_HOLD_THEN_BREAK,HUGE,2026-01-02 13:15:00+05:30,2026-01-02 14:15:00+05:30,70.99999694824218,70.62724696426392,71.74549691619872,2026-01-02 14:16:00+05:30,71.74549691619872,TARGET,4.449999999999932,5.249999999999932,43.03129196166992,80.8971939086914,84.19750213623047,3.6478649962146865,5.009817047457212,0.010122166180012522,11.289013252075737,9.19,70.62724696426392,0.8899999999999864,1.0499999999999863,100000.0,5.0,500000.0,4449.999999999932,5249.999999999932
2026-01-05,LXCHEM,SHORT,A_MOD_BREAK_C1_LOW,MODERATE,2026-01-05 10:45:00+05:30,2026-01-05 11:00:00+05:30,163.34999389648436,164.2075813644409,161.9778539477539,2026-01-05 11:01:00+05:30,161.9778539477539,TARGET,3.3999999999999417,4.199999999999942,27.800891876220703,24.749977111816406,13.05688762664795,1.369650901404158,2.378400562429248,0.007680024682622039,0.5167022858890382,9.45,164.2075813644409,0.6799999999999884,0.8399999999999883,50000.0,5.0,250000.0,1699.9999999999711,2099.999999999971
2026-01-05,JINDRILL,SHORT,A_MOD_BREAK_C1_LOW,MODERATE,2026-01-05 11:00:00+05:30,2026-01-05 11:15:00+05:30,552.5394944091797,555.4403267548279,547.8981626561426,2026-01-05 11:16:00+05:30,547.8981626561426,TARGET,3.3999999999999853,4.199999999999985,30.916732788085938,22.027069091796875,4.106200218200684,1.3253859534076706,2.972902687967275,0.006354948495654473,0.5556935336676314,9.45,555.4403267548279,0.679999999999997,0.839999999999997,50000.0,5.0,250000.0,1699.9999999999925,2099.9999999999927
2026-01-05,CIEINDIA,LONG,B_HUGE_GREEN_PULLBACK_HOLD_THEN_BREAK,HUGE,2026-01-05 10:45:00+05:30,2026-01-05 12:15:00+05:30,436.98737389526366,434.6931901823135,441.5757413211639,2026-01-05 15:24:00+05:30,434.6931901823135,SL,-3.4250000000000114,-2.625000000000011,41.330814361572266,68.85242462158203,75.8729019165039,1.3840434105914128,2.9248291056370355,0.004412925680622385,6.135550429709558,9.45,434.6931901823135,-0.6850000000000023,-0.5250000000000022,100000.0,5.0,500000.0,-3425.0000000000114,-2625.000000000011
2026-01-05,HPL,SHORT,A_MOD_BREAK_C1_LOW,MODERATE,2026-01-05 12:00:00+05:30,2026-01-05 12:15:00+05:30,398.72022779541015,400.81350899133605,395.3709778819287,2026-01-05 15:30:00+05:30,397.04998779296875,EOD,1.2945012141426027,2.0945012141426025,34.85091781616211,30.10990333557129,10.098146438598633,1.4407907136744114,1.9374757213760658,0.006229858350634276,0.631775928204257,9.45,400.81350899133605,0.25890024282852053,0.4189002428285205,50000.0,5.0,250000.0,647.2506070713014,1047.2506070713011
2026-01-05,GNA,LONG,B_HUGE_GREEN_PULLBACK_HOLD_THEN_BREAK,HUGE,2026-01-05 11:45:00+05:30,2026-01-05 12:45:00+05:30,338.01760220947267,336.24300979787296,341.5667870326721,2026-01-05 12:46:00+05:30,341.5667870326721,TARGET,4.449999999999944,5.249999999999943,57.53041458129883,80.00899505615234,88.61514282226562,2.469599160156601,3.943981299326498,0.009899196682033595,9.060164908113963,9.45,336.24300979787296,0.8899999999999888,1.0499999999999887,100000.0,5.0,500000.0,4449.999999999944,5249.999999999944
2026-01-05,KRBL,SHORT,A_MOD_BREAK_C1_LOW,MODERATE,2026-01-05 13:45:00+05:30,2026-01-05 14:00:00+05:30,385.9228,387.9488947,382.68104848,2026-01-05 15:30:00+05:30,384.75,EOD,0.7194748794318386,1.5194748794318387,32.28285598754883,27.9454345703125,9.681185722351074,3.092103499408825,3.3766087695432208,0.0032913019325179933,0.6942428398132323,9.45,387.9488947,0.14389497588636774,0.3038949758863677,50000.0,5.0,250000.0,359.7374397159193,759.7374397159193
2026-01-06,HSCL,SHORT,A_MOD_BREAK_C1_LOW,MODERATE,2026-01-06 10:15:00+05:30,2026-01-06 10:30:00+05:30,481.3537222045899,483.88082924616396,477.31035093807134,2026-01-06 15:30:00+05:30,481.0,EOD,-0.432575600568921,0.36742439943107885,27.747838973999023,25.658126831054688,4.259847164154053,1.171408338858759,2.4889839974960952,0.0053302708473858835,0.4812140439102682,10.02,483.88082924616396,-0.0865151201137842,0.07348487988621577,50000.0,5.0,250000.0,-216.2878002844605,183.71219971553944
2026-01-06,PARAGMILK,SHORT,A_MOD_BREAK_C1_LOW,MODERATE,2026-01-06 10:30:00+05:30,2026-01-06 10:45:00+05:30,294.49107779541015,296.037155953836,292.01735274192873,2026-01-06 15:30:00+05:30,295.20001220703125,EOD,-2.0036602550546783,-1.2036602550546782,25.344247817993164,28.677698135375977,12.063018798828125,1.366239818849521,2.8261876046692302,0.0053174765076237016,0.4792556855685636,10.02,296.037155953836,-0.4007320510109356,-0.24073205101093564,50000.0,5.0,250000.0,-1001.830127527339,-601.8301275273391
2026-01-06,SONATSOFTW,SHORT,A_MOD_BREAK_C1_LOW,MODERATE,2026-01-06 10:30:00+05:30,2026-01-06 10:45:00+05:30,352.57946389770507,354.430506083168,349.6177964009644,2026-01-06 15:30:00+05:30,351.1499938964844,EOD,1.2271600413395456,2.0271600413395454,30.67270851135254,18.76824951171875,4.469888210296631,1.6409297699116385,3.6750055376507675,0.004979865363838111,0.6072533374048248,10.02,354.430506083168,0.24543200826790912,0.4054320082679091,50000.0,5.0,250000.0,613.5800206697728,1013.5800206697728
2026-01-06,THYROCARE,LONG,A_MOD_BREAK_C1_HIGH,MODERATE,2026-01-06 10:30:00+05:30,2026-01-06 10:45:00+05:30,478.0956,475.5855981,483.1156038,2026-01-06 10:46:00+05:30,483.1156038,TARGET,4.449999999999983,5.249999999999982,37.73088455200195,77.85613250732422,94.80589294433594,2.8395250404189305,2.57285918422986,0.008372584791597679,7.5983803597537936,10.02,475.5855981,0.8899999999999966,1.0499999999999965,100000.0,5.0,500000.0,4449.999999999983,5249.999999999982
2026-01-06,POCL,SHORT,A_MOD_BREAK_C1_LOW,MODERATE,2026-01-06 10:45:00+05:30,2026-01-06 11:00:00+05:30,1451.7096,1459.3310754,1439.51523936,2026-01-06 13:09:00+05:30,1459.3310754,SL,-3.4250000000000034,-2.6250000000000036,47.67033767700195,25.85930824279785,16.997541427612305,1.2352131234615344,2.4571027772922487,0.008803304648628918,0.7912173617607978,10.02,1459.3310754,-0.6850000000000007,-0.5250000000000007,50000.0,5.0,250000.0,-1712.5000000000018,-1312.5000000000018
2026-01-06,KNRCON,SHORT,A_MOD_BREAK_C1_LOW,MODERATE,2026-01-06 11:00:00+05:30,2026-01-06 11:15:00+05:30,154.45,155.26086249999997,153.15261999999998,2026-01-06 11:29:00+05:30,153.15261999999998,TARGET,3.400000000000013,4.200000000000013,35.32750701904297,26.93740463256836,10.760306358337402,1.5183568340633944,2.0542163315703243,0.007131758217016806,0.6556250512467385,10.02,155.26086249999997,0.6800000000000026,0.8400000000000025,50000.0,5.0,250000.0,1700.0000000000064,2100.0000000000064
2026-01-06,WABAG,SHORT,A_MOD_BREAK_C1_LOW,MODERATE,2026-01-06 11:00:00+05:30,2026-01-06 11:15:00+05:30,1239.752,1246.2606979999998,1229.3380832,2026-01-06 12:08:00+05:30,1229.3380832,TARGET,3.3999999999999697,4.199999999999969,43.41788864135742,20.152259826660156,4.113884925842285,1.3486728691192817,3.6470459003080626,0.006433305561483104,0.7472860817162355,10.02,1246.2606979999998,0.6799999999999939,0.8399999999999939,50000.0,5.0,250000.0,1699.999999999985,2099.9999999999845
2026-01-06,ADSL,SHORT,A_MOD_BREAK_C1_LOW,MODERATE,2026-01-06 11:45:00+05:30,2026-01-06 12:00:00+05:30,149.95,150.7372375,148.69042,2026-01-06 14:06:00+05:30,148.69042,TARGET,3.3999999999999995,4.2,28.402099609375,33.54835510253906,9.24387264251709,1.254090820773442,1.8767696161188168,0.004608298914443486,0.4993358685819182,10.02,150.7372375,0.6799999999999999,0.84,50000.0,5.0,250000.0,1700.0,2100.0
2026-01-06,AJANTPHARM,SHORT,A_MOD_BREAK_C1_LOW,MODERATE,2026-01-06 11:45:00+05:30,2026-01-06 12:00:00+05:30,2805.4388,2820.1673536999997,2781.87311408,2026-01-06 12:11:00+05:30,2820.1673536999997,SL,-3.4249999999999634,-2.6249999999999636,45.95308303833008,15.719297409057617,6.596982002258301,1.847921751209869,3.8576884275576497,0.006632436072479874,0.8726825520366781,10.02,2820.1673536999997,-0.6849999999999927,-0.5249999999999927,50000.0,5.0,250000.0,-1712.4999999999818,-1312.4999999999816
2026-01-06,DIAMINESQ,SHORT,B_HUGE_RED_FAILED_BOUNCE,HUGE,2026-01-06 11:30:00+05:30,2026-01-06 12:30:00+05:30,263.4473,264.830398325,261.23434268,2026-01-06 14:02:00+05:30,264.830398325,SL,-3.4249999999999847,-2.6249999999999845,32.21333694458008,28.118268966674805,35.95246887207031,1.894361275201047,3.0402224384464342,0.007129271825154622,0.7147132773288843,10.02,264.830398325,-0.684999999999997,-0.5249999999999969,50000.0,5.0,250000.0,-1712.4999999999925,-1312.4999999999923
2026-01-06,INDHOTEL,SHORT,A_MOD_BREAK_C1_LOW,MODERATE,2026-01-06 12:15:00+05:30,2026-01-06 12:30:00+05:30,732.1535277954101,735.997333816336,726.0034381619287,2026-01-06 14:09:00+05:30,726.0034381619287,TARGET,3.4000000000000083,4.200000000000008,28.938106536865234,35.122276306152344,20.5903377532959,0.973682132657883,1.7312256040768073,0.004170441402606315,0.4510272514719484,10.02,735.997333816336,0.6800000000000017,0.8400000000000016,50000.0,5.0,250000.0,1700.0000000000043,2100.000000000004
2026-01-06,KAJARIACER,LONG,B_HUGE_GREEN_PULLBACK_HOLD_THEN_BREAK,HUGE,2026-01-06 11:30:00+05:30,2026-01-06 12:45:00+05:30,1003.2505977905273,997.983532152127,1013.7847290673278,2026-01-06 15:30:00+05:30,1000.25,EOD,-2.295437828362907,-1.4954378283629068,37.893898010253906,83.618408203125,81.08757781982422,2.1896048208150787,4.014682415740573,0.004354798781907451,8.166375599406491,10.02,997.983532152127,-0.45908756567258135,-0.2990875656725814,100000.0,5.0,500000.0,-2295.437828362907,-1495.4378283629069
2026-01-06,CUMMINSIND,SHORT,A_MOD_BREAK_C1_LOW,MODERATE,2026-01-06 13:30:00+05:30,2026-01-06 13:45:00+05:30,4200.1598,4222.21063895,4164.878457680001,2026-01-06 14:00:00+05:30,4164.878457680001,TARGET,3.3999999999999475,4.199999999999948,52.92740249633789,21.194869995117188,2.7417147159576416,2.3337469019251107,3.296718694368834,0.005057837885691435,0.96,10.02,4222.21063895,0.6799999999999895,0.8399999999999895,50000.0,5.0,250000.0,1699.9999999999736,2099.9999999999736
2026-01-06,SHANTIGEAR,SHORT,A_MOD_BREAK_C1_LOW,MODERATE,2026-01-06 14:15:00+05:30,2026-01-06 14:30:00+05:30,454.0591638977051,456.44297450816805,450.2450669209644,2026-01-06 14:55:00+05:30,450.2450669209644,TARGET,3.3999999999999755,4.199999999999974,33.82563781738281,24.13938331604004,21.53362464904785,3.565249301945317,4.504703852204755,0.0037825747243052776,0.7173845672607422,10.02,456.44297450816805,0.679999999999995,0.839999999999995,50000.0,5.0,250000.0,1699.9999999999875,2099.9999999999873
2026-01-07,SPARC,LONG,A_MOD_BREAK_C1_HIGH,MODERATE,2026-01-07 10:00:00+05:30,2026-01-07 10:15:00+05:30,139.52000122070314,138.78752121429446,140.98496123352052,2026-01-07 10:17:00+05:30,140.98496123352052,TARGET,4.450000000000011,5.250000000000011,30.862245559692383,71.89813232421875,68.45783233642578,1.1389239084423297,2.2849608502681455,0.008853557079869926,5.162511843001562,10.02,138.78752121429446,0.8900000000000021,1.050000000000002,100000.0,5.0,500000.0,4450.00000000001,5250.00000000001
2026-01-07,JLHL,SHORT,A_MOD_BREAK_C1_LOW,MODERATE,2026-01-07 10:45:00+05:30,2026-01-07 11:00:00+05:30,1361.1277444091797,1368.273665067328,1349.6942713561427,2026-01-07 11:08:00+05:30,1368.273665067328,SL,-3.4250000000000282,-2.6250000000000284,34.563575744628906,24.73280906677246,7.318441867828369,1.9540983246087644,2.9993198088662916,0.005268689076834862,0.7204208429759673,10.02,1368.273665067328,-0.6850000000000056,-0.5250000000000057,50000.0,5.0,250000.0,-1712.5000000000139,-1312.500000000014
2026-01-07,CIPLA,SHORT,A_MOD_BREAK_C1_LOW,MODERATE,2026-01-07 11:15:00+05:30,2026-01-07 11:30:00+05:30,1478.0043888183593,1485.7639118596558,1465.5891519522852,2026-01-07 11:34:00+05:30,1465.5891519522852,TARGET,3.399999999999963,4.199999999999963,41.27904510498047,23.719423294067383,10.1300630569458,1.360734422027968,2.7103109465767936,0.007084465878250181,0.7173142004296014,10.02,1485.7639118596558,0.6799999999999926,0.8399999999999926,50000.0,5.0,250000.0,1699.9999999999816,2099.999999999982
2026-01-07,HPAL,SHORT,A_PULLBACK_C2_THEN_BREAK_C2_LOW,MODERATE,2026-01-07 11:15:00+05:30,2026-01-07 11:45:00+05:30,41.209998321533206,41.42635081272125,40.863834335632326,2026-01-07 15:09:00+05:30,41.42635081272125,SL,-3.424999999999975,-2.6249999999999747,54.80451965332031,28.4227237701416,21.33331298828125,0.9228047455799293,1.9157438156557098,0.006855768477515727,0.7672780212592731,10.02,41.42635081272125,-0.684999999999995,-0.5249999999999949,50000.0,5.0,250000.0,-1712.4999999999875,-1312.4999999999873
2026-01-07,PUNJABCHEM,SHORT,A_MOD_BREAK_C1_LOW,MODERATE,2026-01-07 11:30:00+05:30,2026-01-07 11:45:00+05:30,1117.2765,1123.1422016249999,1107.8913774,2026-01-07 15:00:00+05:30,1123.1422016249999,SL,-3.424999999999968,-2.624999999999968,31.504343032836914,30.92622184753418,0.8241516947746277,1.8766573888184162,2.707004849310073,0.0060876009922552704,0.6609801885357764,10.02,1123.1422016249999,-0.6849999999999936,-0.5249999999999936,50000.0,5.0,250000.0,-1712.499999999984,-1312.499999999984
2026-01-07,POWERINDIA,LONG,B_HUGE_GREEN_PULLBACK_HOLD_THEN_BREAK,HUGE,2026-01-07 10:15:00+05:30,2026-01-07 12:30:00+05:30,19582.9158,19480.10549205,19788.5364159,2026-01-07 12:54:00+05:30,19788.5364159,TARGET,4.449999999999985,5.249999999999985,26.618896484375,74.14543914794922,89.10399627685547,147.30208640175127,3.1083505354442837,0.006880632181571952,181.00859481602333,10.02,19480.10549205,0.889999999999997,1.049999999999997,100000.0,5.0,500000.0,4449.999999999985,5249.9999999999845
2026-01-07,GALAPREC,SHORT,A_MOD_BREAK_C1_LOW,MODERATE,2026-01-07 12:15:00+05:30,2026-01-07 12:30:00+05:30,759.848,763.8372019999999,753.4652768,2026-01-07 14:33:00+05:30,763.8372019999999,SL,-3.4249999999999856,-2.624999999999986,33.15385055541992,28.448606491088867,30.80040740966797,1.459075751090144,1.8510366211817666,0.00457706890608135,0.6051978458311624,10.02,763.8372019999999,-0.6849999999999972,-0.5249999999999971,50000.0,5.0,250000.0,-1712.499999999993,-1312.499999999993
2026-01-07,OIL,SHORT,A_MOD_BREAK_C1_LOW,MODERATE,2026-01-07 12:15:00+05:30,2026-01-07 12:30:00+05:30,415.01698610229494,417.195825279332,411.53084341903565,2026-01-07 13:13:00+05:30,417.195825279332,SL,-3.424999999999999,-2.6249999999999996,30.799461364746094,29.81526756286621,4.743475437164307,1.9040833084833404,2.5866784712693813,0.004429334908059962,0.655206499455776,10.02,417.195825279332,-0.6849999999999998,-0.5249999999999999,50000.0,5.0,250000.0,-1712.4999999999995,-1312.4999999999998
2026-01-07,DCMSRIND,SHORT,A_MOD_BREAK_C1_LOW,MODERATE,2026-01-07 13:15:00+05:30,2026-01-07 13:30:00+05:30,51.560000610351565,51.83069061355591,51.126896605224616,2026-01-07 13:36:00+05:30,51.83069061355591,SL,-3.4249999999999794,-2.624999999999979,51.702449798583984,36.57606506347656,19.681352615356445,1.1127698172525562,1.5446322055602644,0.017314357144503092,0.7819663282972107,10.02,51.83069061355591,-0.6849999999999958,-0.5249999999999958,50000.0,5.0,250000.0,-1712.4999999999895,-1312.4999999999895
2026-01-08,GMDCLTD,SHORT,A_MOD_BREAK_C1_LOW,MODERATE,2026-01-08 10:00:00+05:30,2026-01-08 10:15:00+05:30,588.5822722045898,591.6723291336639,583.6381811180713,2026-01-08 10:39:00+05:30,583.6381811180713,TARGET,3.39999999999994,4.19999999999994,29.93306541442871,19.1607608795166,6.216122627258301,1.640006410545639,4.052034014470161,0.008091399363152394,0.5959971030619173,9.95,591.6723291336639,0.679999999999988,0.839999999999988,50000.0,5.0,250000.0,1699.9999999999698,2099.99999999997
2026-01-08,JINDALSAW,SHORT,A_MOD_BREAK_C1_LOW,MODERATE,2026-01-08 10:45:00+05:30,2026-01-08 11:00:00+05:30,165.56000061035155,166.4291906135559,164.16929660522462,2026-01-08 12:03:00+05:30,164.16929660522462,TARGET,3.3999999999999453,4.199999999999945,25.978574752807617,21.921913146972656,5.475009441375732,2.4200914859482436,3.6257062144732033,0.004701871285710826,0.5996786212921141,9.95,166.4291906135559,0.6799999999999891,0.839999999999989,50000.0,5.0,250000.0,1699.9999999999725,2099.9999999999727
2026-01-08,KIOCL,SHORT,A_MOD_BREAK_C1_LOW,MODERATE,2026-01-08 10:45:00+05:30,2026-01-08 11:00:00+05:30,379.924,381.91860099999997,376.7326384,2026-01-08 11:12:00+05:30,376.7326384,TARGET,3.399999999999992,4.199999999999992,37.66134262084961,25.837825775146484,7.0343194007873535,1.825889458368307,3.0575907713275203,0.007949016647096817,0.7444507945271976,9.95,381.91860099999997,0.6799999999999984,0.8399999999999984,50000.0,5.0,250000.0,1699.999999999996,2099.999999999996
2026-01-08,PILANIINVS,SHORT,A_MOD_BREAK_C1_LOW,MODERATE,2026-01-08 10:45:00+05:30,2026-01-08 11:00:00+05:30,5055.9886,5082.5325401499995,5013.51829576,2026-01-08 11:24:00+05:30,5013.51829576,TARGET,3.3999999999999684,4.199999999999969,29.595239639282227,38.14160919189453,0.0,1.0869812170262407,2.010956199658957,0.0023517614300127957,0.49415030756882555,9.95,5082.5325401499995,0.6799999999999937,0.8399999999999938,50000.0,5.0,250000.0,1699.9999999999843,2099.999999999984
2026-01-08,RAMKY,SHORT,A_MOD_BREAK_C1_LOW,MODERATE,2026-01-08 10:45:00+05:30,2026-01-08 11:00:00+05:30,529.894,532.6759435,525.4428904,2026-01-08 11:01:00+05:30,525.4428904,TARGET,3.399999999999995,4.199999999999996,37.478702545166016,36.49542236328125,33.33333206176758,0.9165528817293461,1.6328253111811408,0.003989231361533111,0.564218558039183,9.95,532.6759435,0.679999999999999,0.8399999999999991,50000.0,5.0,250000.0,1699.9999999999975,2099.9999999999977
2026-01-08,AEROFLEX,SHORT,A_MOD_BREAK_C1_LOW,MODERATE,2026-01-08 11:00:00+05:30,2026-01-08 11:15:00+05:30,194.2500030517578,195.26981556777952,192.61830302612304,2026-01-08 11:34:00+05:30,192.61830302612304,TARGET,3.3999999999999786,4.199999999999978,25.644302368164062,32.38003921508789,5.329035758972168,1.9383203752751592,2.4363691883997016,0.006385957217854856,0.5838706011956138,9.95,195.26981556777952,0.6799999999999957,0.8399999999999956,50000.0,5.0,250000.0,1699.9999999999893,2099.999999999989
2026-01-08,BALMLAWRIE,SHORT,A_MOD_BREAK_C1_LOW,MODERATE,2026-01-08 11:00:00+05:30,2026-01-08 11:15:00+05:30,180.14000244140624,181.08573745422362,178.62682642089842,2026-01-08 13:32:00+05:30,178.62682642089842,TARGET,3.400000000000004,4.200000000000005,30.30914306640625,29.85719871520996,14.213175773620605,1.4651267435257838,2.530259789314643,0.0040354199685458435,0.5710343261131059,9.95,181.08573745422362,0.6800000000000008,0.8400000000000009,50000.0,5.0,250000.0,1700.000000000002,2100.000000000002
2026-01-08,DYNAMATECH,SHORT,A_MOD_BREAK_C1_LOW,MODERATE,2026-01-08 11:00:00+05:30,2026-01-08 11:15:00+05:30,8965.7065,9012.776459125,8890.3945654,2026-01-08 11:31:00+05:30,8890.3945654,TARGET,3.4000000000000172,4.200000000000017,25.52069854736328,27.568185806274414,7.903779983520508,1.1588207457867286,1.8755508814102564,0.004349038193476443,0.4393816527936395,9.95,9012.776459125,0.6800000000000035,0.8400000000000034,50000.0,5.0,250000.0,1700.0000000000089,2100.0000000000086
2026-01-08,HINDALCO,SHORT,A_MOD_BREAK_C1_LOW,MODERATE,2026-01-08 11:00:00+05:30,2026-01-08 11:15:00+05:30,907.4184555908203,912.182402482672,899.7961405638574,2026-01-08 11:49:00+05:30,899.7961405638574,TARGET,3.399999999999971,4.199999999999971,48.80794143676758,13.771114349365234,5.667043685913086,2.0104395413326195,4.1249935341239174,0.005379564178949807,0.9421191215515137,9.95,912.182402482672,0.6799999999999942,0.8399999999999942,50000.0,5.0,250000.0,1699.9999999999854,2099.9999999999854
2026-01-08,IOB,SHORT,A_MOD_BREAK_C1_LOW,MODERATE,2026-01-08 11:00:00+05:30,2026-01-08 11:15:00+05:30,35.970000457763675,36.158842960166936,35.667852453918464,2026-01-08 11:21:00+05:30,35.667852453918464,TARGET,3.3999999999999475,4.199999999999948,25.261911392211914,28.48328399658203,8.310012817382812,2.0591760481244643,2.4868084791100964,0.004416030833107892,0.5889286708831787,9.95,36.158842960166936,0.6799999999999895,0.8399999999999895,50000.0,5.0,250000.0,1699.9999999999736,2099.9999999999736
2026-01-08,KTKBANK,SHORT,A_MOD_BREAK_C1_LOW,MODERATE,2026-01-08 11:00:00+05:30,2026-01-08 11:15:00+05:30,195.7,196.72742499999998,194.05612,2026-01-08 11:20:00+05:30,194.05612,TARGET,3.3999999999999897,4.1999999999999895,38.34356689453125,32.636722564697266,8.47048282623291,1.4567288942091066,1.9706596747434122,0.0053781141824412225,0.6886140436417332,9.95,196.72742499999998,0.6799999999999979,0.8399999999999979,50000.0,5.0,250000.0,1699.999999999995,2099.9999999999945
2026-01-08,PARADEEP,SHORT,A_MOD_BREAK_C1_LOW,MODERATE,2026-01-08 11:00:00+05:30,2026-01-08 11:15:00+05:30,154.45999450683593,155.2709094779968,153.16253055297852,2026-01-08 11:59:00+05:30,153.16253055297852,TARGET,3.3999999999999373,4.199999999999937,25.10611915588379,23.6765193939209,4.165220260620117,1.696291925995921,2.579819892921936,0.005690285885363027,0.533442874387543,9.95,155.2709094779968,0.6799999999999875,0.8399999999999874,50000.0,5.0,250000.0,1699.9999999999686,2099.9999999999686
2026-01-08,TATVA,SHORT,A_MOD_BREAK_C1_LOW,MODERATE,2026-01-08 11:00:00+05:30,2026-01-08 11:15:00+05:30,1299.8399555908204,1306.6641153576722,1288.9212999638576,2026-01-08 12:20:00+05:30,1288.9212999638576,TARGET,3.399999999999983,4.199999999999982,36.061588287353516,28.449373245239258,11.364295959472656,1.8333461982716028,2.66544669070692,0.00575381182964539,0.7217594090078332,9.95,1306.6641153576722,0.6799999999999966,0.8399999999999965,50000.0,5.0,250000.0,1699.9999999999914,2099.9999999999914
2026-01-08,ADANIENSOL,SHORT,A_MOD_BREAK_C1_LOW,MODERATE,2026-01-08 11:15:00+05:30,2026-01-08 11:30:00+05:30,1008.9981722045899,1014.2954126086639,1000.5225875580713,2026-01-08 11:59:00+05:30,1000.5225875580713,TARGET,3.399999999999994,4.199999999999994,37.77353286743164,22.883071899414062,5.2214765548706055,1.8305870949249998,2.9486463388930333,0.0055326151976635915,0.7469557346233495,9.95,1014.2954126086639,0.6799999999999988,0.8399999999999987,50000.0,5.0,250000.0,1699.999999999997,2099.999999999997
2026-01-08,CHEMCON,SHORT,A_MOD_BREAK_C1_LOW,MODERATE,2026-01-08 11:15:00+05:30,2026-01-08 11:30:00+05:30,198.39999694824218,199.44159693222045,196.73343697387696,2026-01-08 12:14:00+05:30,196.73343697387696,TARGET,3.399999999999949,4.199999999999949,34.453556060791016,31.729373931884766,16.606531143188477,1.4753752963646833,2.1100562869020676,0.004380381303842593,0.6349940177756848,9.95,199.44159693222045,0.6799999999999897,0.8399999999999898,50000.0,5.0,250000.0,1699.9999999999743,2099.999999999974
2026-01-08,EMSLIMITED,SHORT,A_MOD_BREAK_C1_LOW,MODERATE,2026-01-08 11:15:00+05:30,2026-01-08 11:30:00+05:30,413.5172861022949,415.68825185433195,410.04374089903564,2026-01-08 13:32:00+05:30,410.04374089903564,TARGET,3.400000000000001,4.2,26.651247024536133,31.58356285095215,4.510190010070801,2.1683260919826277,2.47732763804409,0.0058027086517627845,0.6097687053680421,9.95,415.68825185433195,0.6800000000000002,0.8400000000000001,50000.0,5.0,250000.0,1700.0000000000002,2100.0000000000005
2026-01-08,GICHSGFIN,SHORT,A_MOD_BREAK_C1_LOW,MODERATE,2026-01-08 11:15:00+05:30,2026-01-08 11:30:00+05:30,174.36000366210936,175.27539368133543,172.89537963134765,2026-01-08 12:02:00+05:30,172.89537963134765,TARGET,3.399999999999981,4.199999999999981,26.594118118286133,27.44427490234375,1.2003566026687622,1.6361364884333467,2.613383020432442,0.006352012966339677,0.5452356572501276,9.95,175.27539368133543,0.6799999999999962,0.8399999999999961,50000.0,5.0,250000.0,1699.9999999999905,2099.9999999999905
2026-01-08,INDIAMART,SHORT,A_MOD_BREAK_C1_LOW,MODERATE,2026-01-08 11:15:00+05:30,2026-01-08 11:30:00+05:30,2144.571,2155.82999775,2126.5566036,2026-01-08 12:28:00+05:30,2155.82999775,SL,-3.425000000000038,-2.6250000000000377,29.515302658081055,31.109848022460938,8.850661277770996,1.2577935024505844,2.083972959836122,0.0036723026198660653,0.5228434028000681,9.95,2155.82999775,-0.6850000000000076,-0.5250000000000076,50000.0,5.0,250000.0,-1712.5000000000189,-1312.5000000000189
2026-01-08,IRCTC,SHORT,A_MOD_BREAK_C1_LOW,MODERATE,2026-01-08 11:15:00+05:30,2026-01-08 11:30:00+05:30,662.4174777954102,665.895169553836,656.8531709819288,2026-01-08 13:41:00+05:30,656.8531709819288,TARGET,3.3999999999999506,4.199999999999951,25.261014938354492,28.62343978881836,5.826035976409912,1.6946454123552372,2.408747969001347,0.003513502741885248,0.5354781712374839,9.95,665.895169553836,0.6799999999999902,0.8399999999999902,50000.0,5.0,250000.0,1699.9999999999754,2099.9999999999754
2026-01-08,MOIL,SHORT,A_MOD_BREAK_C1_LOW,MODERATE,2026-01-08 11:15:00+05:30,2026-01-08 11:30:00+05:30,353.12937220458986,354.9833014086639,350.1630854780713,2026-01-08 12:05:00+05:30,350.1630854780713,TARGET,3.399999999999989,4.199999999999989,43.345947265625,10.611927032470703,1.9423766136169434,3.114703838816033,5.085537271165563,0.007990380968881996,0.860189208984375,9.95,354.9833014086639,0.6799999999999977,0.8399999999999976,50000.0,5.0,250000.0,1699.9999999999943,2099.999999999994
2026-01-08,PARACABLES,SHORT,A_MOD_BREAK_C1_LOW,MODERATE,2026-01-08 11:15:00+05:30,2026-01-08 11:30:00+05:30,36.85000152587891,37.04346403388977,36.54046151306153,2026-01-08 11:54:00+05:30,37.04346403388977,SL,-3.4249999999999456,-2.624999999999946,28.69981575012207,25.140600204467773,3.144315481185913,1.7521683001685284,2.82653869296892,0.006794413942087315,0.5971266887813236,9.95,37.04346403388977,-0.6849999999999892,-0.5249999999999891,50000.0,5.0,250000.0,-1712.499999999973,-1312.4999999999727
2026-01-08,PTC,SHORT,A_MOD_BREAK_C1_LOW,MODERATE,2026-01-08 11:15:00+05:30,2026-01-08 11:30:00+05:30,163.45,164.3081125,162.07702,2026-01-08 11:52:00+05:30,162.07702,TARGET,3.399999999999952,4.199999999999952,26.2337703704834,26.529132843017578,5.75963830947876,1.7906956327787447,1.9805423865463652,0.004414622812075953,0.5659054106208494,9.95,164.3081125,0.6799999999999904,0.8399999999999904,50000.0,5.0,250000.0,1699.9999999999761,2099.999999999976
2026-01-08,UNIONBANK,SHORT,A_MOD_BREAK_C1_LOW,MODERATE,2026-01-08 11:15:00+05:30,2026-01-08 11:30:00+05:30,161.5800048828125,162.42829990844726,160.22273284179687,2026-01-08 14:55:00+05:30,162.42829990844726,SL,-3.4250000000000114,-2.625000000000011,27.358287811279297,27.781612396240234,3.499060869216919,2.3161964772174284,2.6510478349083697,0.005874763811947755,0.6203743171691893,9.95,162.42829990844726,-0.6850000000000023,-0.5250000000000022,50000.0,5.0,250000.0,-1712.5000000000057,-1312.5000000000055
2026-01-08,GRWRHITECH,SHORT,A_MOD_BREAK_C1_LOW,MODERATE,2026-01-08 12:00:00+05:30,2026-01-08 12:15:00+05:30,3002.3994,3018.16199685,2977.17924504,2026-01-08 12:44:00+05:30,2977.17924504,TARGET,3.3999999999999906,4.199999999999991,27.042356491088867,16.727617263793945,2.737776041030884,2.9825626780537013,3.3876909964312323,0.010627767686142193,0.615635347366333,9.95,3018.16199685,0.6799999999999982,0.8399999999999982,50000.0,5.0,250000.0,1699.9999999999955,2099.9999999999955
2026-01-08,YASHO,SHORT,A_MOD_BREAK_C1_LOW,MODERATE,2026-01-08 12:00:00+05:30,2026-01-08 12:15:00+05:30,1224.755,1231.1849637500002,1214.4670580000002,2026-01-08 12:30:00+05:30,1231.1849637500002,SL,-3.4250000000000282,-2.6250000000000284,63.12178039550781,9.586525917053223,1.9739024639129639,2.862953349116217,3.855322424062202,0.011384301240059135,0.96,9.95,1231.1849637500002,-0.6850000000000056,-0.5250000000000057,50000.0,5.0,250000.0,-1712.5000000000139,-1312.500000000014
2026-01-08,REMSONSIND,SHORT,A_MOD_BREAK_C1_LOW,MODERATE,2026-01-08 12:45:00+05:30,2026-01-08 13:00:00+05:30,117.49000091552735,118.10682342033387,116.50308490783692,2026-01-08 14:10:00+05:30,118.10682342033387,SL,-3.4250000000000105,-2.6250000000000107,27.99420928955078,28.498920440673828,1.2658365964889526,2.4304600625140336,2.4943899710573354,0.006769717407008074,0.6299131393432618,9.95,118.10682342033387,-0.685000000000002,-0.5250000000000021,50000.0,5.0,250000.0,-1712.500000000005,-1312.5000000000052
2026-01-09,ADANIPORTS,SHORT,A_MOD_BREAK_C1_LOW,MODERATE,2026-01-09 11:30:00+05:30,2026-01-09 11:45:00+05:30,1442.7114,1450.28563485,1430.59262424,2026-01-09 15:30:00+05:30,1434.0,EOD,2.2191069398910663,3.019106939891066,34.22404479980469,32.34813690185547,23.558155059814453,0.6380935274588727,1.7436808327120155,0.005785335899293561,0.4722110809379738,10.6,1450.28563485,0.4438213879782133,0.6038213879782133,50000.0,5.0,250000.0,1109.5534699455334,1509.5534699455334
2026-01-09,ELECON,SHORT,A_MOD_BREAK_C1_LOW,MODERATE,2026-01-09 11:45:00+05:30,2026-01-09 12:00:00+05:30,422.9154,425.13570584999997,419.36291064,2026-01-09 12:01:00+05:30,419.36291064,TARGET,3.3999999999999786,4.199999999999978,44.0457763671875,19.94548988342285,2.2762231826782227,1.384552318385341,3.3767619921569754,0.026652066933806673,0.7629833012252472,10.6,425.13570584999997,0.6799999999999957,0.8399999999999956,50000.0,5.0,250000.0,1699.9999999999893,2099.999999999989
2026-01-09,POCL,SHORT,A_MOD_BREAK_C1_LOW,MODERATE,2026-01-09 12:00:00+05:30,2026-01-09 12:15:00+05:30,1403.8191555908204,1411.1892061576723,1392.0270746838576,2026-01-09 12:28:00+05:30,1392.0270746838576,TARGET,3.399999999999981,4.199999999999981,33.223636627197266,26.810497283935547,9.473902702331543,1.7567345946884614,2.3009747125397233,0.009482476980461889,0.6657831034784396,10.6,1411.1892061576723,0.6799999999999962,0.8399999999999961,50000.0,5.0,250000.0,1699.9999999999905,2099.9999999999905
2026-01-09,SANGHVIMOV,SHORT,A_PULLBACK_C2_THEN_BREAK_C2_LOW,MODERATE,2026-01-09 12:00:00+05:30,2026-01-09 12:30:00+05:30,315.9368,317.59546819999997,313.28293088000004,2026-01-09 14:33:00+05:30,313.28293088000004,TARGET,3.399999999999949,4.199999999999949,41.89564514160156,30.943708419799805,5.7896647453308105,1.5203083553546937,2.4188543022713263,0.009626886035920572,0.7544886393110948,10.6,317.59546819999997,0.6799999999999897,0.8399999999999898,50000.0,5.0,250000.0,1699.9999999999743,2099.999999999974
2026-01-09,TIINDIA,SHORT,A_PULLBACK_C2_THEN_BREAK_C2_LOW,MODERATE,2026-01-09 12:00:00+05:30,2026-01-09 12:30:00+05:30,2460.5078,2473.4254659499998,2439.83953448,2026-01-09 15:30:00+05:30,2450.0,EOD,1.3352909346598825,2.1352909346598823,28.72410774230957,32.20866394042969,40.714420318603516,0.7749148627996375,1.7170684351202783,0.007855045511945134,0.412325138880594,10.6,2473.4254659499998,0.26705818693197647,0.42705818693197645,50000.0,5.0,250000.0,667.6454673299412,1067.645467329941
2026-01-09,VRLLOG,SHORT,A_MOD_BREAK_C1_LOW,MODERATE,2026-01-09 12:15:00+05:30,2026-01-09 12:30:00+05:30,259.39812220458987,260.75996234616395,257.21917797807134,2026-01-09 13:52:00+05:30,257.21917797807134,TARGET,3.399999999999941,4.199999999999941,31.659141540527344,31.124908447265625,18.07997703552246,1.0397142818580751,1.6203000243083647,0.004431592706081265,0.4978521236484916,10.6,260.75996234616395,0.6799999999999882,0.8399999999999882,50000.0,5.0,250000.0,1699.9999999999704,2099.9999999999704
2026-01-09,AADHARHFC,SHORT,A_MOD_BREAK_C1_LOW,MODERATE,2026-01-09 12:30:00+05:30,2026-01-09 12:45:00+05:30,480.9038,483.42854495,476.86420808,2026-01-09 13:06:00+05:30,476.86420808,TARGET,3.399999999999963,4.199999999999963,32.364990234375,29.984113693237305,9.248774528503418,1.512611940098727,1.668450959459197,0.005559594293165248,0.5936044910058622,10.6,483.42854495,0.6799999999999926,0.8399999999999925,50000.0,5.0,250000.0,1699.9999999999816,2099.9999999999814
2026-01-09,FINCABLES,SHORT,A_MOD_BREAK_C1_LOW,MODERATE,2026-01-09 12:30:00+05:30,2026-01-09 12:45:00+05:30,766.6966055908204,770.7217627701722,760.2563541038575,2026-01-09 14:54:00+05:30,770.7217627701722,SL,-3.4250000000000105,-2.62500000000001,36.01744842529297,31.71208953857422,7.637035369873047,1.764488809868999,2.0147429256600353,0.0052999657455744835,0.7090472681064692,10.6,770.7217627701722,-0.685000000000002,-0.525000000000002,50000.0,5.0,250000.0,-1712.500000000005,-1312.500000000005
2026-01-09,NSIL,SHORT,A_MOD_BREAK_C1_LOW,MODERATE,2026-01-09 12:30:00+05:30,2026-01-09 12:45:00+05:30,6218.756,6251.404469,6166.5184496,2026-01-09 15:30:00+05:30,6251.404469,SL,-3.4249999999999794,-2.6249999999999796,35.56061553955078,30.354656219482422,5.531914710998535,1.5994814110221527,2.3537213305208544,0.005454753986125591,0.6733184800221383,10.6,6251.404469,-0.6849999999999958,-0.5249999999999959,50000.0,5.0,250000.0,-1712.4999999999895,-1312.49999999999
2026-01-09,CONFIPET,SHORT,A_MOD_BREAK_C1_LOW,MODERATE,2026-01-09 12:45:00+05:30,2026-01-09 13:00:00+05:30,34.26999969482422,34.44991719322205,33.9821316973877,2026-01-09 13:38:00+05:30,34.44991719322205,SL,-3.425000000000006,-2.6250000000000058,38.12932205200195,31.34390640258789,21.884145736694336,1.1039303780871839,1.7628463812868875,0.008026618633869671,0.6132699660096308,10.6,34.44991719322205,-0.6850000000000012,-0.5250000000000011,50000.0,5.0,250000.0,-1712.500000000003,-1312.500000000003
2026-01-09,NATCOPHARM,SHORT,A_MOD_BREAK_C1_LOW,MODERATE,2026-01-09 13:30:00+05:30,2026-01-09 13:45:00+05:30,894.821,899.51881025,887.3045036000001,2026-01-09 15:24:00+05:30,887.3045036000001,TARGET,3.3999999999999653,4.199999999999965,26.750167846679688,26.744041442871094,7.854800224304199,3.3329137755961837,3.204648959857053,0.005337824326327632,0.6112525177001953,10.6,899.51881025,0.679999999999993,0.839999999999993,50000.0,5.0,250000.0,1699.9999999999825,2099.9999999999827
2026-01-09,KOLTEPATIL,SHORT,A_MOD_BREAK_C1_LOW,MODERATE,2026-01-09 13:45:00+05:30,2026-01-09 14:00:00+05:30,379.22412779541014,381.215054466336,376.0386451219287,2026-01-09 15:05:00+05:30,376.0386451219287,TARGET,3.3999999999999817,4.1999999999999815,31.816234588623047,33.15090560913086,5.102046966552734,2.1448833466979775,2.0931653353476807,0.003314377272626335,0.6872435188293455,10.6,381.215054466336,0.6799999999999964,0.8399999999999963,50000.0,5.0,250000.0,1699.999999999991,2099.999999999991
2026-01-09,ADFFOODS,SHORT,A_MOD_BREAK_C1_LOW,MODERATE,2026-01-09 14:00:00+05:30,2026-01-09 14:15:00+05:30,200.95,202.00498749999997,199.26202,2026-01-09 14:28:00+05:30,199.26202,TARGET,3.399999999999955,4.199999999999955,38.227134704589844,35.3622932434082,15.977997779846191,1.9680502877986,2.221350866950339,0.003024168275482026,0.7778158209336026,10.6,202.00498749999997,0.6799999999999911,0.839999999999991,50000.0,5.0,250000.0,1699.9999999999775,2099.9999999999773
2026-01-09,DOLATALGO,SHORT,A_MOD_BREAK_C1_LOW,MODERATE,2026-01-09 14:15:00+05:30,2026-01-09 14:30:00+05:30,88.56000061035157,89.02494061355591,87.81609660522462,2026-01-09 15:12:00+05:30,87.81609660522462,TARGET,3.399999999999983,4.199999999999982,26.29273223876953,29.4091796875,3.464833974838257,2.4802912907950234,2.6151268858347025,0.0055848855781024005,0.6043909835815429,10.6,89.02494061355591,0.6799999999999966,0.8399999999999965,50000.0,5.0,250000.0,1699.9999999999914,2099.9999999999914
2026-01-09,SANDUMA,SHORT,A_MOD_BREAK_C1_LOW,MODERATE,2026-01-09 14:15:00+05:30,2026-01-09 14:30:00+05:30,226.41000671386718,227.59865924911497,224.5081626574707,2026-01-09 14:54:00+05:30,227.59865924911497,SL,-3.4249999999999883,-2.6249999999999885,41.53630828857422,18.742908477783203,3.379855155944824,4.137297464810487,3.545198152052374,0.008984489640491122,0.8330446243286131,10.6,227.59865924911497,-0.6849999999999976,-0.5249999999999977,50000.0,5.0,250000.0,-1712.499999999994,-1312.4999999999943
2026-01-12,PGHL,SHORT,A_MOD_BREAK_C1_LOW,MODERATE,2026-01-12 10:30:00+05:30,2026-01-12 10:45:00+05:30,5285.9426,5313.693798650001,5241.540682160001,2026-01-12 11:28:00+05:30,5241.540682160001,TARGET,3.3999999999999475,4.199999999999947,56.93300247192383,14.010891914367676,3.1598541736602783,1.3107786141448245,4.212118466812066,0.005003646227424955,0.8393862574753443,10.93,5313.693798650001,0.6799999999999895,0.8399999999999894,50000.0,5.0,250000.0,1699.9999999999736,2099.9999999999736
2026-01-12,TEJASNET,SHORT,A_MOD_BREAK_C1_LOW,MODERATE,2026-01-12 10:30:00+05:30,2026-01-12 10:45:00+05:30,374.925,376.89335625,371.77563000000004,2026-01-12 10:46:00+05:30,371.77563000000004,TARGET,3.3999999999999684,4.199999999999969,59.690673828125,16.560922622680664,6.865848064422607,1.1676252438508203,3.96790466716104,0.020425808095069435,0.8143344176738936,10.93,376.89335625,0.6799999999999937,0.8399999999999938,50000.0,5.0,250000.0,1699.9999999999843,2099.999999999984
2026-01-12,RADICO,SHORT,A_PULLBACK_C2_THEN_BREAK_C2_LOW,MODERATE,2026-01-12 10:30:00+05:30,2026-01-12 11:00:00+05:30,2830.4338,2845.2935774499997,2806.65815608,2026-01-12 11:15:00+05:30,2806.65815608,TARGET,3.3999999999999586,4.199999999999958,72.86711120605469,12.980281829833984,0.8869143128395081,1.7244876236150404,4.61768256037955,0.008325584336393571,0.9117853341326321,10.93,2845.2935774499997,0.6799999999999917,0.8399999999999918,50000.0,5.0,250000.0,1699.9999999999793,2099.9999999999795
2026-01-12,BATAINDIA,SHORT,A_MOD_BREAK_C1_LOW,MODERATE,2026-01-12 10:45:00+05:30,2026-01-12 11:00:00+05:30,908.7182444091796,913.4890151923278,901.0850111561426,2026-01-12 15:30:00+05:30,910.0,EOD,-1.505254680813474,-0.7052546808134741,26.412019729614258,30.97817039489746,7.777133464813232,1.0266396354227634,2.3766047795237397,0.004848886053866731,0.43584223214319745,10.93,913.4890151923278,-0.3010509361626948,-0.14105093616269482,50000.0,5.0,250000.0,-752.627340406737,-352.627340406737
2026-01-12,EIMCOELECO,SHORT,A_MOD_BREAK_C1_LOW,MODERATE,2026-01-12 10:45:00+05:30,2026-01-12 11:00:00+05:30,1516.1967,1524.1567326749998,1503.46064772,2026-01-12 11:21:00+05:30,1503.46064772,TARGET,3.3999999999999897,4.1999999999999895,25.798259735107422,22.503881454467773,3.4488043785095215,1.4679209522588899,3.618972596700583,0.014467979672474894,0.503860062671917,10.93,1524.1567326749998,0.6799999999999979,0.8399999999999979,50000.0,5.0,250000.0,1699.999999999995,2099.9999999999945
2026-01-12,TSFINV,SHORT,A_MOD_BREAK_C1_LOW,MODERATE,2026-01-12 10:45:00+05:30,2026-01-12 11:00:00+05:30,419.0161861022949,421.21602107933194,415.49645013903563,2026-01-12 11:11:00+05:30,415.49645013903563,TARGET,3.400000000000003,4.200000000000003,43.081024169921875,21.391826629638672,23.818761825561523,0.6211590069574797,2.9181159373115135,0.00996182440174152,0.614918188766387,10.93,421.21602107933194,0.6800000000000006,0.8400000000000005,50000.0,5.0,250000.0,1700.0000000000014,2100.0000000000014
2026-01-12,BCLIND,SHORT,A_MOD_BREAK_C1_LOW,MODERATE,2026-01-12 11:00:00+05:30,2026-01-12 11:15:00+05:30,29.60999984741211,29.76545234661102,29.361275848693847,2026-01-12 11:45:00+05:30,29.361275848693847,TARGET,3.400000000000003,4.200000000000003,43.20994567871094,31.14226722717285,29.896963119506836,0.6060306178395203,1.5409066908048579,0.00852519250009421,0.591249877842823,10.93,29.76545234661102,0.6800000000000006,0.8400000000000006,50000.0,5.0,250000.0,1700.0000000000014,2100.000000000002
2026-01-12,CUMMINSIND,SHORT,A_MOD_BREAK_C1_LOW,MODERATE,2026-01-12 11:00:00+05:30,2026-01-12 11:15:00+05:30,3952.0094888183594,3972.7575386346557,3918.8126091122854,2026-01-12 11:49:00+05:30,3918.8126091122854,TARGET,3.399999999999974,4.1999999999999735,29.259746551513672,17.159887313842773,4.914440155029297,1.3906471681237111,3.2091241124763625,0.008100138730982035,0.5422594526943545,10.93,3972.7575386346557,0.6799999999999948,0.8399999999999948,50000.0,5.0,250000.0,1699.999999999987,2099.999999999987
2026-01-12,GODREJPROP,SHORT,A_MOD_BREAK_C1_LOW,MODERATE,2026-01-12 11:00:00+05:30,2026-01-12 11:15:00+05:30,1936.6126,1946.77981615,1920.34505416,2026-01-12 11:21:00+05:30,1920.34505416,TARGET,3.3999999999999773,4.199999999999977,58.209129333496094,27.949644088745117,11.294266700744629,1.0535768898813682,2.756377134684459,0.008440889152719856,0.7943759557292394,10.93,1946.77981615,0.6799999999999955,0.8399999999999954,50000.0,5.0,250000.0,1699.9999999999889,2099.9999999999886
2026-01-12,GREENLAM,SHORT,A_MOD_BREAK_C1_LOW,MODERATE,2026-01-12 11:00:00+05:30,2026-01-12 11:15:00+05:30,239.1700012207031,240.4256437271118,237.1609732104492,2026-01-12 12:09:00+05:30,240.4256437271118,SL,-3.424999999999999,-2.6249999999999996,26.529869079589844,17.37580108642578,0.5917140245437622,2.369561169195656,4.558065235101644,0.006494332569363159,0.6079480361938476,10.93,240.4256437271118,-0.6849999999999998,-0.5249999999999999,50000.0,5.0,250000.0,-1712.4999999999995,-1312.4999999999998
2026-01-12,NBCC,SHORT,A_MOD_BREAK_C1_LOW,MODERATE,2026-01-12 11:00:00+05:30,2026-01-12 11:15:00+05:30,105.0499984741211,105.60151096611023,104.16757848693848,2026-01-12 11:22:00+05:30,104.16757848693848,TARGET,3.3999999999999906,4.199999999999991,48.48176193237305,22.78920555114746,4.510194301605225,1.4632605291916108,2.9435573340960155,0.010064279653709254,0.8432970215941276,10.93,105.60151096611023,0.6799999999999982,0.8399999999999982,50000.0,5.0,250000.0,1699.9999999999955,2099.9999999999955
2026-01-12,SUDARSCHEM,SHORT,A_MOD_BREAK_C1_LOW,MODERATE,2026-01-12 11:00:00+05:30,2026-01-12 11:15:00+05:30,913.2673222045898,918.0619756461639,905.5958766980714,2026-01-12 11:34:00+05:30,905.5958766980714,TARGET,3.399999999999952,4.199999999999952,56.6220703125,24.999723434448242,21.733566284179688,0.6763759234732332,2.91146150263174,0.00827195315384123,0.7283657866078157,10.93,918.0619756461639,0.6799999999999904,0.8399999999999904,50000.0,5.0,250000.0,1699.9999999999761,2099.999999999976
2026-01-12,AHLUCONT,SHORT,A_MOD_BREAK_C1_LOW,MODERATE,2026-01-12 11:15:00+05:30,2026-01-12 11:30:00+05:30,884.5230722045899,889.166818333664,877.0930783980714,2026-01-12 12:02:00+05:30,889.166818333664,SL,-3.4249999999999945,-2.624999999999995,28.913021087646484,21.349031448364258,1.3566950559616089,1.5858712168072682,2.816614329080051,0.008383183318029421,0.5712227792559692,10.93,889.166818333664,-0.6849999999999989,-0.524999999999999,50000.0,5.0,250000.0,-1712.4999999999975,-1312.4999999999975
2026-01-12,ASHOKA,SHORT,A_MOD_BREAK_C1_LOW,MODERATE,2026-01-12 11:15:00+05:30,2026-01-12 11:30:00+05:30,155.7500030517578,156.56769056777952,154.44170302612304,2026-01-12 12:15:00+05:30,156.56769056777952,SL,-3.424999999999976,-2.6249999999999756,46.521240234375,27.308738708496094,10.848309516906738,1.0036292969517744,2.8240748236634623,0.00860076031713992,0.7334537304821855,10.93,156.56769056777952,-0.6849999999999952,-0.5249999999999951,50000.0,5.0,250000.0,-1712.499999999988,-1312.499999999988
2026-01-12,BBTC,SHORT,A_MOD_BREAK_C1_LOW,MODERATE,2026-01-12 11:15:00+05:30,2026-01-12 11:30:00+05:30,1781.7435555908203,1791.097709257672,1766.7769097238574,2026-01-12 12:26:00+05:30,1791.097709257672,SL,-3.4249999999999825,-2.6249999999999822,50.67301559448242,29.33310317993164,14.905009269714355,1.004249934057803,2.1223011017500832,0.005930028505254895,0.7857437384601156,10.93,1791.097709257672,-0.6849999999999965,-0.5249999999999965,50000.0,5.0,250000.0,-1712.4999999999911,-1312.4999999999911
2026-01-12,DATAPATTNS,SHORT,A_MOD_BREAK_C1_LOW,MODERATE,2026-01-12 11:15:00+05:30,2026-01-12 11:30:00+05:30,2579.484,2593.0262909999997,2557.8163344,2026-01-12 11:35:00+05:30,2557.8163344,TARGET,3.3999999999999932,4.199999999999992,26.86089324951172,34.477745056152344,26.0894718170166,1.0348308501309418,1.9534599226862066,0.011278636028364633,0.44168179364990096,10.93,2593.0262909999997,0.6799999999999986,0.8399999999999985,50000.0,5.0,250000.0,1699.9999999999964,2099.9999999999964
2026-01-12,ICRA,SHORT,A_MOD_BREAK_C1_LOW,MODERATE,2026-01-12 11:15:00+05:30,2026-01-12 11:30:00+05:30,5993.801,6025.26845525,5943.453071600001,2026-01-12 14:15:00+05:30,5943.453071600001,TARGET,3.399999999999962,4.199999999999962,68.96659088134766,25.078567504882812,16.159730911254883,0.7575359948880297,2.340073156759796,0.00522459187638869,0.7425687991054051,10.93,6025.26845525,0.6799999999999924,0.8399999999999923,50000.0,5.0,250000.0,1699.9999999999811,2099.999999999981
2026-01-12,IOLCP,SHORT,A_MOD_BREAK_C1_LOW,MODERATE,2026-01-12 11:15:00+05:30,2026-01-12 11:30:00+05:30,75.64999694824219,76.04715943222045,75.01453697387696,2026-01-12 11:50:00+05:30,75.01453697387696,TARGET,3.3999999999999906,4.19999999999999,39.74346923828125,26.49331283569336,18.95047950744629,0.8171354276943539,2.2685003608379284,0.009618666178668507,0.5991507384207306,10.93,76.04715943222045,0.6799999999999982,0.8399999999999981,50000.0,5.0,250000.0,1699.9999999999955,2099.999999999995
2026-01-12,MANINFRA,SHORT,A_MOD_BREAK_C1_LOW,MODERATE,2026-01-12 11:15:00+05:30,2026-01-12 11:30:00+05:30,116.45,117.0613625,115.47182000000001,2026-01-12 12:19:00+05:30,117.0613625,SL,-3.4249999999999936,-2.6249999999999933,38.79236602783203,29.45619773864746,14.234724044799805,1.4076277959478094,2.581592074462704,0.007782854423908486,0.6882203547083472,10.93,117.0613625,-0.6849999999999987,-0.5249999999999987,50000.0,5.0,250000.0,-1712.4999999999968,-1312.4999999999968
2026-01-12,NAVA,SHORT,A_MOD_BREAK_C1_LOW,MODERATE,2026-01-12 11:15:00+05:30,2026-01-12 11:30:00+05:30,566.6866277954101,569.661732591336,561.9264601219287,2026-01-12 12:17:00+05:30,569.661732591336,SL,-3.4249999999999603,-2.624999999999961,38.0733528137207,32.43250274658203,28.10329818725586,0.6080097543479316,1.7397221723334781,0.01010961465314162,0.5244881078333725,10.93,569.661732591336,-0.6849999999999921,-0.5249999999999921,50000.0,5.0,250000.0,-1712.49999999998,-1312.4999999999804
2026-01-12,SHAREINDIA,SHORT,A_MOD_BREAK_C1_LOW,MODERATE,2026-01-12 11:15:00+05:30,2026-01-12 11:30:00+05:30,150.31000061035155,151.0991281135559,149.0473966052246,2026-01-12 12:32:00+05:30,151.0991281135559,SL,-3.4250000000000314,-2.625000000000032,29.080551147460938,35.66130828857422,9.222970962524414,0.8159322902233533,1.5642568605490723,0.010274615535625682,0.4172092610284545,10.93,151.0991281135559,-0.6850000000000063,-0.5250000000000064,50000.0,5.0,250000.0,-1712.5000000000157,-1312.500000000016
2026-01-12,SWANCORP,SHORT,A_MOD_BREAK_C1_LOW,MODERATE,2026-01-12 11:15:00+05:30,2026-01-12 11:30:00+05:30,422.21552779541014,424.432159316336,418.6689173619287,2026-01-12 11:33:00+05:30,418.6689173619287,TARGET,3.3999999999999697,4.199999999999969,40.4631462097168,23.382266998291016,2.0226917266845703,1.4592602857471118,2.6735384384853464,0.009046833846290432,0.7223177431514964,10.93,424.432159316336,0.6799999999999939,0.8399999999999939,50000.0,5.0,250000.0,1699.999999999985,2099.9999999999845
2026-01-12,VINCOFE,SHORT,A_MOD_BREAK_C1_LOW,MODERATE,2026-01-12 11:15:00+05:30,2026-01-12 11:30:00+05:30,158.14999694824218,158.98028443222046,156.82153697387696,2026-01-12 11:31:00+05:30,156.82153697387696,TARGET,3.3999999999999444,4.199999999999944,44.79036331176758,25.335660934448242,4.028286933898926,1.2435897147132269,2.9233432959325456,0.012475591502784433,0.7494836497513284,10.93,158.98028443222046,0.6799999999999888,0.8399999999999889,50000.0,5.0,250000.0,1699.9999999999723,2099.9999999999723
2026-01-12,ESABINDIA,SHORT,A_MOD_BREAK_C1_LOW,MODERATE,2026-01-12 11:30:00+05:30,2026-01-12 11:45:00+05:30,5416.9164,5445.3552111,5371.41430224,2026-01-12 12:28:00+05:30,5445.3552111,SL,-3.4249999999999847,-2.624999999999985,68.39043426513672,14.720758438110352,1.0276646614074707,2.438600439862899,4.249300494102948,0.0070663922472869655,0.96,10.93,5445.3552111,-0.684999999999997,-0.524999999999997,50000.0,5.0,250000.0,-1712.4999999999925,-1312.4999999999925
2026-01-12,ESCORTS,SHORT,A_MOD_BREAK_C1_LOW,MODERATE,2026-01-12 11:30:00+05:30,2026-01-12 11:45:00+05:30,3739.4519111816408,3759.0840337153445,3708.040515127715,2026-01-12 12:31:00+05:30,3759.0840337153445,SL,-3.425000000000018,-2.6250000000000187,44.941165924072266,30.172327041625977,6.382748126983643,1.1139629411502099,1.9799778590696757,0.007425641515256489,0.7280598965158545,10.93,3759.0840337153445,-0.6850000000000036,-0.5250000000000037,50000.0,5.0,250000.0,-1712.5000000000089,-1312.500000000009
2026-01-12,FINPIPE,SHORT,A_MOD_BREAK_C1_LOW,MODERATE,2026-01-12 11:30:00+05:30,2026-01-12 11:45:00+05:30,171.95,172.8527375,170.50562,2026-01-12 12:18:00+05:30,172.8527375,SL,-3.4250000000000016,-2.6250000000000018,53.934417724609375,37.63423538208008,53.20022964477539,0.3421012341239089,1.3656439116442063,0.006789876278056655,0.6381499115538942,10.93,172.8527375,-0.6850000000000003,-0.5250000000000004,50000.0,5.0,250000.0,-1712.5000000000007,-1312.500000000001
2026-01-12,HFCL,SHORT,A_MOD_BREAK_C1_LOW,MODERATE,2026-01-12 11:30:00+05:30,2026-01-12 11:45:00+05:30,62.900000762939456,63.23022576694488,62.371640756530766,2026-01-12 12:10:00+05:30,63.23022576694488,SL,-3.4249999999999634,-2.6249999999999636,32.11670684814453,30.496000289916992,9.856511116027832,0.7383031974850822,1.7332793811790088,0.012097508188277956,0.4576176313410078,10.93,63.23022576694488,-0.6849999999999927,-0.5249999999999927,50000.0,5.0,250000.0,-1712.4999999999818,-1312.4999999999816
2026-01-12,INNOVACAP,SHORT,A_MOD_BREAK_C1_LOW,MODERATE,2026-01-12 11:30:00+05:30,2026-01-12 11:45:00+05:30,686.8626,690.46862865,681.0929541600001,2026-01-12 12:21:00+05:30,690.46862865,SL,-3.424999999999989,-2.624999999999989,53.48788833618164,24.593576431274414,8.96917724609375,1.5455825198754811,2.9774185846278516,0.0061395414705012735,0.8804769409782092,10.93,690.46862865,-0.6849999999999978,-0.5249999999999978,50000.0,5.0,250000.0,-1712.4999999999945,-1312.4999999999945
2026-01-12,KIRLOSBROS,SHORT,A_MOD_BREAK_C1_LOW,MODERATE,2026-01-12 11:30:00+05:30,2026-01-12 11:45:00+05:30,1554.689,1562.85111725,1541.6296124,2026-01-12 12:15:00+05:30,1562.85111725,SL,-3.4249999999999794,-2.6249999999999796,40.806480407714844,28.481327056884766,8.367183685302734,1.050815222131583,2.498243043371014,0.007076732366965611,0.6559898699887496,10.93,1562.85111725,-0.6849999999999958,-0.5249999999999959,50000.0,5.0,250000.0,-1712.4999999999895,-1312.49999999999
2026-01-12,LLOYDSENT,SHORT,A_MOD_BREAK_C1_LOW,MODERATE,2026-01-12 11:30:00+05:30,2026-01-12 11:45:00+05:30,59.76000137329102,60.07374138050079,59.25801736175538,2026-01-12 12:02:00+05:30,60.07374138050079,SL,-3.4249999999999625,-2.6249999999999623,48.00284194946289,30.932815551757812,17.304367065429688,1.0378537161924546,2.2201904438405444,0.012860018034679692,0.7616670295756229,10.93,60.07374138050079,-0.6849999999999925,-0.5249999999999925,50000.0,5.0,250000.0,-1712.4999999999811,-1312.4999999999811
2026-01-12,MANORAMA,SHORT,A_MOD_BREAK_C1_LOW,MODERATE,2026-01-12 11:30:00+05:30,2026-01-12 11:45:00+05:30,1280.0439888183594,1286.7642197596558,1269.291619312285,2026-01-12 12:23:00+05:30,1286.7642197596558,SL,-3.4250000000000247,-2.6250000000000244,33.105926513671875,34.24343490600586,23.42597198486328,0.8102391166152751,1.5366162940793855,0.007916054549383322,0.47521155781672053,10.93,1286.7642197596558,-0.6850000000000049,-0.5250000000000049,50000.0,5.0,250000.0,-1712.5000000000125,-1312.5000000000123
2026-01-12,NATCOPHARM,SHORT,A_MOD_BREAK_C1_LOW,MODERATE,2026-01-12 11:30:00+05:30,2026-01-12 11:45:00+05:30,856.8286,861.32695015,849.6312397600001,2026-01-12 12:03:00+05:30,849.6312397600001,TARGET,3.39999999999998,4.19999999999998,54.780723571777344,16.454221725463867,1.923356294631958,1.2664215812570714,3.0712529296130637,0.007812499443986507,0.8316237767199874,10.93,861.32695015,0.6799999999999959,0.839999999999996,50000.0,5.0,250000.0,1699.99999999999,2099.99999999999
2026-01-12,TARSONS,SHORT,A_MOD_BREAK_C1_LOW,MODERATE,2026-01-12 11:30:00+05:30,2026-01-12 11:45:00+05:30,216.45,217.58636249999998,214.63182,2026-01-12 12:35:00+05:30,217.58636249999998,SL,-3.4249999999999767,-2.624999999999977,31.04783821105957,37.37403106689453,51.871917724609375,0.19750397226430388,1.317012306936121,0.007454575420589084,0.3261313836589528,10.93,217.58636249999998,-0.6849999999999954,-0.5249999999999954,50000.0,5.0,250000.0,-1712.4999999999886,-1312.4999999999884
2026-01-12,TITAGARH,SHORT,A_MOD_BREAK_C1_LOW,MODERATE,2026-01-12 11:30:00+05:30,2026-01-12 11:45:00+05:30,776.8446,780.92303415,770.3191053600001,2026-01-12 12:09:00+05:30,780.92303415,SL,-3.4250000000000136,-2.6250000000000133,43.662784576416016,27.54910659790039,12.447837829589844,1.336342772128108,2.394751740688695,0.009747989017440376,0.7488017537686591,10.93,780.92303415,-0.6850000000000027,-0.5250000000000027,50000.0,5.0,250000.0,-1712.5000000000068,-1312.5000000000068
2026-01-12,UTTAMSUGAR,SHORT,A_MOD_BREAK_C1_LOW,MODERATE,2026-01-12 11:30:00+05:30,2026-01-12 11:45:00+05:30,230.2,231.40855,228.26632,2026-01-12 11:52:00+05:30,228.26632,TARGET,3.3999999999999586,4.199999999999958,31.259408950805664,26.676401138305664,10.761106491088867,1.329806952340932,2.388309977206603,0.006855889588562078,0.5616073509217481,10.93,231.40855,0.6799999999999917,0.8399999999999918,50000.0,5.0,250000.0,1699.9999999999793,2099.9999999999795
2026-01-12,ZENTEC,SHORT,A_MOD_BREAK_C1_LOW,MODERATE,2026-01-12 11:30:00+05:30,2026-01-12 11:45:00+05:30,1238.7522,1245.2556490499999,1228.34668152,2026-01-12 12:01:00+05:30,1245.2556490499999,SL,-3.424999999999989,-2.624999999999989,37.790382385253906,25.864999771118164,14.595253944396973,1.3859170791621869,2.7303075203347342,0.012025758740716092,0.6693912246321914,10.93,1245.2556490499999,-0.6849999999999978,-0.5249999999999978,50000.0,5.0,250000.0,-1712.4999999999945,-1312.4999999999945
2026-01-12,GENESYS,SHORT,A_PULLBACK_C2_THEN_BREAK_C2_LOW,MODERATE,2026-01-12 11:30:00+05:30,2026-01-12 12:00:00+05:30,397.9204,400.00948209999996,394.57786863999996,2026-01-12 12:23:00+05:30,400.00948209999996,SL,-3.4249999999999803,-2.6249999999999805,41.997467041015625,26.877668380737305,7.854812145233154,1.2684310633915117,2.235702662097506,0.014305392622926131,0.711937441708749,10.93,400.00948209999996,-0.6849999999999961,-0.5249999999999961,50000.0,5.0,250000.0,-1712.49999999999,-1312.4999999999902
2026-01-12,RESPONIND,SHORT,A_MOD_BREAK_C1_LOW,MODERATE,2026-01-12 11:45:00+05:30,2026-01-12 12:00:00+05:30,183.77000732421874,184.73479986267088,182.22633926269532,2026-01-12 12:01:00+05:30,182.22633926269532,TARGET,3.3999999999999506,4.199999999999951,35.026302337646484,33.151458740234375,20.4598331451416,0.7231364953563754,1.6823443905925626,0.010321607491196646,0.4960606412816911,10.93,184.73479986267088,0.6799999999999902,0.8399999999999902,50000.0,5.0,250000.0,1699.9999999999754,2099.9999999999754
2026-01-13,DBL,LONG,B_HUGE_GREEN_PULLBACK_HOLD_THEN_BREAK,HUGE,2026-01-13 10:00:00+05:30,2026-01-13 13:15:00+05:30,471.0942,468.62095545,476.04068909999995,2026-01-13 13:59:00+05:30,468.62095545,SL,-3.4250000000000034,-2.625000000000004,29.206571578979492,72.37289428710938,77.64273834228516,0.8183537479913561,3.148351519568707,0.006614043988895007,5.243455881091273,11.37,468.62095545,-0.6850000000000007,-0.5250000000000008,100000.0,5.0,500000.0,-3425.0000000000036,-2625.000000000004
2026-01-13,KECL,SHORT,A_MOD_BREAK_C1_LOW,MODERATE,2026-01-13 13:45:00+05:30,2026-01-13 14:00:00+05:30,92.14999694824219,92.63378443222047,91.37593697387696,2026-01-13 14:16:00+05:30,91.37593697387696,TARGET,3.3999999999999755,4.199999999999974,40.455142974853516,30.914295196533203,10.489009857177734,2.532460519203954,2.4423493452354963,0.006005263982414866,0.8168271446228026,11.37,92.63378443222047,0.679999999999995,0.839999999999995,50000.0,5.0,250000.0,1699.9999999999875,2099.9999999999873
2026-01-13,HPL,SHORT,A_MOD_BREAK_C1_LOW,MODERATE,2026-01-13 14:15:00+05:30,2026-01-13 14:30:00+05:30,355.62887220458987,357.49592378366395,352.64158967807134,2026-01-13 14:40:00+05:30,357.49592378366395,SL,-3.4249999999999856,-2.624999999999986,29.668685913085938,31.96129608154297,7.771880626678467,3.6352765892651298,2.633288693007374,0.0054373948761586395,0.6550302886962891,11.37,357.49592378366395,-0.6849999999999972,-0.5249999999999971,50000.0,5.0,250000.0,-1712.499999999993,-1312.499999999993
2026-01-14,CESC,SHORT,A_MOD_BREAK_C1_LOW,MODERATE,2026-01-14 10:00:00+05:30,2026-01-14 10:15:00+05:30,157.47000427246093,158.29672179489134,156.14725623657225,2026-01-14 10:16:00+05:30,156.14725623657225,TARGET,3.4000000000000243,4.200000000000024,43.91109085083008,22.27890396118164,8.225850105285645,0.9916675866079726,3.5180952401471672,0.004562551797251192,0.6922081904188464,11.2,158.29672179489134,0.6800000000000048,0.8400000000000049,50000.0,5.0,250000.0,1700.000000000012,2100.000000000012
2026-01-14,SHK,SHORT,A_MOD_BREAK_C1_LOW,MODERATE,2026-01-14 10:00:00+05:30,2026-01-14 10:15:00+05:30,164.17999572753905,165.04194070510863,162.80088376342772,2026-01-14 13:03:00+05:30,165.04194070510863,SL,-3.4249999999999945,-2.624999999999995,47.329200744628906,19.659128189086914,8.543858528137207,1.3031097742987936,4.259193746042192,0.0047560957665451755,0.7979822216717225,11.2,165.04194070510863,-0.6849999999999989,-0.524999999999999,50000.0,5.0,250000.0,-1712.4999999999975,-1312.4999999999975
2026-01-14,TANLA,SHORT,A_MOD_BREAK_C1_LOW,MODERATE,2026-01-14 10:00:00+05:30,2026-01-14 10:15:00+05:30,486.5526638977051,489.10706538316805,482.46562152096436,2026-01-14 15:29:00+05:30,482.46562152096436,TARGET,3.400000000000003,4.200000000000003,39.22502136230469,21.81842041015625,4.004579544067383,1.3096548310930283,4.204968152685028,0.00482159927004887,0.6775649158758501,11.2,489.10706538316805,0.6800000000000006,0.8400000000000006,50000.0,5.0,250000.0,1700.0000000000014,2100.000000000002
2026-01-14,ICICIGI,SHORT,A_MOD_BREAK_C1_LOW,MODERATE,2026-01-14 11:00:00+05:30,2026-01-14 11:15:00+05:30,1852.1295,1861.853179875,1836.5716122000001,2026-01-14 11:16:00+05:30,1836.5716122000001,TARGET,3.399999999999971,4.199999999999971,25.795045852661133,31.80556297302246,10.492681503295898,1.9149238016178933,1.8569110617813491,0.006605207229266493,0.5748829061621157,11.2,1861.853179875,0.6799999999999942,0.8399999999999941,50000.0,5.0,250000.0,1699.9999999999854,2099.999999999985
2026-01-14,DELTACORP,LONG,B_HUGE_GREEN_PULLBACK_HOLD_THEN_BREAK,HUGE,2026-01-14 10:30:00+05:30,2026-01-14 12:00:00+05:30,72.73000030517578,72.3481678035736,73.49366530838012,2026-01-14 12:04:00+05:30,73.49366530838012,TARGET,4.449999999999946,5.249999999999946,48.454952239990234,74.6413803100586,83.18055725097656,1.3762859633529674,3.1752981320245204,0.010848162360481754,6.83540043605724,11.2,72.3481678035736,0.8899999999999892,1.0499999999999892,100000.0,5.0,500000.0,4449.999999999946,5249.999999999945
2026-01-14,NEWGEN,SHORT,A_MOD_BREAK_C1_LOW,MODERATE,2026-01-14 14:00:00+05:30,2026-01-14 14:15:00+05:30,768.59625,772.6313803125,762.1400415,2026-01-14 14:47:00+05:30,772.6313803125,SL,-3.4249999999999825,-2.6249999999999822,31.393272399902344,34.173160552978516,7.008123874664307,2.458146188951854,1.799900572039502,0.003065199473744406,0.6708941146005103,11.2,772.6313803125,-0.6849999999999965,-0.5249999999999965,50000.0,5.0,250000.0,-1712.4999999999911,-1312.4999999999911
2026-01-16,AURIONPRO,SHORT,A_MOD_BREAK_C1_LOW,MODERATE,2026-01-16 11:00:00+05:30,2026-01-16 11:15:00+05:30,1001.4996722045898,1006.7575454836639,993.0870749580713,2026-01-16 11:21:00+05:30,993.0870749580713,TARGET,3.399999999999994,4.199999999999994,38.710975646972656,31.0936222076416,18.56060791015625,1.18245353235765,1.7590896195645511,0.005397971267321246,0.6355484838454062,11.32,1006.7575454836639,0.6799999999999988,0.8399999999999989,50000.0,5.0,250000.0,1699.999999999997,2099.9999999999973
2026-01-16,XPROINDIA,LONG,B_HUGE_GREEN_PULLBACK_HOLD_THEN_BREAK,HUGE,2026-01-16 10:15:00+05:30,2026-01-16 11:30:00+05:30,1065.0130088378905,1059.4216905414917,1076.1956454306883,2026-01-16 11:31:00+05:30,1076.1956454306883,TARGET,4.449999999999946,5.249999999999946,75.68952941894531,77.1888656616211,68.45520782470703,1.7667897159723867,2.5680407636205365,0.024181527673902654,8.036484566938293,11.32,1059.4216905414917,0.8899999999999892,1.0499999999999892,100000.0,5.0,500000.0,4449.999999999946,5249.999999999945
2026-01-16,IGARASHI,SHORT,A_MOD_BREAK_C1_LOW,MODERATE,2026-01-16 11:15:00+05:30,2026-01-16 11:30:00+05:30,395.4209,397.49685972500004,392.09936444000004,2026-01-16 11:35:00+05:30,392.09936444000004,TARGET,3.3999999999999653,4.199999999999965,35.73499298095703,23.284997940063477,12.400205612182617,1.5897496539910634,2.6488081420254828,0.008374688900955402,0.6742310841627914,11.32,397.49685972500004,0.679999999999993,0.839999999999993,50000.0,5.0,250000.0,1699.9999999999825,2099.9999999999827
2026-01-16,WOCKPHARMA,LONG,B_HUGE_GREEN_PULLBACK_HOLD_THEN_BREAK,HUGE,2026-01-16 10:15:00+05:30,2026-01-16 11:45:00+05:30,1439.9878911621095,1432.4279547335084,1455.1077640193116,2026-01-16 12:23:00+05:30,1455.1077640193116,TARGET,4.450000000000002,5.250000000000002,25.54825782775879,77.7994613647461,80.25241088867188,2.195822240890983,3.463257789623177,0.005649608289855591,7.400800516592917,11.32,1432.4279547335084,0.8900000000000003,1.0500000000000003,100000.0,5.0,500000.0,4450.000000000002,5250.000000000001
2026-01-16,GTPL,SHORT,A_MOD_BREAK_C1_LOW,MODERATE,2026-01-16 12:00:00+05:30,2026-01-16 12:15:00+05:30,82.1800033569336,82.6114483745575,81.48969132873536,2026-01-16 13:13:00+05:30,82.6114483745575,SL,-3.4249999999999945,-2.624999999999995,33.506752014160156,23.360517501831055,7.88798189163208,1.7789714269357852,2.535464516556417,0.014706137501112214,0.6739212799261647,11.32,82.6114483745575,-0.6849999999999989,-0.524999999999999,50000.0,5.0,250000.0,-1712.4999999999975,-1312.4999999999975
2026-01-16,HINDWAREAP,SHORT,A_MOD_BREAK_C1_LOW,MODERATE,2026-01-16 12:00:00+05:30,2026-01-16 12:15:00+05:30,230.64999694824218,231.86090943222044,228.71253697387695,2026-01-16 12:34:00+05:30,231.86090943222044,SL,-3.4249999999999803,-2.62499999999998,33.39158630371094,31.340423583984375,13.584030151367188,0.9495091088139722,1.7658608245002674,0.008520702809956092,0.5153309298231226,11.32,231.86090943222044,-0.6849999999999961,-0.524999999999996,50000.0,5.0,250000.0,-1712.49999999999,-1312.49999999999
2026-01-16,INDGN,SHORT,A_MOD_BREAK_C1_LOW,MODERATE,2026-01-16 12:00:00+05:30,2026-01-16 12:15:00+05:30,498.9501777954102,501.56966622883607,494.75899630192873,2026-01-16 15:28:00+05:30,494.75899630192873,TARGET,3.4000000000000066,4.200000000000006,44.638980865478516,24.717832565307617,1.7544423341751099,1.4824748044207041,2.5945141689181925,0.0037786116156521762,0.7890178037558009,11.32,501.56966622883607,0.6800000000000013,0.8400000000000012,50000.0,5.0,250000.0,1700.0000000000032,2100.0000000000027
2026-01-16,PATANJALI,SHORT,A_PULLBACK_C2_THEN_BREAK_C2_LOW,MODERATE,2026-01-16 12:30:00+05:30,2026-01-16 13:00:00+05:30,533.6932277954102,536.4951172413361,529.2102046819288,2026-01-16 13:50:00+05:30,529.2102046819288,TARGET,3.3999999999999653,4.199999999999965,38.19245910644531,22.918949127197266,3.646907091140747,1.9678235110375242,2.4658063845528693,0.003514968518059702,0.7772560010282463,11.32,536.4951172413361,0.679999999999993,0.839999999999993,50000.0,5.0,250000.0,1699.9999999999825,2099.9999999999827
2026-01-16,ASALCBR,SHORT,A_PULLBACK_C2_THEN_BREAK_C2_LOW,MODERATE,2026-01-16 12:45:00+05:30,2026-01-16 13:15:00+05:30,838.9321555908203,843.3365494076721,831.8851254838575,2026-01-16 15:30:00+05:30,838.2000122070312,EOD,-0.363645654234412,0.43635434576558785,56.59552001953125,22.037012100219727,6.458302974700928,2.171942386400587,2.3166409856575223,0.00827622577307752,0.96,11.32,843.3365494076721,-0.0727291308468824,0.08727086915311758,50000.0,5.0,250000.0,-181.822827117206,218.17717288279394
2026-01-16,RBLBANK,LONG,B_HUGE_GREEN_PULLBACK_HOLD_THEN_BREAK,HUGE,2026-01-16 10:45:00+05:30,2026-01-16 13:30:00+05:30,326.96537389526367,325.24880568231356,330.39851032116394,2026-01-16 13:44:00+05:30,325.24880568231356,SL,-3.424999999999959,-2.6249999999999596,42.58939743041992,84.12825775146484,92.86184692382812,2.586170099889594,4.214798612883088,0.007785229752560381,9.374046721111483,11.32,325.24880568231356,-0.6849999999999918,-0.5249999999999919,100000.0,5.0,500000.0,-3424.9999999999595,-2624.9999999999595
2026-01-16,SUMMITSEC,SHORT,A_MOD_BREAK_C1_LOW,MODERATE,2026-01-16 13:15:00+05:30,2026-01-16 13:30:00+05:30,1789.642,1799.0376205,1774.6090072000002,2026-01-16 15:30:00+05:30,1786.0999755859375,EOD,0.18959021247337546,0.9895902124733753,27.201990127563477,37.12541580200195,15.642529487609863,1.38704863625132,1.670846191376229,0.003684681773055663,0.49430567282624455,11.32,1799.0376205,0.03791804249467509,0.19791804249467507,50000.0,5.0,250000.0,94.79510623668773,494.7951062366877
2026-01-16,NOCIL,SHORT,A_MOD_BREAK_C1_LOW,MODERATE,2026-01-16 14:00:00+05:30,2026-01-16 14:15:00+05:30,135.7,136.41242499999998,134.56011999999998,2026-01-16 14:39:00+05:30,134.56011999999998,TARGET,3.4000000000000186,4.200000000000019,40.36530303955078,31.088340759277344,3.5896084308624268,1.991371171958379,2.1549575837855013,0.003998934673780016,0.813969500685978,11.32,136.41242499999998,0.6800000000000037,0.8400000000000037,50000.0,5.0,250000.0,1700.0000000000093,2100.0000000000095
2026-01-19,GPTINFRA,SHORT,A_MOD_BREAK_C1_LOW,MODERATE,2026-01-19 10:15:00+05:30,2026-01-19 10:30:00+05:30,104.11999816894532,104.66662815933228,103.24539018432618,2026-01-19 13:49:00+05:30,103.24539018432618,TARGET,3.3999999999999586,4.199999999999958,27.09796142578125,26.055622100830078,4.4186015129089355,0.9973526417535307,2.7603425127547214,0.0061357714394841625,0.4410061336935866,11.37,104.66662815933228,0.6799999999999917,0.8399999999999918,50000.0,5.0,250000.0,1699.9999999999793,2099.9999999999795
2026-01-19,JINDALSAW,LONG,B_HUGE_GREEN_PULLBACK_HOLD_THEN_BREAK,HUGE,2026-01-19 10:00:00+05:30,2026-01-19 11:00:00+05:30,174.05,173.13623750000002,175.877525,2026-01-19 11:08:00+05:30,173.13623750000002,SL,-3.4249999999999714,-2.624999999999971,45.75345230102539,83.30950164794922,92.18778991699219,1.4176716756116634,5.232343894589745,0.011962114034168608,8.732988414003447,11.37,173.13623750000002,-0.6849999999999943,-0.5249999999999942,100000.0,5.0,500000.0,-3424.9999999999714,-2624.999999999971
2026-01-19,KIRLOSENG,SHORT,A_MOD_BREAK_C1_LOW,MODERATE,2026-01-19 10:45:00+05:30,2026-01-19 11:00:00+05:30,1129.2741,1135.2027890250001,1119.78819756,2026-01-19 12:18:00+05:30,1135.2027890250001,SL,-3.4250000000000167,-2.6250000000000173,37.594146728515625,18.300838470458984,5.218670845031738,1.5448573625714543,3.6661787941997614,0.0073673481326970765,0.6942622393777389,11.37,1135.2027890250001,-0.6850000000000034,-0.5250000000000035,50000.0,5.0,250000.0,-1712.5000000000084,-1312.5000000000089
2026-01-19,SPENCERS,SHORT,A_MOD_BREAK_C1_LOW,MODERATE,2026-01-19 11:00:00+05:30,2026-01-19 11:15:00+05:30,37.470000457763675,37.666717960166935,37.155252453918465,2026-01-19 11:35:00+05:30,37.666717960166935,SL,-3.425000000000008,-2.6250000000000084,27.220251083374023,36.85139083862305,35.18523025512695,1.8352248698725022,2.058913497064013,0.007215193791854787,0.5894681184782982,11.37,37.666717960166935,-0.6850000000000016,-0.5250000000000017,50000.0,5.0,250000.0,-1712.5000000000039,-1312.500000000004
2026-01-19,CAPACITE,SHORT,A_MOD_BREAK_C1_LOW,MODERATE,2026-01-19 11:15:00+05:30,2026-01-19 11:30:00+05:30,232.59999389648436,233.8211438644409,230.6461539477539,2026-01-19 13:05:00+05:30,233.8211438644409,SL,-3.4249999999999825,-2.624999999999983,42.30776596069336,22.86266326904297,5.464475631713867,0.7764758685362613,2.2081577001187336,0.0059869304803583665,0.6304997664042462,11.37,233.8211438644409,-0.6849999999999965,-0.5249999999999966,50000.0,5.0,250000.0,-1712.4999999999911,-1312.4999999999914
2026-01-19,DYNAMATECH,SHORT,A_MOD_BREAK_C1_LOW,MODERATE,2026-01-19 11:30:00+05:30,2026-01-19 11:45:00+05:30,8762.2472,8808.2489978,8688.64432352,2026-01-19 15:11:00+05:30,8688.64432352,TARGET,3.3999999999999666,4.1999999999999655,36.71828842163086,24.02086639404297,13.615172386169434,1.6853989784137644,2.537341322559729,0.005890680806948311,0.7057191475468716,11.37,8808.2489978,0.6799999999999933,0.8399999999999932,50000.0,5.0,250000.0,1699.9999999999832,2099.999999999983
2026-01-19,JUBLFOOD,SHORT,A_MOD_BREAK_C1_LOW,MODERATE,2026-01-19 11:30:00+05:30,2026-01-19 11:45:00+05:30,520.4958555908203,523.2284588326721,516.1236904038574,2026-01-19 15:30:00+05:30,516.1236904038574,TARGET,3.3999999999999986,4.199999999999998,28.762714385986328,27.310880661010742,9.446931838989258,0.8772775919015726,1.963868626254958,0.004646321089733094,0.443157725685318,11.37,523.2284588326721,0.6799999999999997,0.8399999999999996,50000.0,5.0,250000.0,1699.9999999999993,2099.999999999999
2026-01-19,MOTILALOFS,SHORT,A_MOD_BREAK_C1_LOW,MODERATE,2026-01-19 11:45:00+05:30,2026-01-19 12:00:00+05:30,828.2343444091797,832.5825747173278,821.2771759161426,2026-01-19 15:30:00+05:30,824.3499755859375,EOD,1.5449696631531924,2.344969663153192,37.384273529052734,23.0292911529541,4.60591983795166,1.8578782512791359,2.779508548683281,0.007172567912142924,0.7458927969096398,11.37,832.5825747173278,0.30899393263063846,0.46899393263063843,50000.0,5.0,250000.0,772.4848315765961,1172.4848315765962
2026-01-19,FMGOETZE,SHORT,A_PULLBACK_C2_THEN_BREAK_C2_LOW,MODERATE,2026-01-19 12:00:00+05:30,2026-01-19 12:30:00+05:30,436.4127,438.703866675,432.74683332,2026-01-19 13:10:00+05:30,438.703866675,SL,-3.424999999999999,-2.6249999999999996,33.47511291503906,25.78087043762207,3.028113603591919,1.9893164284565745,2.8295624655209775,0.008768206397114387,0.7102570687054863,11.37,438.703866675,-0.6849999999999998,-0.5249999999999999,50000.0,5.0,250000.0,-1712.4999999999995,-1312.4999999999998
2026-01-19,KALYANKJIL,SHORT,A_MOD_BREAK_C1_LOW,MODERATE,2026-01-19 12:30:00+05:30,2026-01-19 12:45:00+05:30,448.9102,451.26697855,445.13935432,2026-01-19 12:50:00+05:30,451.26697855,SL,-3.4250000000000016,-2.6250000000000013,40.61772537231445,18.23749351501465,2.015650987625122,2.9215113057104025,3.4879035680174804,0.007094352744271455,0.8192658805847166,11.37,451.26697855,-0.6850000000000003,-0.5250000000000002,50000.0,5.0,250000.0,-1712.5000000000007,-1312.5000000000005
2026-01-20,SUNTECK,SHORT,B_HUGE_RED_FAILED_BOUNCE,HUGE,2026-01-20 10:00:00+05:30,2026-01-20 11:00:00+05:30,395.7208277954102,397.79836214133604,392.39677284192874,2026-01-20 11:04:00+05:30,392.39677284192874,TARGET,3.399999999999989,4.199999999999989,41.886749267578125,21.441818237304688,12.520074844360352,0.45287183782358936,3.4926927089400928,0.005044876578620974,0.6075538106328,11.83,397.79836214133604,0.6799999999999977,0.8399999999999976,50000.0,5.0,250000.0,1699.9999999999943,2099.999999999994
2026-01-20,AWFIS,SHORT,A_PULLBACK_C2_THEN_BREAK_C2_LOW,MODERATE,2026-01-20 10:30:00+05:30,2026-01-20 11:00:00+05:30,429.914,432.1710485,426.3027224,2026-01-20 11:01:00+05:30,426.3027224,TARGET,3.3999999999999932,4.199999999999992,51.039451599121094,14.800113677978516,5.207320213317871,0.8967349994696687,3.4762129062647196,0.005343252378981447,0.766928624907192,11.83,432.1710485,0.6799999999999986,0.8399999999999985,50000.0,5.0,250000.0,1699.9999999999964,2099.9999999999964
2026-01-20,FACT,SHORT,A_PULLBACK_C2_THEN_BREAK_C2_LOW,MODERATE,2026-01-20 10:30:00+05:30,2026-01-20 11:00:00+05:30,813.3872777954101,817.657561003836,806.5548246619287,2026-01-20 13:19:00+05:30,806.5548246619287,TARGET,3.3999999999999773,4.199999999999977,30.385149002075195,23.616559982299805,8.964158058166504,1.2886383726747306,2.6782920502348224,0.004654101154545178,0.5412889502492058,11.83,817.657561003836,0.6799999999999955,0.8399999999999954,50000.0,5.0,250000.0,1699.9999999999889,2099.9999999999886
2026-01-20,HBLENGINE,SHORT,A_MOD_BREAK_C1_LOW,MODERATE,2026-01-20 10:45:00+05:30,2026-01-20 11:00:00+05:30,738.8522,742.73117405,732.6458415200001,2026-01-20 11:20:00+05:30,732.6458415200001,TARGET,3.3999999999999653,4.199999999999965,49.30925369262695,26.34514808654785,14.67101001739502,0.7729765651791523,2.5176830874947433,0.009297456458232581,0.734909704295756,11.83,742.73117405,0.679999999999993,0.839999999999993,50000.0,5.0,250000.0,1699.9999999999825,2099.9999999999827
2026-01-20,TVTODAY,SHORT,A_MOD_BREAK_C1_LOW,MODERATE,2026-01-20 10:45:00+05:30,2026-01-20 11:00:00+05:30,127.0499984741211,127.71701096611022,125.98277848693849,2026-01-20 15:30:00+05:30,125.98277848693849,TARGET,3.3999999999999755,4.199999999999975,43.47093963623047,15.175068855285645,5.546630859375,1.2640629312480083,3.0368094398896637,0.007827926919515523,0.7332751075118584,11.83,127.71701096611022,0.679999999999995,0.8399999999999951,50000.0,5.0,250000.0,1699.9999999999875,2099.9999999999877
2026-01-20,VASCONEQ,SHORT,A_MOD_BREAK_C1_LOW,MODERATE,2026-01-20 10:45:00+05:30,2026-01-20 11:00:00+05:30,41.95,42.1702375,41.597620000000006,2026-01-20 11:01:00+05:30,41.597620000000006,TARGET,3.3999999999999586,4.199999999999958,46.08588790893555,19.3864688873291,11.04865550994873,1.159994528422835,3.1004893633400696,0.00867349264167604,0.7542873611080294,11.83,42.1702375,0.6799999999999917,0.8399999999999918,50000.0,5.0,250000.0,1699.9999999999793,2099.9999999999795
2026-01-20,BCLIND,SHORT,A_MOD_BREAK_C1_LOW,MODERATE,2026-01-20 11:00:00+05:30,2026-01-20 11:15:00+05:30,28.409999084472656,28.559151579666135,28.171355092163086,2026-01-20 11:49:00+05:30,28.559151579666135,SL,-3.4249999999999736,-2.6249999999999734,30.352752685546875,28.964258193969727,17.77784538269043,1.0652204066733586,2.2344648161054943,0.006071563850557121,0.5017048614510409,11.83,28.559151579666135,-0.6849999999999947,-0.5249999999999947,50000.0,5.0,250000.0,-1712.4999999999868,-1312.4999999999866
2026-01-20,BSOFT,SHORT,A_MOD_BREAK_C1_LOW,MODERATE,2026-01-20 11:00:00+05:30,2026-01-20 11:15:00+05:30,406.11877220458985,408.25089575866394,402.70737451807133,2026-01-20 11:18:00+05:30,408.25089575866394,SL,-3.4250000000000025,-2.625000000000002,36.60566329956055,15.844923973083496,3.082843780517578,2.0632247623223483,4.030664587151202,0.007140232297947026,0.7590849494934082,11.83,408.25089575866394,-0.6850000000000005,-0.5250000000000005,50000.0,5.0,250000.0,-1712.5000000000014,-1312.5000000000011
2026-01-20,GMRP&UI,SHORT,A_MOD_BREAK_C1_LOW,MODERATE,2026-01-20 11:00:00+05:30,2026-01-20 11:15:00+05:30,100.7,101.228675,99.85412000000001,2026-01-20 11:28:00+05:30,101.228675,SL,-3.4249999999999634,-2.6249999999999636,26.89947509765625,25.92897605895996,6.045070171356201,1.3001916291726625,2.5523068655399297,0.007850763345863737,0.4910256615700597,11.83,101.228675,-0.6849999999999927,-0.5249999999999927,50000.0,5.0,250000.0,-1712.4999999999818,-1312.4999999999816
2026-01-20,RUPA,SHORT,A_MOD_BREAK_C1_LOW,MODERATE,2026-01-20 11:00:00+05:30,2026-01-20 11:15:00+05:30,152.95999450683593,153.7630344779968,151.67513055297852,2026-01-20 15:30:00+05:30,152.8699951171875,EOD,-0.5058074238999661,0.2941925761000337,31.906261444091797,27.21428680419922,12.115819931030273,1.5067303481171954,2.2544115694977593,0.005041366323458598,0.602271732581886,11.83,153.7630344779968,-0.10116148477999323,0.05883851522000674,50000.0,5.0,250000.0,-252.9037119499831,147.09628805001685
2026-01-20,LTIM,SHORT,A_MOD_BREAK_C1_LOW,MODERATE,2026-01-20 11:30:00+05:30,2026-01-20 11:45:00+05:30,5925.8146,5956.92512665,5876.03775736,2026-01-20 12:33:00+05:30,5956.92512665,SL,-3.42499999999999,-2.6249999999999902,54.36156463623047,19.088294982910156,2.6727709770202637,1.3212489141858306,3.084151435261367,0.010884067918956405,0.8412185599825204,11.83,5956.92512665,-0.684999999999998,-0.524999999999998,50000.0,5.0,250000.0,-1712.499999999995,-1312.499999999995
2026-01-20,TDPOWERSYS,SHORT,A_MOD_BREAK_C1_LOW,MODERATE,2026-01-20 11:30:00+05:30,2026-01-20 11:45:00+05:30,651.9695555908203,655.392395757672,646.4930113238574,2026-01-20 11:46:00+05:30,646.4930113238574,TARGET,3.399999999999955,4.199999999999956,30.181194305419922,38.65854263305664,64.66505432128906,0.45700199765591637,1.0899097676185747,0.009256317868225245,0.3471887525520129,11.83,655.392395757672,0.6799999999999911,0.8399999999999911,50000.0,5.0,250000.0,1699.9999999999775,2099.9999999999777
2026-01-20,LODHA,SHORT,A_MOD_BREAK_C1_LOW,MODERATE,2026-01-20 12:00:00+05:30,2026-01-20 12:15:00+05:30,1007.0985277954102,1012.3857950663361,998.6389001619287,2026-01-20 12:16:00+05:30,998.6389001619287,TARGET,3.399999999999994,4.199999999999994,49.955631256103516,24.044431686401367,4.903819561004639,1.4858193872560372,2.5331712976542913,0.0072527509173447675,0.869352861611359,11.83,1012.3857950663361,0.6799999999999988,0.8399999999999987,50000.0,5.0,250000.0,1699.999999999997,2099.999999999997
2026-01-20,DATAPATTNS,SHORT,A_MOD_BREAK_C1_LOW,MODERATE,2026-01-20 12:15:00+05:30,2026-01-20 12:30:00+05:30,2307.5384,2319.6529766,2288.15507744,2026-01-20 12:33:00+05:30,2288.15507744,TARGET,3.4000000000000274,4.200000000000028,58.22838592529297,10.189517974853516,3.6427366733551025,2.4095811298889447,3.66339748083246,0.011489919364426976,0.96,11.83,2319.6529766,0.6800000000000055,0.8400000000000055,50000.0,5.0,250000.0,1700.0000000000139,2100.0000000000136
2026-01-20,SAREGAMA,SHORT,A_MOD_BREAK_C1_LOW,MODERATE,2026-01-20 12:15:00+05:30,2026-01-20 12:30:00+05:30,336.9326,338.70149614999997,334.10236616,2026-01-20 13:06:00+05:30,334.10236616,TARGET,3.4000000000000083,4.200000000000008,42.36738204956055,27.81052589416504,19.39271354675293,1.1292417972900974,2.0768649510566446,0.007233948208133134,0.6931280452691753,11.83,338.70149614999997,0.6800000000000017,0.8400000000000016,50000.0,5.0,250000.0,1700.0000000000043,2100.000000000004
2026-01-20,KEI,SHORT,A_PULLBACK_C2_THEN_BREAK_C2_LOW,MODERATE,2026-01-20 12:15:00+05:30,2026-01-20 12:45:00+05:30,4134.273077636719,4155.978011294312,4099.54518378457,2026-01-20 12:56:00+05:30,4099.54518378457,TARGET,3.400000000000014,4.2000000000000135,33.12295150756836,29.321508407592773,10.337545394897461,1.443071025623487,2.338730424032637,0.009278428909805925,0.6093817020976355,11.83,4155.978011294312,0.6800000000000028,0.8400000000000027,50000.0,5.0,250000.0,1700.000000000007,2100.000000000007
2026-01-20,ESABINDIA,SHORT,A_MOD_BREAK_C1_LOW,MODERATE,2026-01-20 12:30:00+05:30,2026-01-20 12:45:00+05:30,5669.8658,5699.63259545,5622.23892728,2026-01-20 13:04:00+05:30,5622.23892728,TARGET,3.399999999999955,4.199999999999955,40.19275665283203,34.98177719116211,9.938857078552246,0.9109720033741056,1.3528573796208974,0.006278812097002224,0.5899543193639938,11.83,5699.63259545,0.6799999999999911,0.839999999999991,50000.0,5.0,250000.0,1699.9999999999775,2099.9999999999773
2026-01-20,MAHLOG,SHORT,A_MOD_BREAK_C1_LOW,MODERATE,2026-01-20 12:30:00+05:30,2026-01-20 12:45:00+05:30,288.5422861022949,290.0571331043319,286.11853089903565,2026-01-20 13:23:00+05:30,286.11853089903565,TARGET,3.399999999999949,4.199999999999949,46.02537536621094,27.238672256469727,6.730148792266846,1.6214720860609337,1.9774571876295615,0.007521414628690835,0.8330111049353055,11.83,290.0571331043319,0.6799999999999897,0.8399999999999898,50000.0,5.0,250000.0,1699.9999999999743,2099.999999999974
2026-01-20,BAJAJFINSV,SHORT,A_MOD_BREAK_C1_LOW,MODERATE,2026-01-20 12:45:00+05:30,2026-01-20 13:00:00+05:30,1974.605,1984.97167625,1958.0183180000001,2026-01-20 15:04:00+05:30,1958.0183180000001,TARGET,3.399999999999971,4.199999999999971,32.2464485168457,31.868553161621094,7.848906517028809,1.0934660243750935,1.915741034592193,0.00389394168294034,0.5308403337479366,11.83,1984.97167625,0.6799999999999942,0.8399999999999941,50000.0,5.0,250000.0,1699.9999999999854,2099.999999999985
2026-01-20,PIDILITIND,SHORT,A_MOD_BREAK_C1_LOW,MODERATE,2026-01-20 12:45:00+05:30,2026-01-20 13:00:00+05:30,1456.1087444091797,1463.7533153173279,1443.8774309561427,2026-01-20 14:21:00+05:30,1443.8774309561427,TARGET,3.3999999999999786,4.199999999999978,30.20418930053711,31.9399356842041,8.226438522338867,1.2974655637984016,1.9451355329486395,0.003217337202636967,0.5373760898202089,11.83,1463.7533153173279,0.6799999999999957,0.8399999999999956,50000.0,5.0,250000.0,1699.9999999999893,2099.999999999989
2026-01-20,QUICKHEAL,SHORT,A_MOD_BREAK_C1_LOW,MODERATE,2026-01-20 12:45:00+05:30,2026-01-20 13:00:00+05:30,205.5500061035156,206.62914363555907,203.8233860522461,2026-01-20 13:32:00+05:30,203.8233860522461,TARGET,3.3999999999999755,4.199999999999974,66.3116226196289,20.480491638183594,3.425201177597046,2.0214366620189437,2.3062484654755395,0.009566622126320076,0.96,11.83,206.62914363555907,0.679999999999995,0.839999999999995,50000.0,5.0,250000.0,1699.9999999999875,2099.9999999999873
2026-01-20,IDEAFORGE,SHORT,A_MOD_BREAK_C1_LOW,MODERATE,2026-01-20 13:00:00+05:30,2026-01-20 13:15:00+05:30,429.8140138977051,432.070537470668,426.2035761809644,2026-01-20 13:49:00+05:30,426.2035761809644,TARGET,3.39999999999998,4.19999999999998,46.6905632019043,22.162630081176758,2.9006385803222656,2.83443098696102,2.968497210057095,0.006514625948883217,0.9103584480285645,11.83,432.070537470668,0.6799999999999959,0.839999999999996,50000.0,5.0,250000.0,1699.99999999999,2099.99999999999
2026-01-20,ORCHPHARMA,SHORT,A_MOD_BREAK_C1_LOW,MODERATE,2026-01-20 13:00:00+05:30,2026-01-20 13:15:00+05:30,688.3623,691.976202075,682.58005668,2026-01-20 13:38:00+05:30,682.58005668,TARGET,3.400000000000014,4.200000000000014,34.6605224609375,20.0622501373291,3.117271661758423,1.119156984901985,3.3461190579902436,0.005187266272916773,0.5757603092719099,11.83,691.976202075,0.6800000000000028,0.8400000000000029,50000.0,5.0,250000.0,1700.000000000007,2100.0000000000073
2026-01-20,HAVELLS,SHORT,A_MOD_BREAK_C1_LOW,MODERATE,2026-01-20 13:15:00+05:30,2026-01-20 13:30:00+05:30,1356.8285555908203,1363.951905507672,1345.4311957238574,2026-01-20 15:14:00+05:30,1345.4311957238574,TARGET,3.4000000000000097,4.200000000000009,54.687767028808594,19.63445472717285,5.807662010192871,3.345518196997066,3.2859903909052757,0.007848834863722318,0.96,11.83,1363.951905507672,0.6800000000000019,0.8400000000000019,50000.0,5.0,250000.0,1700.000000000005,2100.0000000000045
2026-01-20,GRSE,SHORT,A_MOD_BREAK_C1_LOW,MODERATE,2026-01-20 13:45:00+05:30,2026-01-20 14:00:00+05:30,2284.4429223632815,2296.436247705689,2265.25360181543,2026-01-20 14:34:00+05:30,2296.436247705689,SL,-3.4250000000000345,-2.625000000000035,49.64115524291992,13.872248649597168,2.574775457382202,3.8968976872804784,3.2572867990190506,0.005649280047479264,0.9546173286437987,11.83,2296.436247705689,-0.6850000000000069,-0.525000000000007,50000.0,5.0,250000.0,-1712.5000000000173,-1312.5000000000177
2026-01-20,JSL,SHORT,A_MOD_BREAK_C1_LOW,MODERATE,2026-01-20 13:45:00+05:30,2026-01-20 14:00:00+05:30,770.9957944091797,775.0435223298279,764.5194297361426,2026-01-20 14:04:00+05:30,764.5194297361426,TARGET,3.399999999999992,4.199999999999992,44.196937561035156,19.970294952392578,2.837437152862549,3.6291503245580623,3.707337321988632,0.005936969379775681,0.8729540634155273,11.83,775.0435223298279,0.6799999999999984,0.8399999999999984,50000.0,5.0,250000.0,1699.999999999996,2099.999999999996
2026-01-20,NAM-INDIA,SHORT,A_MOD_BREAK_C1_LOW,MODERATE,2026-01-20 13:45:00+05:30,2026-01-20 14:00:00+05:30,846.1807055908204,850.6231542951722,839.0727876638575,2026-01-20 14:08:00+05:30,850.6231542951722,SL,-3.425000000000007,-2.6250000000000067,26.542673110961914,25.113100051879883,3.998056411743164,3.225946582021383,3.3645476175658144,0.00529178621636653,0.6081400966644286,11.83,850.6231542951722,-0.6850000000000014,-0.5250000000000014,50000.0,5.0,250000.0,-1712.5000000000034,-1312.5000000000034
2026-01-20,ASHOKA,SHORT,A_MOD_BREAK_C1_LOW,MODERATE,2026-01-20 14:00:00+05:30,2026-01-20 14:15:00+05:30,142.7500030517578,143.49944056777952,141.55090302612305,2026-01-20 14:36:00+05:30,143.49944056777952,SL,-3.4249999999999514,-2.624999999999952,45.57138442993164,26.957813262939453,5.143387794494629,3.0135593436454555,2.830772561978388,0.004641871476681034,0.8935707664489745,11.83,143.49944056777952,-0.6849999999999903,-0.5249999999999904,50000.0,5.0,250000.0,-1712.4999999999757,-1312.4999999999761
2026-01-20,BAYERCROP,SHORT,A_MOD_BREAK_C1_LOW,MODERATE,2026-01-20 14:00:00+05:30,2026-01-20 14:15:00+05:30,4326.1346,4348.84680665,4289.7950693600005,2026-01-20 14:22:00+05:30,4289.7950693600005,TARGET,3.3999999999999755,4.199999999999975,39.40068054199219,33.858154296875,34.35090637207031,1.5204129493161287,1.591401599702381,0.0048532470533857175,0.6966525542453244,11.83,4348.84680665,0.679999999999995,0.8399999999999951,50000.0,5.0,250000.0,1699.9999999999875,2099.9999999999877
2026-01-20,BOMDYEING,SHORT,A_MOD_BREAK_C1_LOW,MODERATE,2026-01-20 14:00:00+05:30,2026-01-20 14:15:00+05:30,116.85000152587891,117.46346403388976,115.86846151306153,2026-01-20 14:37:00+05:30,117.46346403388976,SL,-3.424999999999959,-2.6249999999999596,57.39714813232422,16.224084854125977,4.046554088592529,3.5298549164794317,3.9634786449383643,0.004943168129369729,0.96,11.83,117.46346403388976,-0.6849999999999918,-0.5249999999999919,50000.0,5.0,250000.0,-1712.4999999999798,-1312.4999999999798
2026-01-20,DCW,SHORT,A_MOD_BREAK_C1_LOW,MODERATE,2026-01-20 14:00:00+05:30,2026-01-20 14:15:00+05:30,49.03000183105469,49.28740934066773,48.61814981567383,2026-01-20 15:19:00+05:30,48.61814981567383,TARGET,3.399999999999995,4.199999999999996,52.06982421875,18.75687026977539,8.556336402893066,3.961783471264441,4.053513400542365,0.006388979494098722,0.96,11.83,49.28740934066773,0.679999999999999,0.8399999999999991,50000.0,5.0,250000.0,1699.9999999999975,2099.9999999999977
2026-01-20,HGINFRA,SHORT,A_MOD_BREAK_C1_LOW,MODERATE,2026-01-20 14:00:00+05:30,2026-01-20 14:15:00+05:30,658.3683,661.824733575,652.83800628,2026-01-20 14:16:00+05:30,652.83800628,TARGET,3.4000000000000243,4.200000000000024,34.836429595947266,18.480154037475586,3.8224077224731445,4.282157446056368,4.678645790478028,0.006054825265407362,0.7325464439392089,11.83,661.824733575,0.6800000000000048,0.8400000000000049,50000.0,5.0,250000.0,1700.000000000012,2100.000000000012
2026-01-20,KECL,SHORT,A_MOD_BREAK_C1_LOW,MODERATE,2026-01-20 14:00:00+05:30,2026-01-20 14:15:00+05:30,83.95,84.3907375,83.24482,2026-01-20 14:24:00+05:30,83.24482,TARGET,3.3999999999999906,4.199999999999991,63.65901184082031,16.898521423339844,5.836139678955078,3.7254956191943,3.7437185396266615,0.006274309740641386,0.96,11.83,84.3907375,0.6799999999999982,0.8399999999999982,50000.0,5.0,250000.0,1699.9999999999955,2099.9999999999955
2026-01-20,MANINDS,SHORT,A_MOD_BREAK_C1_LOW,MODERATE,2026-01-20 14:00:00+05:30,2026-01-20 14:15:00+05:30,327.13457220458986,328.85202870866397,324.3866417980713,2026-01-20 14:39:00+05:30,328.85202870866397,SL,-3.425000000000016,-2.6250000000000155,34.106849670410156,21.25395393371582,8.42179012298584,3.422760285141884,3.632897202122906,0.005943286691913168,0.7216027450561524,11.83,328.85202870866397,-0.6850000000000032,-0.5250000000000031,50000.0,5.0,250000.0,-1712.500000000008,-1312.500000000008
2026-01-20,MONTECARLO,SHORT,A_MOD_BREAK_C1_LOW,MODERATE,2026-01-20 14:00:00+05:30,2026-01-20 14:15:00+05:30,557.9883555908203,560.9177944576721,553.3012534038575,2026-01-20 15:02:00+05:30,553.3012534038575,TARGET,3.399999999999986,4.199999999999986,49.323707580566406,23.908645629882812,1.847428798675537,3.3368962598985608,3.622898088245036,0.00663516326413178,0.9498556137084961,11.83,560.9177944576721,0.6799999999999973,0.8399999999999972,50000.0,5.0,250000.0,1699.9999999999932,2099.9999999999927
2026-01-20,UBL,SHORT,A_MOD_BREAK_C1_LOW,MODERATE,2026-01-20 14:00:00+05:30,2026-01-20 14:15:00+05:30,1459.708,1467.371467,1447.4464528,2026-01-20 15:30:00+05:30,1458.0,EOD,-0.21495148344734571,0.5850485165526541,62.14719772338867,18.643892288208008,3.3373231887817383,3.6522842664194584,3.931976279514934,0.004232163439924092,0.96,11.83,1467.371467,-0.042990296689469146,0.11700970331053083,50000.0,5.0,250000.0,-107.47574172367287,292.5242582763271
2026-01-21,LUMAXIND,SHORT,A_MOD_BREAK_C1_LOW,MODERATE,2026-01-21 10:00:00+05:30,2026-01-21 10:15:00+05:30,5028.994,5055.668622341666,4986.3146042533335,2026-01-21 10:30:00+05:30,4986.3146042533335,TARGET,3.4433333333332827,4.2433333333332826,53.97002410888672,13.051009178161621,19.16199493408203,1.6171330620536786,4.5714866512011065,0.0067305236646897785,0.8929982858593937,12.73,5055.668622341666,0.6886666666666565,0.8486666666666566,50000.0,5.0,250000.0,1721.6666666666413,2121.6666666666415
2026-01-21,SAMHI,SHORT,A_MOD_BREAK_C1_LOW,MODERATE,2026-01-21 10:00:00+05:30,2026-01-21 10:15:00+05:30,175.9899932861328,176.923473542188,174.49642487644448,2026-01-21 10:16:00+05:30,174.49642487644448,TARGET,3.4433333333333582,4.243333333333358,26.662864685058594,15.1875638961792,13.071236610412598,1.1448014981455326,3.4876207590802872,0.007201214546969517,0.4602832324513471,12.73,176.923473542188,0.6886666666666716,0.8486666666666716,50000.0,5.0,250000.0,1721.666666666679,2121.666666666679
2026-01-21,TRENT,SHORT,A_MOD_BREAK_C1_LOW,MODERATE,2026-01-21 10:00:00+05:30,2026-01-21 10:15:00+05:30,3762.147322363281,3782.1023787856498,3730.2192320874915,2026-01-21 10:30:00+05:30,3730.2192320874915,TARGET,3.4433333333333183,4.243333333333318,42.67949676513672,17.70162582397461,3.9330153465270996,1.3771153921946382,3.6767549842782916,0.005146601603212308,0.7411876451111123,12.73,3782.1023787856498,0.6886666666666637,0.8486666666666637,50000.0,5.0,250000.0,1721.666666666659,2121.6666666666592
2026-01-21,EKC,SHORT,A_MOD_BREAK_C1_LOW,MODERATE,2026-01-21 10:15:00+05:30,2026-01-21 10:30:00+05:30,101.60000152587891,102.13890486730575,100.73775617959595,2026-01-21 10:44:00+05:30,100.73775617959595,TARGET,3.443333333333344,4.243333333333344,37.97166442871094,22.912736892700195,14.59460163116455,0.8202193105693146,2.4479031552429533,0.008535170557635356,0.5731133457802942,12.73,102.13890486730575,0.6886666666666688,0.8486666666666688,50000.0,5.0,250000.0,1721.666666666672,2121.666666666672
2026-01-21,RPSGVENT,SHORT,A_MOD_BREAK_C1_LOW,MODERATE,2026-01-21 10:15:00+05:30,2026-01-21 10:30:00+05:30,654.9189777954101,658.3927772067999,649.3608987371864,2026-01-21 10:46:00+05:30,658.3927772067999,SL,-3.4520833333333103,-2.6520833333333105,27.431577682495117,17.021028518676758,9.621414184570312,1.5570424655372486,4.267665782662921,0.008072596110373819,0.5439560967064452,12.73,658.3927772067999,-0.690416666666662,-0.5304166666666621,50000.0,5.0,250000.0,-1726.041666666655,-1326.0416666666554
2026-01-21,CHEMCON,SHORT,A_MOD_BREAK_C1_LOW,MODERATE,2026-01-21 10:30:00+05:30,2026-01-21 10:45:00+05:30,170.5000030517578,171.4043634846115,169.05302635919188,2026-01-21 10:53:00+05:30,169.05302635919188,TARGET,3.4433333333333573,4.243333333333357,39.546592712402344,23.570829391479492,5.091865062713623,1.3485837328918568,2.8989739644192505,0.008602411283406839,0.6892010439421101,12.73,171.4043634846115,0.6886666666666714,0.8486666666666713,50000.0,5.0,250000.0,1721.6666666666786,2121.6666666666783
2026-01-21,DWARKESH,SHORT,A_MOD_BREAK_C1_LOW,MODERATE,2026-01-21 10:30:00+05:30,2026-01-21 10:45:00+05:30,32.85999984741211,33.03429476326943,32.58112798204041,2026-01-21 10:46:00+05:30,32.58112798204041,TARGET,3.443333333333354,4.243333333333354,46.102989196777344,15.90260124206543,7.954501152038574,1.3225525289828686,3.433859852052138,0.005447762681057577,0.7829915305236621,12.73,33.03429476326943,0.6886666666666708,0.8486666666666708,50000.0,5.0,250000.0,1721.666666666677,2121.666666666677
2026-01-21,GICHSGFIN,SHORT,A_MOD_BREAK_C1_LOW,MODERATE,2026-01-21 10:30:00+05:30,2026-01-21 10:45:00+05:30,161.45,162.3063577083333,160.07982766666666,2026-01-21 12:10:00+05:30,162.3063577083333,SL,-3.4520833333332925,-2.6520833333332923,46.77907943725586,27.032163619995117,24.733989715576172,0.7399419885785309,1.992357300096115,0.0060908626862001825,0.6907939045648865,12.73,162.3063577083333,-0.6904166666666585,-0.5304166666666584,50000.0,5.0,250000.0,-1726.041666666646,-1326.0416666666463
2026-01-21,HIMATSEIDE,SHORT,A_MOD_BREAK_C1_LOW,MODERATE,2026-01-21 10:30:00+05:30,2026-01-21 10:45:00+05:30,95.7999984741211,96.30813763269424,94.98697582040406,2026-01-21 10:51:00+05:30,94.98697582040406,TARGET,3.443333333333336,4.243333333333336,54.765071868896484,24.807767868041992,36.92565155029297,1.030037290251695,2.3979768398580417,0.009262713995648231,0.7902565257940466,12.73,96.30813763269424,0.6886666666666672,0.8486666666666672,50000.0,5.0,250000.0,1721.666666666668,2121.666666666668
2026-01-21,IOLCP,SHORT,A_MOD_BREAK_C1_LOW,MODERATE,2026-01-21 10:30:00+05:30,2026-01-21 10:45:00+05:30,70.45,70.82367854166667,69.85211433333333,2026-01-21 10:46:00+05:30,69.85211433333333,TARGET,3.4433333333333582,4.243333333333358,45.68397521972656,24.01173210144043,18.431873321533203,1.1858035225017833,1.9758169514403623,0.010367509804393363,0.7515660923057286,12.73,70.82367854166667,0.6886666666666716,0.8486666666666716,50000.0,5.0,250000.0,1721.666666666679,2121.666666666679
2026-01-21,KSB,SHORT,A_MOD_BREAK_C1_LOW,MODERATE,2026-01-21 10:30:00+05:30,2026-01-21 10:45:00+05:30,687.0125944091797,690.6566237120251,681.1821475246271,2026-01-21 10:49:00+05:30,681.1821475246271,TARGET,3.443333333333314,4.243333333333314,66.12772369384766,12.876324653625488,15.364163398742676,1.1989665605784117,3.078453643676353,0.00762022896240055,0.819819148101222,12.73,690.6566237120251,0.6886666666666628,0.8486666666666627,50000.0,5.0,250000.0,1721.666666666657,2121.6666666666565
2026-01-21,MTNL,SHORT,A_MOD_BREAK_C1_LOW,MODERATE,2026-01-21 10:30:00+05:30,2026-01-21 10:45:00+05:30,30.259999465942382,30.420503546442983,30.003192937141417,2026-01-21 10:53:00+05:30,30.003192937141417,TARGET,3.4433333333333427,4.243333333333342,74.84420776367188,11.279159545898438,19.346553802490234,1.4450625927528076,2.9600104225924846,0.010769669658978518,0.8628859537317413,12.73,30.420503546442983,0.6886666666666685,0.8486666666666685,50000.0,5.0,250000.0,1721.6666666666713,2121.666666666671
2026-01-21,MUNJALAU,SHORT,A_MOD_BREAK_C1_LOW,MODERATE,2026-01-21 10:30:00+05:30,2026-01-21 10:45:00+05:30,68.86000366210938,69.22524859820048,68.27561176436362,2026-01-21 11:38:00+05:30,68.27561176436362,TARGET,3.4433333333332774,4.243333333333277,35.871646881103516,21.429351806640625,14.297626495361328,1.0331463498635451,2.5264043954445894,0.008530018122299858,0.5788753144426733,12.73,69.22524859820048,0.6886666666666554,0.8486666666666554,50000.0,5.0,250000.0,1721.6666666666385,2121.6666666666383
2026-01-21,NH,SHORT,A_MOD_BREAK_C1_LOW,MODERATE,2026-01-21 10:30:00+05:30,2026-01-21 10:45:00+05:30,1778.0443444091798,1787.4753879526502,1762.9546747396273,2026-01-21 10:46:00+05:30,1762.9546747396273,TARGET,3.4433333333332983,4.2433333333332985,56.82628631591797,21.673810958862305,9.110147476196289,1.1676963832194822,2.6354489458859938,0.006148020877904931,0.8143468670634093,12.73,1787.4753879526502,0.6886666666666597,0.8486666666666597,50000.0,5.0,250000.0,1721.6666666666492,2121.6666666666492
2026-01-21,THYROCARE,SHORT,A_MOD_BREAK_C1_LOW,MODERATE,2026-01-21 10:30:00+05:30,2026-01-21 10:45:00+05:30,458.4083,460.83977402458333,454.51794156066666,2026-01-21 10:46:00+05:30,454.51794156066666,TARGET,3.4433333333333414,4.243333333333341,33.12576675415039,22.293901443481445,46.170448303222656,0.8440451226234703,2.4809963796823387,0.010920700356120501,0.5045943977713632,12.73,460.83977402458333,0.6886666666666683,0.8486666666666682,50000.0,5.0,250000.0,1721.6666666666708,2121.6666666666706
2026-01-21,AEROFLEX,SHORT,A_MOD_BREAK_C1_LOW,MODERATE,2026-01-21 10:45:00+05:30,2026-01-21 11:00:00+05:30,165.34999389648436,166.22703782244363,163.94672361494955,2026-01-21 11:10:00+05:30,163.94672361494955,TARGET,3.4433333333332894,4.243333333333289,34.680599212646484,23.121442794799805,12.765735626220703,1.2608463183448966,2.1350569632702725,0.010045718229377923,0.6008570939000542,12.73,166.22703782244363,0.6886666666666579,0.8486666666666578,50000.0,5.0,250000.0,1721.6666666666447,2121.6666666666447
2026-01-21,AVANTIFEED,SHORT,A_MOD_BREAK_C1_LOW,MODERATE,2026-01-21 10:45:00+05:30,2026-01-21 11:00:00+05:30,745.3509,749.3043653987501,739.025355362,2026-01-21 11:58:00+05:30,739.025355362,TARGET,3.4433333333333307,4.2433333333333305,33.062835693359375,19.366640090942383,3.8394181728363037,1.4558391259296246,3.706572732250139,0.010300434442150936,0.610714382438075,12.73,749.3043653987501,0.6886666666666661,0.8486666666666661,50000.0,5.0,250000.0,1721.6666666666652,2121.666666666665
2026-01-21,CERA,SHORT,A_MOD_BREAK_C1_LOW,MODERATE,2026-01-21 10:45:00+05:30,2026-01-21 11:00:00+05:30,4875.0248,4900.882744043333,4833.652089530667,2026-01-21 11:50:00+05:30,4833.652089530667,TARGET,3.443333333333347,4.243333333333347,38.8193359375,21.807170867919922,6.772486686706543,1.4393736702534528,2.7027245074511437,0.0063942928016919205,0.6941804313568543,12.73,4900.882744043333,0.6886666666666694,0.8486666666666695,50000.0,5.0,250000.0,1721.6666666666736,2121.666666666674
2026-01-21,DOMS,SHORT,A_MOD_BREAK_C1_LOW,MODERATE,2026-01-21 10:45:00+05:30,2026-01-21 11:00:00+05:30,2352.929222363281,2365.409551113566,2332.960696362825,2026-01-21 11:05:00+05:30,2365.409551113566,SL,-3.452083333333288,-2.6520833333332883,51.42412185668945,18.47930145263672,5.237417697906494,1.1325295624847773,3.3830951632950006,0.010016073519650651,0.8081926734348359,12.73,2365.409551113566,-0.6904166666666576,-0.5304166666666577,50000.0,5.0,250000.0,-1726.041666666644,-1326.0416666666442
2026-01-21,EPIGRAL,SHORT,A_MOD_BREAK_C1_LOW,MODERATE,2026-01-21 10:45:00+05:30,2026-01-21 11:00:00+05:30,1087.9823111816406,1093.7531506905332,1078.7489679674125,2026-01-21 11:09:00+05:30,1093.7531506905332,SL,-3.4520833333333023,-2.652083333333302,56.450565338134766,22.81813621520996,15.120307922363281,1.5224708805668632,2.2407523452206446,0.008414958054733988,0.8764324040992011,12.73,1093.7531506905332,-0.6904166666666605,-0.5304166666666604,50000.0,5.0,250000.0,-1726.041666666651,-1326.041666666651
2026-01-21,EUREKAFORB,SHORT,A_MOD_BREAK_C1_LOW,MODERATE,2026-01-21 10:45:00+05:30,2026-01-21 11:00:00+05:30,521.7456055908203,524.513031240475,517.3177245513729,2026-01-21 11:09:00+05:30,524.513031240475,SL,-3.4520833333333725,-2.652083333333372,56.25053405761719,18.047048568725586,3.9016830921173096,1.2470909692164487,3.0863806920308234,0.007179753128956618,0.8282409196128784,12.73,524.513031240475,-0.6904166666666745,-0.5304166666666744,50000.0,5.0,250000.0,-1726.041666666686,-1326.041666666686
2026-01-21,FILATEX,SHORT,A_MOD_BREAK_C1_LOW,MODERATE,2026-01-21 10:45:00+05:30,2026-01-21 11:00:00+05:30,42.2,42.423835833333335,41.84186266666667,2026-01-21 11:07:00+05:30,42.423835833333335,SL,-3.452083333333321,-2.6520833333333216,27.871742248535156,28.380239486694336,17.555864334106445,1.5142749022374966,2.020970898301875,0.007147932189537839,0.5430742416195893,12.73,42.423835833333335,-0.6904166666666642,-0.5304166666666643,50000.0,5.0,250000.0,-1726.0416666666606,-1326.0416666666606
2026-01-21,GMBREW,SHORT,A_MOD_BREAK_C1_LOW,MODERATE,2026-01-21 10:45:00+05:30,2026-01-21 11:00:00+05:30,942.2115444091797,947.2091914759834,934.2153091022939,2026-01-21 11:06:00+05:30,947.2091914759834,SL,-3.45208333333332,-2.65208333333332,50.233795166015625,30.88152503967285,42.800811767578125,0.926908273616472,1.34922246997051,0.011251879791497641,0.7396700713814082,12.73,947.2091914759834,-0.690416666666664,-0.530416666666664,50000.0,5.0,250000.0,-1726.04166666666,-1326.0416666666601
2026-01-21,JGCHEM,SHORT,A_MOD_BREAK_C1_LOW,MODERATE,2026-01-21 10:45:00+05:30,2026-01-21 11:00:00+05:30,312.7874361022949,314.44651279462084,310.13291339457345,2026-01-21 11:31:00+05:30,310.13291339457345,TARGET,3.4433333333333227,4.2433333333333225,30.76641845703125,31.377155303955078,2.897425889968872,1.3661939724629497,2.2425204971252417,0.012603043616236853,0.5605802220364848,12.73,314.44651279462084,0.6886666666666645,0.8486666666666645,50000.0,5.0,250000.0,1721.6666666666613,2121.666666666661
2026-01-21,KELLTONTEC,SHORT,A_MOD_BREAK_C1_LOW,MODERATE,2026-01-21 10:45:00+05:30,2026-01-21 11:00:00+05:30,14.95,15.029297291666666,14.823124333333332,2026-01-21 11:03:00+05:30,15.029297291666666,SL,-3.452083333333321,-2.6520833333333216,58.91325378417969,21.017032623291016,34.81965637207031,0.8551168484160128,1.7455283261420627,0.012688908061606474,0.7469218647799054,12.73,15.029297291666666,-0.6904166666666642,-0.5304166666666643,50000.0,5.0,250000.0,-1726.0416666666606,-1326.0416666666606
2026-01-21,KPITTECH,SHORT,A_MOD_BREAK_C1_LOW,MODERATE,2026-01-21 10:45:00+05:30,2026-01-21 11:00:00+05:30,1092.8813555908202,1098.6781804477666,1083.6064358197061,2026-01-21 11:14:00+05:30,1098.6781804477666,SL,-3.452083333333369,-2.6520833333333687,45.790931701660156,21.44610023498535,4.033029079437256,1.665386939967698,3.234673013184057,0.007512954945593209,0.8383066900192495,12.73,1098.6781804477666,-0.6904166666666738,-0.5304166666666738,50000.0,5.0,250000.0,-1726.0416666666845,-1326.0416666666843
2026-01-21,MAPMYINDIA,SHORT,A_MOD_BREAK_C1_LOW,MODERATE,2026-01-21 10:45:00+05:30,2026-01-21 11:00:00+05:30,1318.8361555908202,1325.8314823660999,1307.6436327503727,2026-01-21 11:01:00+05:30,1307.6436327503727,TARGET,3.443333333333365,4.243333333333364,78.93130493164062,12.399812698364258,5.379627227783203,0.6978832795714374,3.6105920377644947,0.009453793656424247,0.7321295739250016,12.73,1325.8314823660999,0.688666666666673,0.8486666666666729,50000.0,5.0,250000.0,1721.6666666666824,2121.6666666666824
2026-01-21,NMDC,SHORT,A_MOD_BREAK_C1_LOW,MODERATE,2026-01-21 10:45:00+05:30,2026-01-21 11:00:00+05:30,75.32999725341797,75.72956011384964,74.6906966767273,2026-01-21 12:05:00+05:30,75.72956011384964,SL,-3.4520833333333387,-2.6520833333333393,37.24345016479492,27.234386444091797,11.998209953308105,1.732987517326538,2.5570811403380818,0.007174084271751205,0.721924568004068,12.73,75.72956011384964,-0.6904166666666678,-0.5304166666666679,50000.0,5.0,250000.0,-1726.0416666666695,-1326.0416666666697
2026-01-21,PGEL,SHORT,A_MOD_BREAK_C1_LOW,MODERATE,2026-01-21 10:45:00+05:30,2026-01-21 11:00:00+05:30,535.4928555908203,538.3331989456833,530.9483062230396,2026-01-21 11:01:00+05:30,530.9483062230396,TARGET,3.4433333333333183,4.243333333333318,46.09547805786133,23.338987350463867,4.538436412811279,1.9091578599271968,3.2951609279334946,0.008112805500466636,0.8855347963551794,12.73,538.3331989456833,0.6886666666666637,0.8486666666666637,50000.0,5.0,250000.0,1721.666666666659,2121.6666666666592
2026-01-21,PRAKASH,SHORT,A_MOD_BREAK_C1_LOW,MODERATE,2026-01-21 10:45:00+05:30,2026-01-21 11:00:00+05:30,117.5499984741211,118.17350325769425,116.55239082040406,2026-01-21 11:15:00+05:30,118.17350325769425,SL,-3.452083333333346,-2.6520833333333456,36.781005859375,22.90968132019043,11.762927055358887,2.086005640953545,2.832672834214347,0.00856537322836064,0.7617150878906249,12.73,118.17350325769425,-0.6904166666666691,-0.5304166666666691,50000.0,5.0,250000.0,-1726.0416666666729,-1326.0416666666727
2026-01-21,RIIL,SHORT,A_MOD_BREAK_C1_LOW,MODERATE,2026-01-21 10:45:00+05:30,2026-01-21 11:00:00+05:30,693.3613,697.0390038954167,687.4769737673333,2026-01-21 11:01:00+05:30,687.4769737673333,TARGET,3.443333333333354,4.243333333333354,76.8956298828125,12.605626106262207,4.761480331420898,2.172923287413789,3.5866193158625195,0.0064663654238177526,0.96,12.73,697.0390038954167,0.6886666666666708,0.8486666666666707,50000.0,5.0,250000.0,1721.666666666677,2121.6666666666765
2026-01-21,SPIC,SHORT,A_MOD_BREAK_C1_LOW,MODERATE,2026-01-21 10:45:00+05:30,2026-01-21 11:00:00+05:30,73.92000122070313,74.31208522717795,73.29266681034343,2026-01-21 11:22:00+05:30,73.29266681034343,TARGET,3.4433333333332894,4.243333333333289,47.174251556396484,15.19755744934082,7.88592529296875,1.7818736199881442,3.2157973819871097,0.0067374404217745805,0.8794416568438725,12.73,74.31208522717795,0.6886666666666579,0.8486666666666578,50000.0,5.0,250000.0,1721.6666666666447,2121.6666666666447
2026-01-21,SURYAROSNI,SHORT,A_MOD_BREAK_C1_LOW,MODERATE,2026-01-21 10:45:00+05:30,2026-01-21 11:00:00+05:30,243.45,244.74129937499998,241.383921,2026-01-21 11:26:00+05:30,241.383921,TARGET,3.4433333333333382,4.243333333333338,67.42396545410156,16.302108764648438,22.46729278564453,1.4376829738139474,2.6500318710389323,0.00925300487090864,0.8615945204174407,12.73,244.74129937499998,0.6886666666666676,0.8486666666666676,50000.0,5.0,250000.0,1721.666666666669,2121.666666666669
2026-01-21,VENKEYS,SHORT,A_MOD_BREAK_C1_LOW,MODERATE,2026-01-21 10:45:00+05:30,2026-01-21 11:00:00+05:30,1446.2107,1453.8816425879168,1433.9371918593336,2026-01-21 12:05:00+05:30,1453.8816425879168,SL,-3.4520833333333343,-2.6520833333333345,44.23323059082031,20.813838958740234,22.2735595703125,1.7149687817977293,2.6902197227223903,0.0052046886250258235,0.8236179956769072,12.73,1453.8816425879168,-0.6904166666666669,-0.5304166666666669,50000.0,5.0,250000.0,-1726.0416666666672,-1326.0416666666672
2026-01-21,VINCOFE,SHORT,A_MOD_BREAK_C1_LOW,MODERATE,2026-01-21 10:45:00+05:30,2026-01-21 11:00:00+05:30,143.9899932861328,144.75374020885465,142.76799820977783,2026-01-21 11:23:00+05:30,142.76799820977783,TARGET,3.443333333333304,4.243333333333304,49.247047424316406,28.81271743774414,41.19011688232422,0.5739469267080123,1.6076250406168813,0.012966777424020998,0.6795276755694923,12.73,144.75374020885465,0.6886666666666608,0.8486666666666608,50000.0,5.0,250000.0,1721.666666666652,2121.666666666652
2026-01-21,WELCORP,SHORT,A_MOD_BREAK_C1_LOW,MODERATE,2026-01-21 10:45:00+05:30,2026-01-21 11:00:00+05:30,741.8516,745.7865045283332,735.5557527546666,2026-01-21 11:38:00+05:30,745.7865045283332,SL,-3.4520833333332956,-2.6520833333332954,37.32004928588867,24.39091682434082,4.789434432983398,1.4101262718153211,2.403727523425805,0.009161214258293639,0.6665728368560113,12.73,745.7865045283332,-0.6904166666666591,-0.5304166666666591,50000.0,5.0,250000.0,-1726.0416666666479,-1326.0416666666476
2026-01-21,LINCOLN,SHORT,A_MOD_BREAK_C1_LOW,MODERATE,2026-01-21 11:00:00+05:30,2026-01-21 11:15:00+05:30,453.95917779541014,456.3670529343,450.1065775731864,2026-01-21 14:52:00+05:30,450.1065775731864,TARGET,3.443333333333334,4.243333333333333,30.68964195251465,29.971416473388672,20.189590454101562,0.9334390503102729,1.9265944965403932,0.005403762885368029,0.4800261879190372,12.73,456.3670529343,0.6886666666666668,0.8486666666666667,50000.0,5.0,250000.0,1721.666666666667,2121.6666666666665
2026-01-21,CSBBANK,SHORT,A_MOD_BREAK_C1_LOW,MODERATE,2026-01-21 11:15:00+05:30,2026-01-21 11:30:00+05:30,467.5564638977051,470.0364613082958,463.58846804075995,2026-01-21 11:31:00+05:30,463.58846804075995,TARGET,3.4433333333332916,4.243333333333291,26.595260620117188,18.383146286010742,4.251228332519531,2.573048004234482,3.1825325781507585,0.011753397244816121,0.6089289093017578,12.73,470.0364613082958,0.6886666666666583,0.8486666666666584,50000.0,5.0,250000.0,1721.6666666666458,2121.666666666646
2026-01-21,LICHSGFIN,SHORT,A_MOD_BREAK_C1_LOW,MODERATE,2026-01-21 14:15:00+05:30,2026-01-21 14:30:00+05:30,512.5474944091796,515.2661317441083,508.19767467329376,2026-01-21 15:01:00+05:30,508.19767467329376,TARGET,3.4433333333333174,4.243333333333316,27.67231559753418,30.828754425048828,9.054003715515137,2.6554329130266674,2.314750692183323,0.0047693057142564775,0.6250847339630126,12.73,515.2661317441083,0.6886666666666634,0.8486666666666633,50000.0,5.0,250000.0,1721.6666666666588,2121.6666666666583
2026-01-22,KEI,SHORT,A_MOD_BREAK_C1_LOW,MODERATE,2026-01-22 10:00:00+05:30,2026-01-22 10:15:00+05:30,3765.2468,3786.8655920433334,3730.6567327306666,2026-01-22 10:23:00+05:30,3786.8655920433334,SL,-3.670833333333361,-2.870833333333361,45.86079788208008,25.97943687438965,10.621853828430176,1.4240522019779163,3.0147436877152654,0.012837422121861938,0.7971211035773365,13.78,3786.8655920433334,-0.7341666666666722,-0.5741666666666723,50000.0,5.0,250000.0,-1835.4166666666804,-1435.4166666666808
2026-01-22,PNBHOUSING,SHORT,A_MOD_BREAK_C1_LOW,MODERATE,2026-01-22 11:45:00+05:30,2026-01-22 12:00:00+05:30,843.3313,848.1734272141668,835.5838964573334,2026-01-22 12:07:00+05:30,848.1734272141668,SL,-3.670833333333409,-2.8708333333334086,45.24723434448242,15.390296936035156,3.09763765335083,1.943038820437335,3.3850322835646685,0.015476821585200917,0.87874030874377,13.78,848.1734272141668,-0.7341666666666817,-0.5741666666666817,50000.0,5.0,250000.0,-1835.4166666667043,-1435.4166666667043
2026-01-22,TITAN,SHORT,A_MOD_BREAK_C1_LOW,MODERATE,2026-01-22 13:15:00+05:30,2026-01-22 13:30:00+05:30,3999.2,4022.1620733333334,3962.4606826666663,2026-01-22 15:16:00+05:30,4022.1620733333334,SL,-3.6708333333333654,-2.8708333333333655,28.790929794311523,22.623008728027344,4.102104663848877,2.805426062122882,3.2880649431395836,0.00409392291476461,0.6418639469146727,13.78,4022.1620733333334,-0.7341666666666731,-0.5741666666666732,50000.0,5.0,250000.0,-1835.4166666666827,-1435.4166666666829
2026-01-23,HGINFRA,SHORT,A_MOD_BREAK_C1_LOW,MODERATE,2026-01-23 10:30:00+05:30,2026-01-23 10:45:00+05:30,626.9745555908203,630.4621015562941,621.394482046062,2026-01-23 10:46:00+05:30,621.394482046062,TARGET,3.6500000000000057,4.450000000000005,25.443788528442383,23.203384399414062,5.85860013961792,1.8704413108739668,3.6525684267944287,0.009437841456529674,0.5689840573295799,13.35,630.4621015562941,0.7300000000000011,0.890000000000001,50000.0,5.0,250000.0,1825.0000000000027,2225.0000000000027
2026-01-23,GULFOILLUB,SHORT,A_MOD_BREAK_C1_LOW,MODERATE,2026-01-23 10:45:00+05:30,2026-01-23 11:00:00+05:30,1082.7834,1088.8063826625,1073.14662774,2026-01-23 12:10:00+05:30,1073.14662774,TARGET,3.65000000000002,4.45000000000002,39.8362922668457,25.748332977294922,9.978001594543457,1.013033732178376,2.3931100178907587,0.004478294763538646,0.6348252871339013,13.35,1088.8063826625,0.730000000000004,0.890000000000004,50000.0,5.0,250000.0,1825.00000000001,2225.00000000001
2026-01-23,INDIGO,SHORT,A_MOD_BREAK_C1_LOW,MODERATE,2026-01-23 11:00:00+05:30,2026-01-23 11:15:00+05:30,4770.0458,4796.5791797625,4727.59239238,2026-01-23 11:33:00+05:30,4796.5791797625,SL,-3.5812499999999856,-2.781249999999986,38.764678955078125,23.957069396972656,31.414867401123047,1.2750354839011804,2.467255100386962,0.007303749272310028,0.6646013940088784,13.35,4796.5791797625,-0.7162499999999972,-0.5562499999999971,50000.0,5.0,250000.0,-1790.624999999993,-1390.6249999999927
2026-01-23,UDS,SHORT,A_MOD_BREAK_C1_LOW,MODERATE,2026-01-23 11:30:00+05:30,2026-01-23 11:45:00+05:30,154.47000427246093,155.32924367122646,153.09522123443602,2026-01-23 12:11:00+05:30,155.32924367122646,SL,-3.581249999999917,-2.7812499999999174,27.936721801757812,30.998889923095703,5.501463890075684,1.5669218597966246,1.866416650341815,0.010264826713523472,0.5465829850078672,13.35,155.32924367122646,-0.7162499999999834,-0.5562499999999835,50000.0,5.0,250000.0,-1790.6249999999584,-1390.6249999999588
2026-01-23,HONAUT,SHORT,A_MOD_BREAK_C1_LOW,MODERATE,2026-01-23 11:45:00+05:30,2026-01-23 12:00:00+05:30,31273.744,31447.704200999997,30995.4076784,2026-01-23 15:30:00+05:30,31400.0,EOD,-2.818562280231002,-2.0185622802310017,46.57981872558594,8.57304573059082,1.0664085149765015,2.9064966619636046,5.0116379227665036,0.005089000665341703,0.908697280883789,13.35,31447.704200999997,-0.5637124560462003,-0.4037124560462004,50000.0,5.0,250000.0,-1409.2811401155009,-1009.2811401155009
2026-01-23,PPLPHARMA,SHORT,A_MOD_BREAK_C1_LOW,MODERATE,2026-01-23 12:15:00+05:30,2026-01-23 12:30:00+05:30,152.37999267578124,153.22760638504025,151.02381074096678,2026-01-23 13:33:00+05:30,151.02381074096678,TARGET,3.6500000000000163,4.450000000000016,28.189083099365234,25.21202278137207,3.58953595161438,2.8332039321490083,2.846109701037084,0.005346016742204931,0.6328362464904784,13.35,153.22760638504025,0.7300000000000033,0.8900000000000032,50000.0,5.0,250000.0,1825.0000000000082,2225.000000000008
2026-01-23,IXIGO,SHORT,A_MOD_BREAK_C1_LOW,MODERATE,2026-01-23 12:45:00+05:30,2026-01-23 13:00:00+05:30,212.95,214.13453437499996,211.054745,2026-01-23 13:01:00+05:30,211.054745,TARGET,3.649999999999981,4.449999999999981,30.77287483215332,22.01399803161621,1.617494821548462,3.645875804749508,2.801972528274915,0.022272339759514346,0.6715931224822997,13.35,214.13453437499996,0.7299999999999962,0.8899999999999961,50000.0,5.0,250000.0,1824.9999999999905,2224.9999999999905
2026-01-23,TATVA,SHORT,A_MOD_BREAK_C1_LOW,MODERATE,2026-01-23 13:00:00+05:30,2026-01-23 13:15:00+05:30,1164.767,1171.2460164375,1154.4005737,2026-01-23 13:18:00+05:30,1154.4005737,TARGET,3.6500000000000243,4.450000000000024,26.914989471435547,17.171098709106445,2.601412296295166,3.442153296401092,4.199020906371578,0.01357980912177949,0.6137248420715331,13.35,1171.2460164375,0.7300000000000049,0.8900000000000049,50000.0,5.0,250000.0,1825.000000000012,2225.0000000000123
2026-01-23,KKCL,SHORT,A_PULLBACK_C2_THEN_BREAK_C2_LOW,MODERATE,2026-01-23 13:00:00+05:30,2026-01-23 13:30:00+05:30,450.80981389770506,453.317443487511,446.7976065540155,2026-01-23 14:05:00+05:30,453.317443487511,SL,-3.5812499999999714,-2.781249999999971,26.832672119140625,25.843740463256836,0.0,2.5768715119808494,3.400108923691116,0.005456130943382923,0.6124900817871093,13.35,453.317443487511,-0.7162499999999943,-0.5562499999999942,50000.0,5.0,250000.0,-1790.624999999986,-1390.6249999999857
2026-01-23,ALKYLAMINE,SHORT,A_MOD_BREAK_C1_LOW,MODERATE,2026-01-23 13:15:00+05:30,2026-01-23 13:30:00+05:30,1565.6868,1574.3959328249998,1551.75218748,2026-01-23 15:30:00+05:30,1556.0,EOD,2.2934667137769664,3.0934667137769662,27.693498611450195,28.072927474975586,2.059168815612793,3.3579638408540107,3.0243376901725965,0.0033616218834849002,0.625402479171753,13.35,1574.3959328249998,0.45869334275539325,0.6186933427553932,50000.0,5.0,250000.0,1146.7333568884833,1546.733356888483
2026-01-23,ADANIGREEN,SHORT,A_MOD_BREAK_C1_LOW,MODERATE,2026-01-23 13:30:00+05:30,2026-01-23 13:45:00+05:30,813.7372444091797,818.2636578312056,806.494982933938,2026-01-23 13:46:00+05:30,806.494982933938,TARGET,3.6499999999999777,4.449999999999977,44.88121032714844,10.451409339904785,2.635077714920044,2.7791967580813983,6.266950708324742,0.009871529205082535,0.8832181549072264,13.35,818.2636578312056,0.7299999999999955,0.8899999999999955,50000.0,5.0,250000.0,1824.9999999999889,2224.9999999999886
2026-01-23,IOLCP,SHORT,A_MOD_BREAK_C1_LOW,MODERATE,2026-01-23 13:30:00+05:30,2026-01-23 13:45:00+05:30,69.95,70.339096875,69.327445,2026-01-23 14:55:00+05:30,69.327445,TARGET,3.6500000000000385,4.450000000000039,30.00650405883789,29.48611831665039,8.805685997009277,3.6654878223623513,2.435157594325765,0.005185724772886497,0.6600975608825683,13.35,70.339096875,0.7300000000000078,0.8900000000000078,50000.0,5.0,250000.0,1825.0000000000193,2225.0000000000196
2026-01-23,MANINDS,SHORT,A_MOD_BREAK_C1_LOW,MODERATE,2026-01-23 13:30:00+05:30,2026-01-23 13:45:00+05:30,309.4381,311.15934943125,306.68410091000004,2026-01-23 13:47:00+05:30,306.68410091000004,TARGET,3.6499999999999666,4.449999999999966,39.09611892700195,19.44685935974121,4.5245232582092285,4.325342528499698,4.462185176718932,0.006392809416442773,0.7964417839050293,13.35,311.15934943125,0.7299999999999933,0.8899999999999932,50000.0,5.0,250000.0,1824.9999999999834,2224.999999999983
2026-01-23,CGPOWER,SHORT,A_MOD_BREAK_C1_LOW,MODERATE,2026-01-23 13:45:00+05:30,2026-01-23 14:00:00+05:30,551.13975,554.205464859375,546.234606225,2026-01-23 15:30:00+05:30,551.0,EOD,-0.6732172738402109,0.12678272615978897,34.08041000366211,22.295557022094727,5.786009788513184,3.8592783855773773,3.922782345867665,0.003956763612499911,0.7212061500549316,13.35,554.205464859375,-0.13464345476804218,0.025356545231957794,50000.0,5.0,250000.0,-336.6086369201054,63.39136307989448
2026-01-23,DREDGECORP,SHORT,A_MOD_BREAK_C1_LOW,MODERATE,2026-01-23 13:45:00+05:30,2026-01-23 14:00:00+05:30,947.8603777954102,953.132851146897,939.424420433031,2026-01-23 14:40:00+05:30,953.132851146897,SL,-3.5812499999999305,-2.7812499999999307,25.158538818359375,24.43648910522461,1.2556078433990479,4.584785868201337,3.7019879764777746,0.008057903274646746,0.5873780822753907,13.35,953.132851146897,-0.7162499999999861,-0.5562499999999861,50000.0,5.0,250000.0,-1790.6249999999652,-1390.6249999999654
2026-01-23,SPENCERS,SHORT,A_MOD_BREAK_C1_LOW,MODERATE,2026-01-23 13:45:00+05:30,2026-01-23 14:00:00+05:30,33.49999923706055,33.6863429828167,33.20184924385071,2026-01-23 14:01:00+05:30,33.20184924385071,TARGET,3.650000000000019,4.450000000000019,26.99367904663086,23.103729248046875,7.655188083648682,4.40238253570216,5.418680081927107,0.00534384122442234,0.614905185699463,13.35,33.6863429828167,0.7300000000000038,0.8900000000000038,50000.0,5.0,250000.0,1825.0000000000093,2225.0000000000095
2026-01-23,TIRUMALCHM,SHORT,A_MOD_BREAK_C1_LOW,MODERATE,2026-01-23 13:45:00+05:30,2026-01-23 14:00:00+05:30,188.94000549316405,189.99098427371976,187.2584394442749,2026-01-23 14:08:00+05:30,187.2584394442749,TARGET,3.64999999999998,4.44999999999998,26.66484260559082,20.0792236328125,4.856052398681641,4.062030206087289,4.0614552494475085,0.005545652285182795,0.6099726390838622,13.35,189.99098427371976,0.729999999999996,0.889999999999996,50000.0,5.0,250000.0,1824.99999999999,2224.99999999999
2026-01-23,KAYNES,SHORT,A_PULLBACK_C2_THEN_BREAK_C2_LOW,MODERATE,2026-01-23 13:45:00+05:30,2026-01-23 14:15:00+05:30,3411.8175,3430.79573484375,3381.45232425,2026-01-23 15:07:00+05:30,3381.45232425,TARGET,3.6500000000000234,4.450000000000023,29.014387130737305,26.238929748535156,6.636756896972656,3.8577897939196615,3.0257313215964015,0.005301288469811345,0.6452158069610596,13.35,3430.79573484375,0.7300000000000046,0.8900000000000047,50000.0,5.0,250000.0,1825.0000000000116,2225.000000000012
2026-01-23,NMDC,SHORT,A_MOD_BREAK_C1_LOW,MODERATE,2026-01-23 14:00:00+05:30,2026-01-23 14:15:00+05:30,74.25000305175782,74.6630186937332,73.58917802459717,2026-01-23 15:30:00+05:30,73.83000183105469,EOD,2.02829093226,2.82829093226,45.176666259765625,26.354799270629883,3.2218611240386963,3.751798471880646,3.080182964519718,0.0041524811190189696,0.8876499938964844,13.35,74.6630186937332,0.40565818645199997,0.565658186452,50000.0,5.0,250000.0,1014.1454661299999,1414.14546613
2026-01-27,DEEPAKNTR,SHORT,A_MOD_BREAK_C1_LOW,MODERATE,2026-01-27 10:30:00+05:30,2026-01-27 10:45:00+05:30,1535.6928,1544.77258368,1521.165146112,2026-01-27 11:39:00+05:30,1544.77258368,SL,-3.7562499999999965,-2.956249999999997,34.328460693359375,19.724843978881836,25.26239776611328,1.1283340969938664,2.839672806496106,0.006426708772778511,0.5723853773743173,14.19,1544.77258368,-0.7512499999999993,-0.5912499999999994,50000.0,5.0,250000.0,-1878.1249999999982,-1478.1249999999986
2026-01-27,MANGLMCEM,SHORT,A_MOD_BREAK_C1_LOW,MODERATE,2026-01-27 10:30:00+05:30,2026-01-27 10:45:00+05:30,734.853,739.1978183624999,727.9012906199999,2026-01-27 10:51:00+05:30,727.9012906199999,TARGET,3.9300000000000077,4.7300000000000075,29.025543212890625,44.47858428955078,61.9573974609375,0.4130129816508387,0.637654751271831,0.008794437656421,0.2995431575458477,14.19,739.1978183624999,0.7860000000000016,0.9460000000000015,50000.0,5.0,250000.0,1965.000000000004,2365.0000000000036
2026-01-27,RPTECH,SHORT,A_MOD_BREAK_C1_LOW,MODERATE,2026-01-27 10:30:00+05:30,2026-01-27 10:45:00+05:30,328.9841777954102,330.92929674662554,325.8719874734656,2026-01-27 10:48:00+05:30,325.8719874734656,TARGET,3.9300000000000015,4.730000000000001,52.84355926513672,23.49030303955078,28.28826904296875,1.4371515505099333,2.765498169081733,0.010406968059272924,0.8615015213392383,14.19,330.92929674662554,0.7860000000000003,0.9460000000000003,50000.0,5.0,250000.0,1965.0000000000007,2365.000000000001
2026-01-27,SYMPHONY,SHORT,A_MOD_BREAK_C1_LOW,MODERATE,2026-01-27 10:30:00+05:30,2026-01-27 10:45:00+05:30,824.835,829.7118369375,817.0320609,2026-01-27 15:27:00+05:30,829.7118369375,SL,-3.756250000000001,-2.9562500000000007,33.41478729248047,16.558998107910156,6.270013332366943,1.602407250455061,3.716507619974479,0.00580600274107371,0.6416430782168427,14.19,829.7118369375,-0.7512500000000002,-0.5912500000000002,50000.0,5.0,250000.0,-1878.1250000000005,-1478.1250000000005
2026-01-27,TARC,SHORT,A_MOD_BREAK_C1_LOW,MODERATE,2026-01-27 10:30:00+05:30,2026-01-27 10:45:00+05:30,150.7500030517578,151.64131244480131,149.32390802288816,2026-01-27 10:58:00+05:30,149.32390802288816,TARGET,3.9300000000000344,4.730000000000035,31.62028694152832,18.003807067871094,16.92255210876465,1.345335224111128,2.721242390847312,0.010733233463565948,0.5697379683423722,14.19,151.64131244480131,0.7860000000000069,0.946000000000007,50000.0,5.0,250000.0,1965.000000000017,2365.0000000000173
2026-01-27,ADFFOODS,SHORT,A_MOD_BREAK_C1_LOW,MODERATE,2026-01-27 10:45:00+05:30,2026-01-27 11:00:00+05:30,172.47000427246093,173.48973317272186,170.83843803204343,2026-01-27 11:44:00+05:30,173.48973317272186,SL,-3.756250000000012,-2.9562500000000123,50.918418884277344,24.721508026123047,21.952892303466797,1.0225746740661756,2.650654891976961,0.007970096445813124,0.7889505679615807,14.19,173.48973317272186,-0.7512500000000024,-0.5912500000000025,50000.0,5.0,250000.0,-1878.1250000000061,-1478.1250000000064
2026-01-27,ADSL,SHORT,A_MOD_BREAK_C1_LOW,MODERATE,2026-01-27 10:45:00+05:30,2026-01-27 11:00:00+05:30,116.46999664306641,117.15862549821854,115.368190474823,2026-01-27 11:06:00+05:30,117.15862549821854,SL,-3.7562500000000068,-2.956250000000007,40.64200210571289,21.567886352539062,23.91699981689453,1.2434062428849584,2.31453613489741,0.01004933705947535,0.687226124090561,14.19,117.15862549821854,-0.7512500000000013,-0.5912500000000014,50000.0,5.0,250000.0,-1878.1250000000032,-1478.1250000000036
2026-01-27,AIIL,SHORT,A_MOD_BREAK_C1_LOW,MODERATE,2026-01-27 10:45:00+05:30,2026-01-27 11:00:00+05:30,500.8998,503.86137006750005,496.161287892,2026-01-27 11:39:00+05:30,503.86137006750005,SL,-3.75625000000002,-2.95625000000002,44.014060974121094,16.049362182617188,7.3011016845703125,1.642156566503027,3.337390556380584,0.011985325845005569,0.8075883137498461,14.19,503.86137006750005,-0.751250000000004,-0.5912500000000039,50000.0,5.0,250000.0,-1878.12500000001,-1478.1250000000098
2026-01-27,DBCORP,SHORT,A_MOD_BREAK_C1_LOW,MODERATE,2026-01-27 10:45:00+05:30,2026-01-27 11:00:00+05:30,240.8000061035156,242.22373613960264,238.52203804577636,2026-01-27 11:07:00+05:30,242.22373613960264,SL,-3.7562499999999712,-2.956249999999971,27.946914672851562,18.638593673706055,2.8052780628204346,1.1855530995801677,3.534188008130295,0.00940628811137207,0.4866755125193028,14.19,242.22373613960264,-0.7512499999999942,-0.5912499999999942,50000.0,5.0,250000.0,-1878.1249999999854,-1478.1249999999854
2026-01-27,DIXON,SHORT,A_MOD_BREAK_C1_LOW,MODERATE,2026-01-27 10:45:00+05:30,2026-01-27 11:00:00+05:30,10068.9858,10128.5186785425,9973.733194332,2026-01-27 11:45:00+05:30,10128.5186785425,SL,-3.756249999999951,-2.956249999999951,34.56865310668945,25.39445686340332,15.6027193069458,1.3530066839350527,2.8680070324578737,0.007819145811413337,0.6153059662889759,14.19,10128.5186785425,-0.7512499999999902,-0.5912499999999902,50000.0,5.0,250000.0,-1878.1249999999754,-1478.1249999999754
2026-01-27,GMRAIRPORT,SHORT,A_MOD_BREAK_C1_LOW,MODERATE,2026-01-27 10:45:00+05:30,2026-01-27 11:00:00+05:30,89.56000061035157,90.08952411396027,88.71276300457764,2026-01-27 12:43:00+05:30,90.08952411396027,SL,-3.756249999999983,-2.956249999999984,61.74748229980469,15.82415771484375,6.536163806915283,1.38048402258814,3.5115979759613976,0.006658589838544895,0.8515847039529245,14.19,90.08952411396027,-0.7512499999999966,-0.5912499999999967,50000.0,5.0,250000.0,-1878.1249999999916,-1478.1249999999918
2026-01-27,IBULLSLTD,SHORT,A_MOD_BREAK_C1_LOW,MODERATE,2026-01-27 10:45:00+05:30,2026-01-27 11:00:00+05:30,11.059999656677245,11.12539190464735,10.955372059925079,2026-01-27 11:09:00+05:30,11.12539190464735,SL,-3.756249999999995,-2.956249999999996,41.41151428222656,31.693527221679688,18.90838623046875,0.8020577359164957,2.0080898664291404,0.015687280417769452,0.6215328180187851,14.19,11.12539190464735,-0.7512499999999991,-0.5912499999999992,50000.0,5.0,250000.0,-1878.1249999999977,-1478.124999999998
2026-01-27,SIGACHI,SHORT,A_MOD_BREAK_C1_LOW,MODERATE,2026-01-27 10:45:00+05:30,2026-01-27 11:00:00+05:30,20.490000915527343,20.6111480459404,20.296165506866455,2026-01-27 11:01:00+05:30,20.296165506866455,TARGET,3.929999999999989,4.729999999999989,31.641281127929688,15.9815092086792,4.471495628356934,1.5342545185179635,3.969139843799515,0.01729396181656582,0.6031137576595889,14.19,20.6111480459404,0.7859999999999978,0.9459999999999978,50000.0,5.0,250000.0,1964.9999999999945,2364.9999999999945
2026-01-27,SUPRIYA,SHORT,A_MOD_BREAK_C1_LOW,MODERATE,2026-01-27 10:45:00+05:30,2026-01-27 11:00:00+05:30,698.8602,702.9922109324999,692.2489825079999,2026-01-27 12:18:00+05:30,692.2489825079999,TARGET,3.930000000000027,4.730000000000027,47.50407409667969,12.859190940856934,10.511780738830566,1.5892573959781997,3.200740776280105,0.008762073352382129,0.8506811557463803,14.19,702.9922109324999,0.7860000000000054,0.9460000000000054,50000.0,5.0,250000.0,1965.0000000000136,2365.000000000013
2026-01-27,TALBROAUTO,SHORT,A_MOD_BREAK_C1_LOW,MODERATE,2026-01-27 10:45:00+05:30,2026-01-27 11:00:00+05:30,235.5000030517578,236.89239681980132,233.27217302288815,2026-01-27 11:10:00+05:30,233.27217302288815,TARGET,3.930000000000039,4.730000000000039,26.552623748779297,27.313743591308594,3.4840643405914307,1.2171233800751258,2.6688808788719216,0.01050463684178566,0.4712859477448365,14.19,236.89239681980132,0.7860000000000078,0.9460000000000077,50000.0,5.0,250000.0,1965.0000000000198,2365.0000000000196
2026-01-27,WINDLAS,SHORT,A_MOD_BREAK_C1_LOW,MODERATE,2026-01-27 10:45:00+05:30,2026-01-27 11:00:00+05:30,770.3459,774.90057013375,763.058427786,2026-01-27 11:38:00+05:30,774.90057013375,SL,-3.756249999999959,-2.956249999999959,32.45335006713867,27.416542053222656,15.494196891784668,1.2081959291733195,2.5779291965992814,0.006702516544646524,0.558234538612411,14.19,774.90057013375,-0.7512499999999918,-0.5912499999999918,50000.0,5.0,250000.0,-1878.1249999999793,-1478.1249999999798
2026-01-27,BIOCON,SHORT,A_MOD_BREAK_C1_LOW,MODERATE,2026-01-27 11:00:00+05:30,2026-01-27 11:15:00+05:30,363.4273,365.57606391125,359.989277742,2026-01-27 13:43:00+05:30,359.989277742,TARGET,3.9299999999999855,4.729999999999986,25.92939567565918,30.37565803527832,21.06787109375,1.5359560853895255,1.8033072484521573,0.006079245089388854,0.5078986125006626,14.19,365.57606391125,0.7859999999999971,0.9459999999999972,50000.0,5.0,250000.0,1964.9999999999927,2364.999999999993
2026-01-27,FILATEX,SHORT,A_PULLBACK_C2_THEN_BREAK_C2_LOW,MODERATE,2026-01-27 11:00:00+05:30,2026-01-27 11:30:00+05:30,41.10999984741211,41.353062721509936,40.721099248855595,2026-01-27 11:38:00+05:30,41.353062721509936,SL,-3.7562499999999934,-2.956249999999993,40.773860931396484,24.3149471282959,2.83798885345459,1.559336410570314,2.761664962790295,0.01028085343525982,0.7444917858207523,14.19,41.353062721509936,-0.7512499999999986,-0.5912499999999986,50000.0,5.0,250000.0,-1878.1249999999966,-1478.1249999999966
2026-01-27,ANTELOPUS,LONG,B_HUGE_GREEN_PULLBACK_HOLD_THEN_BREAK,HUGE,2026-01-27 10:00:00+05:30,2026-01-27 11:45:00+05:30,580.116,576.68606415,586.9758717,2026-01-27 11:56:00+05:30,586.9758717,TARGET,5.112499999999987,5.912499999999987,40.62824249267578,81.363525390625,84.59254455566406,1.1300077295678235,3.5627823027160432,0.027975141059325744,6.549293131570238,14.19,576.68606415,1.0224999999999975,1.1824999999999974,100000.0,5.0,500000.0,5112.499999999987,5912.499999999987
2026-01-27,NAM-INDIA,SHORT,A_MOD_BREAK_C1_LOW,MODERATE,2026-01-27 12:00:00+05:30,2026-01-27 12:15:00+05:30,804.3391,809.09475492875,796.730052114,2026-01-27 15:06:00+05:30,796.730052114,TARGET,3.92999999999999,4.729999999999991,48.524192810058594,23.85576629638672,24.053674697875977,1.2529632004153861,2.031722334526437,0.00817760357890915,0.8071314522235715,14.19,809.09475492875,0.785999999999998,0.9459999999999981,50000.0,5.0,250000.0,1964.999999999995,2364.999999999995
2026-01-27,BAJAJFINSV,SHORT,A_MOD_BREAK_C1_LOW,MODERATE,2026-01-27 14:00:00+05:30,2026-01-27 14:15:00+05:30,1907.0185444091796,1918.293791552999,1888.9781489790687,2026-01-27 15:13:00+05:30,1918.293791552999,SL,-3.7562500000000174,-2.956250000000018,28.551368713378906,20.98768424987793,4.527756690979004,3.059184799377397,3.6777980685932574,0.0040541514886455925,0.6382705307006835,14.19,1918.293791552999,-0.7512500000000035,-0.5912500000000036,50000.0,5.0,250000.0,-1878.1250000000089,-1478.1250000000089
2026-01-28,MARICO,SHORT,A_MOD_BREAK_C1_LOW,MODERATE,2026-01-28 10:30:00+05:30,2026-01-28 10:45:00+05:30,726.10475,730.4765056822916,719.1099409083332,2026-01-28 11:05:00+05:30,730.4765056822916,SL,-3.810416666666674,-3.010416666666674,27.708559036254883,22.310441970825195,15.415364265441895,2.452241376652705,2.6693004336639823,0.007256348292144924,0.6256283855438232,14.45,730.4765056822916,-0.7620833333333348,-0.6020833333333349,50000.0,5.0,250000.0,-1905.208333333337,-1505.2083333333371
2026-01-28,MOIL,LONG,B_HUGE_GREEN_PULLBACK_HOLD_THEN_BREAK,HUGE,2026-01-28 10:45:00+05:30,2026-01-28 11:45:00+05:30,367.37344779052734,365.1615534902885,371.79723639100496,2026-01-28 12:40:00+05:30,365.1615534902885,SL,-3.810416666666719,-3.01041666666672,34.27532958984375,82.55342102050781,94.52362060546875,1.9250422001931635,4.677761116519077,0.008020187625859416,8.788441479247838,14.45,365.1615534902885,-0.7620833333333439,-0.602083333333344,100000.0,5.0,500000.0,-3810.4166666667193,-3010.4166666667197
2026-01-28,GRAPHITE,LONG,B_HUGE_GREEN_PULLBACK_HOLD_THEN_BREAK,HUGE,2026-01-28 11:00:00+05:30,2026-01-28 12:00:00+05:30,642.1284,638.262251925,649.8606961500001,2026-01-28 12:22:00+05:30,649.8606961500001,TARGET,5.220833333333353,6.020833333333352,32.30377197265625,69.61346435546875,77.45323944091797,1.8122693320369412,2.8458472160409927,0.00680935200519161,6.5448320625857175,14.45,638.262251925,1.0441666666666705,1.2041666666666704,100000.0,5.0,500000.0,5220.833333333352,6020.833333333352
2026-01-28,ADVENZYMES,LONG,B_HUGE_GREEN_PULLBACK_HOLD_THEN_BREAK,HUGE,2026-01-28 11:30:00+05:30,2026-01-28 12:45:00+05:30,278.4056761047363,276.7294419298557,281.75814445449754,2026-01-28 12:47:00+05:30,281.75814445449754,TARGET,5.220833333333403,6.020833333333403,34.65671157836914,77.70562744140625,90.4049301147461,1.7816043883673138,3.556262810993367,0.008227913924881494,7.291042738346212,14.45,276.7294419298557,1.0441666666666807,1.2041666666666806,100000.0,5.0,500000.0,5220.833333333404,6020.833333333403
2026-01-28,GOCLCORP,LONG,B_HUGE_GREEN_PULLBACK_HOLD_THEN_BREAK,HUGE,2026-01-28 12:00:00+05:30,2026-01-28 13:15:00+05:30,262.45247389526367,260.87229129201927,265.61283910175246,2026-01-28 15:30:00+05:30,264.0,EOD,2.148202548385775,2.948202548385775,39.78275680541992,76.39352416992188,82.16991424560547,2.6171002426920893,2.521055331746579,0.010406990124208294,7.58159032567074,14.45,260.87229129201927,0.429640509677155,0.589640509677155,100000.0,5.0,500000.0,2148.2025483857747,2948.2025483857747
2026-01-28,RANEHOLDIN,LONG,B_HUGE_GREEN_PULLBACK_HOLD_THEN_BREAK,HUGE,2026-01-28 12:30:00+05:30,2026-01-28 13:45:00+05:30,1259.6519044189454,1252.067750244423,1274.8202127679904,2026-01-28 15:00:00+05:30,1252.067750244423,SL,-3.8104166666666597,-3.0104166666666594,47.51874542236328,72.84940338134766,81.54666900634766,2.99522872870455,2.598307710836467,0.009692456586589578,8.154770923876352,14.45,1252.067750244423,-0.7620833333333319,-0.6020833333333319,100000.0,5.0,500000.0,-3810.4166666666592,-3010.4166666666597
2026-01-28,DBCORP,SHORT,A_MOD_BREAK_C1_LOW,MODERATE,2026-01-28 13:30:00+05:30,2026-01-28 13:45:00+05:30,242.34999389648436,243.80914281806946,240.01535562194823,2026-01-28 15:30:00+05:30,240.85000610351562,EOD,2.2946726444099537,3.094672644409954,26.427005767822266,46.981990814208984,25.33332061767578,0.8905824268759095,0.28160974755152673,0.005569300776045413,0.3263374985981945,14.45,243.80914281806946,0.45893452888199077,0.6189345288819907,50000.0,5.0,250000.0,1147.336322204977,1547.336322204977
2026-01-29,SFL,SHORT,A_MOD_BREAK_C1_LOW,MODERATE,2026-01-29 10:00:00+05:30,2026-01-29 10:15:00+05:30,502.3995,505.23177718125,497.86785650999997,2026-01-29 10:19:00+05:30,505.23177718125,SL,-3.6187499999999915,-2.818749999999992,32.037811279296875,23.752443313598633,24.921512603759766,1.4305425919072277,3.9023100973428813,0.008197544100689083,0.5909121227732179,13.53,505.23177718125,-0.7237499999999983,-0.5637499999999984,50000.0,5.0,250000.0,-1809.374999999996,-1409.3749999999961
2026-01-29,ALLDIGI,LONG,A_MOD_BREAK_C1_HIGH,MODERATE,2026-01-29 10:15:00+05:30,2026-01-29 10:30:00+05:30,853.2205977905273,848.4105666704833,862.8406600306155,2026-01-29 10:31:00+05:30,862.8406600306155,TARGET,4.837499999999971,5.637499999999971,28.090984344482422,72.66834259033203,92.87830352783203,1.9717885713610064,3.0666000654867025,0.010033584455239476,6.502077171152452,13.53,848.4105666704833,0.9674999999999943,1.1274999999999942,100000.0,5.0,500000.0,4837.499999999971,5637.499999999971
2026-01-29,NEWGEN,SHORT,A_MOD_BREAK_C1_LOW,MODERATE,2026-01-29 10:15:00+05:30,2026-01-29 10:30:00+05:30,584.8330222045898,588.1300183672682,579.5578283443044,2026-01-29 12:28:00+05:30,579.5578283443044,TARGET,3.710000000000011,4.5100000000000104,38.24720764160156,17.671754837036133,2.502439498901367,2.4258126032412926,3.339289879354937,0.005518912957555217,0.7837081146240235,13.53,588.1300183672682,0.7420000000000022,0.9020000000000021,50000.0,5.0,250000.0,1855.0000000000055,2255.0000000000055
2026-01-29,DREDGECORP,LONG,B_HUGE_GREEN_PULLBACK_HOLD_THEN_BREAK,HUGE,2026-01-29 11:30:00+05:30,2026-01-29 12:30:00+05:30,1103.6207044189453,1097.3990426977834,1116.0640278612689,2026-01-29 12:31:00+05:30,1116.0640278612689,TARGET,4.837500000000005,5.637500000000005,42.6312255859375,75.7920150756836,81.2550048828125,2.834373272322873,2.8677413595536487,0.010167702008538842,8.184929997584662,13.53,1097.3990426977834,0.9675000000000009,1.1275000000000008,100000.0,5.0,500000.0,4837.500000000005,5637.500000000005
2026-01-29,ABB,LONG,B_HUGE_GREEN_PULLBACK_HOLD_THEN_BREAK,HUGE,2026-01-29 11:45:00+05:30,2026-01-29 12:45:00+05:30,5534.6067,5503.40535472875,5597.0093905425,2026-01-29 12:54:00+05:30,5503.40535472875,SL,-3.618749999999993,-2.8187499999999925,57.29492950439453,87.43741607666016,81.8754653930664,1.7911095196755185,6.556621056624373,0.011114728678978891,10.754577304554651,13.53,5503.40535472875,-0.7237499999999986,-0.5637499999999985,100000.0,5.0,500000.0,-3618.7499999999927,-2818.7499999999927
2026-01-29,GRAVITA,LONG,B_HUGE_GREEN_PULLBACK_HOLD_THEN_BREAK,HUGE,2026-01-29 12:30:00+05:30,2026-01-29 14:00:00+05:30,1594.5187911621094,1585.529691476933,1612.4969905324622,2026-01-29 14:44:00+05:30,1612.4969905324622,TARGET,4.837499999999987,5.637499999999987,38.79933166503906,75.45443725585938,76.74296569824219,3.213383924645445,2.914892348064651,0.007118015247095321,8.53795124207899,13.53,1585.529691476933,0.9674999999999974,1.1274999999999973,100000.0,5.0,500000.0,4837.499999999986,5637.499999999986
2026-01-30,KRBL,LONG,B_HUGE_GREEN_PULLBACK_HOLD_THEN_BREAK,HUGE,2026-01-30 10:00:00+05:30,2026-01-30 11:00:00+05:30,338.36764779052737,336.4826580192943,342.1376273329935,2026-01-30 13:56:00+05:30,342.1376273329935,TARGET,4.770833333333301,5.570833333333301,29.687795639038086,74.57539367675781,76.47134399414062,1.9955888266019417,3.6048066960020453,0.00676062811350701,7.712291420159513,13.37,336.4826580192943,0.9541666666666602,1.11416666666666,100000.0,5.0,500000.0,4770.8333333333,5570.8333333333
2026-01-30,SSWL,LONG,B_HUGE_GREEN_PULLBACK_HOLD_THEN_BREAK,HUGE,2026-01-30 10:00:00+05:30,2026-01-30 11:00:00+05:30,200.79000549316407,199.6714378375626,203.02714080436706,2026-01-30 11:09:00+05:30,203.02714080436706,TARGET,4.770833333333303,5.570833333333303,43.29778289794922,81.49124908447266,85.02615356445312,1.5296162100844817,3.3993772632910697,0.011320907653937213,7.4159435149315005,13.37,199.6714378375626,0.9541666666666606,1.1141666666666605,100000.0,5.0,500000.0,4770.833333333303,5570.833333333303
2026-01-30,HUDCO,SHORT,A_MOD_BREAK_C1_LOW,MODERATE,2026-01-30 12:45:00+05:30,2026-01-30 13:00:00+05:30,190.95999450683593,192.02380080956775,189.257904422465,2026-01-30 13:12:00+05:30,189.257904422465,TARGET,3.656666666666646,4.456666666666646,47.81159591674805,22.732501983642578,6.890752792358398,1.3262431666035779,2.3223036460994475,0.009832537613290053,0.8092664929068467,13.37,192.02380080956775,0.7313333333333292,0.8913333333333291,50000.0,5.0,250000.0,1828.3333333333228,2228.3333333333226
2026-01-30,AADHARHFC,LONG,B_HUGE_GREEN_PULLBACK_HOLD_THEN_BREAK,HUGE,2026-01-30 11:30:00+05:30,2026-01-30 14:15:00+05:30,488.7477238952637,486.0249917833972,494.1931881189967,2026-01-30 14:29:00+05:30,486.0249917833972,SL,-3.5854166666666263,-2.7854166666666265,27.43460464477539,77.60567474365234,91.37825012207031,2.9920218051862886,3.3018833243771684,0.004892372203205009,8.638769068401063,13.37,486.0249917833972,-0.7170833333333253,-0.5570833333333253,100000.0,5.0,500000.0,-3585.4166666666265,-2785.416666666626
2026-02-01,HIMATSEIDE,LONG,B_HUGE_GREEN_PULLBACK_HOLD_THEN_BREAK,HUGE,2026-02-01 10:00:00+05:30,2026-02-01 11:30:00+05:30,107.31000213623047,106.70057074909846,108.52886491049449,2026-02-01 11:36:00+05:30,106.70057074909846,SL,-3.6395833333333174,-2.839583333333317,29.751293182373047,72.6303939819336,81.79142761230469,1.079622837940813,3.1893514122757916,0.009245644662981835,5.914517472727539,13.63,106.70057074909846,-0.7279166666666634,-0.5679166666666634,100000.0,5.0,500000.0,-3639.583333333317,-2839.583333333317
2026-02-01,INDIANB,SHORT,A_MOD_BREAK_C1_LOW,MODERATE,2026-02-01 12:00:00+05:30,2026-02-01 12:15:00+05:30,878.0243722045899,883.0108189517351,870.0460574091575,2026-02-01 12:19:00+05:30,870.0460574091575,TARGET,3.743333333333363,4.543333333333362,33.16893005371094,27.238954544067383,21.921733856201172,1.8779900870593562,2.700202159740914,0.00890774807768942,0.6861822160410513,13.63,883.0108189517351,0.7486666666666726,0.9086666666666725,50000.0,5.0,250000.0,1871.6666666666813,2271.6666666666815
2026-02-01,BANKINDIA,SHORT,A_MOD_BREAK_C1_LOW,MODERATE,2026-02-01 12:15:00+05:30,2026-02-01 12:30:00+05:30,154.27000732421874,155.14613240748088,152.86820719099933,2026-02-01 12:31:00+05:30,152.86820719099933,TARGET,3.7433333333333643,4.543333333333363,38.57444381713867,20.240110397338867,7.18445348739624,2.100699118323677,3.317930776998337,0.011445579667822135,0.7886166572570801,13.63,155.14613240748088,0.7486666666666728,0.9086666666666727,50000.0,5.0,250000.0,1871.666666666682,2271.666666666682
2026-02-01,GABRIEL,SHORT,A_MOD_BREAK_C1_LOW,MODERATE,2026-02-01 14:15:00+05:30,2026-02-01 14:30:00+05:30,900.56985,905.684336273125,892.3866719629999,2026-02-01 15:01:00+05:30,905.684336273125,SL,-3.6395833333333707,-2.8395833333333704,28.267126083374023,32.94293212890625,11.104958534240723,2.5558092626509685,2.2018921381832475,0.008471557542879801,0.6340068912506103,13.63,905.684336273125,-0.7279166666666741,-0.5679166666666741,50000.0,5.0,250000.0,-1819.7916666666852,-1419.7916666666852
2026-02-02,IEX,SHORT,A_MOD_BREAK_C1_LOW,MODERATE,2026-02-02 10:00:00+05:30,2026-02-02 10:15:00+05:30,121.7999984741211,122.56632346452076,120.57387848948161,2026-02-02 10:16:00+05:30,120.57387848948161,TARGET,4.2333333333333165,5.033333333333316,40.0098762512207,23.506929397583008,10.963611602783203,1.0615183844393346,3.1888466276066256,0.007409959448117115,0.645913861045194,15.1,122.56632346452076,0.8466666666666633,1.0066666666666633,50000.0,5.0,250000.0,2116.6666666666583,2516.6666666666583
2026-02-02,PRECAM,SHORT,A_PULLBACK_C2_THEN_BREAK_C2_LOW,MODERATE,2026-02-02 10:00:00+05:30,2026-02-02 10:30:00+05:30,141.0000030517578,141.88712807095843,139.58060302103678,2026-02-02 10:45:00+05:30,139.58060302103678,TARGET,4.233333333333309,5.033333333333308,25.695676803588867,25.51032829284668,0.653106153011322,0.9234361347405226,3.325882680820818,0.008821599641675393,0.40703647563342443,15.1,141.88712807095843,0.8466666666666618,1.0066666666666617,50000.0,5.0,250000.0,2116.6666666666542,2516.6666666666547
2026-02-02,HERITGFOOD,SHORT,A_MOD_BREAK_C1_LOW,MODERATE,2026-02-02 10:30:00+05:30,2026-02-02 10:45:00+05:30,347.4305,349.6164168958333,343.93303296666664,2026-02-02 14:42:00+05:30,343.93303296666664,TARGET,4.233333333333359,5.033333333333358,44.848087310791016,21.872934341430664,1.9940143823623657,1.5766642550546108,3.278133816023352,0.005383859063575682,0.8086375542964221,15.1,349.6164168958333,0.8466666666666718,1.0066666666666717,50000.0,5.0,250000.0,2116.6666666666792,2516.6666666666792
2026-02-02,HUDCO,SHORT,A_MOD_BREAK_C1_LOW,MODERATE,2026-02-02 10:30:00+05:30,2026-02-02 10:45:00+05:30,184.14999694824218,185.3086073457082,182.29622031229653,2026-02-02 10:57:00+05:30,182.29622031229653,TARGET,4.233333333333365,5.033333333333365,29.559093475341797,26.424968719482422,3.0698511600494385,1.0871570719733457,2.8514117922190603,0.012210349703829454,0.4936388897254624,15.1,185.3086073457082,0.8466666666666731,1.006666666666673,50000.0,5.0,250000.0,2116.666666666683,2516.666666666683
2026-02-02,TOLINS,SHORT,A_PULLBACK_C2_THEN_BREAK_C2_LOW,MODERATE,2026-02-02 10:30:00+05:30,2026-02-02 11:00:00+05:30,116.50000305175782,117.23298223762511,115.32723635437011,2026-02-02 11:02:00+05:30,115.32723635437011,TARGET,4.2333333333333565,5.033333333333356,38.305572509765625,27.84463119506836,7.587239742279053,1.1910984541725067,2.5295297192469115,0.007930394455561053,0.643025817126673,15.1,117.23298223762511,0.8466666666666713,1.0066666666666713,50000.0,5.0,250000.0,2116.6666666666783,2516.6666666666783
2026-02-02,FEDFINA,SHORT,A_MOD_BREAK_C1_LOW,MODERATE,2026-02-02 11:00:00+05:30,2026-02-02 11:15:00+05:30,134.45,135.2959145833333,133.09653666666665,2026-02-02 12:22:00+05:30,133.09653666666665,TARGET,4.2333333333333485,5.033333333333348,34.264530181884766,22.121931076049805,1.4758037328720093,1.6210537874618036,3.3274727508320843,0.01115307347523184,0.6576523655340871,15.1,135.2959145833333,0.8466666666666698,1.0066666666666697,50000.0,5.0,250000.0,2116.6666666666747,2516.6666666666742
2026-02-02,GLENMARK,SHORT,A_MOD_BREAK_C1_LOW,MODERATE,2026-02-02 11:00:00+05:30,2026-02-02 11:15:00+05:30,1864.9269888183594,1876.6604877896748,1846.1533904642545,2026-02-02 12:06:00+05:30,1846.1533904642545,TARGET,4.2333333333333645,5.033333333333364,46.7439079284668,21.984756469726562,8.702234268188477,1.7127657744093667,3.1123374123735195,0.011308020740172892,0.8608926294486412,15.1,1876.6604877896748,0.8466666666666729,1.0066666666666728,50000.0,5.0,250000.0,2116.666666666682,2516.6666666666824
2026-02-02,J&KBANK,SHORT,A_MOD_BREAK_C1_LOW,MODERATE,2026-02-02 11:00:00+05:30,2026-02-02 11:15:00+05:30,99.21000213623047,99.83419839967091,98.21128811472575,2026-02-02 12:15:00+05:30,99.83419839967091,SL,-3.945833333333276,-3.1458333333332766,62.01520919799805,17.305288314819336,5.425427436828613,1.7843466485754116,3.2815401955694816,0.007083944415846365,0.9222606635006969,15.1,99.83419839967091,-0.7891666666666552,-0.6291666666666553,50000.0,5.0,250000.0,-1972.916666666638,-1572.9166666666383
2026-02-02,LEMONTREE,SHORT,A_MOD_BREAK_C1_LOW,MODERATE,2026-02-02 11:00:00+05:30,2026-02-02 11:15:00+05:30,125.32000274658203,126.10847443052927,124.05844805226644,2026-02-02 13:01:00+05:30,126.10847443052927,SL,-3.9458333333332964,-3.1458333333332966,40.078006744384766,29.523929595947266,11.594154357910156,0.9430920465622707,2.453569998105519,0.007226562060437724,0.6262112093141687,15.1,126.10847443052927,-0.7891666666666592,-0.6291666666666593,50000.0,5.0,250000.0,-1972.916666666648,-1572.9166666666483
2026-02-02,MOIL,SHORT,A_MOD_BREAK_C1_LOW,MODERATE,2026-02-02 11:00:00+05:30,2026-02-02 11:15:00+05:30,328.9342,331.0037443416666,325.62292905333334,2026-02-02 12:04:00+05:30,325.62292905333334,TARGET,4.2333333333332925,5.033333333333292,42.56499099731445,20.02006721496582,2.414046287536621,1.819544836940639,3.513253152984395,0.01191019088640843,0.8168952114243286,15.1,331.0037443416666,0.8466666666666585,1.0066666666666584,50000.0,5.0,250000.0,2116.666666666646,2516.6666666666456
2026-02-02,POLYMED,SHORT,A_MOD_BREAK_C1_LOW,MODERATE,2026-02-02 11:00:00+05:30,2026-02-02 11:15:00+05:30,1453.0093888183594,1462.1512395563416,1438.3824276375879,2026-02-02 11:34:00+05:30,1462.1512395563416,SL,-3.9458333333333293,-3.14583333333333,32.77166748046875,29.23231315612793,1.6820062398910522,1.7406219155135527,3.0369707987507666,0.007952325264998119,0.656183847421903,15.1,1462.1512395563416,-0.7891666666666659,-0.629166666666666,50000.0,5.0,250000.0,-1972.916666666665,-1572.916666666665
2026-02-02,SAIL,SHORT,A_MOD_BREAK_C1_LOW,MODERATE,2026-02-02 11:00:00+05:30,2026-02-02 11:15:00+05:30,144.0500061035156,144.9563207252502,142.59990270874022,2026-02-02 12:03:00+05:30,142.59990270874022,TARGET,4.233333333333356,5.033333333333355,27.717313766479492,34.878387451171875,29.244794845581055,0.6959402978450185,1.9130205231330089,0.010969931111321628,0.39320028477672103,15.1,144.9563207252502,0.8466666666666711,1.006666666666671,50000.0,5.0,250000.0,2116.666666666678,2516.6666666666774
2026-02-02,SAREGAMA,SHORT,A_MOD_BREAK_C1_LOW,MODERATE,2026-02-02 11:00:00+05:30,2026-02-02 11:15:00+05:30,325.23492779541016,327.28119754945624,321.9608961889364,2026-02-02 15:01:00+05:30,327.28119754945624,SL,-3.945833333333267,-3.1458333333332673,34.907867431640625,22.18613052368164,1.8260133266448975,1.6956142448187925,2.929515868569642,0.008486670517325974,0.6803505043178981,15.1,327.28119754945624,-0.7891666666666535,-0.6291666666666534,50000.0,5.0,250000.0,-1972.9166666666338,-1572.9166666666335
2026-02-02,VINDHYATEL,SHORT,A_MOD_BREAK_C1_LOW,MODERATE,2026-02-02 11:00:00+05:30,2026-02-02 11:15:00+05:30,1172.7654,1180.1440489749998,1160.95956164,2026-02-02 11:21:00+05:30,1160.95956164,TARGET,4.2333333333333565,5.033333333333356,27.144926071166992,30.18800926208496,4.344150543212891,1.3357773610473553,2.01400239121354,0.009042739868164062,0.5009349292507921,15.1,1180.1440489749998,0.8466666666666713,1.0066666666666713,50000.0,5.0,250000.0,2116.6666666666783,2516.6666666666783
2026-02-02,BRIGADE,SHORT,A_MOD_BREAK_C1_LOW,MODERATE,2026-02-02 11:15:00+05:30,2026-02-02 11:30:00+05:30,727.9043777954101,732.4841095057062,720.5768070589363,2026-02-02 12:11:00+05:30,720.5768070589363,TARGET,4.233333333333357,5.033333333333357,32.64128494262695,36.29671859741211,18.813499450683594,0.6930999070319791,1.924238464767565,0.009528716323386342,0.4671236811083789,15.1,732.4841095057062,0.8466666666666716,1.0066666666666715,50000.0,5.0,250000.0,2116.666666666679,2516.666666666679
2026-02-02,CHOLAHLDNG,SHORT,A_MOD_BREAK_C1_LOW,MODERATE,2026-02-02 11:15:00+05:30,2026-02-02 11:30:00+05:30,1617.1765,1627.3512354791665,1600.8969232333334,2026-02-02 13:12:00+05:30,1627.3512354791665,SL,-3.9458333333332596,-3.14583333333326,28.5753231048584,31.596784591674805,4.9761643409729,1.2510860445321157,2.2562568502474813,0.010810335563176197,0.5075699043659962,15.1,1627.3512354791665,-0.7891666666666519,-0.629166666666652,50000.0,5.0,250000.0,-1972.9166666666297,-1572.9166666666301
2026-02-02,PSB,SHORT,A_MOD_BREAK_C1_LOW,MODERATE,2026-02-02 11:15:00+05:30,2026-02-02 11:30:00+05:30,26.390000534057616,26.55603762075106,26.1243411953481,2026-02-02 11:36:00+05:30,26.55603762075106,SL,-3.9458333333332773,-3.145833333333277,25.380264282226562,26.713369369506836,6.0103349685668945,1.669424052177953,2.658175923817583,0.007288621671150306,0.5328531733645403,15.1,26.55603762075106,-0.7891666666666555,-0.6291666666666554,50000.0,5.0,250000.0,-1972.9166666666385,-1572.9166666666385
2026-02-02,JSL,SHORT,A_MOD_BREAK_C1_LOW,MODERATE,2026-02-02 12:45:00+05:30,2026-02-02 13:00:00+05:30,769.9459555908203,774.7901988947458,762.1951663045394,2026-02-02 13:15:00+05:30,774.7901988947458,SL,-3.9458333333332893,-3.1458333333332895,28.294198989868164,33.67348098754883,12.419660568237305,1.4691451405498785,1.8392291159868686,0.008389461215133042,0.5334748402435947,15.1,774.7901988947458,-0.7891666666666579,-0.6291666666666579,50000.0,5.0,250000.0,-1972.916666666645,-1572.9166666666447
2026-02-03,DBCORP,LONG,A_MOD_BREAK_C1_HIGH,MODERATE,2026-02-03 11:00:00+05:30,2026-02-03 11:15:00+05:30,245.13999633789064,243.7232914423879,247.9734061288961,2026-02-03 11:31:00+05:30,247.9734061288961,TARGET,4.979166666666693,5.779166666666692,40.00865936279297,66.4574966430664,73.40751647949219,0.4520431385005844,1.246152756163286,0.01274635159239477,4.055764962342268,13.87,243.7232914423879,0.9958333333333385,1.1558333333333384,100000.0,5.0,500000.0,4979.166666666692,5779.1666666666915
2026-02-03,SHK,LONG,B_HUGE_GREEN_PULLBACK_HOLD_THEN_BREAK,HUGE,2026-02-03 12:00:00+05:30,2026-02-03 13:00:00+05:30,157.27999572753907,156.371048418897,159.0978903448232,2026-02-03 13:05:00+05:30,159.0978903448232,TARGET,4.979166666666667,5.779166666666667,54.40895462036133,84.50359344482422,76.0478744506836,3.313713159347381,3.3198123874081005,0.014131802090179222,9.998115485078884,13.87,156.371048418897,0.9958333333333333,1.1558333333333333,100000.0,5.0,500000.0,4979.166666666666,5779.166666666666
2026-02-04,TECHM,SHORT,A_MOD_BREAK_C1_LOW,MODERATE,2026-02-04 10:30:00+05:30,2026-02-04 10:45:00+05:30,1620.6758,1629.386932425,1606.73798812,2026-02-04 11:13:00+05:30,1606.73798812,TARGET,3.500000000000009,4.300000000000009,40.191070556640625,15.3552885055542,20.268461227416992,0.6696740180756697,4.612627890777527,0.009186189065879135,0.5800590115128517,12.9,1629.386932425,0.7000000000000017,0.8600000000000018,50000.0,5.0,250000.0,1750.0000000000043,2150.0000000000045
2026-02-04,LTIM,SHORT,A_MOD_BREAK_C1_LOW,MODERATE,2026-02-04 10:45:00+05:30,2026-02-04 11:00:00+05:30,5629.8738,5660.134371675,5581.45688532,2026-02-04 11:23:00+05:30,5581.45688532,TARGET,3.5000000000000386,4.300000000000039,33.58339309692383,19.53998374938965,17.517377853393555,0.669906521930868,4.158723635793337,0.010298236748434173,0.48098453779175937,12.9,5660.134371675,0.7000000000000077,0.8600000000000078,50000.0,5.0,250000.0,1750.0000000000193,2150.0000000000196
2026-02-04,IDBI,LONG,A_MOD_BREAK_C1_HIGH,MODERATE,2026-02-04 11:45:00+05:30,2026-02-04 12:00:00+05:30,106.93999938964843,106.36519689292908,108.08960438308716,2026-02-04 12:01:00+05:30,108.08960438308716,TARGET,4.575000000000038,5.375000000000037,51.17380142211914,79.867431640625,94.38903045654297,2.928207045461812,2.7184176246546063,0.009547446797015732,8.215216770586455,12.9,106.36519689292908,0.9150000000000076,1.0750000000000075,100000.0,5.0,500000.0,4575.000000000038,5375.000000000037
2026-02-04,UDS,LONG,B_HUGE_GREEN_PULLBACK_HOLD_THEN_BREAK,HUGE,2026-02-04 10:00:00+05:30,2026-02-04 12:15:00+05:30,154.68999938964845,153.85854064292909,156.35291688308718,2026-02-04 13:05:00+05:30,156.35291688308718,TARGET,4.575000000000019,5.375000000000019,27.654340744018555,70.14578247070312,87.92559814453125,1.9575400013407327,2.8538507207664976,0.006549587588359325,6.516320777929108,12.9,153.85854064292909,0.9150000000000038,1.0750000000000037,100000.0,5.0,500000.0,4575.000000000019,5375.000000000019
2026-02-04,KALAMANDIR,LONG,B_HUGE_GREEN_PULLBACK_HOLD_THEN_BREAK,HUGE,2026-02-04 10:00:00+05:30,2026-02-04 13:45:00+05:30,116.55,115.92354375,117.8029125,2026-02-04 13:58:00+05:30,117.8029125,TARGET,4.575000000000035,5.375000000000034,31.914974212646484,73.92193603515625,86.64503479003906,2.9986396129995914,3.631498932267023,0.010519476680012492,8.819197250871136,12.9,115.92354375,0.9150000000000069,1.0750000000000068,100000.0,5.0,500000.0,4575.000000000035,5375.000000000035
2026-02-04,CAPACITE,LONG,B_HUGE_GREEN_PULLBACK_HOLD_THEN_BREAK,HUGE,2026-02-04 11:30:00+05:30,2026-02-04 13:45:00+05:30,246.05,244.72748125,248.6950375,2026-02-04 14:17:00+05:30,248.6950375,TARGET,4.575000000000001,5.375000000000001,41.37269973754883,74.08523559570312,66.11802673339844,1.4445671641776436,2.663116153398319,0.016438945855704965,6.077894875933,12.9,244.72748125,0.9150000000000003,1.0750000000000002,100000.0,5.0,500000.0,4575.000000000001,5375.000000000001
2026-02-04,TVSSCS-BE,LONG,B_HUGE_GREEN_PULLBACK_HOLD_THEN_BREAK,HUGE,2026-02-04 10:15:00+05:30,2026-02-04 14:15:00+05:30,102.35000305175781,101.79987178535461,103.4502655845642,2026-02-04 15:30:00+05:30,102.5,EOD,-0.0672352527125096,0.7327647472874903,51.03419494628906,79.85218048095703,90.76992797851562,2.9119044615847396,3.7020845780485305,0.005111017731927994,9.098509473860043,12.9,101.79987178535461,-0.01344705054250192,0.14655294945749806,100000.0,5.0,500000.0,-67.2352527125096,732.7647472874902
2026-02-04,KOTHARIPET,LONG,B_HUGE_GREEN_PULLBACK_HOLD_THEN_BREAK,HUGE,2026-02-04 10:15:00+05:30,2026-02-04 14:30:00+05:30,121.53000335693359,120.87677958889007,122.83645089302063,2026-02-04 15:01:00+05:30,122.83645089302063,TARGET,4.574999999999995,5.374999999999995,35.015560150146484,73.39952087402344,73.42472839355469,2.041300101718302,3.2403348979969206,0.008931508483179314,7.514153022148953,12.9,120.87677958889007,0.9149999999999989,1.0749999999999988,100000.0,5.0,500000.0,4574.9999999999945,5374.9999999999945
2026-02-05,CARTRADE,SHORT,A_MOD_BREAK_C1_LOW,MODERATE,2026-02-05 10:15:00+05:30,2026-02-05 10:30:00+05:30,2164.567,2175.93097675,2146.3846372000003,2026-02-05 10:31:00+05:30,2146.3846372000003,TARGET,3.3999999999999386,4.199999999999939,58.661502838134766,8.133183479309082,6.675076484680176,2.2372319392585918,5.159733125024011,0.017154581761573622,0.96,12.25,2175.93097675,0.6799999999999877,0.8399999999999878,50000.0,5.0,250000.0,1699.9999999999693,2099.9999999999695
2026-02-05,AIIL,SHORT,A_MOD_BREAK_C1_LOW,MODERATE,2026-02-05 10:45:00+05:30,2026-02-05 11:00:00+05:30,496.05076389770505,498.655030408168,491.88393748096433,2026-02-05 14:47:00+05:30,498.655030408168,SL,-3.424999999999984,-2.6249999999999836,45.499542236328125,25.64434051513672,32.65115737915039,1.1379862836892969,2.5436900981410373,0.00593799426928238,0.7416407331905488,12.25,498.655030408168,-0.6849999999999967,-0.5249999999999967,50000.0,5.0,250000.0,-1712.4999999999918,-1312.4999999999916
2026-02-05,RATEGAIN,SHORT,A_MOD_BREAK_C1_LOW,MODERATE,2026-02-05 11:00:00+05:30,2026-02-05 11:15:00+05:30,609.9279777954101,613.130099678836,604.8045827819287,2026-02-05 11:23:00+05:30,604.8045827819287,TARGET,3.399999999999963,4.199999999999963,29.392465591430664,24.608274459838867,12.90731143951416,0.9936175474898209,3.0558267196623468,0.007724552724705238,0.47477005468217864,12.25,613.130099678836,0.6799999999999926,0.8399999999999925,50000.0,5.0,250000.0,1699.9999999999816,2099.9999999999814
2026-02-05,EMUDHRA,SHORT,A_PULLBACK_C2_THEN_BREAK_C2_LOW,MODERATE,2026-02-05 11:45:00+05:30,2026-02-05 12:15:00+05:30,504.899,507.54971975,500.65784840000003,2026-02-05 13:06:00+05:30,507.54971975,SL,-3.425000000000007,-2.625000000000007,40.48136520385742,27.66973304748535,24.63763427734375,0.4282802384354865,2.2416392431953587,0.010537847699855156,0.5421695197840715,12.25,507.54971975,-0.6850000000000014,-0.5250000000000015,50000.0,5.0,250000.0,-1712.5000000000034,-1312.5000000000039
2026-02-05,ANURAS,LONG,A_MOD_BREAK_C1_HIGH,MODERATE,2026-02-05 12:15:00+05:30,2026-02-05 12:30:00+05:30,1266.2532,1259.6053707,1279.5488586000001,2026-02-05 12:31:00+05:30,1279.5488586000001,TARGET,4.45000000000001,5.250000000000009,40.9715461730957,60.79475402832031,60.52631759643555,2.104691424566953,1.276626616581166,0.0043069548640349556,5.5188273650499635,12.25,1259.6053707,0.8900000000000019,1.0500000000000018,100000.0,5.0,500000.0,4450.000000000009,5250.000000000009
2026-02-05,SANGHVIMOV,LONG,B_HUGE_GREEN_PULLBACK_HOLD_THEN_BREAK,HUGE,2026-02-05 13:00:00+05:30,2026-02-05 14:15:00+05:30,325.5651,323.85588322499996,328.98353354999995,2026-02-05 14:22:00+05:30,328.98353354999995,TARGET,4.449999999999962,5.249999999999961,30.153392791748047,75.13511657714844,77.61141204833984,3.1114422749223127,2.683553810135813,0.010016666219392175,7.912809648376754,12.25,323.85588322499996,0.8899999999999924,1.0499999999999923,100000.0,5.0,500000.0,4449.999999999962,5249.999999999961
2026-02-05,PARADEEP,SHORT,A_MOD_BREAK_C1_LOW,MODERATE,2026-02-05 14:15:00+05:30,2026-02-05 14:30:00+05:30,124.67000122070313,125.32451872711182,123.62277321044922,2026-02-05 14:39:00+05:30,125.32451872711182,SL,-3.4250000000000136,-2.6250000000000133,32.29257583618164,26.777734756469727,7.25681209564209,3.173122182891421,3.409985617060734,0.004651307352683173,0.6943886375427246,12.25,125.32451872711182,-0.6850000000000027,-0.5250000000000027,50000.0,5.0,250000.0,-1712.5000000000068,-1312.5000000000068
2026-02-06,IEX,SHORT,A_MOD_BREAK_C1_LOW,MODERATE,2026-02-06 10:00:00+05:30,2026-02-06 10:15:00+05:30,121.11000366210938,121.74583118133545,120.09267963134766,2026-02-06 10:48:00+05:30,120.09267963134766,TARGET,3.3999999999999786,4.199999999999978,25.147762298583984,17.209070205688477,1.8298949003219604,1.5937786096836595,5.0567912378164115,0.005018739019690142,0.5161276911734001,12.17,121.74583118133545,0.6799999999999957,0.8399999999999956,50000.0,5.0,250000.0,1699.9999999999893,2099.999999999989
2026-02-06,KHAICHEM,SHORT,A_MOD_BREAK_C1_LOW,MODERATE,2026-02-06 10:00:00+05:30,2026-02-06 10:15:00+05:30,64.71999664306641,65.05977662544251,64.17634867126465,2026-02-06 10:40:00+05:30,64.17634867126465,TARGET,3.400000000000023,4.200000000000023,30.41642189025879,28.057662963867188,24.333444595336914,1.4609340322722848,2.781845755915109,0.006330089063791848,0.5719097840015317,12.17,65.05977662544251,0.6800000000000046,0.8400000000000046,50000.0,5.0,250000.0,1700.0000000000114,2100.0000000000114
2026-02-06,TATVA,SHORT,A_MOD_BREAK_C1_LOW,MODERATE,2026-02-06 10:00:00+05:30,2026-02-06 10:15:00+05:30,1145.7708,1151.7860967,1136.1463252800002,2026-02-06 10:51:00+05:30,1136.1463252800002,TARGET,3.3999999999999355,4.199999999999935,33.416038513183594,25.074186325073242,5.295774936676025,1.500847899316823,3.9719463035392253,0.006731465640908553,0.6238889600781978,12.17,1151.7860967,0.6799999999999871,0.8399999999999871,50000.0,5.0,250000.0,1699.9999999999675,2099.9999999999677
2026-02-06,TIRUMALCHM,SHORT,A_MOD_BREAK_C1_LOW,MODERATE,2026-02-06 10:00:00+05:30,2026-02-06 10:15:00+05:30,192.45,193.46036249999997,190.83342,2026-02-06 10:41:00+05:30,193.46036249999997,SL,-3.4249999999999616,-2.624999999999962,34.399986267089844,23.15489387512207,5.000051021575928,1.6196043996759593,3.7691679725799023,0.00553988605350643,0.6594305639496405,12.17,193.46036249999997,-0.6849999999999923,-0.5249999999999924,50000.0,5.0,250000.0,-1712.4999999999807,-1312.499999999981
2026-02-06,POLYMED,SHORT,A_MOD_BREAK_C1_LOW,MODERATE,2026-02-06 10:15:00+05:30,2026-02-06 10:30:00+05:30,1432.7134,1440.23514535,1420.6786074400002,2026-02-06 10:31:00+05:30,1420.6786074400002,TARGET,3.399999999999971,4.199999999999971,29.438966751098633,23.31696319580078,3.984560966491699,1.2325208326078545,3.1180747464700955,0.013109373530556252,0.5172756469728539,12.17,1440.23514535,0.6799999999999942,0.8399999999999941,50000.0,5.0,250000.0,1699.9999999999854,2099.999999999985
2026-02-06,TATATECH,SHORT,A_MOD_BREAK_C1_LOW,MODERATE,2026-02-06 10:15:00+05:30,2026-02-06 10:30:00+05:30,621.7256055908204,624.9896650201722,616.5031105038574,2026-02-06 13:10:00+05:30,616.5031105038574,TARGET,3.400000000000014,4.2000000000000135,29.912038803100586,12.86075210571289,7.096752643585205,1.7960632865490112,4.8530580546921955,0.004974586223175591,0.6229916571925858,12.17,624.9896650201722,0.6800000000000028,0.8400000000000027,50000.0,5.0,250000.0,1700.000000000007,2100.000000000007
2026-02-06,NATCOPHARM,SHORT,A_MOD_BREAK_C1_LOW,MODERATE,2026-02-06 10:30:00+05:30,2026-02-06 10:45:00+05:30,814.2871222045899,818.5621295961639,807.4471103780713,2026-02-06 12:04:00+05:30,818.5621295961639,SL,-3.4249999999999625,-2.6249999999999623,27.020483016967773,14.85713005065918,16.266422271728516,1.3199306483361968,3.218776000135584,0.004520976006052531,0.496295108713351,12.17,818.5621295961639,-0.6849999999999925,-0.5249999999999925,50000.0,5.0,250000.0,-1712.4999999999811,-1312.4999999999811
2026-02-06,CONCORDBIO,LONG,B_HUGE_GREEN_PULLBACK_HOLD_THEN_BREAK,HUGE,2026-02-06 10:15:00+05:30,2026-02-06 11:45:00+05:30,1264.1528044189454,1257.5160021957458,1277.4264088653442,2026-02-06 11:54:00+05:30,1277.4264088653442,TARGET,4.449999999999969,5.249999999999969,41.76232147216797,78.19625854492188,92.2748794555664,0.8616986081021819,3.6148199019345455,0.015193650728257933,7.036239252490958,12.17,1257.5160021957458,0.8899999999999939,1.0499999999999938,100000.0,5.0,500000.0,4449.99999999997,5249.999999999969
2026-02-06,TARC,SHORT,A_MOD_BREAK_C1_LOW,MODERATE,2026-02-06 12:15:00+05:30,2026-02-06 12:30:00+05:30,147.7500030517578,148.52569056777952,146.50890302612305,2026-02-06 12:45:00+05:30,148.52569056777952,SL,-3.424999999999968,-2.6249999999999685,29.977190017700195,27.49213981628418,8.67928695678711,2.2946089949986836,3.251595121799928,0.009616229497904432,0.6596578502655028,12.17,148.52569056777952,-0.6849999999999936,-0.5249999999999937,50000.0,5.0,250000.0,-1712.499999999984,-1312.4999999999843
2026-02-09,TOLINS,LONG,A_MOD_BREAK_C1_HIGH,MODERATE,2026-02-09 10:00:00+05:30,2026-02-09 10:15:00+05:30,129.54000549316407,128.85992046432497,130.90017555084228,2026-02-09 11:21:00+05:30,130.90017555084228,TARGET,4.449999999999927,5.249999999999927,25.139211654663086,78.25296020507812,90.6235580444336,0.427353061949051,3.6073598573123227,0.00740213673446697,5.443114788948485,11.94,128.85992046432497,0.8899999999999855,1.0499999999999854,100000.0,5.0,500000.0,4449.999999999927,5249.999999999926
2026-02-09,GULPOLY,LONG,B_HUGE_GREEN_PULLBACK_HOLD_THEN_BREAK,HUGE,2026-02-09 10:00:00+05:30,2026-02-09 11:00:00+05:30,137.52000122070314,136.79802121429444,138.9639612335205,2026-02-09 11:03:00+05:30,136.79802121429444,SL,-3.425000000000029,-2.6250000000000293,29.36872100830078,83.42195129394531,72.57067108154297,3.3035722618896477,4.254507363375526,0.006465254802384145,10.129308315417218,11.94,136.79802121429444,-0.6850000000000058,-0.5250000000000059,100000.0,5.0,500000.0,-3425.000000000029,-2625.0000000000296
2026-02-09,AEGISLOG,LONG,B_HUGE_GREEN_PULLBACK_HOLD_THEN_BREAK,HUGE,2026-02-09 10:45:00+05:30,2026-02-09 11:45:00+05:30,711.5423044189453,707.8067073207458,719.0134986153441,2026-02-09 11:46:00+05:30,719.0134986153441,TARGET,4.44999999999996,5.24999999999996,32.638484954833984,81.6999282836914,69.62675476074219,2.7114507392213567,3.184413162163488,0.005981031873775844,8.679405266894076,11.94,707.8067073207458,0.8899999999999921,1.049999999999992,100000.0,5.0,500000.0,4449.999999999961,5249.99999999996
2026-02-09,ELECON,LONG,B_HUGE_GREEN_PULLBACK_HOLD_THEN_BREAK,HUGE,2026-02-09 10:45:00+05:30,2026-02-09 11:45:00+05:30,487.2974522094727,484.739140585373,492.41407545767214,2026-02-09 11:51:00+05:30,484.739140585373,SL,-3.424999999999969,-2.624999999999969,26.519119262695312,81.47150421142578,77.70574951171875,1.8428947761544854,5.378477136789556,0.009861072072519057,8.830379479513315,11.94,484.739140585373,-0.6849999999999938,-0.5249999999999938,100000.0,5.0,500000.0,-3424.999999999969,-2624.999999999969
2026-02-09,HPL,LONG,B_HUGE_GREEN_PULLBACK_HOLD_THEN_BREAK,HUGE,2026-02-09 10:00:00+05:30,2026-02-09 12:30:00+05:30,345.069,343.25738775,348.6922245,2026-02-09 12:44:00+05:30,348.6922245,TARGET,4.449999999999989,5.249999999999988,41.94235610961914,87.91185760498047,93.65912628173828,1.1872009896051336,4.8721868856331145,0.012122247460967127,8.260480753405698,11.94,343.25738775,0.8899999999999977,1.0499999999999976,100000.0,5.0,500000.0,4449.999999999989,5249.999999999988
2026-02-09,ROTO,LONG,B_HUGE_GREEN_PULLBACK_HOLD_THEN_BREAK,HUGE,2026-02-09 11:15:00+05:30,2026-02-09 13:45:00+05:30,61.89999847412109,61.575023482131954,62.54994845809936,2026-02-09 13:48:00+05:30,62.54994845809936,TARGET,4.449999999999966,5.249999999999966,32.62223434448242,86.79588317871094,94.71240997314453,2.364913285949675,4.0435316238694865,0.008468877155285378,8.788206319139496,11.94,61.575023482131954,0.8899999999999932,1.0499999999999932,100000.0,5.0,500000.0,4449.999999999966,5249.999999999965
2026-02-10,BAYERCROP,LONG,B_HUGE_GREEN_PULLBACK_HOLD_THEN_BREAK,HUGE,2026-02-10 10:00:00+05:30,2026-02-10 11:15:00+05:30,4715.842882324218,4691.084707192016,4765.359232588622,2026-02-10 15:22:00+05:30,4691.084707192016,SL,-3.4250000000000123,-2.625000000000013,45.29539108276367,75.69369506835938,90.03250885009766,1.8741020779669124,3.236597464060299,0.005931593306521152,7.196594324671815,12.19,4691.084707192016,-0.6850000000000025,-0.5250000000000026,100000.0,5.0,500000.0,-3425.0000000000127,-2625.0000000000127
2026-02-10,VLSFINANCE,LONG,B_HUGE_GREEN_PULLBACK_HOLD_THEN_BREAK,HUGE,2026-02-10 10:00:00+05:30,2026-02-10 11:30:00+05:30,277.80555,276.3470708625,280.722508275,2026-02-10 15:30:00+05:30,277.29998779296875,EOD,-1.7099209987547628,-0.909920998754763,33.55442810058594,66.20865631103516,74.58009338378906,0.9757880788823169,1.8542236161781018,0.005106665753670947,4.604398516434269,12.19,276.3470708625,-0.34198419975095257,-0.1819841997509526,100000.0,5.0,500000.0,-1709.9209987547629,-909.920998754763
2026-02-10,VEDL,LONG,B_HUGE_GREEN_PULLBACK_HOLD_THEN_BREAK,HUGE,2026-02-10 10:30:00+05:30,2026-02-10 12:15:00+05:30,689.0878022094727,685.4700912478729,696.3232241326721,2026-02-10 15:30:00+05:30,687.2999877929688,EOD,-2.0972326681531146,-1.2972326681531148,35.29391098022461,72.14929962158203,78.92435455322266,1.4673596322845688,2.569146402211216,0.0050301874265364765,5.815221251311236,12.19,685.4700912478729,-0.41944653363062295,-0.259446533630623,100000.0,5.0,500000.0,-2097.232668153115,-1297.232668153115
2026-02-10,RPGLIFE,LONG,B_HUGE_GREEN_PULLBACK_HOLD_THEN_BREAK,HUGE,2026-02-10 12:45:00+05:30,2026-02-10 14:30:00+05:30,2055.411,2044.6200922500002,2076.9928155,2026-02-10 14:31:00+05:30,2076.9928155,TARGET,4.449999999999932,5.249999999999932,41.592899322509766,82.6108627319336,78.74215698242188,3.1562191250421208,2.8617174619624097,0.006321487841625066,8.76301764471813,12.19,2044.6200922500002,0.8899999999999864,1.0499999999999863,100000.0,5.0,500000.0,4449.999999999932,5249.999999999932
2026-02-10,TATACOMM,LONG,B_HUGE_GREEN_PULLBACK_HOLD_THEN_BREAK,HUGE,2026-02-10 13:30:00+05:30,2026-02-10 14:30:00+05:30,1645.329,1636.69102275,1662.6049544999998,2026-02-10 14:45:00+05:30,1662.6049544999998,TARGET,4.449999999999969,5.249999999999969,43.20429611206055,76.1531753540039,87.26463317871094,3.1951733922919323,3.1751813357616103,0.006837794226506194,8.52617763276781,12.19,1636.69102275,0.8899999999999939,1.0499999999999938,100000.0,5.0,500000.0,4449.99999999997,5249.999999999969
2026-02-10,AUROPHARMA,SHORT,A_MOD_BREAK_C1_LOW,MODERATE,2026-02-10 14:15:00+05:30,2026-02-10 14:30:00+05:30,1122.8753555908204,1128.770451207672,1113.4432026038576,2026-02-10 14:37:00+05:30,1113.4432026038576,TARGET,3.3999999999999675,4.199999999999967,39.16201400756836,13.865212440490723,3.1392059326171875,3.9419109194995756,4.029647430212356,0.009199985928005642,0.7974302101135253,12.19,1128.770451207672,0.6799999999999935,0.8399999999999935,50000.0,5.0,250000.0,1699.9999999999836,2099.9999999999836
2026-02-11,LICI,SHORT,A_MOD_BREAK_C1_LOW,MODERATE,2026-02-11 10:00:00+05:30,2026-02-11 10:15:00+05:30,870.5258722045899,875.0961330336639,863.2134548780714,2026-02-11 11:36:00+05:30,875.0961330336639,SL,-3.4249999999999856,-2.6249999999999862,28.862499237060547,19.65179443359375,5.813755035400391,1.621623870150493,4.595829589388047,0.003938883808998026,0.5767216658322445,11.67,875.0961330336639,-0.6849999999999972,-0.5249999999999972,50000.0,5.0,250000.0,-1712.499999999993,-1312.4999999999932
2026-02-11,TRITURBINE,SHORT,A_MOD_BREAK_C1_LOW,MODERATE,2026-02-11 11:15:00+05:30,2026-02-11 11:30:00+05:30,489.20212779541015,491.77043896633603,485.09282992192874,2026-02-11 11:34:00+05:30,485.09282992192874,TARGET,3.399999999999963,4.199999999999963,33.453983306884766,28.43978500366211,13.533679962158203,1.216110414246025,2.861514887889964,0.004359498129887274,0.5746290720963259,11.67,491.77043896633603,0.6799999999999926,0.8399999999999926,50000.0,5.0,250000.0,1699.9999999999816,2099.999999999982
2026-02-11,BOROSCI,SHORT,A_MOD_BREAK_C1_LOW,MODERATE,2026-02-11 11:30:00+05:30,2026-02-11 11:45:00+05:30,104.95,105.5009875,104.06842,2026-02-11 11:56:00+05:30,105.5009875,SL,-3.424999999999956,-2.6249999999999565,41.2186279296875,35.358577728271484,26.944461822509766,0.6076574514423315,1.6076797647969066,0.01003399235861642,0.5650034611875658,11.67,105.5009875,-0.6849999999999912,-0.5249999999999913,50000.0,5.0,250000.0,-1712.499999999978,-1312.4999999999782
2026-02-11,FSL,SHORT,A_MOD_BREAK_C1_LOW,MODERATE,2026-02-11 11:30:00+05:30,2026-02-11 11:45:00+05:30,286.19275,287.6952619375,283.7887309,2026-02-11 11:46:00+05:30,283.7887309,TARGET,3.3999999999999497,4.1999999999999496,43.50265121459961,21.117740631103516,5.987802505493164,1.9637955791148367,3.014059213048748,0.004690389420115892,0.8562039945640905,11.67,287.6952619375,0.67999999999999,0.8399999999999899,50000.0,5.0,250000.0,1699.999999999975,2099.9999999999745
2026-02-11,COFORGE,SHORT,A_MOD_BREAK_C1_LOW,MODERATE,2026-02-11 12:30:00+05:30,2026-02-11 12:45:00+05:30,1525.6948,1533.7046977,1512.87896368,2026-02-11 15:30:00+05:30,1515.0,EOD,2.7048949501564756,3.5048949501564755,29.195951461791992,28.368253707885742,10.535920143127441,1.5409067707793205,1.975927224445338,0.004986439175908676,0.5663943180355278,11.67,1533.7046977,0.5409789900312951,0.700978990031295,50000.0,5.0,250000.0,1352.4474750782376,1752.4474750782376
2026-02-11,ZFCVINDIA,LONG,B_HUGE_GREEN_PULLBACK_HOLD_THEN_BREAK,HUGE,2026-02-11 10:45:00+05:30,2026-02-11 13:15:00+05:30,15927.1848,15843.567079800001,16094.4202404,2026-02-11 15:30:00+05:30,15966.0,EOD,0.41852042553054,1.21852042553054,38.78290557861328,82.84648895263672,91.03260803222656,206.4953535127957,4.17351090407001,0.007706247601368954,254.1325357645386,11.67,15843.567079800001,0.083704085106108,0.24370408510610797,100000.0,5.0,500000.0,418.52042553053997,1218.5204255305398
2026-02-12,SHANKARA,SHORT,A_MOD_BREAK_C1_LOW,MODERATE,2026-02-12 10:00:00+05:30,2026-02-12 10:15:00+05:30,104.46000213623047,105.00841714744568,103.58253811828614,2026-02-12 11:11:00+05:30,103.58253811828614,TARGET,3.3999999999999897,4.1999999999999895,27.16138458251953,21.46660614013672,9.100041389465332,1.0381358542532826,3.1251572973160346,0.009049029726970468,0.44909454323211745,11.55,105.00841714744568,0.6799999999999979,0.8399999999999979,50000.0,5.0,250000.0,1699.999999999995,2099.9999999999945
2026-02-12,FINPIPE,LONG,A_MOD_BREAK_C1_HIGH,MODERATE,2026-02-12 10:15:00+05:30,2026-02-12 10:30:00+05:30,186.55,185.5706125,188.508775,2026-02-12 10:31:00+05:30,188.508775,TARGET,4.450000000000007,5.250000000000007,31.164165496826172,84.68096923828125,91.42675018310547,1.7816497004084169,3.5021849872572415,0.007554717103918452,6.9362160488749955,11.55,185.5706125,0.8900000000000015,1.0500000000000014,100000.0,5.0,500000.0,4450.000000000007,5250.000000000007
2026-02-12,KFINTECH,SHORT,A_MOD_BREAK_C1_LOW,MODERATE,2026-02-12 10:15:00+05:30,2026-02-12 10:30:00+05:30,988.4022555908203,993.5913674326721,980.0996766438575,2026-02-12 10:35:00+05:30,993.5913674326721,SL,-3.424999999999967,-2.6249999999999667,25.26329231262207,22.025545120239258,2.6488466262817383,1.5678453756394581,3.6798094233573924,0.006273015693560461,0.5133223254262362,11.55,993.5913674326721,-0.6849999999999934,-0.5249999999999934,50000.0,5.0,250000.0,-1712.4999999999836,-1312.4999999999834
2026-02-12,CLEAN,SHORT,A_MOD_BREAK_C1_LOW,MODERATE,2026-02-12 10:30:00+05:30,2026-02-12 10:45:00+05:30,764.847,768.86244675,758.4222852,2026-02-12 11:06:00+05:30,758.4222852,TARGET,3.3999999999999653,4.199999999999965,43.932334899902344,19.03716468811035,10.8720064163208,1.3157264913967783,3.3755700927671213,0.00539153843505142,0.7492371594929712,11.55,768.86244675,0.679999999999993,0.839999999999993,50000.0,5.0,250000.0,1699.9999999999825,2099.9999999999827
2026-02-12,SIS,SHORT,A_MOD_BREAK_C1_LOW,MODERATE,2026-02-12 11:45:00+05:30,2026-02-12 12:00:00+05:30,340.9318,342.72169195,338.06797288,2026-02-12 15:30:00+05:30,340.70001220703125,EOD,-0.46006721436844583,0.33993278563155405,39.05403518676758,31.270263671875,16.617521286010742,0.9781823081631729,2.068404202552194,0.003967106130508972,0.616992431730069,11.55,342.72169195,-0.09201344287368916,0.06798655712631081,50000.0,5.0,250000.0,-230.03360718422292,169.96639281577703
2026-02-12,INSECTICID,SHORT,A_MOD_BREAK_C1_LOW,MODERATE,2026-02-12 14:00:00+05:30,2026-02-12 14:15:00+05:30,609.8280222045898,613.029619321164,604.7054668180713,2026-02-12 14:21:00+05:30,613.029619321164,SL,-3.4250000000000314,-2.625000000000031,48.1039924621582,30.291728973388672,17.600975036621094,1.8433391522928166,2.2827289825440635,0.003536315433314589,0.9041442385836158,11.55,613.029619321164,-0.6850000000000063,-0.5250000000000062,50000.0,5.0,250000.0,-1712.5000000000157,-1312.5000000000157
2026-02-13,AURIONPRO,SHORT,A_MOD_BREAK_C1_LOW,MODERATE,2026-02-13 10:00:00+05:30,2026-02-13 10:15:00+05:30,924.4150555908203,929.2682346326721,916.6499691238574,2026-02-13 10:33:00+05:30,929.2682346326721,SL,-3.4250000000000136,-2.6250000000000133,25.70800018310547,19.810483932495117,6.272153377532959,1.6274968183328173,4.6794994595372685,0.007810325713268367,0.530431945954825,11.73,929.2682346326721,-0.6850000000000027,-0.5250000000000027,50000.0,5.0,250000.0,-1712.5000000000068,-1312.5000000000068
2026-02-13,CARTRADE,SHORT,A_MOD_BREAK_C1_LOW,MODERATE,2026-02-13 10:00:00+05:30,2026-02-13 10:15:00+05:30,2043.5912,2054.3200538,2026.4250339200003,2026-02-13 10:16:00+05:30,2026.4250339200003,TARGET,3.399999999999954,4.199999999999954,29.68543243408203,25.6215763092041,11.62260913848877,0.8563324217955817,2.741589762306146,0.01030084639435765,0.4551396603254572,11.73,2054.3200538,0.6799999999999908,0.8399999999999908,50000.0,5.0,250000.0,1699.999999999977,2099.999999999977
2026-02-13,PAYTM,SHORT,A_MOD_BREAK_C1_LOW,MODERATE,2026-02-13 10:00:00+05:30,2026-02-13 10:15:00+05:30,1106.7786,1112.58918765,1097.4816597600002,2026-02-13 10:44:00+05:30,1112.58918765,SL,-3.424999999999949,-2.6249999999999494,36.887420654296875,17.018798828125,11.166823387145996,1.5472438455660662,4.762164439262108,0.005898126787719821,0.6840789827885145,11.73,1112.58918765,-0.6849999999999898,-0.5249999999999899,50000.0,5.0,250000.0,-1712.4999999999748,-1312.4999999999748
2026-02-13,RICOAUTO,SHORT,A_MOD_BREAK_C1_LOW,MODERATE,2026-02-13 10:00:00+05:30,2026-02-13 10:15:00+05:30,122.75000305175782,123.39444056777954,121.71890302612306,2026-02-13 10:44:00+05:30,123.39444056777954,SL,-3.4249999999999847,-2.624999999999985,42.70647430419922,20.41231346130371,14.138168334960938,1.31746224610604,4.677947228431468,0.007897774863049267,0.7311530076315453,11.73,123.39444056777954,-0.684999999999997,-0.524999999999997,50000.0,5.0,250000.0,-1712.4999999999925,-1312.4999999999925
2026-02-13,SIGNATURE,LONG,A_MOD_BREAK_C1_HIGH,MODERATE,2026-02-13 10:00:00+05:30,2026-02-13 10:15:00+05:30,1018.8537544189453,1013.5047722082459,1029.5517188403442,2026-02-13 10:24:00+05:30,1029.5517188403442,TARGET,4.449999999999971,5.24999999999997,28.908334732055664,79.11026000976562,80.4791030883789,1.6151394461605062,3.691158537957226,0.0066753297340212845,7.198843952135341,11.73,1013.5047722082459,0.8899999999999941,1.049999999999994,100000.0,5.0,500000.0,4449.999999999971,5249.99999999997
2026-02-13,BRIGADE,SHORT,A_MOD_BREAK_C1_LOW,MODERATE,2026-02-13 10:15:00+05:30,2026-02-13 10:30:00+05:30,768.6962055908203,772.7318606701722,762.2391574638575,2026-02-13 12:10:00+05:30,772.7318606701722,SL,-3.4250000000000225,-2.625000000000022,29.521127700805664,21.274906158447266,6.707597732543945,1.3574031204591206,3.6812742424216798,0.00623257603539912,0.540362461592431,11.73,772.7318606701722,-0.6850000000000045,-0.5250000000000045,50000.0,5.0,250000.0,-1712.5000000000114,-1312.5000000000111
2026-02-13,ETERNAL,SHORT,A_MOD_BREAK_C1_LOW,MODERATE,2026-02-13 10:15:00+05:30,2026-02-13 10:30:00+05:30,288.49227779541013,290.006862253836,286.0689426619287,2026-02-13 14:09:00+05:30,286.0689426619287,TARGET,3.399999999999974,4.1999999999999735,28.740528106689453,20.761173248291016,6.835132598876953,1.5257705059568871,3.663510696513382,0.0068074514155217775,0.5581177601427971,11.73,290.006862253836,0.6799999999999948,0.8399999999999948,50000.0,5.0,250000.0,1699.999999999987,2099.999999999987
2026-02-13,DOMS,SHORT,A_MOD_BREAK_C1_LOW,MODERATE,2026-02-13 10:45:00+05:30,2026-02-13 11:00:00+05:30,2359.528,2371.915522,2339.7079648,2026-02-13 14:24:00+05:30,2371.915522,SL,-3.424999999999998,-2.624999999999998,30.83106231689453,25.817415237426758,13.874407768249512,1.022652257847675,2.763197643283007,0.006032790718302306,0.501430079876761,11.73,2371.915522,-0.6849999999999996,-0.5249999999999996,50000.0,5.0,250000.0,-1712.4999999999989,-1312.499999999999
2026-02-13,SHYAMMETL,SHORT,A_MOD_BREAK_C1_LOW,MODERATE,2026-02-13 11:00:00+05:30,2026-02-13 11:15:00+05:30,881.8236,886.4531739,874.4162817600001,2026-02-13 15:30:00+05:30,876.0,EOD,2.5020209484073996,3.3020209484074,25.874813079833984,36.33378601074219,37.88412857055664,0.6104604593281425,1.5910719790657282,0.007187370805751157,0.3345063755332211,11.73,886.4531739,0.5004041896814799,0.66040418968148,50000.0,5.0,250000.0,1251.0104742037,1651.0104742037
2026-02-13,TECHNOE,SHORT,A_MOD_BREAK_C1_LOW,MODERATE,2026-02-13 11:15:00+05:30,2026-02-13 11:30:00+05:30,1032.4934111816406,1037.9140015903442,1023.8204665277149,2026-02-13 11:52:00+05:30,1037.9140015903442,SL,-3.425000000000029,-2.6250000000000293,27.1635799407959,16.633071899414062,3.8118605613708496,1.572156317872079,3.5245403599370735,0.007818324218977768,0.5425810547395522,11.73,1037.9140015903442,-0.6850000000000058,-0.5250000000000059,50000.0,5.0,250000.0,-1712.5000000000146,-1312.5000000000148
2026-02-13,GHCL,SHORT,A_MOD_BREAK_C1_LOW,MODERATE,2026-02-13 11:30:00+05:30,2026-02-13 11:45:00+05:30,494.10117220458983,496.6952033586639,489.9507223580713,2026-02-13 12:01:00+05:30,496.6952033586639,SL,-3.4249999999999625,-2.6249999999999623,51.48723602294922,14.643692016601562,3.089561700820923,2.2318849720512506,3.531018278765394,0.005571769208536326,0.96,11.73,496.6952033586639,-0.6849999999999925,-0.5249999999999925,50000.0,5.0,250000.0,-1712.4999999999811,-1312.4999999999811
2026-02-13,GVPIL-BE,LONG,B_HUGE_GREEN_PULLBACK_HOLD_THEN_BREAK,HUGE,2026-02-13 10:00:00+05:30,2026-02-13 13:00:00+05:30,477.5955,475.08812362500004,482.61025275,2026-02-13 13:36:00+05:30,475.08812362500004,SL,-3.4249999999999767,-2.6249999999999774,71.69751739501953,98.60072326660156,91.58030700683594,2.4527579237003736,9.05551962656371,0.01122112609896854,14.047100820042978,11.73,475.08812362500004,-0.6849999999999954,-0.5249999999999955,100000.0,5.0,500000.0,-3424.9999999999773,-2624.9999999999773
2026-02-16,RANEHOLDIN,SHORT,A_MOD_BREAK_C1_LOW,MODERATE,2026-02-16 10:30:00+05:30,2026-02-16 10:45:00+05:30,1329.8339555908203,1337.1979111199043,1318.0516267442856,2026-02-16 10:55:00+05:30,1318.0516267442856,TARGET,3.6300000000000154,4.430000000000016,38.30321502685547,19.196273803710938,15.311163902282715,0.7316453471965619,3.927315722527982,0.015368475269162792,0.5625861611622303,13.29,1337.1979111199043,0.7260000000000031,0.8860000000000031,50000.0,5.0,250000.0,1815.0000000000077,2215.0000000000077
2026-02-16,LXCHEM,SHORT,A_PULLBACK_C2_THEN_BREAK_C2_LOW,MODERATE,2026-02-16 10:45:00+05:30,2026-02-16 11:15:00+05:30,141.5000030517578,142.2835593186569,140.24631302471923,2026-02-16 15:17:00+05:30,140.24631302471923,TARGET,3.6299999999999955,4.429999999999995,41.565269470214844,18.424333572387695,0.8069447875022888,1.5735186898979479,4.393438850026047,0.005960789795447766,0.7588448127853635,13.29,142.2835593186569,0.7259999999999991,0.8859999999999991,50000.0,5.0,250000.0,1814.9999999999977,2214.9999999999977
2026-02-16,GTPL,SHORT,A_MOD_BREAK_C1_LOW,MODERATE,2026-02-16 11:00:00+05:30,2026-02-16 11:15:00+05:30,74.50000305175782,74.91254681865692,73.83993302471924,2026-02-16 13:31:00+05:30,73.83993302471924,TARGET,3.629999999999982,4.429999999999982,27.930330276489258,18.013734817504883,2.735604763031006,2.5060285256959243,5.989750715977254,0.0055188290129692535,0.6289549541473389,13.29,74.91254681865692,0.7259999999999964,0.8859999999999963,50000.0,5.0,250000.0,1814.9999999999911,2214.999999999991
2026-02-16,RPGLIFE,SHORT,A_MOD_BREAK_C1_LOW,MODERATE,2026-02-16 11:15:00+05:30,2026-02-16 11:30:00+05:30,1965.0069444091796,1975.8881703638453,1947.5969828817142,2026-02-16 13:45:00+05:30,1947.5969828817142,TARGET,3.630000000000014,4.430000000000014,46.19363784790039,28.897130966186523,39.817413330078125,0.9149015324563473,1.819862401844179,0.005088018364054113,0.7040054559905755,13.29,1975.8881703638453,0.7260000000000029,0.8860000000000028,50000.0,5.0,250000.0,1815.000000000007,2215.000000000007
2026-02-17,SWSOLAR,LONG,B_HUGE_GREEN_PULLBACK_HOLD_THEN_BREAK,HUGE,2026-02-17 10:45:00+05:30,2026-02-17 12:00:00+05:30,219.9499938964844,218.728354972051,222.39327174535114,2026-02-17 12:04:00+05:30,218.728354972051,SL,-3.5770833333333374,-2.777083333333338,42.156036376953125,89.51428985595703,82.2677230834961,1.7209415797197298,4.413195465216832,0.008012041226654937,8.629625171645735,13.33,218.728354972051,-0.7154166666666675,-0.5554166666666676,100000.0,5.0,500000.0,-3577.0833333333376,-2777.083333333338
2026-02-17,CANBK,LONG,B_HUGE_GREEN_PULLBACK_HOLD_THEN_BREAK,HUGE,2026-02-17 12:00:00+05:30,2026-02-17 13:45:00+05:30,149.7499969482422,148.91826050685884,151.4134698310089,2026-02-17 14:14:00+05:30,148.91826050685884,SL,-3.577083333333313,-2.777083333333313,35.3365364074707,83.6336898803711,92.03423309326172,2.5971001865032597,3.554450014915176,0.005316174817800502,8.33446812941281,13.33,148.91826050685884,-0.7154166666666626,-0.5554166666666627,100000.0,5.0,500000.0,-3577.0833333333126,-2777.0833333333135
2026-02-17,ADANIGREEN,LONG,B_HUGE_GREEN_PULLBACK_HOLD_THEN_BREAK,HUGE,2026-02-17 12:45:00+05:30,2026-02-17 14:00:00+05:30,1013.2026,1007.5751038925,1024.457592215,2026-02-17 15:30:00+05:30,1013.5499877929688,EOD,-0.628569432723135,0.17143056727686484,29.05290985107422,70.83766174316406,77.08361053466797,2.6866330145508774,2.7632844733961703,0.007758744189272599,7.214583839244396,13.33,1007.5751038925,-0.125713886544627,0.03428611345537297,100000.0,5.0,500000.0,-628.569432723135,171.43056727686485
2026-02-18,AFFLE,SHORT,A_MOD_BREAK_C1_LOW,MODERATE,2026-02-18 10:15:00+05:30,2026-02-18 10:30:00+05:30,1534.693,1542.7949001291668,1521.7299597933331,2026-02-18 10:48:00+05:30,1521.7299597933331,TARGET,3.4233333333333924,4.223333333333392,25.817745208740234,19.186933517456055,2.9845056533813477,1.4900226092106101,3.157914792962834,0.005253654106490851,0.5080201347429603,12.67,1542.7949001291668,0.6846666666666785,0.8446666666666784,50000.0,5.0,250000.0,1711.6666666666963,2111.666666666696
2026-02-18,HERANBA,LONG,A_MOD_BREAK_C1_HIGH,MODERATE,2026-02-18 10:15:00+05:30,2026-02-18 10:30:00+05:30,216.85000305175782,215.70521574398043,219.1395776673126,2026-02-18 10:31:00+05:30,219.1395776673126,TARGET,4.4791666666666075,5.279166666666607,26.978641510009766,70.6444091796875,86.99775695800781,1.7126680088617787,2.355721787529859,0.00853979872457499,5.26233862622931,12.67,215.70521574398043,0.8958333333333215,1.0558333333333214,100000.0,5.0,500000.0,4479.166666666607,5279.166666666608
2026-02-18,AMBIKCO,SHORT,A_PULLBACK_C2_THEN_BREAK_C2_LOW,MODERATE,2026-02-18 10:15:00+05:30,2026-02-18 10:45:00+05:30,1362.7274,1369.9214650658334,1351.2168958946665,2026-02-18 15:30:00+05:30,1352.0,EOD,3.136003635063033,3.9360036350630323,25.736711502075195,27.56877326965332,12.244719505310059,0.9143689241228664,3.2690978764314167,0.003422082213907669,0.4060652342526296,12.67,1369.9214650658334,0.6272007270126065,0.7872007270126065,50000.0,5.0,250000.0,1568.0018175315163,1968.001817531516
2026-02-18,GANECOS,SHORT,A_MOD_BREAK_C1_LOW,MODERATE,2026-02-18 10:30:00+05:30,2026-02-18 10:45:00+05:30,783.3932777954102,787.5289414744385,776.7762159089649,2026-02-18 10:49:00+05:30,776.7762159089649,TARGET,3.4233333333333773,4.223333333333377,25.789030075073242,30.855886459350586,8.713444709777832,1.276630651360601,2.1926474058667336,0.006764087486620444,0.47024581511420377,12.67,787.5289414744385,0.6846666666666754,0.8446666666666753,50000.0,5.0,250000.0,1711.6666666666886,2111.6666666666883
2026-02-18,RGL,SHORT,A_PULLBACK_C2_THEN_BREAK_C2_LOW,MODERATE,2026-02-18 10:30:00+05:30,2026-02-18 11:00:00+05:30,111.1800033569336,111.76694112465542,110.24090292857869,2026-02-18 11:01:00+05:30,110.24090292857869,TARGET,3.4233333333333604,4.22333333333336,25.499950408935547,19.840913772583008,2.520895004272461,2.155702501524639,3.935943992563524,0.006976291737748903,0.5924992561340332,12.67,111.76694112465542,0.6846666666666721,0.844666666666672,50000.0,5.0,250000.0,1711.6666666666802,2111.66666666668
2026-02-18,KRN,LONG,B_HUGE_GREEN_PULLBACK_HOLD_THEN_BREAK,HUGE,2026-02-18 10:30:00+05:30,2026-02-18 12:00:00+05:30,784.1568,780.01710556,792.4361888799999,2026-02-18 12:22:00+05:30,792.4361888799999,TARGET,4.4791666666666305,5.27916666666663,42.2197265625,82.32942199707031,74.89759063720703,1.5828234473063771,4.181856303593496,0.008836187669596035,8.273840922562371,12.67,780.01710556,0.8958333333333262,1.055833333333326,100000.0,5.0,500000.0,4479.166666666631,5279.16666666663
2026-02-18,SUNPHARMA,LONG,A_MOD_BREAK_C1_HIGH,MODERATE,2026-02-18 11:45:00+05:30,2026-02-18 12:00:00+05:30,1724.9448955810547,1715.8386239864665,1743.157438770231,2026-02-18 15:30:00+05:30,1725.5,EOD,-0.6390950283781793,0.16090497162182058,29.973634719848633,64.06392669677734,61.73712921142578,1.2980681832438927,1.14617473181556,0.0023867574574032123,3.8587785572494164,12.67,1715.8386239864665,-0.12781900567563587,0.032180994324364116,100000.0,5.0,500000.0,-639.0950283781793,160.90497162182058
2026-02-18,VOLTAMP,LONG,B_HUGE_GREEN_PULLBACK_HOLD_THEN_BREAK,HUGE,2026-02-18 11:00:00+05:30,2026-02-18 12:15:00+05:30,8542.7082,8497.6098196275,8632.904960744998,2026-02-18 12:16:00+05:30,8632.904960744998,TARGET,4.479166666666595,5.279166666666595,33.33859634399414,76.81224822998047,72.96028900146484,2.0214013132907533,3.4971216466963617,0.0069910773054146485,7.573244692256189,12.67,8497.6098196275,0.895833333333319,1.055833333333319,100000.0,5.0,500000.0,4479.166666666595,5279.166666666595
2026-02-19,ZOTA,SHORT,A_MOD_BREAK_C1_LOW,MODERATE,2026-02-19 10:15:00+05:30,2026-02-19 10:30:00+05:30,1351.1297444091797,1358.2231755673279,1339.7802545561426,2026-02-19 10:40:00+05:30,1339.7802545561426,TARGET,3.3999999999999906,4.199999999999991,41.417945861816406,35.7341423034668,21.753087997436523,1.1182741475736069,1.771354910658104,0.004549728561452879,0.6655349092855325,12.22,1358.2231755673279,0.6799999999999982,0.8399999999999982,50000.0,5.0,250000.0,1699.9999999999955,2099.9999999999955
2026-02-19,GODREJIND,LONG,A_MOD_BREAK_C1_HIGH,MODERATE,2026-02-19 11:00:00+05:30,2026-02-19 11:15:00+05:30,1035.0569455810546,1029.6228966167541,1045.9250435096556,2026-02-19 11:16:00+05:30,1045.9250435096556,TARGET,4.44999999999994,5.24999999999994,58.2799072265625,77.75103759765625,72.35458374023438,1.9485706455119107,2.591490573954152,0.011389127073361892,7.421149474988551,12.22,1029.6228966167541,0.8899999999999879,1.0499999999999878,100000.0,5.0,500000.0,4449.999999999939,5249.999999999939
2026-02-19,ABREL,SHORT,A_MOD_BREAK_C1_LOW,MODERATE,2026-02-19 11:45:00+05:30,2026-02-19 12:00:00+05:30,1320.7358,1327.66966295,1309.64161928,2026-02-19 12:21:00+05:30,1309.64161928,TARGET,3.3999999999999773,4.199999999999977,51.81342697143555,17.895008087158203,8.17498779296875,2.4964285019125154,3.636414491395646,0.006606051871335142,0.96,12.22,1327.66966295,0.6799999999999955,0.8399999999999954,50000.0,5.0,250000.0,1699.9999999999889,2099.9999999999886
2026-02-19,PRUDENT,SHORT,A_MOD_BREAK_C1_LOW,MODERATE,2026-02-19 11:45:00+05:30,2026-02-19 12:00:00+05:30,2593.781188818359,2607.3985400596557,2571.993426832285,2026-02-19 12:18:00+05:30,2571.993426832285,TARGET,3.3999999999999977,4.1999999999999975,28.244117736816406,29.597999572753906,3.8083102703094482,1.9158591493464978,2.472329725878598,0.0045000330759866055,0.6189371171878832,12.22,2607.3985400596557,0.6799999999999995,0.8399999999999994,50000.0,5.0,250000.0,1699.9999999999989,2099.9999999999986
2026-02-19,CONTROLPR,SHORT,A_MOD_BREAK_C1_LOW,MODERATE,2026-02-19 12:15:00+05:30,2026-02-19 12:30:00+05:30,636.8726,640.21618115,631.52287016,2026-02-19 12:41:00+05:30,631.52287016,TARGET,3.4000000000000066,4.200000000000006,30.200071334838867,31.906490325927734,6.7204389572143555,1.9280114793466818,2.470084038059629,0.0054328475305386575,0.6504030789082522,12.22,640.21618115,0.6800000000000013,0.8400000000000013,50000.0,5.0,250000.0,1700.0000000000032,2100.000000000003
2026-02-19,RCF,SHORT,A_MOD_BREAK_C1_LOW,MODERATE,2026-02-19 12:15:00+05:30,2026-02-19 12:30:00+05:30,133.0500061035156,133.74851863555907,131.93238605224607,2026-02-19 15:16:00+05:30,131.93238605224607,TARGET,3.400000000000034,4.200000000000034,33.678932189941406,29.581806182861328,7.069138526916504,1.9118743259196902,2.1306755260243633,0.003208437366186167,0.6997619898850669,12.22,133.74851863555907,0.6800000000000068,0.8400000000000069,50000.0,5.0,250000.0,1700.000000000017,2100.0000000000173
2026-02-19,TATVA,LONG,B_HUGE_GREEN_PULLBACK_HOLD_THEN_BREAK,HUGE,2026-02-19 11:00:00+05:30,2026-02-19 14:00:00+05:30,1245.0490088378906,1238.5125015414917,1258.1220234306884,2026-02-19 14:34:00+05:30,1258.1220234306884,TARGET,4.449999999999975,5.249999999999975,27.578073501586914,68.98431396484375,72.36324310302734,1.1093772904516503,2.4831700814846567,0.00829557201812679,5.728863108773651,12.22,1238.5125015414917,0.889999999999995,1.049999999999995,100000.0,5.0,500000.0,4449.9999999999745,5249.9999999999745
2026-02-19,DWARKESH,SHORT,A_MOD_BREAK_C1_LOW,MODERATE,2026-02-19 14:15:00+05:30,2026-02-19 14:30:00+05:30,35.42000122070313,35.60595622711182,35.12247321044922,2026-02-19 15:03:00+05:30,35.12247321044922,TARGET,3.399999999999995,4.199999999999996,30.812381744384766,26.590261459350586,11.928004264831543,2.954845510008474,2.7974074625796965,0.003865353283789934,0.6721857261657715,12.22,35.60595622711182,0.679999999999999,0.8399999999999991,50000.0,5.0,250000.0,1699.9999999999975,2099.9999999999977
2026-02-20,AARTIPHARM,SHORT,A_MOD_BREAK_C1_LOW,MODERATE,2026-02-20 10:45:00+05:30,2026-02-20 11:00:00+05:30,710.0579722045899,714.0402139987041,703.6863853340074,2026-02-20 13:11:00+05:30,703.6863853340074,TARGET,3.6866666666666656,4.4866666666666655,25.51214027404785,37.952327728271484,40.12627410888672,0.9765567745983045,1.2032528304427983,0.006315362748341442,0.3737421811875609,13.46,714.0402139987041,0.7373333333333332,0.8973333333333331,50000.0,5.0,250000.0,1843.3333333333328,2243.333333333333
2026-02-20,YATRA,SHORT,A_MOD_BREAK_C1_LOW,MODERATE,2026-02-20 10:45:00+05:30,2026-02-20 11:00:00+05:30,147.77000732421874,148.59875078196208,146.4440177918294,2026-02-20 11:58:00+05:30,148.59875078196208,SL,-3.6041666666667216,-2.8041666666667213,32.49217224121094,15.696887969970703,3.8318164348602295,1.827774071729462,3.3406853476652305,0.009677281527328533,0.6672430461708199,13.46,148.59875078196208,-0.7208333333333443,-0.5608333333333443,50000.0,5.0,250000.0,-1802.0833333333608,-1402.0833333333605
2026-02-20,ARVINDFASN,SHORT,A_MOD_BREAK_C1_LOW,MODERATE,2026-02-20 11:30:00+05:30,2026-02-20 11:45:00+05:30,458.5082861022949,461.079753406852,454.3939384150036,2026-02-20 12:24:00+05:30,454.3939384150036,TARGET,3.686666666666696,4.486666666666696,49.030418395996094,24.88721466064453,12.304070472717285,1.4184984031165004,2.385519919435604,0.007838857128494255,0.8436934964853289,13.46,461.079753406852,0.7373333333333392,0.8973333333333391,50000.0,5.0,250000.0,1843.3333333333478,2243.3333333333476
2026-02-20,BLAL,SHORT,A_MOD_BREAK_C1_LOW,MODERATE,2026-02-20 11:30:00+05:30,2026-02-20 11:45:00+05:30,187.95,189.00408625,186.26346199999998,2026-02-20 12:06:00+05:30,189.00408625,SL,-3.604166666666697,-2.8041666666666973,25.463163375854492,36.711307525634766,64.60125732421875,0.751540506495449,1.2503660531084388,0.006219608986631353,0.3359853419299429,13.46,189.00408625,-0.7208333333333394,-0.5608333333333395,50000.0,5.0,250000.0,-1802.0833333333487,-1402.0833333333487
2026-02-20,SHYAMMETL,SHORT,A_MOD_BREAK_C1_LOW,MODERATE,2026-02-20 12:15:00+05:30,2026-02-20 12:30:00+05:30,835.8827777954101,840.5706870408794,828.3821230026592,2026-02-20 12:45:00+05:30,840.5706870408794,SL,-3.6041666666666994,-2.8041666666667,62.3735466003418,22.159433364868164,7.815986633300781,1.5274001402900392,2.652961282801891,0.007279838233866705,0.8772950245507567,13.46,840.5706870408794,-0.7208333333333399,-0.56083333333334,50000.0,5.0,250000.0,-1802.0833333333499,-1402.0833333333499
2026-02-20,JKTYRE,SHORT,A_MOD_BREAK_C1_LOW,MODERATE,2026-02-20 13:00:00+05:30,2026-02-20 13:15:00+05:30,535.0429944091796,538.0436938694912,530.2418752726812,2026-02-20 13:16:00+05:30,530.2418752726812,TARGET,3.686666666666707,4.486666666666706,51.55410385131836,22.277305603027344,4.646074295043945,2.4521686748798914,2.8187561733443376,0.008562635962922352,0.96,13.46,538.0436938694912,0.7373333333333414,0.8973333333333413,50000.0,5.0,250000.0,1843.3333333333535,2243.333333333353
2026-02-20,EPIGRAL,SHORT,A_MOD_BREAK_C1_LOW,MODERATE,2026-02-20 13:15:00+05:30,2026-02-20 13:30:00+05:30,939.812,945.0827789666668,931.3787536533333,2026-02-20 13:34:00+05:30,945.0827789666668,SL,-3.604166666666705,-2.8041666666667053,65.842041015625,21.71038818359375,2.0602831840515137,2.885114768286142,3.7058752397756196,0.005597922566385466,0.96,13.46,945.0827789666668,-0.720833333333341,-0.5608333333333411,50000.0,5.0,250000.0,-1802.0833333333526,-1402.0833333333526
2026-02-20,VGUARD,SHORT,A_MOD_BREAK_C1_LOW,MODERATE,2026-02-20 14:15:00+05:30,2026-02-20 14:30:00+05:30,316.4866777954102,318.2616405800461,313.6467373399927,2026-02-20 15:30:00+05:30,314.54998779296875,EOD,2.259670656490284,3.059670656490284,42.389198303222656,21.886995315551758,4.5666680335998535,2.4161336186954934,3.132163436723711,0.004161875907564263,0.8458379745483398,13.46,318.2616405800461,0.4519341312980569,0.6119341312980568,50000.0,5.0,250000.0,1129.8353282451424,1529.8353282451421
2026-02-23,CIGNITITEC,SHORT,A_MOD_BREAK_C1_LOW,MODERATE,2026-02-23 10:00:00+05:30,2026-02-23 10:15:00+05:30,1293.0413888183593,1300.7780864614558,1280.662672589405,2026-02-23 10:36:00+05:30,1280.662672589405,TARGET,3.986666666666625,4.786666666666624,35.60047149658203,25.182903289794922,20.98133087158203,1.067542019967887,3.126734555242314,0.006900157707538383,0.5808269259431107,14.36,1300.7780864614558,0.797333333333325,0.9573333333333249,50000.0,5.0,250000.0,1993.3333333333128,2393.3333333333126
2026-02-23,COFORGE,SHORT,A_MOD_BREAK_C1_LOW,MODERATE,2026-02-23 10:15:00+05:30,2026-02-23 10:30:00+05:30,1304.739,1312.5456883499999,1292.24829864,2026-02-23 10:43:00+05:30,1292.24829864,TARGET,3.9866666666666672,4.786666666666667,34.83296585083008,21.12091064453125,9.456679344177246,1.426885559358968,3.2129972820725388,0.00799846539678037,0.6321994606502706,14.36,1312.5456883499999,0.7973333333333334,0.9573333333333335,50000.0,5.0,250000.0,1993.3333333333335,2393.3333333333335
2026-02-23,PENIND,SHORT,A_MOD_BREAK_C1_LOW,MODERATE,2026-02-23 10:15:00+05:30,2026-02-23 10:30:00+05:30,146.2500030517578,147.12506557001748,144.84990302254232,2026-02-23 11:02:00+05:30,144.84990302254232,TARGET,3.986666666666616,4.786666666666616,27.369949340820312,29.329608917236328,17.119487762451172,1.523048763777446,2.5808102269220456,0.008571044678359025,0.5370827737733577,14.36,147.12506557001748,0.7973333333333232,0.9573333333333233,50000.0,5.0,250000.0,1993.333333333308,2393.333333333308
2026-02-23,WIPRO,SHORT,A_MOD_BREAK_C1_LOW,MODERATE,2026-02-23 10:30:00+05:30,2026-02-23 10:45:00+05:30,205.47000427246093,206.69939979802447,203.50297143155925,2026-02-23 15:30:00+05:30,205.92999267578125,EOD,-1.9193565818745055,-1.1193565818745057,25.93145179748535,17.475509643554688,4.297231197357178,2.5253200721466387,3.692409519740398,0.004478832979540999,0.5989717769622802,14.36,206.69939979802447,-0.38387131637490113,-0.22387131637490112,50000.0,5.0,250000.0,-959.6782909372529,-559.6782909372528
2026-02-23,LATENTVIEW,SHORT,A_MOD_BREAK_C1_LOW,MODERATE,2026-02-23 10:45:00+05:30,2026-02-23 11:00:00+05:30,354.2791361022949,356.39890626664027,350.8875038393423,2026-02-23 13:15:00+05:30,350.8875038393423,TARGET,3.9866666666666326,4.786666666666632,51.621299743652344,16.22669792175293,6.587194442749023,2.3700218265535997,3.8901773184630506,0.007568591448456168,0.96,14.36,356.39890626664027,0.7973333333333266,0.9573333333333265,50000.0,5.0,250000.0,1993.3333333333167,2393.333333333316
2026-02-23,TATAELXSI,SHORT,A_MOD_BREAK_C1_LOW,MODERATE,2026-02-23 10:45:00+05:30,2026-02-23 11:00:00+05:30,4763.5471,4792.048990148332,4717.944075762666,2026-02-23 12:25:00+05:30,4717.944075762666,TARGET,3.9866666666666903,4.78666666666669,29.14719581604004,30.68613052368164,5.880826950073242,1.6634954261782242,2.475075390119975,0.005933651164914918,0.5883196368217898,14.36,4792.048990148332,0.7973333333333381,0.957333333333338,50000.0,5.0,250000.0,1993.3333333333453,2393.333333333345
2026-02-23,UGROCAP,SHORT,A_MOD_BREAK_C1_LOW,MODERATE,2026-02-23 10:45:00+05:30,2026-02-23 11:00:00+05:30,114.2999984741211,114.98389346499124,113.20576648872884,2026-02-23 11:09:00+05:30,113.20576648872884,TARGET,3.9866666666666797,4.7866666666666795,63.53375244140625,7.931044101715088,3.3701906204223633,1.9755421718363422,4.101043020980788,0.009500905444345351,0.9557198800713598,14.36,114.98389346499124,0.7973333333333359,0.9573333333333359,50000.0,5.0,250000.0,1993.3333333333396,2393.33333333334
2026-02-23,MAZDOCK,SHORT,A_MOD_BREAK_C1_LOW,MODERATE,2026-02-23 14:15:00+05:30,2026-02-23 14:30:00+05:30,2284.9428223632813,2298.614396917088,2263.06830307719,2026-02-23 15:30:00+05:30,2284.10009765625,EOD,-0.6155917297397294,0.1844082702602704,36.449928283691406,23.804866790771484,4.382053375244141,3.2359925246407273,2.745975954329803,0.004152239745602302,0.7567489242553711,14.36,2298.614396917088,-0.12311834594794589,0.03688165405205408,50000.0,5.0,250000.0,-307.7958648698647,92.2041351301352
2026-02-24,CIGNITITEC,SHORT,A_MOD_BREAK_C1_LOW,MODERATE,2026-02-24 10:00:00+05:30,2026-02-24 10:15:00+05:30,1216.1567444091797,1223.337136520962,1204.6681170303277,2026-02-24 10:18:00+05:30,1204.6681170303277,TARGET,3.9233333333333187,4.7233333333333185,46.501747131347656,15.57632064819336,4.687480449676514,1.7009500545337486,5.348675013056194,0.007361668207373781,0.8551924665136208,14.17,1223.337136520962,0.7846666666666637,0.9446666666666638,50000.0,5.0,250000.0,1961.6666666666592,2361.6666666666597
2026-02-24,YATRA,SHORT,A_MOD_BREAK_C1_LOW,MODERATE,2026-02-24 10:15:00+05:30,2026-02-24 10:30:00+05:30,129.0500061035156,129.8119388478851,127.83091371252439,2026-02-24 10:31:00+05:30,127.83091371252439,TARGET,3.923333333333374,4.7233333333333745,34.30581283569336,9.7034912109375,8.21834659576416,2.159844660418286,5.417490460848242,0.015615489475299976,0.7245871925354004,14.17,129.8119388478851,0.7846666666666748,0.9446666666666749,50000.0,5.0,250000.0,1961.666666666687,2361.6666666666874
2026-02-24,GMMPFAUDLR,SHORT,A_MOD_BREAK_C1_LOW,MODERATE,2026-02-24 10:45:00+05:30,2026-02-24 11:00:00+05:30,949.81,955.4178365416666,940.8374615333332,2026-02-24 12:05:00+05:30,940.8374615333332,TARGET,3.923333333333362,4.723333333333361,33.00235366821289,19.664514541625977,5.403416633605957,2.068344502917301,3.417983783054272,0.004515036532753393,0.7050353050231932,14.17,955.4178365416666,0.7846666666666724,0.9446666666666723,50000.0,5.0,250000.0,1961.666666666681,2361.6666666666806
2026-02-24,INDIANHUME,SHORT,A_MOD_BREAK_C1_LOW,MODERATE,2026-02-24 11:30:00+05:30,2026-02-24 11:45:00+05:30,350.5798638977051,352.64974584413443,347.26805278341806,2026-02-24 12:05:00+05:30,347.26805278341806,TARGET,3.923333333333386,4.723333333333387,45.233917236328125,28.98178482055664,10.8877592086792,0.8533215855978229,2.497340730414244,0.004736102374422535,0.6878400360245409,14.17,352.64974584413443,0.7846666666666773,0.9446666666666773,50000.0,5.0,250000.0,1961.6666666666931,2361.6666666666933
2026-02-24,HCLTECH,SHORT,A_MOD_BREAK_C1_LOW,MODERATE,2026-02-24 12:00:00+05:30,2026-02-24 12:15:00+05:30,1349.1301444091796,1357.0956336367954,1336.3853616449942,2026-02-24 12:42:00+05:30,1336.3853616449942,TARGET,3.923333333333341,4.723333333333341,51.051578521728516,14.013261795043945,1.6499691009521484,1.7449877899936894,3.2994183344899657,0.007676123578972949,0.9153728632488956,14.17,1357.0956336367954,0.7846666666666682,0.9446666666666681,50000.0,5.0,250000.0,1961.6666666666706,2361.66666666667
2026-02-24,LTIM,SHORT,A_MOD_BREAK_C1_LOW,MODERATE,2026-02-24 12:00:00+05:30,2026-02-24 12:15:00+05:30,4576.0846,4603.102566159167,4532.855854145333,2026-02-24 12:41:00+05:30,4532.855854145333,TARGET,3.9233333333333773,4.723333333333377,40.50107192993164,16.43517303466797,1.9177786111831665,2.806311334540364,3.9225167410714286,0.00764525993883792,0.8175160789489746,14.17,4603.102566159167,0.7846666666666755,0.9446666666666754,50000.0,5.0,250000.0,1961.6666666666888,2361.6666666666883
2026-02-24,RPSGVENT,SHORT,A_MOD_BREAK_C1_LOW,MODERATE,2026-02-24 12:00:00+05:30,2026-02-24 12:15:00+05:30,674.865,678.8495154374999,668.4897753,2026-02-24 13:30:00+05:30,678.8495154374999,SL,-3.752083333333265,-2.952083333333265,60.09818649291992,24.566410064697266,8.105563163757324,1.4294855333765362,2.833179614517456,0.0054603018584074795,0.8601599683408938,14.17,678.8495154374999,-0.750416666666653,-0.590416666666653,50000.0,5.0,250000.0,-1876.0416666666324,-1476.0416666666326
2026-02-24,LXCHEM,SHORT,A_MOD_BREAK_C1_LOW,MODERATE,2026-02-24 12:15:00+05:30,2026-02-24 12:30:00+05:30,131.8699981689453,132.64858061646777,130.62426625290934,2026-02-24 15:22:00+05:30,132.64858061646777,SL,-3.7520833333332804,-2.95208333333328,41.459259033203125,18.909107208251953,1.584306001663208,2.291566577650203,2.9616808669079937,0.0049849025595904446,0.8318888854980468,14.17,132.64858061646777,-0.7504166666666561,-0.590416666666656,50000.0,5.0,250000.0,-1876.0416666666401,-1476.0416666666401
2026-02-24,MAYURUNIQ,SHORT,A_MOD_BREAK_C1_LOW,MODERATE,2026-02-24 12:15:00+05:30,2026-02-24 12:30:00+05:30,543.9911555908203,547.2029700386211,538.852252474339,2026-02-24 12:33:00+05:30,538.852252474339,TARGET,3.9233333333333387,4.723333333333338,46.73965072631836,25.61496925354004,2.1422715187072754,2.1842073436245864,3.225771214818631,0.0067169228825000446,0.9110947608947753,14.17,547.2029700386211,0.7846666666666677,0.9446666666666677,50000.0,5.0,250000.0,1961.6666666666692,2361.6666666666692
2026-02-24,TATATECH,SHORT,A_MOD_BREAK_C1_LOW,MODERATE,2026-02-24 12:30:00+05:30,2026-02-24 12:45:00+05:30,574.4350777954102,577.8266382338938,569.0085810938361,2026-02-24 14:28:00+05:30,569.0085810938361,TARGET,3.9233333333333764,4.723333333333376,44.02748107910156,18.972667694091797,2.3988354206085205,2.4129451778865176,3.4842371286894935,0.0065607242263287955,0.8704122161865233,14.17,577.8266382338938,0.7846666666666753,0.9446666666666752,50000.0,5.0,250000.0,1961.6666666666883,2361.666666666688
2026-02-24,CELLO,SHORT,A_PULLBACK_C2_THEN_BREAK_C2_LOW,MODERATE,2026-02-24 12:30:00+05:30,2026-02-24 13:00:00+05:30,428.9142,431.44658092249995,424.862390524,2026-02-24 15:30:00+05:30,428.0,EOD,0.26571430836283116,1.065714308362831,38.26710891723633,24.908550262451172,8.714739799499512,0.8049278085619629,1.9487934560327198,0.005652687766335227,0.5723086730585243,14.17,431.44658092249995,0.05314286167256624,0.21314286167256621,50000.0,5.0,250000.0,132.8571541814156,532.8571541814156
2026-02-24,CAMS,SHORT,A_MOD_BREAK_C1_LOW,MODERATE,2026-02-24 12:45:00+05:30,2026-02-24 13:00:00+05:30,706.4086777954102,710.5794323638938,699.7354704858362,2026-02-24 15:20:00+05:30,710.5794323638938,SL,-3.7520833333332595,-2.9520833333332597,37.41448211669922,28.671737670898438,7.229222297668457,1.6125395073183022,2.0377868912550268,0.0041687003533441664,0.7034116455311912,14.17,710.5794323638938,-0.7504166666666519,-0.5904166666666519,50000.0,5.0,250000.0,-1876.0416666666297,-1476.04166666663
2026-02-24,SBICARD,SHORT,A_MOD_BREAK_C1_LOW,MODERATE,2026-02-24 12:45:00+05:30,2026-02-24 13:00:00+05:30,761.8476,766.345675205,754.650679672,2026-02-24 13:42:00+05:30,766.345675205,SL,-3.7520833333333092,-2.952083333333309,32.24863815307617,24.694189071655273,3.232757329940796,1.7833044382561274,2.8486500087468443,0.0050759359294661075,0.6558078489909649,14.17,766.345675205,-0.7504166666666618,-0.5904166666666618,50000.0,5.0,250000.0,-1876.0416666666545,-1476.0416666666547
2026-02-24,PHOENIXLTD,SHORT,A_MOD_BREAK_C1_LOW,MODERATE,2026-02-24 13:00:00+05:30,2026-02-24 13:15:00+05:30,1690.4618888183593,1700.4426575535908,1674.4926588419885,2026-02-24 13:47:00+05:30,1674.4926588419885,TARGET,3.9233333333333418,4.7233333333333425,27.188636779785156,36.34202194213867,16.315147399902344,1.352915954666334,1.7941146822781375,0.004653502173089713,0.49429557787729267,14.17,1700.4426575535908,0.7846666666666684,0.9446666666666684,50000.0,5.0,250000.0,1961.666666666671,2361.666666666671
2026-02-24,ECLERX,SHORT,A_PULLBACK_C2_THEN_BREAK_C2_LOW,MODERATE,2026-02-24 14:00:00+05:30,2026-02-24 14:30:00+05:30,3345.5307111816405,3365.2832820889084,3313.926597730011,2026-02-24 15:30:00+05:30,3350.0,EOD,-1.467949154288427,-0.667949154288427,57.357025146484375,19.01910972595215,6.412367820739746,3.7784106814552247,3.694506460733768,0.00383978188306842,0.96,14.17,3365.2832820889084,-0.2935898308576854,-0.13358983085768542,50000.0,5.0,250000.0,-733.9745771442135,-333.9745771442136
2026-02-25,CHALET,SHORT,A_MOD_BREAK_C1_LOW,MODERATE,2026-02-25 10:00:00+05:30,2026-02-25 10:15:00+05:30,835.8328,840.7607308833334,827.9481105866668,2026-02-25 10:24:00+05:30,827.9481105866668,TARGET,3.916666666666624,4.716666666666624,57.21104049682617,28.541677474975586,15.214115142822266,1.292989143246413,2.39719869171106,0.004532642626876466,0.8362731000681223,14.15,840.7607308833334,0.7833333333333248,0.9433333333333248,50000.0,5.0,250000.0,1958.3333333333119,2358.333333333312
2026-02-25,CELLO,SHORT,A_MOD_BREAK_C1_LOW,MODERATE,2026-02-25 10:15:00+05:30,2026-02-25 10:30:00+05:30,418.66625,421.1346364322917,414.71683170833336,2026-02-25 13:28:00+05:30,414.71683170833336,TARGET,3.916666666666625,4.716666666666625,49.563690185546875,13.36297607421875,6.918520927429199,1.471279555354204,4.447717210083294,0.004199685692147407,0.8609292749701887,14.15,421.1346364322917,0.783333333333325,0.943333333333325,50000.0,5.0,250000.0,1958.3333333333123,2358.3333333333126
2026-02-25,GANESHHOU,SHORT,A_MOD_BREAK_C1_LOW,MODERATE,2026-02-25 10:45:00+05:30,2026-02-25 11:00:00+05:30,664.8170222045899,668.7366725646712,658.5455816284599,2026-02-25 11:51:00+05:30,668.7366725646712,SL,-3.747916666666704,-2.947916666666704,32.29026412963867,14.504678726196289,8.578420639038086,2.71717473833622,4.529083098164403,0.0070037499170456105,0.69435396194458,14.15,668.7366725646712,-0.7495833333333408,-0.5895833333333408,50000.0,5.0,250000.0,-1873.9583333333521,-1473.9583333333521
2026-02-25,LICHSGFIN,LONG,B_HUGE_GREEN_PULLBACK_HOLD_THEN_BREAK,HUGE,2026-02-25 10:30:00+05:30,2026-02-25 11:45:00+05:30,548.7096955810547,545.4745946675247,555.1798974081146,2026-02-25 12:37:00+05:30,545.4745946675247,SL,-3.7479166666666996,-2.9479166666667,28.759117126464844,84.64390563964844,93.66085815429688,2.2456474160199917,4.541539248928411,0.004718666485467093,8.795497159450704,14.15,545.4745946675247,-0.7495833333333399,-0.58958333333334,100000.0,5.0,500000.0,-3747.9166666666997,-2947.9166666667
2026-02-25,GRAPHITE,LONG,B_HUGE_GREEN_PULLBACK_HOLD_THEN_BREAK,HUGE,2026-02-25 11:00:00+05:30,2026-02-25 12:15:00+05:30,718.1436,713.909545025,726.61170995,2026-02-25 12:24:00+05:30,726.61170995,TARGET,5.095833333333323,5.895833333333322,27.382938385009766,77.05079650878906,91.09984588623047,2.1878881142824547,3.651980697597384,0.007667403441359322,7.883657732350642,14.15,713.909545025,1.0191666666666646,1.1791666666666645,100000.0,5.0,500000.0,5095.833333333323,5895.833333333322
2026-02-25,CONCORDBIO,LONG,B_HUGE_GREEN_PULLBACK_HOLD_THEN_BREAK,HUGE,2026-02-25 11:30:00+05:30,2026-02-25 13:15:00+05:30,1217.2434,1210.0667357875,1231.596728425,2026-02-25 13:17:00+05:30,1231.596728425,TARGET,5.095833333333322,5.8958333333333215,35.87057876586914,84.61209106445312,84.88482666015625,1.0598358945798765,3.9062401908151334,0.012176365057969473,7.428038664868661,14.15,1210.0667357875,1.0191666666666643,1.1791666666666643,100000.0,5.0,500000.0,5095.833333333322,5895.833333333321
2026-02-25,EDELWEISS,SHORT,A_MOD_BREAK_C1_LOW,MODERATE,2026-02-25 13:00:00+05:30,2026-02-25 13:15:00+05:30,117.46999664306641,118.16258016494116,116.36186300806682,2026-02-25 15:10:00+05:30,118.16258016494116,SL,-3.7479166666666943,-2.9479166666666945,28.32400131225586,25.252771377563477,10.372961044311523,2.9295870945529314,2.7159817073175097,0.0070736949978412325,0.6348600196838379,14.15,118.16258016494116,-0.7495833333333388,-0.5895833333333389,50000.0,5.0,250000.0,-1873.9583333333471,-1473.9583333333474
2026-02-25,ATL,SHORT,A_MOD_BREAK_C1_LOW,MODERATE,2026-02-25 14:15:00+05:30,2026-02-25 14:30:00+05:30,24.7,24.845627083333333,24.466996666666667,2026-02-25 14:32:00+05:30,24.466996666666667,TARGET,3.916666666666652,4.716666666666651,29.995027542114258,27.39325523376465,6.140581130981445,3.559034405812534,3.216986974050493,0.005654284079470497,0.6599254131317138,14.15,24.845627083333333,0.7833333333333303,0.9433333333333302,50000.0,5.0,250000.0,1958.3333333333258,2358.3333333333258
2026-02-26,IGPL,SHORT,A_MOD_BREAK_C1_LOW,MODERATE,2026-02-26 11:00:00+05:30,2026-02-26 11:15:00+05:30,364.927,366.9781938458334,361.6450898466667,2026-02-26 13:59:00+05:30,361.6450898466667,TARGET,3.696666666666679,4.4966666666666795,35.4743766784668,32.640174865722656,14.000041007995605,1.2042526893825038,2.5126925715711343,0.002681031945633562,0.6028598708189401,13.49,366.9781938458334,0.7393333333333358,0.8993333333333359,50000.0,5.0,250000.0,1848.3333333333396,2248.3333333333394
2026-02-26,MUTHOOTFIN,SHORT,A_MOD_BREAK_C1_LOW,MODERATE,2026-02-26 12:00:00+05:30,2026-02-26 12:15:00+05:30,3449.4100776367186,3468.798636781435,3418.3883830051723,2026-02-26 12:42:00+05:30,3418.3883830051723,TARGET,3.6966666666666814,4.496666666666681,25.588247299194336,31.481464385986328,12.664485931396484,1.847095427868672,2.0865443732972944,0.0043008969515742615,0.5670654093649325,13.49,3468.798636781435,0.7393333333333363,0.8993333333333363,50000.0,5.0,250000.0,1848.3333333333408,2248.3333333333408
2026-02-26,TRENT,SHORT,A_MOD_BREAK_C1_LOW,MODERATE,2026-02-26 12:00:00+05:30,2026-02-26 12:15:00+05:30,3859.827977636719,3881.5234273943524,3825.115258024506,2026-02-26 14:54:00+05:30,3881.5234273943524,SL,-3.610416666666719,-2.8104166666667196,28.559398651123047,26.111351013183594,11.638484954833984,2.310052140048234,2.7703407324159697,0.004463703670296883,0.6383909797668457,13.49,3881.5234273943524,-0.7220833333333438,-0.5620833333333439,50000.0,5.0,250000.0,-1805.2083333333596,-1405.2083333333599
2026-02-26,REMSONSIND,SHORT,A_MOD_BREAK_C1_LOW,MODERATE,2026-02-26 12:15:00+05:30,2026-02-26 12:30:00+05:30,111.45,112.07644187500001,110.447693,2026-02-26 13:37:00+05:30,112.07644187500001,SL,-3.610416666666719,-2.8104166666667196,27.183650970458984,38.84334945678711,28.217853546142578,1.3289888515209873,1.5056748862730565,0.006681609581404202,0.47561155788671033,13.49,112.07644187500001,-0.7220833333333438,-0.5620833333333439,50000.0,5.0,250000.0,-1805.2083333333596,-1405.2083333333599
2026-02-26,ARVINDFASN,SHORT,A_MOD_BREAK_C1_LOW,MODERATE,2026-02-26 13:15:00+05:30,2026-02-26 13:30:00+05:30,434.51308610229495,436.9554117404283,430.60536508128166,2026-02-26 13:44:00+05:30,436.9554117404283,SL,-3.61041666666671,-2.8104166666667107,39.5435791015625,27.852920532226562,3.0439023971557617,2.902380128699249,2.5188553679994796,0.003368884739164048,0.8031536865234374,13.49,436.9554117404283,-0.7220833333333421,-0.5620833333333421,50000.0,5.0,250000.0,-1805.2083333333553,-1405.2083333333553
2026-02-27,SSDL,SHORT,A_MOD_BREAK_C1_LOW,MODERATE,2026-02-27 10:00:00+05:30,2026-02-27 10:15:00+05:30,62.60000152587891,62.94064986751556,62.05496417926026,2026-02-27 15:01:00+05:30,62.05496417926026,TARGET,3.553333333333307,4.353333333333308,31.669517517089844,45.285037994384766,26.19046974182129,0.9045233665007947,0.6003269654266735,0.00998746059110331,0.42335070016532045,13.06,62.94064986751556,0.7106666666666615,0.8706666666666615,50000.0,5.0,250000.0,1776.6666666666536,2176.666666666654
2026-02-27,EMAMILTD,SHORT,A_MOD_BREAK_C1_LOW,MODERATE,2026-02-27 10:15:00+05:30,2026-02-27 10:30:00+05:30,467.35652220458985,469.8997206129198,463.2874047512619,2026-02-27 15:02:00+05:30,463.2874047512619,TARGET,3.5533333333333497,4.3533333333333495,28.60915756225586,26.207033157348633,6.4885382652282715,1.9163404182120707,3.4053198760787393,0.0037577961956569623,0.6244969366209503,13.06,469.8997206129198,0.7106666666666699,0.8706666666666698,50000.0,5.0,250000.0,1776.6666666666747,2176.6666666666742
2026-02-27,SBFC,SHORT,A_PULLBACK_C2_THEN_BREAK_C2_LOW,MODERATE,2026-02-27 10:15:00+05:30,2026-02-27 10:45:00+05:30,94.61000366210938,95.12483976537068,93.78626589689128,2026-02-27 12:46:00+05:30,95.12483976537068,SL,-3.5208333333332833,-2.7208333333332835,33.574058532714844,29.028047561645508,9.080376625061035,1.3720277971871677,3.273690652260586,0.004596135073496498,0.6037157424984769,13.06,95.12483976537068,-0.7041666666666566,-0.5441666666666567,50000.0,5.0,250000.0,-1760.4166666666415,-1360.4166666666417
2026-02-27,KARURVYSYA,SHORT,A_MOD_BREAK_C1_LOW,MODERATE,2026-02-27 10:45:00+05:30,2026-02-27 11:00:00+05:30,328.0843638977051,329.86968964458174,325.2278427027024,2026-02-27 11:17:00+05:30,325.2278427027024,TARGET,3.553333333333354,4.353333333333354,42.3077507019043,19.92306137084961,12.020485877990723,1.5100681102186941,2.905120066875307,0.007374540290358927,0.7588781798168358,13.06,329.86968964458174,0.7106666666666708,0.8706666666666708,50000.0,5.0,250000.0,1776.666666666677,2176.666666666677
2026-02-27,CREDITACC,SHORT,A_MOD_BREAK_C1_LOW,MODERATE,2026-02-27 11:00:00+05:30,2026-02-27 11:15:00+05:30,1267.7464,1274.6450533266666,1256.7085546773333,2026-02-27 11:21:00+05:30,1256.7085546773333,TARGET,3.553333333333357,4.353333333333357,41.77212142944336,19.798837661743164,1.1118195056915283,2.2879355286596805,3.9485216627261766,0.007970918992340377,0.8365818214416503,13.06,1274.6450533266666,0.7106666666666714,0.8706666666666714,50000.0,5.0,250000.0,1776.6666666666786,2176.6666666666783
2026-02-27,JKTYRE,SHORT,A_MOD_BREAK_C1_LOW,MODERATE,2026-02-27 11:45:00+05:30,2026-02-27 12:00:00+05:30,508.8982,511.66745437166657,504.46739300533335,2026-02-27 14:28:00+05:30,504.46739300533335,TARGET,3.553333333333293,4.353333333333293,37.578025817871094,24.193578720092773,4.666368007659912,1.9908634490632802,2.8126600994164668,0.00814204900954086,0.7720714908541404,13.06,511.66745437166657,0.7106666666666586,0.8706666666666585,50000.0,5.0,250000.0,1776.6666666666465,2176.666666666646
2026-02-27,SAFARI,SHORT,A_PULLBACK_C2_THEN_BREAK_C2_LOW,MODERATE,2026-02-27 12:45:00+05:30,2026-02-27 13:15:00+05:30,1821.6356,1831.5483337233331,1805.7752260426669,2026-02-27 13:16:00+05:30,1805.7752260426669,TARGET,3.553333333333295,4.353333333333295,38.75407409667969,30.00260353088379,21.924135208129883,1.1188608838765275,1.7817563549015394,0.004870310106973235,0.6261995838736647,13.06,1831.5483337233331,0.710666666666659,0.870666666666659,50000.0,5.0,250000.0,1776.6666666666476,2176.6666666666474
2026-02-27,KDDL,LONG,B_HUGE_GREEN_PULLBACK_HOLD_THEN_BREAK,HUGE,2026-02-27 12:00:00+05:30,2026-02-27 14:00:00+05:30,2455.491,2442.129036475,2482.21492705,2026-02-27 14:38:00+05:30,2442.129036475,SL,-3.520833333333372,-2.7208333333333723,33.11375427246094,82.91314697265625,68.4300308227539,2.2061296175865537,3.878157661288245,0.00937652581650353,8.667961733000672,13.06,2442.129036475,-0.7041666666666744,-0.5441666666666745,100000.0,5.0,500000.0,-3520.8333333333717,-2720.8333333333726
2026-03-02,JTLIND,SHORT,A_MOD_BREAK_C1_LOW,MODERATE,2026-03-02 10:30:00+05:30,2026-03-02 10:45:00+05:30,60.0499984741211,60.392783882077545,59.50154182139079,2026-03-02 10:49:00+05:30,59.50154182139079,TARGET,3.7666666666666893,4.5666666666666895,34.299591064453125,14.614631652832031,29.097227096557617,0.43956065312570364,3.6876861627192614,0.009998814169833743,0.451416980263795,13.7,60.392783882077545,0.7533333333333379,0.9133333333333379,50000.0,5.0,250000.0,1883.3333333333446,2283.333333333345
2026-03-02,GHCL,SHORT,A_MOD_BREAK_C1_LOW,MODERATE,2026-03-02 10:45:00+05:30,2026-03-02 11:00:00+05:30,469.0061861022949,471.68342974796224,464.72259626922727,2026-03-02 12:24:00+05:30,464.72259626922727,TARGET,3.7666666666666924,4.566666666666693,46.939334869384766,17.428321838378906,6.200181007385254,1.8187581940594815,3.4139091564877555,0.005489244899918154,0.8823727070011806,13.7,471.68342974796224,0.7533333333333385,0.9133333333333385,50000.0,5.0,250000.0,1883.3333333333462,2283.333333333346
2026-03-02,VPRPL,SHORT,A_MOD_BREAK_C1_LOW,MODERATE,2026-03-02 11:00:00+05:30,2026-03-02 11:15:00+05:30,42.26000137329102,42.501235547796895,41.87402669408163,2026-03-02 13:26:00+05:30,41.87402669408163,TARGET,3.7666666666666524,4.566666666666653,52.06700134277344,16.79656410217285,30.89134407043457,0.671950742840616,3.266732760256783,0.008471724422166909,0.7275913799971077,13.7,42.501235547796895,0.7533333333333305,0.9133333333333306,50000.0,5.0,250000.0,1883.3333333333262,2283.3333333333267
2026-03-02,GRAPHITE,SHORT,A_MOD_BREAK_C1_LOW,MODERATE,2026-03-02 11:15:00+05:30,2026-03-02 11:30:00+05:30,700.3099222045898,704.3075246771745,693.9137582484545,2026-03-02 12:47:00+05:30,704.3075246771745,SL,-3.6541666666667263,-2.8541666666667265,41.51069259643555,29.475435256958008,45.84761428833008,0.6603076417592363,1.8263013282554874,0.013468845874044443,0.589529292667174,13.7,704.3075246771745,-0.7308333333333452,-0.5708333333333453,50000.0,5.0,250000.0,-1827.083333333363,-1427.0833333333633
2026-03-02,IRMENERGY,SHORT,A_MOD_BREAK_C1_LOW,MODERATE,2026-03-02 11:15:00+05:30,2026-03-02 11:30:00+05:30,228.0500061035156,229.3517915550232,225.9671493811035,2026-03-02 13:54:00+05:30,225.9671493811035,TARGET,3.766666666666685,4.566666666666684,30.38310432434082,38.89954376220703,27.24038314819336,0.5510727037863833,1.3386694254463192,0.013958168865472879,0.3791177593000453,13.7,229.3517915550232,0.753333333333337,0.9133333333333369,50000.0,5.0,250000.0,1883.3333333333424,2283.333333333342
2026-03-02,JAGRAN,SHORT,A_MOD_BREAK_C1_LOW,MODERATE,2026-03-02 11:15:00+05:30,2026-03-02 11:30:00+05:30,62.400000762939456,62.75620076729457,61.830080755971274,2026-03-02 14:45:00+05:30,62.75620076729457,SL,-3.654166666666697,-2.8541666666666976,30.47749900817871,33.831485748291016,29.980276107788086,0.5426696136669462,1.7156999975462335,0.005192729387914269,0.39791466739170794,13.7,62.75620076729457,-0.7308333333333394,-0.5708333333333395,50000.0,5.0,250000.0,-1827.0833333333485,-1427.0833333333487
2026-03-02,APOLLO,SHORT,A_MOD_BREAK_C1_LOW,MODERATE,2026-03-02 11:30:00+05:30,2026-03-02 11:45:00+05:30,224.11000366210936,225.38929826634725,222.06313229532876,2026-03-02 11:46:00+05:30,222.06313229532876,TARGET,3.766666666666685,4.566666666666685,59.33936309814453,18.036001205444336,5.60429048538208,2.4971935565083125,2.9289772917854626,0.013632598011007972,0.96,13.7,225.38929826634725,0.753333333333337,0.913333333333337,50000.0,5.0,250000.0,1883.3333333333424,2283.3333333333426
2026-03-02,AWL,SHORT,A_MOD_BREAK_C1_LOW,MODERATE,2026-03-02 11:30:00+05:30,2026-03-02 11:45:00+05:30,180.84999389648436,181.8823459449768,179.19823061889647,2026-03-02 12:31:00+05:30,179.19823061889647,TARGET,3.766666666666664,4.566666666666663,42.20178985595703,17.489721298217773,16.803844451904297,1.4485787883567864,3.325367691868759,0.007216682155902612,0.746528135801793,13.7,181.8823459449768,0.7533333333333327,0.9133333333333327,50000.0,5.0,250000.0,1883.333333333332,2283.3333333333317
2026-03-02,SUNTECK,SHORT,A_MOD_BREAK_C1_LOW,MODERATE,2026-03-02 11:30:00+05:30,2026-03-02 11:45:00+05:30,390.5218861022949,392.75111520212886,386.9551195425606,2026-03-02 11:47:00+05:30,392.75111520212886,SL,-3.6541666666666983,-2.854166666666698,36.51936340332031,27.220909118652344,55.71428680419922,1.019569668236719,2.004832786655323,0.010685949672711288,0.5862151429912306,13.7,392.75111520212886,-0.7308333333333397,-0.5708333333333396,50000.0,5.0,250000.0,-1827.0833333333492,-1427.083333333349
2026-03-02,IRCON,SHORT,A_PULLBACK_C2_THEN_BREAK_C2_LOW,MODERATE,2026-03-02 11:30:00+05:30,2026-03-02 12:00:00+05:30,137.0500061035156,137.83233322168985,135.79828271443685,2026-03-02 13:16:00+05:30,135.79828271443685,TARGET,3.766666666666617,4.566666666666617,51.70866394042969,20.254037857055664,22.119834899902344,1.1767471119097848,2.730572903776658,0.009288251384456889,0.8159307445842123,13.7,137.83233322168985,0.7533333333333234,0.9133333333333233,50000.0,5.0,250000.0,1883.3333333333085,2283.333333333308
2026-03-02,IREDA,SHORT,A_PULLBACK_C2_THEN_BREAK_C2_LOW,MODERATE,2026-03-02 11:30:00+05:30,2026-03-02 12:00:00+05:30,116.21000213623047,116.87336756509147,115.1486174500529,2026-03-02 13:32:00+05:30,115.1486174500529,TARGET,3.7666666666666835,4.566666666666683,43.93974685668945,19.780105590820312,20.196840286254883,1.2827769534346956,3.076616611595183,0.009579860944959415,0.7435821697014136,13.7,116.87336756509147,0.7533333333333367,0.9133333333333367,50000.0,5.0,250000.0,1883.333333333342,2283.3333333333417
2026-03-02,SWSOLAR,SHORT,A_PULLBACK_C2_THEN_BREAK_C2_LOW,MODERATE,2026-03-02 11:30:00+05:30,2026-03-02 12:00:00+05:30,189.3699981689453,190.45098524182637,187.6404188523356,2026-03-02 13:33:00+05:30,187.6404188523356,TARGET,3.7666666666666315,4.566666666666631,38.64653778076172,26.382272720336914,41.431846618652344,0.7466343568847987,2.088361043621365,0.012658406147913972,0.5703590791662656,13.7,190.45098524182637,0.7533333333333263,0.9133333333333262,50000.0,5.0,250000.0,1883.333333333316,2283.3333333333157
2026-03-02,CONFIPET,SHORT,A_MOD_BREAK_C1_LOW,MODERATE,2026-03-02 11:45:00+05:30,2026-03-02 12:00:00+05:30,30.210000228881835,30.38244898018837,29.934082226791382,2026-03-02 12:04:00+05:30,29.934082226791382,TARGET,3.7666666666666493,4.5666666666666496,40.49540710449219,22.884078979492188,26.388877868652344,0.7485696441290124,2.1694457796385653,0.010961808859930483,0.59843079428996,13.7,30.38244898018837,0.7533333333333299,0.9133333333333299,50000.0,5.0,250000.0,1883.3333333333246,2283.333333333325
2026-03-02,GNFC,SHORT,A_MOD_BREAK_C1_LOW,MODERATE,2026-03-02 11:45:00+05:30,2026-03-02 12:00:00+05:30,442.66145,445.1883091104167,438.61847542333334,2026-03-02 13:56:00+05:30,438.61847542333334,TARGET,3.766666666666665,4.566666666666665,37.69133758544922,24.640275955200195,40.376766204833984,0.8093881202811745,1.8602351407685116,0.007265287950112775,0.5600247418693693,13.7,445.1883091104167,0.753333333333333,0.913333333333333,50000.0,5.0,250000.0,1883.3333333333323,2283.3333333333326
2026-03-02,NUVAMA,SHORT,A_MOD_BREAK_C1_LOW,MODERATE,2026-03-02 11:45:00+05:30,2026-03-02 12:00:00+05:30,1205.7588,1212.64167315,1194.7462029600001,2026-03-02 13:42:00+05:30,1194.7462029600001,TARGET,3.766666666666645,4.566666666666644,56.58246994018555,19.883865356445312,35.11808395385742,1.056694554967278,2.3108311094952936,0.008936719234783796,0.7949215471192737,13.7,1212.64167315,0.753333333333329,0.9133333333333289,50000.0,5.0,250000.0,1883.3333333333223,2283.333333333322
2026-03-02,AZAD,SHORT,A_MOD_BREAK_C1_LOW,MODERATE,2026-03-02 12:00:00+05:30,2026-03-02 12:15:00+05:30,1651.8695111816405,1661.2989329746358,1636.7824363128482,2026-03-02 13:31:00+05:30,1636.7824363128482,TARGET,3.7666666666666746,4.566666666666674,47.474449157714844,18.730554580688477,38.540679931640625,1.2789307823913907,2.230437238047209,0.009774431342870916,0.795929624284216,13.7,1661.2989329746358,0.753333333333335,0.9133333333333349,50000.0,5.0,250000.0,1883.3333333333374,2283.333333333337
2026-03-02,HFCL,SHORT,A_MOD_BREAK_C1_LOW,MODERATE,2026-03-02 12:00:00+05:30,2026-03-02 12:15:00+05:30,65.85000152587891,66.22589528458914,65.24857151194254,2026-03-02 13:09:00+05:30,65.24857151194254,TARGET,3.766666666666704,4.566666666666704,27.57476806640625,25.06588363647461,20.380956649780273,1.5746137847490422,2.4690504574561056,0.010340332021922641,0.5491789333271762,13.7,66.22589528458914,0.7533333333333407,0.9133333333333407,50000.0,5.0,250000.0,1883.333333333352,2283.3333333333517
2026-03-02,IEX,SHORT,A_MOD_BREAK_C1_LOW,MODERATE,2026-03-02 12:00:00+05:30,2026-03-02 12:15:00+05:30,121.46000213623047,122.15333631509147,120.3506674500529,2026-03-02 15:30:00+05:30,121.80000305175781,EOD,-2.199641485046218,-1.399641485046218,50.66740036010742,20.724700927734375,4.710146903991699,1.8381239753901912,2.930703754119289,0.006960039791081049,0.9316716956932833,13.7,122.15333631509147,-0.4399282970092436,-0.2799282970092436,50000.0,5.0,250000.0,-1099.820742523109,-699.820742523109
2026-03-02,JINDRILL,LONG,A_MOD_BREAK_C1_HIGH,MODERATE,2026-03-02 12:00:00+05:30,2026-03-02 12:15:00+05:30,489.8979477905273,487.10144700522306,495.49094936113585,2026-03-02 12:16:00+05:30,495.49094936113585,TARGET,4.908333333333335,5.708333333333334,41.229026794433594,75.27074432373047,85.22721099853516,1.1797879042934125,1.860853547538655,0.02306388043555528,5.310207894716221,13.7,487.10144700522306,0.9816666666666669,1.1416666666666668,100000.0,5.0,500000.0,4908.333333333335,5708.333333333334
2026-03-02,ADANIENT,SHORT,A_MOD_BREAK_C1_LOW,MODERATE,2026-03-02 12:15:00+05:30,2026-03-02 12:30:00+05:30,2088.5822,2100.5045233916667,2069.506482573333,2026-03-02 14:14:00+05:30,2100.5045233916667,SL,-3.6541666666667103,-2.854166666666711,51.747859954833984,25.562820434570312,16.795421600341797,0.6902627003276214,1.9599859143569918,0.009205243049049362,0.7287952682751833,13.7,2100.5045233916667,-0.7308333333333421,-0.5708333333333422,50000.0,5.0,250000.0,-1827.0833333333553,-1427.0833333333555
2026-03-02,ADANIGREEN,SHORT,A_MOD_BREAK_C1_LOW,MODERATE,2026-03-02 12:15:00+05:30,2026-03-02 12:30:00+05:30,895.4208555908203,900.5322163081513,887.2426784430909,2026-03-02 12:46:00+05:30,887.2426784430909,TARGET,3.766666666666647,4.566666666666647,55.00247573852539,16.651662826538086,2.862443685531616,1.674078108243253,2.9377875716336153,0.009285755710088498,0.9029636689425693,13.7,900.5322163081513,0.7533333333333294,0.9133333333333293,50000.0,5.0,250000.0,1883.3333333333235,2283.3333333333235
2026-03-02,HARSHA,SHORT,A_MOD_BREAK_C1_LOW,MODERATE,2026-03-02 12:15:00+05:30,2026-03-02 12:30:00+05:30,359.928,361.982589,356.6406576,2026-03-02 13:38:00+05:30,356.6406576,TARGET,3.766666666666667,4.566666666666666,53.03855895996094,28.737733840942383,40.97825241088867,0.5458474374026859,1.6790586951951867,0.0069940487543741865,0.6894762363052294,13.7,361.982589,0.7533333333333334,0.9133333333333333,50000.0,5.0,250000.0,1883.3333333333335,2283.3333333333335
2026-03-02,KAMATHOTEL,SHORT,A_MOD_BREAK_C1_LOW,MODERATE,2026-03-02 12:15:00+05:30,2026-03-02 12:30:00+05:30,181.36000366210936,182.39526701634725,179.70358229532877,2026-03-02 14:45:00+05:30,182.39526701634725,SL,-3.6541666666666925,-2.854166666666693,28.388151168823242,34.935630798339844,20.667524337768555,1.223041262444147,1.8138188162616051,0.010127022466612935,0.49054542927315464,13.7,182.39526701634725,-0.7308333333333386,-0.5708333333333386,50000.0,5.0,250000.0,-1827.0833333333464,-1427.0833333333467
2026-03-02,ORIENTCEM,SHORT,A_PULLBACK_C2_THEN_BREAK_C2_LOW,MODERATE,2026-03-02 12:15:00+05:30,2026-03-02 12:45:00+05:30,149.59999389648436,150.45396052831015,148.23364728556314,2026-03-02 14:36:00+05:30,150.45396052831015,SL,-3.6541666666667316,-2.854166666666732,57.54876708984375,19.943819046020508,14.815567016601562,1.0736172331939289,2.173220391190513,0.007111832137356229,0.7978830158089376,13.7,150.45396052831015,-0.7308333333333463,-0.5708333333333464,50000.0,5.0,250000.0,-1827.0833333333658,-1427.0833333333662
2026-03-02,ADOR,SHORT,A_MOD_BREAK_C1_LOW,MODERATE,2026-03-02 12:45:00+05:30,2026-03-02 13:00:00+05:30,1018.1963444091797,1024.0085485418488,1008.8968177969092,2026-03-02 13:39:00+05:30,1024.0085485418488,SL,-3.654166666666673,-2.854166666666673,37.42336654663086,29.146326065063477,13.610881805419922,1.715657591947423,2.3771052782661037,0.00910453370643832,0.721590576790262,13.7,1024.0085485418488,-0.7308333333333346,-0.5708333333333346,50000.0,5.0,250000.0,-1827.0833333333364,-1427.0833333333367
2026-03-02,LINDEINDIA,SHORT,A_MOD_BREAK_C1_LOW,MODERATE,2026-03-02 12:45:00+05:30,2026-03-02 13:00:00+05:30,6659.1679,6697.180650095835,6598.347499846667,2026-03-02 13:56:00+05:30,6598.347499846667,TARGET,3.7666666666666524,4.566666666666652,29.554431915283203,31.664325714111328,55.09720230102539,1.287862381598642,1.637749888176447,0.008537984032100307,0.5105798899178328,13.7,6697.180650095835,0.7533333333333305,0.9133333333333304,50000.0,5.0,250000.0,1883.3333333333262,2283.333333333326
2026-03-02,IONEXCHANG,SHORT,A_MOD_BREAK_C1_LOW,MODERATE,2026-03-02 13:30:00+05:30,2026-03-02 13:45:00+05:30,347.98037779541016,349.96676578532566,344.80215701154543,2026-03-02 14:10:00+05:30,349.96676578532566,SL,-3.654166666666714,-2.854166666666714,50.10157012939453,24.25069808959961,6.705955982208252,2.251091893957676,2.736792780176589,0.00637425719579973,0.96,13.7,349.96676578532566,-0.7308333333333428,-0.5708333333333429,50000.0,5.0,250000.0,-1827.083333333357,-1427.0833333333571
2026-03-02,JBMA,SHORT,A_MOD_BREAK_C1_LOW,MODERATE,2026-03-02 13:30:00+05:30,2026-03-02 13:45:00+05:30,520.2459055908203,523.2156426352345,515.4943263197574,2026-03-02 14:14:00+05:30,523.2156426352345,SL,-3.654166666666674,-2.854166666666674,57.0700798034668,16.940244674682617,5.131435871124268,3.177786506218177,4.2137003678984115,0.005118704437636963,0.96,13.7,523.2156426352345,-0.7308333333333348,-0.5708333333333349,50000.0,5.0,250000.0,-1827.0833333333371,-1427.0833333333371
2026-03-02,JSWINFRA,SHORT,A_MOD_BREAK_C1_LOW,MODERATE,2026-03-02 13:30:00+05:30,2026-03-02 13:45:00+05:30,250.14995694885255,251.57789628643562,247.8652540087197,2026-03-02 15:16:00+05:30,251.57789628643562,SL,-3.6541666666667383,-2.854166666666739,28.93178367614746,34.79580307006836,25.38134765625,0.6288014452797266,2.1660921483709528,0.004022136285821745,0.4040170080661641,13.7,251.57789628643562,-0.7308333333333477,-0.5708333333333477,50000.0,5.0,250000.0,-1827.0833333333692,-1427.0833333333694
2026-03-02,KANSAINER,SHORT,A_MOD_BREAK_C1_LOW,MODERATE,2026-03-02 13:30:00+05:30,2026-03-02 13:45:00+05:30,195.2,196.31426666666667,193.41717333333332,2026-03-02 13:54:00+05:30,193.41717333333332,TARGET,3.7666666666666626,4.566666666666662,43.934181213378906,26.846790313720703,3.479853391647339,3.0234772904380933,3.798534412162732,0.0030620082850340235,0.8690127182006835,13.7,196.31426666666667,0.7533333333333325,0.9133333333333324,50000.0,5.0,250000.0,1883.3333333333312,2283.333333333331
2026-03-02,NAM-INDIA,SHORT,A_MOD_BREAK_C1_LOW,MODERATE,2026-03-02 13:45:00+05:30,2026-03-02 14:00:00+05:30,895.7708222045899,900.8841806480078,887.5894486951213,2026-03-02 14:06:00+05:30,900.8841806480078,SL,-3.654166666666714,-2.8541666666667136,47.0577278137207,22.392593383789062,3.0607149600982666,3.69851816667844,4.082906746480726,0.004474486379292445,0.9158659172058106,13.7,900.8841806480078,-0.7308333333333428,-0.5708333333333427,50000.0,5.0,250000.0,-1827.083333333357,-1427.083333333357
2026-03-04,UNITDSPR,SHORT,A_MOD_BREAK_C1_LOW,MODERATE,2026-03-04 10:30:00+05:30,2026-03-04 10:45:00+05:30,1336.1327444091796,1345.6693918724002,1320.8741084680269,2026-03-04 12:00:00+05:30,1332.9869999999999,BE,0.528388530294138,1.1771825899569495,37.00352478027344,26.842945098876953,6.581923484802246,0.984590103952613,2.645454819602346,0.005867767098680141,0.5873561398958089,17.13,1345.6693918724002,0.1056777060588276,0.2354365179913899,50000.0,5.0,250000.0,264.194265147069,588.5912949784748
2026-03-04,SAIL,SHORT,A_MOD_BREAK_C1_LOW,MODERATE,2026-03-04 10:45:00+05:30,2026-03-04 11:00:00+05:30,155.09999389648436,156.20702010292052,153.3287519661865,2026-03-04 11:15:00+05:30,153.2483632659912,BE,5.326589819479333,5.969151203606632,41.471290588378906,28.682880401611328,8.513824462890625,0.9865292460492677,2.8566097496526197,0.013660397221574503,0.6547119768843055,17.13,156.20702010292052,1.0653179638958665,1.1938302407213264,50000.0,5.0,250000.0,2663.2949097396663,2984.575601803316
2026-03-04,SHARDACROP,SHORT,A_MOD_BREAK_C1_LOW,MODERATE,2026-03-04 10:45:00+05:30,2026-03-04 11:00:00+05:30,1064.4870111816406,1072.0847872239497,1052.3305695139463,2026-03-04 11:15:00+05:30,1053.1499999999999,BE,4.681706393313217,5.325105455751872,57.4014778137207,18.473115921020508,10.594326972961426,1.178072784322742,3.1861555086802897,0.014013362130140613,0.8161627372564799,17.13,1072.0847872239497,0.9363412786626434,1.0650210911503746,50000.0,5.0,250000.0,2340.8531966566084,2662.5527278759364
2026-03-04,KSCL,SHORT,A_PULLBACK_C2_THEN_BREAK_C2_LOW,MODERATE,2026-03-04 10:45:00+05:30,2026-03-04 11:15:00+05:30,723.8552,729.02171649,715.588773616,2026-03-04 11:30:00+05:30,720.1539999999999,BE,1.9095887310977553,2.5565886657995174,47.27206039428711,30.47987937927246,18.460739135742188,0.5498226972194721,2.413806891304186,0.009457476092283508,0.6652998779277142,17.13,729.02171649,0.38191774621955105,0.5113177331599035,50000.0,5.0,250000.0,954.7943655488776,1278.2943328997587
2026-03-04,DOMS,SHORT,A_MOD_BREAK_C1_LOW,MODERATE,2026-03-04 11:00:00+05:30,2026-03-04 11:15:00+05:30,2196.460522363281,2212.137759341649,2171.3769431978926,2026-03-04 12:00:00+05:30,2190.5519999999997,BE,0.6964341405291217,1.3450099155263189,47.29436111450195,23.800495147705078,8.540811538696289,1.0341799615406302,2.9310844735337622,0.006304432415116148,0.7503969099871395,17.13,2212.137759341649,0.13928682810582432,0.2690019831052638,50000.0,5.0,250000.0,348.21707026456085,672.5049577631595
2026-03-04,ZYDUSLIFE,SHORT,A_MOD_BREAK_C1_LOW,MODERATE,2026-03-04 11:00:00+05:30,2026-03-04 11:15:00+05:30,892.57145,898.942178724375,882.378284041,2026-03-04 14:30:00+05:30,898.942178724375,SL,-4.223716858429131,-3.5687499999999996,35.80036163330078,35.06896209716797,7.040293216705322,1.1372975338142524,1.721150089381846,0.005427131460602046,0.5820899973860982,17.13,898.942178724375,-0.8447433716858262,-0.7137499999999999,50000.0,5.0,250000.0,-2111.8584292145656,-1784.3749999999998
2026-03-04,HINDCOPPER,SHORT,A_PULLBACK_C2_THEN_BREAK_C2_LOW,MODERATE,2026-03-04 11:00:00+05:30,2026-03-04 11:30:00+05:30,544.9909555908204,548.8808285363499,538.7671588779732,2026-03-04 11:45:00+05:30,541.8206122436522,BE,2.2620780825626783,2.9086201474033357,35.19015884399414,26.704809188842773,6.602512359619141,1.5736176545560288,2.6607108124398975,0.01188187431256525,0.6632354722072171,17.13,548.8808285363499,0.45241561651253565,0.5817240294806671,50000.0,5.0,250000.0,1131.0390412813392,1454.310073701668
2026-03-04,JKIL,SHORT,A_PULLBACK_C2_THEN_BREAK_C2_LOW,MODERATE,2026-03-04 11:00:00+05:30,2026-03-04 11:30:00+05:30,481.9036,485.343186945,476.400260888,2026-03-04 11:45:00+05:30,477.7288877563476,BE,3.68678923591004,4.331480656766601,48.32139587402344,20.58169937133789,9.563247680664062,1.6023602886780826,3.2332791653358255,0.010704675253744089,0.8652339886290159,17.13,485.343186945,0.737357847182008,0.8662961313533203,50000.0,5.0,250000.0,1843.39461795502,2165.740328383301
2026-03-04,IPCALAB,SHORT,A_MOD_BREAK_C1_LOW,MODERATE,2026-03-04 11:15:00+05:30,2026-03-04 11:30:00+05:30,1469.9059111816407,1480.3973646226998,1453.1195856759464,2026-03-04 12:45:00+05:30,1465.6839489746092,BE,0.787676233083124,1.4361334881759713,40.034156799316406,28.224285125732422,3.1370136737823486,1.6039243049932685,2.9777867511037677,0.005773918579376782,0.741199105363568,17.13,1480.3973646226998,0.1575352466166248,0.28722669763519426,50000.0,5.0,250000.0,393.838116541562,718.0667440879856
2026-03-04,ALLDIGI,SHORT,A_MOD_BREAK_C1_LOW,MODERATE,2026-03-04 11:30:00+05:30,2026-03-04 11:45:00+05:30,775.8947777954102,781.4327267719249,767.0340594329866,2026-03-04 12:15:00+05:30,781.4327267719249,SL,-4.223716858429144,-3.5687499999999828,47.319000244140625,14.328168869018555,0.8959899544715881,1.905539430824113,4.109257121073833,0.006705201213105701,0.9032544040563291,17.13,781.4327267719249,-0.8447433716858289,-0.7137499999999966,50000.0,5.0,250000.0,-2111.858429214572,-1784.3749999999916
2026-03-04,DEEPAKNTR,SHORT,A_MOD_BREAK_C1_LOW,MODERATE,2026-03-04 11:30:00+05:30,2026-03-04 11:45:00+05:30,1470.1059444091798,1480.5988255874004,1453.317334524027,2026-03-04 13:30:00+05:30,1480.5988255874004,SL,-4.223716858429208,-3.568750000000032,64.1493148803711,12.486364364624023,1.13210928440094,2.2915506717659158,3.943055828118844,0.006924347193528,0.96,17.13,1480.5988255874004,-0.8447433716858416,-0.7137500000000064,50000.0,5.0,250000.0,-2111.858429214604,-1784.375000000016
2026-03-04,CYIENT,SHORT,A_MOD_BREAK_C1_LOW,MODERATE,2026-03-04 12:00:00+05:30,2026-03-04 12:15:00+05:30,877.3245,883.58640361875,867.30545421,2026-03-04 13:30:00+05:30,883.58640361875,SL,-4.223716858429153,-3.5687500000000068,36.588436126708984,32.443878173828125,4.140929222106934,1.9119509645481878,2.1006225349614396,0.008469405024723774,0.7434179606965676,17.13,883.58640361875,-0.8447433716858306,-0.7137500000000013,50000.0,5.0,250000.0,-2111.8584292145765,-1784.3750000000034
2026-03-05,LATENTVIEW,SHORT,A_MOD_BREAK_C1_LOW,MODERATE,2026-03-05 10:00:00+05:30,2026-03-05 10:15:00+05:30,305.08896389770507,307.77628918803737,300.78924343317345,2026-03-05 10:30:00+05:30,302.65524999999997,BE,3.3433940420481805,3.9885315198112457,36.899967193603516,23.937240600585938,6.26398229598999,1.4775291696957484,3.214681343689731,0.00881026363758356,0.6720671126008086,21.14,307.77628918803737,0.6686788084096361,0.7977063039622492,50000.0,5.0,250000.0,1671.6970210240902,1994.265759905623
2026-03-05,NIITMTS,SHORT,A_MOD_BREAK_C1_LOW,MODERATE,2026-03-05 10:15:00+05:30,2026-03-05 10:30:00+05:30,317.9364,320.73688978999996,313.455616336,2026-03-05 11:00:00+05:30,317.3500061035156,EOD,0.27306170016317244,0.9221874193775342,30.902048110961914,25.53105354309082,8.690838813781738,0.9742078463334695,2.5460284902143537,0.009364555851621999,0.4940170947727858,21.14,320.73688978999996,0.05461234003263449,0.18443748387550685,50000.0,5.0,250000.0,136.53085008158624,461.0937096887671
