trade_date,ticker,side,setup,impulse_type,signal_time_ist,entry_time_ist,entry_price,sl_price,target_price,exit_time_ist,exit_price,outcome,pnl_pct,pnl_pct_gross,adx_signal,rsi_signal,stochk_signal,avwap_dist_atr_signal,ema20_gap_atr_signal,atr_pct_signal,quality_score,india_vix,stop_price,pnl_pct_price,pnl_pct_gross_price,position_size_rs,leverage,notional_exposure_rs,pnl_rs,pnl_rs_gross
2025-08-25,USHAMART,LONG,B_HUGE_C1_CLOSE_RECLAIM_BREAK,HUGE,2025-08-25 13:45:00+05:30,2025-08-25 14:15:00+05:30,387.32745,385.08095079,391.58805194999997,2025-08-25 15:30:00+05:30,387.6000061035156,EOD,-0.44815803331828635,0.3518419666817135,89.989013671875,93.69599914550781,91.1429214477539,2.0616442632941,3.781663634313571,0.004611241886737348,9.481170478481904,0.0,385.08095079,-0.08963160666365727,0.0703683933363427,100000.0,5.0,500000.0,-448.15803331828636,351.8419666817135
2025-08-26,GODIGIT,SHORT,A_MOD_BREAK_C1_LOW,MODERATE,2025-08-26 10:00:00+05:30,2025-08-26 10:15:00+05:30,362.12757220458985,364.590039695581,358.8684240547485,2025-08-26 11:34:00+05:30,358.8684240547485,TARGET,3.70000000000004,4.500000000000039,29.621471405029297,25.82086944580078,4.94727087020874,1.3638084927834775,3.110931549608685,0.005206797865582035,0.5429885573125479,0.0,364.590039695581,0.740000000000008,0.9000000000000079,50000.0,5.0,250000.0,1850.00000000002,2250.0000000000196
2025-08-26,RTNINDIA,LONG,A_MOD_BREAK_C1_HIGH,MODERATE,2025-08-26 10:30:00+05:30,2025-08-26 10:45:00+05:30,54.93000106811523,54.61140706192016,55.53423107986449,2025-08-26 10:46:00+05:30,55.53423107986449,TARGET,4.699999999999919,5.499999999999919,41.411888122558594,89.42911529541016,72.20340728759766,1.9453307941615188,3.258399684802689,0.008586543296083554,7.594197908111365,0.0,54.61140706192016,0.939999999999984,1.0999999999999839,100000.0,5.0,500000.0,4699.99999999992,5499.999999999919
2025-08-26,JSWINFRA,SHORT,A_MOD_BREAK_C1_LOW,MODERATE,2025-08-26 11:30:00+05:30,2025-08-26 11:45:00+05:30,298.24032779541017,300.26836202441893,295.5561648452515,2025-08-26 12:16:00+05:30,295.5561648452515,TARGET,3.6999999999999797,4.49999999999998,42.86796951293945,36.79954528808594,13.74048137664795,1.0677195737910299,2.0814912326621933,0.004992593150486347,0.6898704681075221,0.0,300.26836202441893,0.739999999999996,0.8999999999999959,50000.0,5.0,250000.0,1849.99999999999,2249.99999999999
2025-08-26,METROPOLIS,SHORT,A_PULLBACK_C2_THEN_BREAK_C2_LOW,MODERATE,2025-08-26 11:30:00+05:30,2025-08-26 12:00:00+05:30,2136.7725111816408,2151.302564257676,2117.541558581006,2025-08-26 13:31:00+05:30,2151.302564257676,SL,-4.199999999999981,-3.3999999999999804,41.6338996887207,25.63772964477539,14.756274223327637,1.2555793254660046,2.493551501142543,0.004919628492743465,0.7042348772873612,0.0,2151.302564257676,-0.8399999999999961,-0.679999999999996,50000.0,5.0,250000.0,-2099.9999999999905,-1699.9999999999902
2025-08-26,MCX,SHORT,A_MOD_BREAK_C1_LOW,MODERATE,2025-08-26 12:30:00+05:30,2025-08-26 12:45:00+05:30,1542.6914,1553.1817015199997,1528.8071774,2025-08-26 15:30:00+05:30,1536.0,EOD,1.3687422384022918,2.1687422384022916,55.19662094116211,31.008350372314453,5.08474588394165,1.9646076082403117,2.577737410719006,0.0068512173032729716,0.9538063314420544,0.0,1553.1817015199997,0.27374844768045836,0.43374844768045834,50000.0,5.0,250000.0,684.3711192011459,1084.3711192011458
2025-08-26,RALLIS,SHORT,A_MOD_BREAK_C1_LOW,MODERATE,2025-08-26 12:45:00+05:30,2025-08-26 13:00:00+05:30,363.9272,366.40190496,360.6518552,2025-08-26 14:35:00+05:30,366.40190496,SL,-4.199999999999995,-3.399999999999995,63.97438430786133,24.443946838378906,3.2163026332855225,2.643904091548523,3.0258578973008143,0.0064578801908560645,0.96,0.0,366.40190496,-0.839999999999999,-0.679999999999999,50000.0,5.0,250000.0,-2099.9999999999973,-1699.9999999999975
2025-08-26,SWANCORP,SHORT,A_MOD_BREAK_C1_LOW,MODERATE,2025-08-26 12:45:00+05:30,2025-08-26 13:00:00+05:30,464.5070861022949,467.6657342877905,460.3265223273743,2025-08-26 13:39:00+05:30,460.3265223273743,TARGET,3.6999999999999877,4.499999999999988,27.060073852539062,42.39274215698242,6.398364067077637,1.7771651134637612,2.299321896330103,0.007479551486359082,0.5769050026442442,0.0,467.6657342877905,0.7399999999999975,0.8999999999999975,50000.0,5.0,250000.0,1849.9999999999939,2249.9999999999936
2025-08-26,UDS,SHORT,A_MOD_BREAK_C1_LOW,MODERATE,2025-08-26 13:30:00+05:30,2025-08-26 13:45:00+05:30,250.69985,252.40460897999998,248.44355135,2025-08-26 14:36:00+05:30,248.44355135,TARGET,3.699999999999981,4.499999999999981,27.975566864013672,28.088281631469727,10.319486618041992,3.781717802770256,3.5937787401483137,0.005224052425527195,0.6296335029602051,0.0,252.40460897999998,0.7399999999999962,0.8999999999999962,50000.0,5.0,250000.0,1849.9999999999905,2249.999999999991
2025-08-28,PDSL,LONG,A_MOD_BREAK_C1_HIGH,MODERATE,2025-08-28 10:00:00+05:30,2025-08-28 10:15:00+05:30,331.3662477905273,329.44432355334226,335.0112765162231,2025-08-28 10:22:00+05:30,335.0112765162231,TARGET,4.699999999999992,5.499999999999991,29.737794876098633,78.43855285644531,85.60650634765625,0.9677168882318505,3.2450296160779626,0.00827908582417453,6.152954201050161,0.0,329.44432355334226,0.9399999999999984,1.0999999999999983,100000.0,5.0,500000.0,4699.999999999993,5499.999999999992
2025-08-28,FIEMIND,LONG,A_MOD_BREAK_C1_HIGH,MODERATE,2025-08-28 10:30:00+05:30,2025-08-28 10:45:00+05:30,2145.429,2132.9855118,2169.028719,2025-08-28 10:46:00+05:30,2169.028719,TARGET,4.699999999999958,5.499999999999958,29.828617095947266,79.1198501586914,94.11538696289062,2.376858287360772,3.7377842388411766,0.009272148006289192,7.9235815271900485,0.0,2132.9855118,0.9399999999999917,1.0999999999999917,100000.0,5.0,500000.0,4699.999999999958,5499.999999999958
2025-08-28,OLAELEC,LONG,B_HUGE_C1_CLOSE_RECLAIM_BREAK,HUGE,2025-08-28 10:45:00+05:30,2025-08-28 11:15:00+05:30,53.779999542236325,53.468075544891356,54.37157953720092,2025-08-28 11:16:00+05:30,54.37157953720092,TARGET,4.699999999999979,5.499999999999979,45.61915588378906,75.92774200439453,89.69295501708984,2.7567569899971613,3.3536511301281746,0.012429882617298393,8.788984309188976,0.0,53.468075544891356,0.9399999999999957,1.0999999999999956,100000.0,5.0,500000.0,4699.999999999978,5499.999999999978
2025-08-28,DELTACORP,LONG,B_HUGE_C1_CLOSE_RECLAIM_BREAK,HUGE,2025-08-28 11:00:00+05:30,2025-08-28 11:30:00+05:30,88.14999847412109,87.63872848297119,89.11964845733641,2025-08-28 11:35:00+05:30,89.11964845733641,TARGET,4.699999999999928,5.499999999999928,38.845401763916016,74.111083984375,85.75614166259766,0.40029757162786606,2.8478925311566683,0.009186010243782974,5.5747926318748675,0.0,87.63872848297119,0.9399999999999857,1.0999999999999857,100000.0,5.0,500000.0,4699.999999999929,5499.999999999928
2025-08-28,EDELWEISS,LONG,B_HUGE_C1_CLOSE_RECLAIM_BREAK,HUGE,2025-08-28 11:15:00+05:30,2025-08-28 11:45:00+05:30,112.92999725341797,112.27500326934813,114.17222722320555,2025-08-28 11:46:00+05:30,114.17222722320555,TARGET,4.699999999999954,5.499999999999954,77.65425109863281,76.64722442626953,69.91572570800781,2.043894645577112,2.5755532299427375,0.017629341406424304,8.12321991841235,0.0,112.27500326934813,0.9399999999999908,1.0999999999999908,100000.0,5.0,500000.0,4699.9999999999545,5499.999999999954
2025-08-28,PNBHOUSING,SHORT,A_MOD_BREAK_C1_LOW,MODERATE,2025-08-28 11:30:00+05:30,2025-08-28 11:45:00+05:30,773.4952944091797,778.755062411162,766.533836759497,2025-08-28 15:17:00+05:30,766.533836759497,TARGET,3.7000000000000166,4.500000000000017,48.7005500793457,30.73396873474121,23.79682731628418,0.9251837183192803,1.9841163254734764,0.005024917982037369,0.7516212181697335,0.0,778.755062411162,0.7400000000000033,0.9000000000000034,50000.0,5.0,250000.0,1850.0000000000084,2250.0000000000086
2025-08-28,ABFRL,SHORT,A_MOD_BREAK_C1_LOW,MODERATE,2025-08-28 12:00:00+05:30,2025-08-28 12:15:00+05:30,79.85000152587891,80.39298153625488,79.131351512146,2025-08-28 13:36:00+05:30,79.131351512146,TARGET,3.700000000000011,4.500000000000011,26.87228775024414,30.42933464050293,5.649050712585449,1.9915866798822965,2.6891910817308413,0.008189551902106802,0.6116119852330639,0.0,80.39298153625488,0.7400000000000022,0.9000000000000021,50000.0,5.0,250000.0,1850.0000000000055,2250.0000000000055
2025-08-28,BHARTIHEXA,SHORT,A_MOD_BREAK_C1_LOW,MODERATE,2025-08-28 12:00:00+05:30,2025-08-28 12:15:00+05:30,1777.0445444091797,1789.128447311162,1761.051143509497,2025-08-28 13:47:00+05:30,1761.051143509497,TARGET,3.700000000000019,4.500000000000019,44.86018371582031,22.571922302246094,12.327245712280273,1.0882531175197772,2.2422369823785777,0.007629706076635219,0.7233470513032656,0.0,1789.128447311162,0.7400000000000038,0.9000000000000038,50000.0,5.0,250000.0,1850.0000000000093,2250.0000000000095
2025-08-28,SHANKARA,SHORT,A_MOD_BREAK_C1_LOW,MODERATE,2025-08-28 12:15:00+05:30,2025-08-28 12:30:00+05:30,943.3113,949.7258168399999,934.8214982999999,2025-08-28 13:06:00+05:30,934.8214982999999,TARGET,3.7000000000000233,4.500000000000023,64.71965026855469,30.185443878173828,37.650611877441406,0.7632215363460245,1.974633523229655,0.011102881565078984,0.7422954450220371,0.0,949.7258168399999,0.7400000000000047,0.9000000000000046,50000.0,5.0,250000.0,1850.0000000000116,2250.0000000000114
2025-08-28,IGPL,SHORT,A_MOD_BREAK_C1_LOW,MODERATE,2025-08-28 12:45:00+05:30,2025-08-28 13:00:00+05:30,432.9134,435.85721112,429.01717940000003,2025-08-28 15:30:00+05:30,432.0,EOD,0.2549454001655113,1.0549454001655112,38.24632263183594,28.128074645996094,7.507503509521484,1.394634472340848,2.6432518724593543,0.005155064492522982,0.6777558721371875,0.0,435.85721112,0.05098908003310226,0.21098908003310224,50000.0,5.0,250000.0,127.47270008275565,527.4727000827556
2025-08-28,JAGRAN,SHORT,A_MOD_BREAK_C1_LOW,MODERATE,2025-08-28 13:45:00+05:30,2025-08-28 14:00:00+05:30,70.86000366210938,71.34185168701171,70.22226362915039,2025-08-28 15:30:00+05:30,70.9000015258789,EOD,-1.082231595416331,-0.28223159541633125,25.108257293701172,27.581514358520508,7.592341423034668,2.1078697663918047,3.5391332364406316,0.0031506502409882346,0.5866238594055175,0.0,71.34185168701171,-0.21644631908326623,-0.05644631908326625,50000.0,5.0,250000.0,-541.1157977081656,-141.11579770816562
2025-08-28,INDIASHLTR,LONG,B_HUGE_GREEN_PULLBACK_HOLD_THEN_BREAK,HUGE,2025-08-28 13:30:00+05:30,2025-08-28 14:30:00+05:30,948.1896,942.69010032,958.6196855999999,2025-08-28 14:49:00+05:30,958.6196855999999,TARGET,4.699999999999932,5.499999999999932,29.849714279174805,69.42170715332031,76.52066802978516,3.0309663153358555,2.3691605149106003,0.005838861855723152,7.333058821630335,0.0,942.69010032,0.9399999999999864,1.0999999999999863,100000.0,5.0,500000.0,4699.999999999932,5499.999999999932
2025-08-28,PRAJIND,SHORT,A_MOD_BREAK_C1_LOW,MODERATE,2025-08-28 14:15:00+05:30,2025-08-28 14:30:00+05:30,397.6204722045898,400.324291415581,394.0418879547485,2025-08-28 15:30:00+05:30,395.95001220703125,EOD,1.3005709141392696,2.1005709141392694,23.933347702026367,37.701908111572266,6.142490386962891,1.3700820366456272,1.818055285624327,0.003338103917375881,0.4496673362245966,0.0,400.324291415581,0.2601141828278539,0.4201141828278539,50000.0,5.0,250000.0,650.2854570696347,1050.2854570696347
2025-08-29,MANAPPURAM,SHORT,A_MOD_BREAK_C1_LOW,MODERATE,2025-08-29 10:00:00+05:30,2025-08-29 10:15:00+05:30,261.04778610229494,262.8229110477905,258.6983560273743,2025-08-29 10:51:00+05:30,262.8229110477905,SL,-4.199999999999945,-3.3999999999999453,23.586429595947266,27.726613998413086,8.003353118896484,1.276772875821252,2.89138506924034,0.00537456977473668,0.43723169720792804,0.0,262.8229110477905,-0.839999999999989,-0.6799999999999891,50000.0,5.0,250000.0,-2099.9999999999727,-1699.9999999999725
2025-09-01,SSWL,LONG,A_MOD_BREAK_C1_HIGH,MODERATE,2025-09-01 10:00:00+05:30,2025-09-01 10:15:00+05:30,217.83999328613282,216.57652132507326,220.23623321228027,2025-09-01 10:31:00+05:30,220.23623321228027,TARGET,4.699999999999963,5.499999999999963,34.006446838378906,65.3100357055664,57.680091857910156,0.38642394340147806,1.768395530945906,0.00534663749913374,3.6500020001002174,0.0,216.57652132507326,0.9399999999999926,1.0999999999999925,100000.0,5.0,500000.0,4699.999999999963,5499.999999999963
2025-09-01,UBL,SHORT,A_MOD_BREAK_C1_LOW,MODERATE,2025-09-01 10:00:00+05:30,2025-09-01 10:15:00+05:30,1813.3372111816407,1825.6679042176756,1797.017176281006,2025-09-01 12:01:00+05:30,1797.017176281006,TARGET,3.699999999999984,4.499999999999984,29.275985717773438,27.427438735961914,7.107885360717773,0.9443106104601587,2.847594012584048,0.005790879491260608,0.46439414259712936,0.0,1825.6679042176756,0.7399999999999969,0.8999999999999968,50000.0,5.0,250000.0,1849.9999999999923,2249.999999999992
2025-09-01,VBL,SHORT,A_MOD_BREAK_C1_LOW,MODERATE,2025-09-01 10:45:00+05:30,2025-09-01 11:00:00+05:30,482.4035,485.6838438,478.0618685,2025-09-01 13:29:00+05:30,485.6838438,SL,-4.199999999999967,-3.3999999999999675,38.65663146972656,29.893808364868164,26.741792678833008,1.3085763347507364,2.420154184695265,0.004994737156171408,0.6688503306272773,0.0,485.6838438,-0.8399999999999934,-0.6799999999999935,50000.0,5.0,250000.0,-2099.999999999983,-1699.9999999999836
2025-09-01,COLPAL,LONG,B_HUGE_GREEN_PULLBACK_HOLD_THEN_BREAK,HUGE,2025-09-01 10:45:00+05:30,2025-09-01 12:15:00+05:30,2369.4738,2355.73085196,2395.5380118,2025-09-01 15:30:00+05:30,2358.0,EOD,-3.221170472532806,-2.4211704725328067,32.36802291870117,68.71995544433594,87.978271484375,2.10282368060213,2.812533253218929,0.004621052777265963,6.642849833750825,0.0,2355.73085196,-0.6442340945065612,-0.4842340945065613,100000.0,5.0,500000.0,-3221.170472532806,-2421.1704725328063
2025-09-01,XPROINDIA,LONG,B_HUGE_C1_CLOSE_RECLAIM_BREAK,HUGE,2025-09-01 11:45:00+05:30,2025-09-01 12:15:00+05:30,1164.2328,1157.4802497599999,1177.0393608,2025-09-01 12:16:00+05:30,1177.0393608,TARGET,4.699999999999975,5.499999999999975,40.49207305908203,75.4244384765625,43.722877502441406,1.6551218723508245,2.9882832328564546,0.010254033242713954,6.797488775488966,0.0,1157.4802497599999,0.9399999999999951,1.099999999999995,100000.0,5.0,500000.0,4699.999999999975,5499.9999999999745
2025-09-01,CCL,LONG,B_HUGE_GREEN_PULLBACK_HOLD_THEN_BREAK,HUGE,2025-09-01 10:30:00+05:30,2025-09-01 12:45:00+05:30,902.1304022094727,896.8980458766576,912.0538366337768,2025-09-01 15:30:00+05:30,909.0,EOD,3.007430596343117,3.807430596343117,39.17194747924805,84.04457092285156,87.7044448852539,2.103400604653024,4.250346170230722,0.005039400717439042,8.859443110986957,0.0,896.8980458766576,0.6014861192686234,0.7614861192686234,100000.0,5.0,500000.0,3007.430596343117,3807.430596343117
2025-09-01,KECL,SHORT,A_MOD_BREAK_C1_LOW,MODERATE,2025-09-01 12:30:00+05:30,2025-09-01 12:45:00+05:30,115.36000366210938,116.14445168701171,114.3217636291504,2025-09-01 15:01:00+05:30,116.14445168701171,SL,-4.1999999999999496,-3.3999999999999493,28.431203842163086,36.788902282714844,56.73550796508789,1.6877439833081598,1.9101304797475847,0.005693974052721554,0.5773297786987535,0.0,116.14445168701171,-0.8399999999999899,-0.6799999999999898,50000.0,5.0,250000.0,-2099.9999999999745,-1699.9999999999745
2025-09-01,JISLJALEQS,LONG,B_HUGE_C1_CLOSE_RECLAIM_BREAK,HUGE,2025-09-01 13:15:00+05:30,2025-09-01 13:45:00+05:30,51.3099983215332,51.0124003312683,51.87440830307006,2025-09-01 15:19:00+05:30,51.87440830307006,TARGET,4.699999999999969,5.499999999999968,26.716785430908203,68.18930053710938,61.62723922729492,2.9152769941111534,3.1962313120224906,0.00872304004851795,7.805196135178329,0.0,51.0124003312683,0.9399999999999937,1.0999999999999936,100000.0,5.0,500000.0,4699.999999999969,5499.999999999968
2025-09-01,INOXINDIA,LONG,B_HUGE_C1_CLOSE_RECLAIM_BREAK,HUGE,2025-09-01 13:30:00+05:30,2025-09-01 14:00:00+05:30,1161.0322088378907,1154.2982220266308,1173.8035631351074,2025-09-01 14:59:00+05:30,1173.8035631351074,TARGET,4.69999999999996,5.499999999999959,32.46531677246094,77.47364807128906,93.6915283203125,3.5293660986132185,4.580995091206594,0.005205760187370771,10.466968527287467,0.0,1154.2982220266308,0.939999999999992,1.0999999999999919,100000.0,5.0,500000.0,4699.999999999959,5499.99999999996
2025-09-01,PRICOLLTD,LONG,B_HUGE_C1_CLOSE_RECLAIM_BREAK,HUGE,2025-09-01 14:00:00+05:30,2025-09-01 14:30:00+05:30,473.7947522094727,471.0467426466577,479.0064944837768,2025-09-01 14:31:00+05:30,479.0064944837768,TARGET,4.699999999999926,5.499999999999925,43.279151916503906,70.83260345458984,79.47412109375,0.6784587208156897,2.721850761465817,0.004719672565625676,5.310114045342887,0.0,471.0467426466577,0.9399999999999851,1.099999999999985,100000.0,5.0,500000.0,4699.999999999925,5499.999999999925
2025-09-01,SIGACHI,LONG,B_HUGE_C1_CLOSE_RECLAIM_BREAK,HUGE,2025-09-01 14:00:00+05:30,2025-09-01 14:30:00+05:30,32.00999908447265,31.82434108978271,32.36210907440185,2025-09-01 15:30:00+05:30,32.060001373291016,EOD,-0.018958290401557137,0.7810417095984428,34.39716720581055,73.08765411376953,83.16166687011719,2.5427139029844623,3.1231597237096977,0.00543089666678881,8.25596175441923,0.0,31.82434108978271,-0.0037916580803114275,0.15620834191968855,100000.0,5.0,500000.0,-18.95829040155714,781.0417095984427
2025-09-02,AJMERA,LONG,A_MOD_BREAK_C1_HIGH,MODERATE,2025-09-02 10:00:00+05:30,2025-09-02 10:15:00+05:30,186.05,184.97091,188.09654999999998,2025-09-02 10:54:00+05:30,188.09654999999998,TARGET,4.699999999999914,5.499999999999914,28.898176193237305,78.02276611328125,81.60203552246094,0.6171954042926866,4.4331764051629845,0.006568588386178089,6.348098003080439,0.0,184.97091,0.9399999999999828,1.0999999999999828,100000.0,5.0,500000.0,4699.9999999999145,5499.999999999914
2025-09-02,FACT,LONG,A_MOD_BREAK_C1_HIGH,MODERATE,2025-09-02 10:00:00+05:30,2025-09-02 10:15:00+05:30,962.8925522094727,957.3077754066577,973.4843702837768,2025-09-02 10:16:00+05:30,973.4843702837768,TARGET,4.699999999999957,5.499999999999956,32.35047149658203,71.95763397216797,84.0997314453125,1.3542484821198522,2.362752460472524,0.007384044597675274,5.34372872053024,0.0,957.3077754066577,0.9399999999999913,1.0999999999999912,100000.0,5.0,500000.0,4699.999999999957,5499.999999999956
2025-09-02,CHALET,SHORT,A_MOD_BREAK_C1_LOW,MODERATE,2025-09-02 10:30:00+05:30,2025-09-02 10:45:00+05:30,990.4018555908203,997.1365882088378,981.488238890503,2025-09-02 11:04:00+05:30,981.488238890503,TARGET,3.6999999999999753,4.499999999999975,23.020872116088867,26.333877563476562,3.711383819580078,1.8882975209093493,2.911628619972789,0.0064207955440210825,0.5357651479004693,0.0,997.1365882088378,0.7399999999999951,0.899999999999995,50000.0,5.0,250000.0,1849.9999999999877,2249.9999999999877
2025-09-02,GNA,LONG,B_HUGE_GREEN_PULLBACK_HOLD_THEN_BREAK,HUGE,2025-09-02 10:15:00+05:30,2025-09-02 11:15:00+05:30,311.5623,309.75523866,314.98948529999996,2025-09-02 11:16:00+05:30,314.98948529999996,TARGET,4.69999999999994,5.49999999999994,36.831695556640625,76.65867614746094,88.71038818359375,2.5855906193153735,3.9626683146017223,0.006113221172835849,8.702197948082482,0.0,309.75523866,0.939999999999988,1.0999999999999879,100000.0,5.0,500000.0,4699.999999999939,5499.999999999939
2025-09-02,ALKYLAMINE,LONG,B_HUGE_C1_CLOSE_RECLAIM_BREAK,HUGE,2025-09-02 10:45:00+05:30,2025-09-02 11:15:00+05:30,2084.4168,2072.32718256,2107.3453848,2025-09-02 12:56:00+05:30,2072.32718256,SL,-3.6999999999999966,-2.8999999999999964,36.52117919921875,78.92115783691406,88.30618286132812,1.4050949897200702,3.47771110403762,0.00572044744143788,7.032790622359025,0.0,2072.32718256,-0.7399999999999993,-0.5799999999999993,100000.0,5.0,500000.0,-3699.999999999997,-2899.9999999999964
2025-09-02,NLCINDIA,LONG,B_HUGE_C1_CLOSE_RECLAIM_BREAK,HUGE,2025-09-02 10:45:00+05:30,2025-09-02 11:15:00+05:30,233.4499938964844,232.09598393188477,236.01794382934568,2025-09-02 13:16:00+05:30,232.09598393188477,SL,-3.7000000000000055,-2.9000000000000057,49.12421798706055,75.4815444946289,76.0230941772461,1.008658569279381,2.444623790091174,0.004639478063594241,6.186893758567571,0.0,232.09598393188477,-0.7400000000000011,-0.5800000000000012,100000.0,5.0,500000.0,-3700.0000000000055,-2900.000000000006
2025-09-02,HSCL,LONG,B_HUGE_GREEN_PULLBACK_HOLD_THEN_BREAK,HUGE,2025-09-02 10:00:00+05:30,2025-09-02 11:30:00+05:30,462.7425238952637,460.05861725667114,467.8326916581115,2025-09-02 14:15:00+05:30,460.05861725667114,SL,-3.700000000000002,-2.9000000000000026,21.069570541381836,75.48291015625,83.69061279296875,1.0989493206699705,3.3306741493550898,0.004931706270221286,6.0816700753329584,0.0,460.05861725667114,-0.7400000000000004,-0.5800000000000005,100000.0,5.0,500000.0,-3700.0000000000023,-2900.0000000000023
2025-09-02,TVSSCS-BE,LONG,B_HUGE_GREEN_PULLBACK_HOLD_THEN_BREAK,HUGE,2025-09-02 10:30:00+05:30,2025-09-02 11:30:00+05:30,131.80999450683595,131.04549653869628,133.25990444641113,2025-09-02 12:41:00+05:30,131.04549653869628,SL,-3.7000000000000624,-2.9000000000000625,35.431983947753906,79.94351196289062,92.83739471435547,1.4592397479197183,3.9060164468643515,0.008090240258989084,7.203050360610378,0.0,131.04549653869628,-0.7400000000000124,-0.5800000000000125,100000.0,5.0,500000.0,-3700.0000000000623,-2900.0000000000628
2025-09-02,ESCORTS,LONG,B_HUGE_GREEN_PULLBACK_HOLD_THEN_BREAK,HUGE,2025-09-02 10:15:00+05:30,2025-09-02 11:45:00+05:30,3690.738,3669.3317196,3731.3361179999993,2025-09-02 13:56:00+05:30,3669.3317196,SL,-3.700000000000002,-2.900000000000002,46.64376449584961,72.10457611083984,54.07740020751953,1.3935734981834622,2.031935484744785,0.004982625736709396,5.977216315840593,0.0,3669.3317196,-0.7400000000000004,-0.5800000000000004,100000.0,5.0,500000.0,-3700.0000000000023,-2900.000000000002
2025-09-02,ACI,LONG,B_HUGE_GREEN_PULLBACK_HOLD_THEN_BREAK,HUGE,2025-09-02 10:15:00+05:30,2025-09-02 12:00:00+05:30,678.4356477905274,674.5007210333423,685.8984399162231,2025-09-02 15:30:00+05:30,674.5007210333423,SL,-3.6999999999999957,-2.899999999999996,54.1558952331543,68.6754379272461,63.043052673339844,0.8906017830515173,2.0812520415462354,0.006491091555586908,5.419116228953497,0.0,674.5007210333423,-0.7399999999999991,-0.5799999999999992,100000.0,5.0,500000.0,-3699.9999999999955,-2899.999999999996
2025-09-03,SULA,LONG,A_MOD_BREAK_C1_HIGH,MODERATE,2025-09-03 10:15:00+05:30,2025-09-03 10:30:00+05:30,254.94097738952638,253.46231972066713,257.7453281408111,2025-09-03 12:55:00+05:30,253.46231972066713,SL,-3.7000000000000055,-2.9000000000000057,22.93784523010254,70.83052825927734,84.87435913085938,1.5150513448213465,2.1037012925501353,0.00554306474322186,5.08590210339213,0.0,253.46231972066713,-0.7400000000000011,-0.5800000000000012,100000.0,5.0,500000.0,-3700.0000000000055,-2900.000000000006
2025-09-04,ZUARI,SHORT,A_MOD_BREAK_C1_LOW,MODERATE,2025-09-04 10:15:00+05:30,2025-09-04 10:30:00+05:30,312.03758610229494,314.1594416877905,309.2292478273743,2025-09-04 10:37:00+05:30,309.2292478273743,TARGET,3.69999999999996,4.499999999999959,42.803138732910156,33.152076721191406,19.519174575805664,1.1434372785279874,2.099188543977129,0.015737333657508436,0.7021486047360501,0.0,314.1594416877905,0.739999999999992,0.8999999999999919,50000.0,5.0,250000.0,1849.99999999998,2249.99999999998
2025-09-04,METROBRAND,LONG,B_HUGE_C1_CLOSE_RECLAIM_BREAK,HUGE,2025-09-04 10:15:00+05:30,2025-09-04 10:45:00+05:30,1225.9450911621093,1218.834609633369,1239.4304871648924,2025-09-04 10:48:00+05:30,1218.834609633369,SL,-3.7000000000000535,-2.9000000000000536,27.873308181762695,81.7281265258789,76.82569885253906,0.5637728807311676,3.146102087579129,0.010501299916422117,5.803470848742462,0.0,1218.834609633369,-0.7400000000000106,-0.5800000000000107,100000.0,5.0,500000.0,-3700.000000000053,-2900.0000000000537
2025-09-04,UNIECOM,LONG,B_HUGE_C1_CLOSE_RECLAIM_BREAK,HUGE,2025-09-04 10:15:00+05:30,2025-09-04 10:45:00+05:30,152.88999633789064,152.00323435913086,154.57178629760742,2025-09-04 11:25:00+05:30,152.00323435913086,SL,-3.7000000000000433,-2.900000000000043,57.32224655151367,70.61412811279297,66.25261688232422,0.6334794077199661,2.102096554415803,0.00803359798316222,5.4903263487145715,0.0,152.00323435913086,-0.7400000000000087,-0.5800000000000086,100000.0,5.0,500000.0,-3700.000000000043,-2900.000000000043
2025-09-04,ASALCBR,SHORT,A_MOD_BREAK_C1_LOW,MODERATE,2025-09-04 10:30:00+05:30,2025-09-04 10:45:00+05:30,1027.7944,1034.78340192,1018.5442504,2025-09-04 12:29:00+05:30,1018.5442504,TARGET,3.699999999999993,4.499999999999994,24.193321228027344,43.41142272949219,35.17387008666992,0.8185156725549351,0.6856392949812505,0.004227423691077645,0.30042202586658634,0.0,1034.78340192,0.7399999999999987,0.8999999999999987,50000.0,5.0,250000.0,1849.9999999999966,2249.999999999997
2025-09-04,AURIONPRO,SHORT,A_MOD_BREAK_C1_LOW,MODERATE,2025-09-04 10:30:00+05:30,2025-09-04 10:45:00+05:30,1299.74,1308.5782319999998,1288.04234,2025-09-04 11:06:00+05:30,1308.5782319999998,SL,-4.199999999999936,-3.3999999999999364,22.717226028442383,47.31422424316406,46.81535339355469,0.7959035390446699,0.2733607476029982,0.006154145284502831,0.2537095471396029,0.0,1308.5782319999998,-0.8399999999999872,-0.6799999999999873,50000.0,5.0,250000.0,-2099.999999999968,-1699.9999999999682
2025-09-05,DBCORP,LONG,B_HUGE_C1_CLOSE_RECLAIM_BREAK,HUGE,2025-09-05 10:15:00+05:30,2025-09-05 10:45:00+05:30,277.45547389526365,275.8462321466711,280.5074841081115,2025-09-05 11:38:00+05:30,275.8462321466711,SL,-3.69999999999999,-2.8999999999999906,54.4631233215332,78.77368927001953,77.38722229003906,1.139762999854754,3.23319639248689,0.0075831815453248205,7.020032143746858,0.0,275.8462321466711,-0.739999999999998,-0.5799999999999981,100000.0,5.0,500000.0,-3699.9999999999895,-2899.9999999999905
2025-09-05,ACE,SHORT,A_MOD_BREAK_C1_LOW,MODERATE,2025-09-05 10:30:00+05:30,2025-09-05 10:45:00+05:30,1055.7888,1062.96816384,1046.2867008,2025-09-05 11:11:00+05:30,1046.2867008,TARGET,3.6999999999999886,4.4999999999999885,24.66969108581543,30.356050491333008,20.930147171020508,1.680482255630756,2.6593343311675133,0.006025088431778496,0.5241297610226137,0.0,1062.96816384,0.7399999999999978,0.8999999999999977,50000.0,5.0,250000.0,1849.9999999999945,2249.999999999994
2025-09-05,JTEKTINDIA,LONG,B_HUGE_GREEN_PULLBACK_HOLD_THEN_BREAK,HUGE,2025-09-05 10:00:00+05:30,2025-09-05 11:00:00+05:30,151.88999633789064,151.00903435913088,153.56078629760742,2025-09-05 11:01:00+05:30,153.56078629760742,TARGET,4.699999999999962,5.499999999999962,44.54045486450195,81.31201171875,69.7630386352539,1.6206915763922356,3.814305295500338,0.010037397767795485,7.5654205514107975,0.0,151.00903435913088,0.9399999999999924,1.0999999999999923,100000.0,5.0,500000.0,4699.999999999962,5499.999999999962
2025-09-05,GMDCLTD,LONG,B_HUGE_GREEN_PULLBACK_HOLD_THEN_BREAK,HUGE,2025-09-05 10:00:00+05:30,2025-09-05 11:15:00+05:30,503.6007,500.67981594,509.1403077,2025-09-05 11:17:00+05:30,509.1403077,TARGET,4.699999999999976,5.499999999999976,31.88996696472168,73.94147491455078,80.9886245727539,1.9667115214652826,2.9129209961734666,0.007894342181279733,6.615275952897308,0.0,500.67981594,0.9399999999999953,1.0999999999999952,100000.0,5.0,500000.0,4699.999999999976,5499.999999999976
2025-09-05,ABBOTINDIA,SHORT,A_MOD_BREAK_C1_LOW,MODERATE,2025-09-05 11:00:00+05:30,2025-09-05 11:15:00+05:30,31503.698,31717.923146399997,31220.164718,2025-09-05 11:43:00+05:30,31220.164718,TARGET,3.7000000000000055,4.500000000000005,21.3715877532959,25.40680503845215,3.2486371994018555,1.5538646439585897,3.069957315111707,0.005930687776365176,0.45250012899219166,0.0,31717.923146399997,0.7400000000000011,0.900000000000001,50000.0,5.0,250000.0,1850.0000000000027,2250.0000000000023
2025-09-05,JLHL,SHORT,A_MOD_BREAK_C1_LOW,MODERATE,2025-09-05 11:00:00+05:30,2025-09-05 11:15:00+05:30,1426.2147,1435.9129599599999,1413.3787677,2025-09-05 15:30:00+05:30,1426.699951171875,EOD,-0.9701185564399968,-0.17011855643999693,34.457069396972656,32.0909423828125,15.829733848571777,1.1907935312326994,1.8646263740920235,0.0042361534565238,0.5784762276249134,0.0,1435.9129599599999,-0.19402371128799936,-0.034023711287999386,50000.0,5.0,250000.0,-485.0592782199984,-85.05927821999848
2025-09-05,GODREJPROP,SHORT,A_MOD_BREAK_C1_LOW,MODERATE,2025-09-05 11:15:00+05:30,2025-09-05 11:30:00+05:30,1966.3066111816406,1979.6774961376757,1948.609851681006,2025-09-05 12:16:00+05:30,1948.609851681006,TARGET,3.6999999999999833,4.499999999999983,21.927099227905273,25.17343521118164,6.593679904937744,2.71351836515023,3.261787453547637,0.004776902578953957,0.538906488418579,0.0,1979.6774961376757,0.7399999999999967,0.8999999999999966,50000.0,5.0,250000.0,1849.9999999999916,2249.999999999992
2025-09-05,ANUP,SHORT,A_MOD_BREAK_C1_LOW,MODERATE,2025-09-05 11:45:00+05:30,2025-09-05 12:00:00+05:30,2269.646077636719,2285.0796709646484,2249.2192629379883,2025-09-05 15:30:00+05:30,2263.10009765625,EOD,0.642070648143733,1.4420706481437329,34.740623474121094,27.92732810974121,4.274752616882324,1.7941554306567362,2.4410492067218996,0.006411137267754064,0.6950865524767451,0.0,2285.0796709646484,0.1284141296287466,0.2884141296287466,50000.0,5.0,250000.0,321.0353240718665,721.0353240718664
2025-09-05,ASHOKA,SHORT,A_MOD_BREAK_C1_LOW,MODERATE,2025-09-05 11:45:00+05:30,2025-09-05 12:00:00+05:30,186.97000427246093,188.24140030151364,185.28727423400878,2025-09-05 15:17:00+05:30,185.28727423400878,TARGET,3.700000000000002,4.500000000000003,31.278526306152344,31.44594383239746,8.64531135559082,1.5789108744556328,2.0805428215127746,0.0048000825768247995,0.6054872976220209,0.0,188.24140030151364,0.7400000000000004,0.9000000000000005,50000.0,5.0,250000.0,1850.0000000000011,2250.000000000001
2025-09-05,KALAMANDIR,SHORT,A_MOD_BREAK_C1_LOW,MODERATE,2025-09-05 11:45:00+05:30,2025-09-05 12:00:00+05:30,172.0500061035156,173.2199461450195,170.50155604858398,2025-09-05 12:27:00+05:30,170.50155604858398,TARGET,3.699999999999984,4.499999999999984,37.34662628173828,32.96609878540039,40.70513153076172,0.8135298866519061,1.3771706938858788,0.009511076157028031,0.5314256590844517,0.0,173.2199461450195,0.7399999999999969,0.8999999999999968,50000.0,5.0,250000.0,1849.9999999999923,2249.999999999992
2025-09-05,UNIONBANK,SHORT,A_MOD_BREAK_C1_LOW,MODERATE,2025-09-05 11:45:00+05:30,2025-09-05 12:00:00+05:30,125.89000244140625,126.7460544580078,124.7569924194336,2025-09-05 13:35:00+05:30,126.7460544580078,SL,-4.199999999999959,-3.399999999999959,20.52086639404297,30.97273063659668,14.692764282226562,1.3241487713523832,1.7804396167930925,0.004673157827156882,0.38856101173696617,0.0,126.7460544580078,-0.8399999999999919,-0.6799999999999918,50000.0,5.0,250000.0,-2099.9999999999795,-1699.9999999999795
2025-09-05,FINEORG,SHORT,A_MOD_BREAK_C1_LOW,MODERATE,2025-09-05 12:00:00+05:30,2025-09-05 12:15:00+05:30,4786.5425,4819.090988999999,4743.4636175,2025-09-05 13:19:00+05:30,4819.090988999999,SL,-4.199999999999978,-3.3999999999999786,49.886146545410156,22.478525161743164,0.3745318353176117,2.093599415722891,2.4384997220555653,0.0038687101916918243,0.9582921981811523,0.0,4819.090988999999,-0.8399999999999956,-0.6799999999999957,50000.0,5.0,250000.0,-2099.999999999989,-1699.9999999999893
2025-09-05,GUJGASLTD,SHORT,A_MOD_BREAK_C1_LOW,MODERATE,2025-09-05 12:30:00+05:30,2025-09-05 12:45:00+05:30,435.0129861022949,437.97107440779047,431.09786922737425,2025-09-05 15:30:00+05:30,433.79998779296875,EOD,0.5942093087778835,1.3942093087778833,33.195884704589844,23.469158172607422,11.059234619140625,1.4907520065001516,1.799316692243686,0.004826475837176554,0.6087857063185584,0.0,437.97107440779047,0.1188418617555767,0.2788418617555767,50000.0,5.0,250000.0,297.10465438894175,697.1046543889418
2025-09-05,CHAMBLFERT,SHORT,A_MOD_BREAK_C1_LOW,MODERATE,2025-09-05 12:45:00+05:30,2025-09-05 13:00:00+05:30,551.9895555908203,555.7430845688378,547.0216495905029,2025-09-05 14:32:00+05:30,555.7430845688378,SL,-4.200000000000006,-3.4000000000000057,32.22087860107422,32.748538970947266,9.874882698059082,1.6203981674871109,1.6614096032797312,0.005164852401250088,0.6099533384903442,0.0,555.7430845688378,-0.8400000000000012,-0.6800000000000012,50000.0,5.0,250000.0,-2100.0000000000027,-1700.000000000003
2025-09-05,MARATHON,SHORT,A_MOD_BREAK_C1_LOW,MODERATE,2025-09-05 13:00:00+05:30,2025-09-05 13:15:00+05:30,597.8804,601.94598672,592.4994764,2025-09-05 13:36:00+05:30,601.94598672,SL,-4.199999999999951,-3.399999999999952,24.41549301147461,26.688983917236328,1.9084150791168213,2.2167271340164616,2.438022580847317,0.005067946642464453,0.5762323951721191,0.0,601.94598672,-0.8399999999999903,-0.6799999999999904,50000.0,5.0,250000.0,-2099.9999999999754,-1699.9999999999761
2025-09-05,BSE,LONG,B_HUGE_GREEN_PULLBACK_HOLD_THEN_BREAK,HUGE,2025-09-05 10:00:00+05:30,2025-09-05 14:15:00+05:30,2334.7669088378907,2321.225260766631,2360.4493448351072,2025-09-05 15:04:00+05:30,2321.225260766631,SL,-3.6999999999999886,-2.899999999999989,27.300485610961914,79.36537170410156,94.48504638671875,3.9287603364714845,4.7855322214120575,0.006994819805823871,11.078810602160075,0.0,2321.225260766631,-0.7399999999999978,-0.5799999999999977,100000.0,5.0,500000.0,-3699.999999999989,-2899.9999999999886
2025-09-08,CYIENTDLM,LONG,B_HUGE_C1_CLOSE_RECLAIM_BREAK,HUGE,2025-09-08 10:00:00+05:30,2025-09-08 10:30:00+05:30,445.33905,442.75608351,450.2377795499999,2025-09-08 10:46:00+05:30,442.75608351,SL,-3.6999999999999886,-2.899999999999989,36.3381233215332,80.49724578857422,83.03360748291016,0.9732530644556651,4.024452955565885,0.006272555870128977,7.324916221853218,0.0,442.75608351,-0.7399999999999978,-0.5799999999999977,100000.0,5.0,500000.0,-3699.999999999989,-2899.9999999999886
2025-09-09,BAJAJCON,SHORT,A_MOD_BREAK_C1_LOW,MODERATE,2025-09-09 10:15:00+05:30,2025-09-09 10:30:00+05:30,220.22999877929686,221.72756277099606,218.2479287902832,2025-09-09 11:07:00+05:30,221.72756277099606,SL,-4.199999999999946,-3.399999999999946,38.86564254760742,25.06252098083496,16.274690628051758,1.2148111233347523,2.892965967759601,0.005090932751639012,0.6555765847976929,0.0,221.72756277099606,-0.8399999999999892,-0.6799999999999893,50000.0,5.0,250000.0,-2099.999999999973,-1699.9999999999732
2025-09-10,HAVELLS,LONG,A_MOD_CLOSE_CONTINUATION_BREAK,MODERATE,2025-09-10 10:15:00+05:30,2025-09-10 10:30:00+05:30,1596.8193,1587.55774806,1614.3843123,2025-09-10 11:21:00+05:30,1587.55774806,SL,-3.7000000000000366,-2.9000000000000363,32.61519241333008,74.23827362060547,81.56893157958984,0.9484024872228883,2.7806143086177086,0.002384677562002773,5.523471800946399,0.0,1587.55774806,-0.7400000000000073,-0.5800000000000073,100000.0,5.0,500000.0,-3700.0000000000364,-2900.0000000000364
2025-09-11,NESCO,LONG,A_MOD_BREAK_C1_HIGH,MODERATE,2025-09-11 10:00:00+05:30,2025-09-11 10:15:00+05:30,1568.2136044189454,1559.1179655133153,1585.4639540675537,2025-09-11 10:16:00+05:30,1585.4639540675537,TARGET,4.69999999999998,5.49999999999998,26.20059585571289,66.6763687133789,80.40336608886719,1.6676007080468496,2.2784729254091203,0.007649485067056772,5.029678685222774,0.0,1559.1179655133153,0.939999999999996,1.0999999999999959,100000.0,5.0,500000.0,4699.999999999979,5499.99999999998
2025-09-11,ADANIGREEN,LONG,B_HUGE_C1_CLOSE_RECLAIM_BREAK,HUGE,2025-09-11 10:00:00+05:30,2025-09-11 10:30:00+05:30,983.2965955810547,977.5934753266846,994.1128581324461,2025-09-11 10:34:00+05:30,994.1128581324461,TARGET,4.699999999999921,5.49999999999992,41.84572219848633,79.55716705322266,93.53350830078125,1.9909382209794275,4.083844209563057,0.004475627824451438,8.060480560218338,0.0,977.5934753266846,0.9399999999999842,1.099999999999984,100000.0,5.0,500000.0,4699.999999999921,5499.999999999921
2025-09-11,SIGACHI,LONG,B_HUGE_C1_CLOSE_RECLAIM_BREAK,HUGE,2025-09-11 10:00:00+05:30,2025-09-11 10:30:00+05:30,35.64999847412109,35.443228482971186,36.04214845733642,2025-09-11 10:31:00+05:30,36.04214845733642,TARGET,4.699999999999916,5.499999999999915,37.58415985107422,92.11669921875,85.91922760009766,1.2158314546417668,6.512854879680593,0.013944616908742793,9.571679491721822,0.0,35.443228482971186,0.9399999999999831,1.099999999999983,100000.0,5.0,500000.0,4699.999999999915,5499.9999999999145
2025-09-11,ADANIENT,LONG,B_HUGE_C1_CLOSE_RECLAIM_BREAK,HUGE,2025-09-11 10:15:00+05:30,2025-09-11 10:45:00+05:30,2308.9617,2295.5697221399996,2334.3602786999995,2025-09-11 10:46:00+05:30,2334.3602786999995,TARGET,4.699999999999934,5.4999999999999325,31.05284309387207,83.114501953125,95.71246337890625,2.7402994387689974,4.269166248832726,0.0034345121179175423,9.147332691189565,0.0,2295.5697221399996,0.9399999999999866,1.0999999999999865,100000.0,5.0,500000.0,4699.999999999934,5499.999999999933
2025-09-11,SIS,SHORT,A_MOD_BREAK_C1_LOW,MODERATE,2025-09-11 10:30:00+05:30,2025-09-11 10:45:00+05:30,343.0313861022949,345.3639995277905,339.94410362737426,2025-09-11 15:18:00+05:30,339.94410362737426,TARGET,3.699999999999981,4.499999999999981,23.874902725219727,26.01753807067871,3.0736443996429443,0.9417403593220782,2.0369554114765025,0.005017274304791171,0.38292810375965963,0.0,345.3639995277905,0.7399999999999962,0.8999999999999962,50000.0,5.0,250000.0,1849.9999999999905,2249.999999999991
2025-09-11,ASHOKLEY,SHORT,A_MOD_BREAK_C1_LOW,MODERATE,2025-09-11 11:00:00+05:30,2025-09-11 11:15:00+05:30,132.95,133.85405999999998,131.75345,2025-09-11 13:44:00+05:30,133.85405999999998,SL,-4.199999999999951,-3.3999999999999515,21.196741104125977,35.00246047973633,16.350082397460938,1.6782593011347975,1.9676882669772622,0.0031786427470167763,0.4700309076093423,0.0,133.85405999999998,-0.8399999999999903,-0.6799999999999903,50000.0,5.0,250000.0,-2099.9999999999754,-1699.9999999999757
2025-09-11,ENDURANCE,SHORT,A_MOD_BREAK_C1_LOW,MODERATE,2025-09-11 11:00:00+05:30,2025-09-11 11:15:00+05:30,2957.2084888183595,2977.3175065423243,2930.5936124189943,2025-09-11 12:20:00+05:30,2930.5936124189943,TARGET,3.6999999999999824,4.499999999999982,25.570682525634766,29.031368255615234,6.863710403442383,1.771197706664915,2.2921305173903264,0.006155884588086928,0.5535198365508815,0.0,2977.3175065423243,0.7399999999999964,0.8999999999999965,50000.0,5.0,250000.0,1849.9999999999911,2249.9999999999914
2025-09-11,FINOPB,LONG,A_MOD_BREAK_C1_HIGH,MODERATE,2025-09-11 11:00:00+05:30,2025-09-11 11:15:00+05:30,279.60589779052737,277.9841835833423,282.68156266622316,2025-09-11 11:16:00+05:30,282.68156266622316,TARGET,4.699999999999987,5.499999999999986,43.529335021972656,75.62957000732422,86.22052001953125,1.6602350787243327,3.0551105189880183,0.00834613547102952,7.2060038409584415,0.0,277.9841835833423,0.9399999999999973,1.0999999999999972,100000.0,5.0,500000.0,4699.999999999986,5499.999999999985
2025-09-11,ANGELONE,SHORT,B_HUGE_RED_FAILED_BOUNCE,HUGE,2025-09-11 10:15:00+05:30,2025-09-11 11:45:00+05:30,2308.5382,2324.23625976,2287.7613562,2025-09-11 11:46:00+05:30,2287.7613562,TARGET,3.699999999999962,4.499999999999963,31.03253746032715,38.23811721801758,38.43501663208008,0.689552598999231,1.3330667803241092,0.005208018743233575,0.4528131057459781,0.0,2324.23625976,0.7399999999999924,0.8999999999999925,50000.0,5.0,250000.0,1849.999999999981,2249.9999999999814
2025-09-11,KAMATHOTEL,SHORT,A_MOD_BREAK_C1_LOW,MODERATE,2025-09-11 11:45:00+05:30,2025-09-11 12:00:00+05:30,307.0385861022949,309.12644848779047,304.27523882737427,2025-09-11 15:30:00+05:30,305.6000061035156,EOD,1.5426697227885278,2.3426697227885276,36.43144607543945,38.97970199584961,29.087181091308594,1.2518039867945345,1.1317277736240994,0.00825783721799773,0.5821237775018404,0.0,309.12644848779047,0.30853394455770555,0.46853394455770553,50000.0,5.0,250000.0,771.334861394264,1171.334861394264
2025-09-11,MINDACORP,SHORT,A_MOD_BREAK_C1_LOW,MODERATE,2025-09-11 13:00:00+05:30,2025-09-11 13:15:00+05:30,504.59907220458985,508.03034589558104,500.0576805547485,2025-09-11 14:07:00+05:30,508.03034589558104,SL,-4.19999999999998,-3.39999999999998,41.9533576965332,30.787572860717773,22.557350158691406,1.6154630437998188,1.9129923608532902,0.0031676928795047487,0.7676560161556307,0.0,508.03034589558104,-0.8399999999999959,-0.6799999999999959,50000.0,5.0,250000.0,-2099.9999999999895,-1699.99999999999
2025-09-11,SOBHA,LONG,B_HUGE_C1_CLOSE_RECLAIM_BREAK,HUGE,2025-09-11 13:15:00+05:30,2025-09-11 13:45:00+05:30,1531.0060911621094,1522.1262558333692,1547.8471581648926,2025-09-11 15:01:00+05:30,1547.8471581648926,TARGET,4.699999999999973,5.4999999999999725,57.480987548828125,84.33656311035156,95.38629150390625,3.6865485429274356,3.850416044378067,0.0037377903765494843,10.491698868997798,0.0,1522.1262558333692,0.9399999999999946,1.0999999999999945,100000.0,5.0,500000.0,4699.999999999974,5499.999999999973
2025-09-11,NUVAMA,SHORT,A_MOD_BREAK_C1_LOW,MODERATE,2025-09-11 14:00:00+05:30,2025-09-11 14:15:00+05:30,1237.2525,1245.665817,1226.1172275000001,2025-09-11 15:30:00+05:30,1232.5,EOD,1.120586137429528,1.9205861374295279,50.37025833129883,24.637226104736328,9.608159065246582,3.3933557533699377,3.3383197592338765,0.004761904706858625,0.96,0.0,1245.665817,0.22411722748590562,0.3841172274859056,50000.0,5.0,250000.0,560.293068714764,960.293068714764
2025-09-12,METROPOLIS,SHORT,A_MOD_BREAK_C1_LOW,MODERATE,2025-09-12 10:30:00+05:30,2025-09-12 10:45:00+05:30,2091.5816,2105.8043548799997,2072.7573656,2025-09-12 12:23:00+05:30,2072.7573656,TARGET,3.7000000000000055,4.500000000000005,33.61182403564453,16.50318145751953,19.21491813659668,0.9552352863896304,3.0881271721963177,0.0038104210027545176,0.5313435356528533,0.0,2105.8043548799997,0.7400000000000011,0.9000000000000011,50000.0,5.0,250000.0,1850.0000000000027,2250.0000000000027
2025-09-12,TRITURBINE,LONG,A_MOD_BREAK_C1_HIGH,MODERATE,2025-09-12 10:30:00+05:30,2025-09-12 10:45:00+05:30,518.6037,515.59579854,524.3083406999999,2025-09-12 10:59:00+05:30,524.3083406999999,TARGET,4.699999999999917,5.4999999999999165,27.13772964477539,67.14163208007812,79.2079086303711,1.581509552170407,1.97697867709323,0.003714045888623261,4.8279208630193065,0.0,515.59579854,0.9399999999999833,1.0999999999999832,100000.0,5.0,500000.0,4699.999999999916,5499.999999999916
2025-09-12,ORIENTHOT,SHORT,A_MOD_BREAK_C1_LOW,MODERATE,2025-09-12 11:00:00+05:30,2025-09-12 11:15:00+05:30,142.33999938964843,143.30791138549802,141.05893939514158,2025-09-12 15:30:00+05:30,142.5,EOD,-1.362036711527518,-0.5620367115275181,41.244754791259766,28.806316375732422,17.550119400024414,1.7748550337446138,2.9051683497857836,0.006797251515162719,0.7892709527742039,0.0,143.30791138549802,-0.2724073423055036,-0.11240734230550363,50000.0,5.0,250000.0,-681.0183557637591,-281.0183557637591
2025-09-12,PNBHOUSING,LONG,B_HUGE_GREEN_PULLBACK_HOLD_THEN_BREAK,HUGE,2025-09-12 10:30:00+05:30,2025-09-12 11:30:00+05:30,829.6159022094727,824.8041299766577,838.7416771337768,2025-09-12 12:38:00+05:30,824.8041299766577,SL,-3.7000000000000197,-2.90000000000002,22.475318908691406,80.56194305419922,77.69418334960938,2.538072021678705,3.734210037315296,0.0034209766254962738,8.325961789240708,0.0,824.8041299766577,-0.740000000000004,-0.580000000000004,100000.0,5.0,500000.0,-3700.00000000002,-2900.0000000000196
2025-09-12,SNOWMAN,LONG,B_HUGE_C1_CLOSE_RECLAIM_BREAK,HUGE,2025-09-12 11:15:00+05:30,2025-09-12 11:45:00+05:30,58.349999237060544,58.01156924148559,58.9918492286682,2025-09-12 11:46:00+05:30,58.9918492286682,TARGET,4.699999999999923,5.499999999999923,33.25335693359375,70.72172546386719,76.55530548095703,1.739577381069367,2.1006720244468586,0.011688308435290335,5.950336461337798,0.0,58.01156924148559,0.9399999999999846,1.0999999999999845,100000.0,5.0,500000.0,4699.999999999923,5499.999999999923
2025-09-12,MIDHANI,LONG,B_HUGE_GREEN_PULLBACK_HOLD_THEN_BREAK,HUGE,2025-09-12 10:30:00+05:30,2025-09-12 12:00:00+05:30,399.87994779052735,397.56064409334226,404.27862721622313,2025-09-12 12:14:00+05:30,397.56064409334226,SL,-3.700000000000041,-2.9000000000000408,34.274139404296875,70.9491958618164,78.60199737548828,1.088143012210001,2.90061559119687,0.00643637686723124,5.954394428185669,0.0,397.56064409334226,-0.7400000000000082,-0.5800000000000082,100000.0,5.0,500000.0,-3700.000000000041,-2900.000000000041
2025-09-12,GRSE,LONG,B_HUGE_GREEN_PULLBACK_HOLD_THEN_BREAK,HUGE,2025-09-12 10:45:00+05:30,2025-09-12 12:00:00+05:30,2507.5014,2492.9578918800003,2535.0839154,2025-09-12 12:16:00+05:30,2535.0839154,TARGET,4.699999999999984,5.499999999999984,33.22970962524414,84.48892211914062,93.0283432006836,1.8182970794559004,4.358717246148943,0.009110998808192676,8.453513422149047,0.0,2492.9578918800003,0.9399999999999968,1.0999999999999968,100000.0,5.0,500000.0,4699.9999999999845,5499.999999999984
2025-09-12,HAL,LONG,B_HUGE_GREEN_PULLBACK_HOLD_THEN_BREAK,HUGE,2025-09-12 10:30:00+05:30,2025-09-12 12:15:00+05:30,4709.541817675781,4682.226475133261,4761.346777670215,2025-09-12 15:30:00+05:30,4744.0,EOD,2.858337016447212,3.6583370164472124,37.95309066772461,80.80770111083984,90.6320571899414,1.9858981590103124,4.696884986941049,0.003956055432704243,8.887558436615215,0.0,4682.226475133261,0.5716674032894424,0.7316674032894425,100000.0,5.0,500000.0,2858.3370164472126,3658.337016447212
2025-09-12,FINPIPE,LONG,B_HUGE_C1_CLOSE_RECLAIM_BREAK,HUGE,2025-09-12 11:45:00+05:30,2025-09-12 12:15:00+05:30,215.8,214.54836,218.1738,2025-09-12 15:30:00+05:30,215.4499969482422,EOD,-1.6109431227011672,-0.8109431227011674,36.58523941040039,72.22406768798828,65.2396469116211,1.567214443904103,1.9468523334230718,0.005912928288394579,5.659453591513225,0.0,214.54836,-0.32218862454023345,-0.16218862454023347,100000.0,5.0,500000.0,-1610.9431227011673,-810.9431227011673
2025-09-12,BLUEDART,SHORT,A_MOD_BREAK_C1_LOW,MODERATE,2025-09-12 12:00:00+05:30,2025-09-12 12:15:00+05:30,5721.3555,5760.2607173999995,5669.863300499999,2025-09-12 15:30:00+05:30,5724.0,EOD,-1.0311078205156394,-0.2311078205156396,20.67524528503418,34.27831268310547,32.121212005615234,1.4003563718656595,1.6030605279126213,0.0044978165938864625,0.39534407074763417,0.0,5760.2607173999995,-0.2062215641031279,-0.04622156410312792,50000.0,5.0,250000.0,-515.5539102578198,-115.55391025781981
2025-09-12,SOLARINDS,LONG,B_HUGE_C1_CLOSE_RECLAIM_BREAK,HUGE,2025-09-12 12:00:00+05:30,2025-09-12 12:30:00+05:30,14528.9052,14444.63754984,14688.723157199998,2025-09-12 13:45:00+05:30,14444.63754984,SL,-3.6999999999999966,-2.899999999999997,31.500267028808594,76.74775695800781,93.1123046875,245.6075501209441,4.313751058004213,0.005389351039226269,300.38639888216125,0.0,14444.63754984,-0.7399999999999993,-0.5799999999999994,100000.0,5.0,500000.0,-3699.999999999997,-2899.9999999999973
2025-09-12,APTUS,SHORT,A_MOD_BREAK_C1_LOW,MODERATE,2025-09-12 12:15:00+05:30,2025-09-12 12:30:00+05:30,334.0331861022949,336.3046117677905,331.0268874273743,2025-09-12 14:29:00+05:30,331.0268874273743,TARGET,3.699999999999962,4.499999999999963,21.602222442626953,29.397212982177734,13.638213157653809,1.333036661832551,1.5600700203565043,0.004884476132289845,0.39531825347792593,0.0,336.3046117677905,0.7399999999999924,0.8999999999999925,50000.0,5.0,250000.0,1849.999999999981,2249.9999999999814
2025-09-12,ICICIGI,LONG,B_HUGE_C1_CLOSE_RECLAIM_BREAK,HUGE,2025-09-12 12:45:00+05:30,2025-09-12 13:15:00+05:30,1891.3782,1880.40820644,1912.1833602,2025-09-12 15:30:00+05:30,1900.0999755859375,EOD,1.5056667317878025,2.3056667317878023,40.68532943725586,74.2446060180664,81.30438995361328,3.523999278592336,2.328404152179988,0.004037929425978396,8.3411577709962,0.0,1880.40820644,0.3011333463575605,0.4611333463575605,100000.0,5.0,500000.0,1505.6667317878025,2305.6667317878023
2025-09-12,GMRP&UI,LONG,A_MOD_BREAK_C1_HIGH,MODERATE,2025-09-12 13:00:00+05:30,2025-09-12 13:15:00+05:30,117.05,116.37110999999999,118.33754999999998,2025-09-12 14:18:00+05:30,116.37110999999999,SL,-3.700000000000042,-2.900000000000042,34.304115295410156,65.46128845214844,49.84080505371094,0.8018002215976189,2.1464249516574494,0.005649549571331742,4.432926936227478,0.0,116.37110999999999,-0.7400000000000084,-0.5800000000000084,100000.0,5.0,500000.0,-3700.0000000000423,-2900.000000000042
2025-09-12,SRHHYPOLTD,SHORT,A_MOD_BREAK_C1_LOW,MODERATE,2025-09-12 13:15:00+05:30,2025-09-12 13:30:00+05:30,607.0785722045898,611.206706495581,601.6148650547485,2025-09-12 15:18:00+05:30,601.6148650547485,TARGET,3.6999999999999913,4.499999999999991,27.435331344604492,37.055641174316406,13.715758323669434,1.496223870886062,1.7447490856944363,0.0037860238503036187,0.52060660185885,0.0,611.206706495581,0.7399999999999982,0.8999999999999982,50000.0,5.0,250000.0,1849.9999999999955,2249.9999999999955
2025-09-12,PUNJABCHEM,LONG,B_HUGE_GREEN_PULLBACK_HOLD_THEN_BREAK,HUGE,2025-09-12 10:00:00+05:30,2025-09-12 13:45:00+05:30,1280.6561044189452,1273.2282990133153,1294.7433215675535,2025-09-12 13:58:00+05:30,1273.2282990133153,SL,-3.7000000000000055,-2.9000000000000057,38.331478118896484,86.94676208496094,85.05807495117188,1.2272015276770991,5.831934422402287,0.01311494213392136,9.080014780069895,0.0,1273.2282990133153,-0.7400000000000011,-0.5800000000000012,100000.0,5.0,500000.0,-3700.0000000000055,-2900.000000000006
2025-09-12,BAJAJFINSV,LONG,B_HUGE_C1_CLOSE_RECLAIM_BREAK,HUGE,2025-09-12 13:15:00+05:30,2025-09-12 13:45:00+05:30,2077.515517675781,2065.465927673262,2100.3681883702147,2025-09-12 15:30:00+05:30,2083.199951171875,EOD,0.5680844854659004,1.3680844854659002,44.06519317626953,80.45062255859375,86.57815551757812,3.416097413964682,4.132584738529239,0.0030983913353883883,10.21088029304976,0.0,2065.465927673262,0.11361689709318007,0.27361689709318004,100000.0,5.0,500000.0,568.0844854659003,1368.0844854659001
2025-09-12,VEDL,LONG,B_HUGE_C1_CLOSE_RECLAIM_BREAK,HUGE,2025-09-12 13:45:00+05:30,2025-09-12 14:15:00+05:30,449.83995,447.23087828999996,454.78818944999995,2025-09-12 14:16:00+05:30,454.78818944999995,TARGET,4.699999999999955,5.499999999999955,40.45842361450195,75.77175903320312,65.98296356201172,3.440684023931089,3.8942751704762255,0.0038275339657760712,9.730680937022115,0.0,447.23087828999996,0.9399999999999911,1.099999999999991,100000.0,5.0,500000.0,4699.999999999955,5499.9999999999545
2025-09-12,MASFIN,LONG,B_HUGE_C1_CLOSE_RECLAIM_BREAK,HUGE,2025-09-12 14:00:00+05:30,2025-09-12 14:30:00+05:30,321.5643,319.69922706,325.1015073,2025-09-12 15:30:00+05:30,323.04998779296875,EOD,1.5100944243013719,2.3100944243013717,26.368837356567383,74.22290802001953,89.47941589355469,1.8863407340541078,3.025300879227629,0.004732285836250934,6.5611975304140255,0.0,319.69922706,0.3020188848602744,0.46201888486027437,100000.0,5.0,500000.0,1510.094424301372,2310.094424301372
2025-09-15,WELCORP,LONG,A_MOD_BREAK_C1_HIGH,MODERATE,2025-09-15 10:15:00+05:30,2025-09-15 10:30:00+05:30,899.92995,894.7103562899999,909.8291794499999,2025-09-15 10:31:00+05:30,909.8291794499999,TARGET,4.699999999999941,5.4999999999999405,38.796512603759766,83.07146453857422,91.51988983154297,1.7748848106687063,3.1692631506679785,0.005868341340960364,7.141449203737221,0.0,894.7103562899999,0.9399999999999882,1.099999999999988,100000.0,5.0,500000.0,4699.999999999941,5499.999999999941
2025-09-15,GOKULAGRO,LONG,B_HUGE_C1_CLOSE_RECLAIM_BREAK,HUGE,2025-09-15 10:15:00+05:30,2025-09-15 10:45:00+05:30,197.55,196.40421,199.72305,2025-09-15 11:00:00+05:30,196.40421,SL,-3.700000000000012,-2.900000000000013,36.45549011230469,85.55551147460938,87.68370819091797,1.0620458215051143,5.526402384431963,0.013182638868500915,8.466044727824364,0.0,196.40421,-0.7400000000000024,-0.5800000000000025,100000.0,5.0,500000.0,-3700.0000000000123,-2900.0000000000123
2025-09-15,SBFC,SHORT,A_MOD_BREAK_C1_LOW,MODERATE,2025-09-15 10:30:00+05:30,2025-09-15 10:45:00+05:30,105.95,106.67045999999999,104.99645,2025-09-15 12:25:00+05:30,106.67045999999999,SL,-4.199999999999946,-3.3999999999999457,24.633691787719727,29.90336036682129,53.14287567138672,0.38513845420002135,1.344392496434941,0.0035171892775126895,0.2641242311225467,0.0,106.67045999999999,-0.8399999999999892,-0.6799999999999892,50000.0,5.0,250000.0,-2099.999999999973,-1699.999999999973
2025-09-16,JKTYRE,LONG,A_MOD_BREAK_C1_HIGH,MODERATE,2025-09-16 10:00:00+05:30,2025-09-16 10:15:00+05:30,376.0752,373.89396383999997,380.21202719999997,2025-09-16 10:59:00+05:30,373.89396383999997,SL,-3.7000000000000344,-2.900000000000035,34.30186080932617,74.71247100830078,81.28811645507812,0.7100902585056607,2.4658115939506797,0.004669961535660786,4.7735379503575714,0.0,373.89396383999997,-0.7400000000000069,-0.580000000000007,100000.0,5.0,500000.0,-3700.0000000000346,-2900.000000000035
2025-09-17,BRITANNIA,SHORT,A_MOD_BREAK_C1_LOW,MODERATE,2025-09-17 10:00:00+05:30,2025-09-17 10:15:00+05:30,6079.2839,6120.62303052,6024.5703449,2025-09-17 15:30:00+05:30,6101.5,EOD,-2.6271971144495856,-1.8271971144495853,31.147348403930664,22.079566955566406,9.731690406799316,1.4878087403468876,3.894178850843866,0.003966949818912322,0.5875767556196654,0.0,6120.62303052,-0.5254394228899171,-0.36543942288991704,50000.0,5.0,250000.0,-1313.5985572247926,-913.5985572247927
2025-09-17,WHEELS,LONG,A_MOD_BREAK_C1_HIGH,MODERATE,2025-09-17 10:00:00+05:30,2025-09-17 10:15:00+05:30,811.7622955810547,807.0540742666846,820.6916808324462,2025-09-17 11:08:00+05:30,807.0540742666846,SL,-3.700000000000002,-2.9000000000000026,22.028182983398438,66.08209228515625,86.94115447998047,0.7223961581830558,2.2814892502801385,0.008286879964241146,3.7822627891892857,0.0,807.0540742666846,-0.7400000000000004,-0.5800000000000005,100000.0,5.0,500000.0,-3700.0000000000023,-2900.0000000000023
2025-09-18,LAOPALA,LONG,B_HUGE_C1_CLOSE_RECLAIM_BREAK,HUGE,2025-09-18 10:00:00+05:30,2025-09-18 10:30:00+05:30,252.1404143371582,250.67799993400268,254.9139588948669,2025-09-18 10:33:00+05:30,254.9139588948669,TARGET,4.699999999999927,5.499999999999927,29.545061111450195,76.58358001708984,71.94962310791016,0.9800831729701541,3.5262764509320728,0.004221859305930584,6.7552841152825,0.0,250.67799993400268,0.9399999999999855,1.0999999999999854,100000.0,5.0,500000.0,4699.999999999927,5499.999999999927
2025-09-18,AGARIND,LONG,B_HUGE_C1_CLOSE_RECLAIM_BREAK,HUGE,2025-09-18 10:15:00+05:30,2025-09-18 10:45:00+05:30,966.2931955810546,960.6886950466845,976.9224207324462,2025-09-18 11:17:00+05:30,960.6886950466845,SL,-3.7,-2.9000000000000004,23.51146125793457,74.32693481445312,78.83772277832031,0.7054575010916552,2.969982182976567,0.011090263210248398,5.218205600352373,0.0,960.6886950466845,-0.74,-0.5800000000000001,100000.0,5.0,500000.0,-3700.0,-2900.0000000000005
2025-09-18,SOBHA,LONG,A_MOD_BREAK_C1_HIGH,MODERATE,2025-09-18 10:30:00+05:30,2025-09-18 10:45:00+05:30,1638.3276,1628.8252999200001,1656.3492036,2025-09-18 15:19:00+05:30,1628.8252999200001,SL,-3.6999999999999824,-2.899999999999982,33.50470733642578,74.86335754394531,89.19139099121094,1.6793171599440497,2.712041300240644,0.004962854064568103,6.355265826339242,0.0,1628.8252999200001,-0.7399999999999964,-0.5799999999999964,100000.0,5.0,500000.0,-3699.9999999999823,-2899.999999999982
2025-09-18,EMBDL-BE,LONG,B_HUGE_GREEN_PULLBACK_HOLD_THEN_BREAK,HUGE,2025-09-18 10:00:00+05:30,2025-09-18 11:00:00+05:30,100.88999633789062,100.30483435913085,101.99978629760741,2025-09-18 11:01:00+05:30,101.99978629760741,TARGET,4.699999999999979,5.499999999999979,21.218786239624023,74.8808364868164,88.22342681884766,2.0550225115726772,4.006092884538433,0.005054943023189422,7.956164764511123,0.0,100.30483435913085,0.9399999999999957,1.0999999999999956,100000.0,5.0,500000.0,4699.999999999978,5499.999999999978
2025-09-18,RBA,LONG,B_HUGE_C1_CLOSE_RECLAIM_BREAK,HUGE,2025-09-18 10:30:00+05:30,2025-09-18 11:00:00+05:30,82.74000244140625,82.26011042724609,83.6501424682617,2025-09-18 11:01:00+05:30,83.6501424682617,TARGET,4.699999999999939,5.499999999999938,29.484477996826172,81.44094848632812,84.85099792480469,1.2176102844410528,3.9158743631269193,0.006400820001884052,7.2426083058298225,0.0,82.26011042724609,0.9399999999999877,1.0999999999999877,100000.0,5.0,500000.0,4699.999999999938,5499.999999999938
2025-09-18,KFINTECH,LONG,B_HUGE_GREEN_PULLBACK_HOLD_THEN_BREAK,HUGE,2025-09-18 10:00:00+05:30,2025-09-18 11:15:00+05:30,1144.1288044189453,1137.4928573533155,1156.7142212675535,2025-09-18 13:02:00+05:30,1137.4928573533155,SL,-3.6999999999999664,-2.899999999999967,27.630556106567383,80.48873901367188,83.522705078125,1.3870960238375334,4.432350258554201,0.004355632056570007,7.4891642800528935,0.0,1137.4928573533155,-0.7399999999999933,-0.5799999999999934,100000.0,5.0,500000.0,-3699.999999999967,-2899.999999999967
2025-09-18,LTF,LONG,B_HUGE_GREEN_PULLBACK_HOLD_THEN_BREAK,HUGE,2025-09-18 10:30:00+05:30,2025-09-18 11:30:00+05:30,249.4499938964844,248.00318393188476,252.1939438293457,2025-09-18 12:42:00+05:30,248.00318393188476,SL,-3.7000000000000277,-2.900000000000028,33.21345138549805,83.60780334472656,96.81327056884766,2.2070672684978567,5.0291773058662805,0.0040628400749574125,9.324933376216624,0.0,248.00318393188476,-0.7400000000000055,-0.5800000000000056,100000.0,5.0,500000.0,-3700.0000000000277,-2900.000000000028
2025-09-18,GRSE,LONG,B_HUGE_C1_CLOSE_RECLAIM_BREAK,HUGE,2025-09-18 11:00:00+05:30,2025-09-18 11:30:00+05:30,2632.8265088378907,2617.556115086631,2661.7876004351074,2025-09-18 11:31:00+05:30,2661.7876004351074,TARGET,4.69999999999997,5.49999999999997,37.006980895996094,66.60836791992188,45.932674407958984,1.8895750549197807,1.801990581967299,0.00884343122794394,5.728579906965857,0.0,2617.556115086631,0.939999999999994,1.0999999999999939,100000.0,5.0,500000.0,4699.99999999997,5499.999999999969
2025-09-18,GABRIEL,SHORT,A_MOD_BREAK_C1_LOW,MODERATE,2025-09-18 11:30:00+05:30,2025-09-18 11:45:00+05:30,1246.6506444091797,1255.127868791162,1235.430788609497,2025-09-18 11:48:00+05:30,1235.430788609497,TARGET,3.6999999999999886,4.499999999999989,46.082820892333984,20.135501861572266,49.99505615234375,0.889886953618478,2.0617951735188975,0.013250205055637078,0.7069725302682435,0.0,1255.127868791162,0.7399999999999978,0.8999999999999978,50000.0,5.0,250000.0,1849.9999999999945,2249.9999999999945
2025-09-18,GRAPHITE,LONG,A_MOD_BREAK_C1_HIGH,MODERATE,2025-09-18 11:30:00+05:30,2025-09-18 11:45:00+05:30,559.5619022094727,556.3164431766577,565.7170831337768,2025-09-18 11:53:00+05:30,565.7170831337768,TARGET,4.699999999999903,5.499999999999902,41.56338119506836,64.37065887451172,72.19512176513672,0.7756288486239326,1.45898833385498,0.004979832960046742,3.9313301426104372,0.0,556.3164431766577,0.9399999999999806,1.0999999999999805,100000.0,5.0,500000.0,4699.999999999903,5499.999999999903
2025-09-18,YATRA,SHORT,A_MOD_BREAK_C1_LOW,MODERATE,2025-09-18 11:30:00+05:30,2025-09-18 11:45:00+05:30,156.39999694824218,157.46351692749022,154.992396975708,2025-09-18 11:47:00+05:30,154.992396975708,TARGET,3.6999999999999744,4.499999999999974,28.328935623168945,23.46518325805664,5.759210109710693,2.3837181079672733,3.357568203765685,0.0075036842194649515,0.6349340343475343,0.0,157.46351692749022,0.7399999999999949,0.8999999999999949,50000.0,5.0,250000.0,1849.9999999999873,2249.9999999999873
2025-09-18,ERIS,SHORT,A_MOD_BREAK_C1_LOW,MODERATE,2025-09-18 12:00:00+05:30,2025-09-18 12:15:00+05:30,1612.6774,1623.64360632,1598.1633034000001,2025-09-18 13:31:00+05:30,1623.64360632,SL,-4.199999999999955,-3.399999999999955,38.44509506225586,15.78416633605957,10.196133613586426,1.452298389520376,2.5941203782898756,0.004645293792138096,0.6908286440999036,0.0,1623.64360632,-0.839999999999991,-0.6799999999999911,50000.0,5.0,250000.0,-2099.9999999999773,-1699.9999999999775
2025-09-18,ETERNAL,LONG,B_HUGE_GREEN_PULLBACK_HOLD_THEN_BREAK,HUGE,2025-09-18 10:00:00+05:30,2025-09-18 12:30:00+05:30,333.51670220947267,331.5823053366577,337.18538593377684,2025-09-18 14:56:00+05:30,337.18538593377684,TARGET,4.699999999999962,5.499999999999962,38.81468963623047,77.78309631347656,83.66594696044922,1.3916977979507799,3.3346673225350503,0.003521349022940588,7.216616888176398,0.0,331.5823053366577,0.9399999999999924,1.0999999999999923,100000.0,5.0,500000.0,4699.999999999962,5499.999999999962
2025-09-18,USHAMART,LONG,B_HUGE_GREEN_PULLBACK_HOLD_THEN_BREAK,HUGE,2025-09-18 11:15:00+05:30,2025-09-18 12:30:00+05:30,412.33245,409.94092179,416.86810694999997,2025-09-18 13:16:00+05:30,416.86810694999997,TARGET,4.699999999999971,5.499999999999971,23.77155303955078,69.29686737060547,80.00074005126953,1.7691845912435766,2.004088538015689,0.007979915873355534,5.400848690612851,0.0,409.94092179,0.9399999999999942,1.099999999999994,100000.0,5.0,500000.0,4699.999999999971,5499.99999999997
2025-09-18,AIIL,SHORT,A_MOD_BREAK_C1_LOW,MODERATE,2025-09-18 12:15:00+05:30,2025-09-18 12:30:00+05:30,636.0727722045898,640.398067055581,630.3481172547484,2025-09-18 14:51:00+05:30,640.398067055581,SL,-4.200000000000001,-3.400000000000002,40.46494674682617,28.1992244720459,2.8786747455596924,1.794792421724165,2.3785586809999795,0.005284762233134172,0.7810628750041213,0.0,640.398067055581,-0.8400000000000003,-0.6800000000000004,50000.0,5.0,250000.0,-2100.000000000001,-1700.000000000001
2025-09-18,CMSINFO,SHORT,A_MOD_BREAK_C1_LOW,MODERATE,2025-09-18 12:30:00+05:30,2025-09-18 12:45:00+05:30,411.9176,414.71863967999997,408.2103416,2025-09-18 15:30:00+05:30,410.0,EOD,1.527649996018613,2.327649996018613,24.86100959777832,27.723224639892578,5.453876495361328,2.3340617432569353,2.277431835645117,0.004252126913444407,0.5829151439666749,0.0,414.71863967999997,0.3055299992037226,0.46552999920372257,50000.0,5.0,250000.0,763.8249980093065,1163.8249980093065
2025-09-18,HPAL,SHORT,A_MOD_BREAK_C1_LOW,MODERATE,2025-09-18 13:00:00+05:30,2025-09-18 13:15:00+05:30,48.95,49.28286,48.50945,2025-09-18 15:15:00+05:30,49.28286,SL,-4.199999999999965,-3.3999999999999653,20.346561431884766,39.24468994140625,33.2851676940918,0.7740783369139729,1.5385607074664465,0.004897965764512821,0.27759016581153906,0.0,49.28286,-0.839999999999993,-0.679999999999993,50000.0,5.0,250000.0,-2099.9999999999827,-1699.9999999999825
2025-09-18,GNFC,LONG,B_HUGE_GREEN_PULLBACK_HOLD_THEN_BREAK,HUGE,2025-09-18 12:00:00+05:30,2025-09-18 14:00:00+05:30,515.6031,512.61260202,521.2747340999999,2025-09-18 15:30:00+05:30,516.5,EOD,0.06975815312200373,0.8697581531220036,22.631969451904297,70.86615753173828,70.90066528320312,2.1632462095535323,1.6340810653603726,0.003131425099415809,6.040336435954686,0.0,512.61260202,0.013951630624400746,0.17395163062440072,100000.0,5.0,500000.0,69.75815312200373,869.7581531220036
2025-09-19,FLUOROCHEM,LONG,B_HUGE_GREEN_PULLBACK_HOLD_THEN_BREAK,HUGE,2025-09-19 10:15:00+05:30,2025-09-19 11:15:00+05:30,3836.667082324219,3814.414413246738,3878.870420229785,2025-09-19 12:00:00+05:30,3814.414413246738,SL,-3.7000000000000344,-2.900000000000034,25.595394134521484,80.24107360839844,87.42314910888672,1.5697969841036674,3.643083476863753,0.0057753273157721795,7.251332369568724,0.0,3814.414413246738,-0.7400000000000069,-0.5800000000000068,100000.0,5.0,500000.0,-3700.0000000000346,-2900.000000000034
2025-09-19,EXICOM,LONG,A_MOD_BREAK_C1_HIGH,MODERATE,2025-09-19 11:00:00+05:30,2025-09-19 11:15:00+05:30,148.43999938964845,147.5790473931885,150.07283938293457,2025-09-19 11:16:00+05:30,150.07283938293457,TARGET,4.699999999999976,5.499999999999976,32.426021575927734,70.09709930419922,80.51599884033203,1.7529708774471149,2.092316267255776,0.006560891626555661,5.775825354338815,0.0,147.5790473931885,0.9399999999999953,1.0999999999999952,100000.0,5.0,500000.0,4699.999999999976,5499.999999999976
2025-09-19,AARTIDRUGS,LONG,A_MOD_BREAK_C1_HIGH,MODERATE,2025-09-19 11:15:00+05:30,2025-09-19 11:30:00+05:30,525.7551544189453,522.7057745233154,531.5384611175537,2025-09-19 11:42:00+05:30,531.5384611175537,TARGET,4.699999999999988,5.499999999999988,27.0949764251709,74.34666442871094,87.51042175292969,1.0247827850984366,1.9906640280510015,0.005334342701892171,4.932265147688807,0.0,522.7057745233154,0.9399999999999975,1.0999999999999974,100000.0,5.0,500000.0,4699.999999999987,5499.999999999987
2025-09-19,GODREJIND,SHORT,A_MOD_BREAK_C1_LOW,MODERATE,2025-09-19 12:00:00+05:30,2025-09-19 12:15:00+05:30,1193.2613,1201.3754768399997,1182.5219482999998,2025-09-19 12:49:00+05:30,1182.5219482999998,TARGET,3.700000000000019,4.500000000000019,24.267534255981445,27.950191497802734,2.8846869468688965,2.640127630587285,2.8430069535898315,0.004344969750649269,0.5740130138397217,0.0,1201.3754768399997,0.7400000000000038,0.9000000000000038,50000.0,5.0,250000.0,1850.0000000000093,2250.0000000000095
2025-09-19,INDHOTEL,SHORT,A_MOD_BREAK_C1_LOW,MODERATE,2025-09-19 12:00:00+05:30,2025-09-19 12:15:00+05:30,768.6462277954101,773.8730221444189,761.7284117452515,2025-09-19 13:43:00+05:30,773.8730221444189,SL,-4.199999999999969,-3.3999999999999697,32.299678802490234,31.15306854248047,5.928489685058594,1.5353321423673574,2.1467618585489094,0.004286651028458256,0.613178306951641,0.0,773.8730221444189,-0.8399999999999939,-0.6799999999999939,50000.0,5.0,250000.0,-2099.9999999999845,-1699.999999999985
2025-09-19,VTL,SHORT,A_MOD_BREAK_C1_LOW,MODERATE,2025-09-19 12:15:00+05:30,2025-09-19 12:30:00+05:30,431.3137138977051,434.24664715220945,427.43189047262575,2025-09-19 15:04:00+05:30,427.43189047262575,TARGET,3.700000000000001,4.500000000000001,24.986940383911133,33.87104797363281,11.95315170288086,1.283409262637365,1.390705731003892,0.005653046511830212,0.42893601327040043,0.0,434.24664715220945,0.7400000000000002,0.9000000000000001,50000.0,5.0,250000.0,1850.0000000000005,2250.0000000000005
2025-09-19,MANGLMCEM,LONG,B_HUGE_C1_CLOSE_RECLAIM_BREAK,HUGE,2025-09-19 12:15:00+05:30,2025-09-19 12:45:00+05:30,757.5515044189453,753.1577056933154,765.8845709675537,2025-09-19 14:18:00+05:30,753.1577056933154,SL,-3.7000000000000433,-2.900000000000044,25.983291625976562,68.73484802246094,55.80958938598633,0.8043153283936024,2.1380614907137168,0.0039184791036189,4.182221519748765,0.0,753.1577056933154,-0.7400000000000087,-0.5800000000000087,100000.0,5.0,500000.0,-3700.000000000043,-2900.0000000000437
2025-09-19,SIGNATURE,SHORT,A_MOD_BREAK_C1_LOW,MODERATE,2025-09-19 13:00:00+05:30,2025-09-19 13:15:00+05:30,1125.7748,1133.4300686399997,1115.6428268,2025-09-19 13:38:00+05:30,1115.6428268,TARGET,3.699999999999978,4.499999999999977,22.477924346923828,34.85271072387695,9.508310317993164,2.3276504487394867,2.265609685960191,0.005249960087559662,0.5471688652038573,0.0,1133.4300686399997,0.7399999999999956,0.8999999999999955,50000.0,5.0,250000.0,1849.9999999999889,2249.9999999999886
2025-09-19,CUB,LONG,B_HUGE_C1_CLOSE_RECLAIM_BREAK,HUGE,2025-09-19 13:00:00+05:30,2025-09-19 13:30:00+05:30,211.10999755859376,209.88555957275392,213.43220753173827,2025-09-19 15:30:00+05:30,211.9499969482422,EOD,1.1894827326102442,1.989482732610244,34.27305603027344,76.92134094238281,89.9976577758789,2.0945881531555837,3.3835515063807393,0.004396173865466438,7.56909782812469,0.0,209.88555957275392,0.23789654652204884,0.3978965465220488,100000.0,5.0,500000.0,1189.482732610244,1989.482732610244
2025-09-19,ADANIENSOL,LONG,B_HUGE_GREEN_PULLBACK_HOLD_THEN_BREAK,HUGE,2025-09-19 12:45:00+05:30,2025-09-19 13:45:00+05:30,891.8783522094726,886.7054577666577,901.6890140837767,2025-09-19 14:06:00+05:30,886.7054577666577,SL,-3.6999999999999966,-2.899999999999997,47.797630310058594,79.57401275634766,67.7998275756836,3.008885957119023,2.9454046715084217,0.010601294781528624,8.770811806403863,0.0,886.7054577666577,-0.7399999999999993,-0.5799999999999994,100000.0,5.0,500000.0,-3699.999999999997,-2899.9999999999973
2025-09-19,TANLA,LONG,B_HUGE_C1_CLOSE_RECLAIM_BREAK,HUGE,2025-09-19 13:30:00+05:30,2025-09-19 14:00:00+05:30,735.0470044189453,730.7837317933154,743.1325214675537,2025-09-19 14:11:00+05:30,743.1325214675537,TARGET,4.699999999999988,5.499999999999988,42.69123458862305,87.12081146240234,95.52798461914062,2.783677544104401,5.562673671090369,0.0061864548487691896,10.818510058645234,0.0,730.7837317933154,0.9399999999999975,1.0999999999999974,100000.0,5.0,500000.0,4699.999999999987,5499.999999999987
2025-09-19,IGARASHI,LONG,B_HUGE_GREEN_PULLBACK_HOLD_THEN_BREAK,HUGE,2025-09-19 13:00:00+05:30,2025-09-19 14:15:00+05:30,541.1082,537.96977244,547.0603901999999,2025-09-19 14:17:00+05:30,547.0603901999999,TARGET,4.699999999999912,5.499999999999911,50.2379264831543,69.00494384765625,76.42179870605469,2.5472623554531646,2.173517738971013,0.0070618055075284325,7.531658168111234,0.0,537.96977244,0.9399999999999824,1.0999999999999823,100000.0,5.0,500000.0,4699.999999999912,5499.999999999911
2025-09-19,NAZARA,SHORT,A_MOD_BREAK_C1_LOW,MODERATE,2025-09-19 14:15:00+05:30,2025-09-19 14:30:00+05:30,271.9456,273.79483008,269.4980896,2025-09-19 15:30:00+05:30,270.0,EOD,2.7771860254404066,3.5771860254404064,20.684476852416992,22.150188446044922,7.579033851623535,3.611676202762318,3.3294214516666663,0.002885465141902822,0.5202671527862548,0.0,273.79483008,0.5554372050880814,0.7154372050880813,50000.0,5.0,250000.0,1388.5930127202034,1788.5930127202032
2025-09-22,MPHASIS,SHORT,A_PULLBACK_C2_THEN_BREAK_C2_LOW,MODERATE,2025-09-22 10:15:00+05:30,2025-09-22 10:45:00+05:30,2871.4256,2890.9512940799996,2845.5827696,2025-09-22 14:46:00+05:30,2845.5827696,TARGET,3.6999999999999855,4.499999999999985,33.1065788269043,19.087425231933594,38.53482437133789,0.49955347355359253,3.5855301268391027,0.007867184936602113,0.4440205402754432,0.0,2890.9512940799996,0.7399999999999971,0.899999999999997,50000.0,5.0,250000.0,1849.9999999999927,2249.9999999999923
2025-09-22,HONDAPOWER,SHORT,A_MOD_BREAK_C1_LOW,MODERATE,2025-09-22 10:45:00+05:30,2025-09-22 11:00:00+05:30,2859.5280776367185,2878.972868564648,2833.7923249379883,2025-09-22 13:03:00+05:30,2878.972868564648,SL,-4.1999999999999265,-3.3999999999999257,28.26932716369629,31.427778244018555,17.642562866210938,1.1474924697780504,1.922324755455916,0.004092682410194998,0.48096732743939896,0.0,2878.972868564648,-0.8399999999999852,-0.6799999999999852,50000.0,5.0,250000.0,-2099.999999999963,-1699.999999999963
2025-09-22,SBICARD,SHORT,A_MOD_BREAK_C1_LOW,MODERATE,2025-09-22 10:45:00+05:30,2025-09-22 11:00:00+05:30,865.8767777954101,871.7647398844189,858.0838867952515,2025-09-22 15:30:00+05:30,871.0999755859375,EOD,-3.8161322745171864,-3.0161322745171866,37.46192932128906,35.6037483215332,40.931175231933594,1.08345987288124,1.857914614567127,0.004803091596979584,0.6044301483019092,0.0,871.7647398844189,-0.7632264549034373,-0.6032264549034373,50000.0,5.0,250000.0,-1908.0661372585932,-1508.066137258593
2025-09-23,ONMOBILE,LONG,B_HUGE_C1_CLOSE_RECLAIM_BREAK,HUGE,2025-09-23 10:00:00+05:30,2025-09-23 10:30:00+05:30,66.13000183105468,65.74644782043457,66.85743185119628,2025-09-23 10:31:00+05:30,66.85743185119628,TARGET,4.6999999999999655,5.4999999999999645,51.94264602661133,70.54466247558594,50.7545166015625,1.058285336501746,2.5789271907628493,0.009804133045125882,6.419408161539328,0.0,65.74644782043457,0.9399999999999931,1.099999999999993,100000.0,5.0,500000.0,4699.999999999965,5499.999999999965
2025-09-23,INDHOTEL,SHORT,A_MOD_BREAK_C1_LOW,MODERATE,2025-09-23 10:15:00+05:30,2025-09-23 10:30:00+05:30,753.8492,758.97537456,747.0645572,2025-09-23 11:35:00+05:30,747.0645572,TARGET,3.700000000000019,4.500000000000019,33.739036560058594,17.843273162841797,3.223729372024536,1.8327815724875993,4.4201956420784425,0.0040179410365146564,0.6868223235862088,0.0,758.97537456,0.7400000000000038,0.9000000000000038,50000.0,5.0,250000.0,1850.0000000000093,2250.0000000000095
2025-09-23,LTFOODS,SHORT,A_MOD_BREAK_C1_LOW,MODERATE,2025-09-23 10:15:00+05:30,2025-09-23 10:30:00+05:30,442.5114861022949,445.52056420779047,438.52888272737425,2025-09-23 10:52:00+05:30,438.52888272737425,TARGET,3.6999999999999877,4.499999999999988,40.94327926635742,23.91433334350586,4.907905101776123,1.1878358923869594,3.109713956434756,0.008956785933966023,0.6820204701630792,0.0,445.52056420779047,0.7399999999999975,0.8999999999999975,50000.0,5.0,250000.0,1849.9999999999939,2249.9999999999936
2025-09-23,GMDCLTD,LONG,B_HUGE_C1_CLOSE_RECLAIM_BREAK,HUGE,2025-09-23 10:30:00+05:30,2025-09-23 11:00:00+05:30,593.36865,589.92711183,599.8957051499999,2025-09-23 11:01:00+05:30,599.8957051499999,TARGET,4.699999999999925,5.499999999999924,38.777015686035156,66.44734191894531,77.68668365478516,1.3820725613374578,2.1163347766225176,0.012979349907168949,5.399733300664682,0.0,589.92711183,0.9399999999999848,1.0999999999999848,100000.0,5.0,500000.0,4699.999999999924,5499.9999999999245
2025-09-23,SJVN,SHORT,A_MOD_BREAK_C1_LOW,MODERATE,2025-09-23 10:45:00+05:30,2025-09-23 11:00:00+05:30,93.11000366210938,93.74315168701172,92.2720136291504,2025-09-23 15:30:00+05:30,92.9000015258789,EOD,0.32770984840982703,1.127709848409827,23.38416290283203,35.584068298339844,34.431190490722656,0.8808548067633241,1.6421447740342103,0.003685991299699007,0.34701927342777267,0.0,93.74315168701172,0.0655419696819654,0.22554196968196538,50000.0,5.0,250000.0,163.85492420491352,563.8549242049135
2025-09-23,DBL,SHORT,A_MOD_BREAK_C1_LOW,MODERATE,2025-09-23 11:00:00+05:30,2025-09-23 11:15:00+05:30,551.0397944091796,554.786865011162,546.080436259497,2025-09-23 11:20:00+05:30,546.080436259497,TARGET,3.7000000000000366,4.500000000000036,33.83121871948242,27.11772346496582,10.263008117675781,1.2450915204757487,2.3473042475020884,0.007296430106582007,0.5853592968754924,0.0,554.786865011162,0.7400000000000073,0.9000000000000073,50000.0,5.0,250000.0,1850.0000000000182,2250.0000000000186
2025-09-23,KEI,SHORT,A_MOD_BREAK_C1_LOW,MODERATE,2025-09-23 11:00:00+05:30,2025-09-23 11:15:00+05:30,4061.3875111816405,4089.0049462576753,4024.8350235810058,2025-09-23 12:04:00+05:30,4089.0049462576753,SL,-4.199999999999954,-3.3999999999999537,40.07849884033203,18.77393913269043,10.116630554199219,1.477448035857294,2.6131382012402793,0.005732540771244256,0.7197308888800069,0.0,4089.0049462576753,-0.8399999999999908,-0.6799999999999907,50000.0,5.0,250000.0,-2099.999999999977,-1699.9999999999768
2025-09-23,JINDALPOLY,SHORT,A_MOD_BREAK_C1_LOW,MODERATE,2025-09-23 11:15:00+05:30,2025-09-23 11:30:00+05:30,589.882,593.8931975999999,584.5730619999999,2025-09-23 11:41:00+05:30,593.8931975999999,SL,-4.199999999999954,-3.399999999999954,42.19587326049805,30.41503143310547,18.0174617767334,0.8081837541605302,2.132083747993974,0.0051751286142293585,0.6343702558855635,0.0,593.8931975999999,-0.8399999999999908,-0.6799999999999908,50000.0,5.0,250000.0,-2099.999999999977,-1699.999999999977
2025-09-23,KRN,SHORT,A_MOD_BREAK_C1_LOW,MODERATE,2025-09-23 11:15:00+05:30,2025-09-23 11:30:00+05:30,862.4774944091797,868.3423413711621,854.7151969594971,2025-09-23 11:54:00+05:30,854.7151969594971,TARGET,3.6999999999999855,4.499999999999985,26.113096237182617,26.33852767944336,5.842104911804199,2.1604976429880516,2.3660594408439675,0.00479997357423752,0.6016964435577392,0.0,868.3423413711621,0.7399999999999971,0.899999999999997,50000.0,5.0,250000.0,1849.9999999999927,2249.9999999999923
2025-09-23,TATVA,SHORT,A_MOD_BREAK_C1_LOW,MODERATE,2025-09-23 11:15:00+05:30,2025-09-23 11:30:00+05:30,1083.1833444091797,1090.548991151162,1073.434694309497,2025-09-23 12:32:00+05:30,1090.548991151162,SL,-4.199999999999965,-3.3999999999999653,24.771474838256836,30.786293029785156,17.41868019104004,1.3954382162405132,2.3826394633702495,0.0054296351886763345,0.4757738104159423,0.0,1090.548991151162,-0.839999999999993,-0.679999999999993,50000.0,5.0,250000.0,-2099.9999999999827,-1699.9999999999825
2025-09-23,POWERMECH,SHORT,A_PULLBACK_C2_THEN_BREAK_C2_LOW,MODERATE,2025-09-23 11:15:00+05:30,2025-09-23 11:45:00+05:30,2931.2136888183595,2951.145941902324,2904.8327656189945,2025-09-23 12:45:00+05:30,2904.8327656189945,TARGET,3.6999999999999664,4.499999999999967,26.90688705444336,27.78722381591797,1.9553653001785278,2.4181883886106186,3.1028770793967975,0.005070535535389612,0.6136033058166503,0.0,2951.145941902324,0.7399999999999933,0.8999999999999934,50000.0,5.0,250000.0,1849.9999999999834,2249.999999999983
2025-09-23,CRISIL,SHORT,A_MOD_BREAK_C1_LOW,MODERATE,2025-09-23 12:00:00+05:30,2025-09-23 12:15:00+05:30,4865.0268,4898.108982239999,4821.241558799999,2025-09-23 15:30:00+05:30,4850.0,EOD,0.7443697041915209,1.5443697041915208,50.74796676635742,16.606548309326172,5.999713897705078,1.5869863752927136,2.309127908402187,0.0036743995890981406,0.8877226156762248,0.0,4898.108982239999,0.1488739408383042,0.30887394083830416,50000.0,5.0,250000.0,372.18485209576045,772.1848520957603
2025-09-23,ORISSAMINE,LONG,B_HUGE_C1_CLOSE_RECLAIM_BREAK,HUGE,2025-09-23 12:45:00+05:30,2025-09-23 13:15:00+05:30,5080.915882324219,5051.446570206738,5136.805957029785,2025-09-23 13:16:00+05:30,5136.805957029785,TARGET,4.6999999999999496,5.499999999999949,27.343582153320312,73.74857330322266,73.84031677246094,2.1050494759618203,2.9769793141096703,0.009953794094564063,6.695198669609889,0.0,5051.446570206738,0.93999999999999,1.0999999999999899,100000.0,5.0,500000.0,4699.99999999995,5499.999999999949
2025-09-23,GODREJCP,SHORT,A_MOD_BREAK_C1_LOW,MODERATE,2025-09-23 13:45:00+05:30,2025-09-23 14:00:00+05:30,1193.7612,1201.87877616,1183.0173492,2025-09-23 15:30:00+05:30,1192.199951171875,EOD,-0.1460799244752982,0.6539200755247017,44.38015365600586,21.135255813598633,6.224196434020996,2.492613853435413,3.0692365052589485,0.003761610329832056,0.8757023048400878,0.0,1201.87877616,-0.029215984895059638,0.13078401510494034,50000.0,5.0,250000.0,-73.0399622376491,326.96003776235085
2025-09-24,MAXHEALTH,SHORT,A_MOD_BREAK_C1_LOW,MODERATE,2025-09-24 10:00:00+05:30,2025-09-24 10:15:00+05:30,1141.0717888183594,1148.8310769823242,1130.8021427189942,2025-09-24 11:53:00+05:30,1130.8021427189942,TARGET,3.699999999999993,4.499999999999993,23.622634887695312,24.66213035583496,3.100048780441284,0.9510986698647517,2.5436922895449943,0.004241418732291627,0.38078179054176126,0.0,1148.8310769823242,0.7399999999999987,0.8999999999999986,50000.0,5.0,250000.0,1849.9999999999966,2249.9999999999964
2025-09-24,KAYNES,LONG,B_HUGE_C1_CLOSE_RECLAIM_BREAK,HUGE,2025-09-24 10:00:00+05:30,2025-09-24 10:30:00+05:30,7375.9749,7333.19424558,7457.110623899999,2025-09-24 12:22:00+05:30,7457.110623899999,TARGET,4.699999999999932,5.499999999999932,37.309776306152344,77.3334732055664,87.22024536132812,0.6297916457777027,4.023510492339362,0.0038937263403417974,6.457142597320358,0.0,7333.19424558,0.9399999999999864,1.0999999999999863,100000.0,5.0,500000.0,4699.999999999932,5499.999999999932
2025-09-24,SUMMITSEC,LONG,B_HUGE_GREEN_PULLBACK_HOLD_THEN_BREAK,HUGE,2025-09-24 10:00:00+05:30,2025-09-24 11:00:00+05:30,2279.4558,2266.23495636,2304.5298138,2025-09-24 11:04:00+05:30,2304.5298138,TARGET,4.699999999999923,5.499999999999923,22.139833450317383,78.86322021484375,69.59886932373047,1.828066824277286,3.3039429617105402,0.00752760021891815,6.838313440337113,0.0,2266.23495636,0.9399999999999846,1.0999999999999845,100000.0,5.0,500000.0,4699.999999999923,5499.999999999923
2025-09-24,APEX,SHORT,A_MOD_BREAK_C1_LOW,MODERATE,2025-09-24 11:00:00+05:30,2025-09-24 11:15:00+05:30,233.45,235.03745999999998,231.34894999999997,2025-09-24 12:19:00+05:30,231.34894999999997,TARGET,3.700000000000033,4.500000000000033,38.618370056152344,32.12580871582031,22.911413192749023,1.3105928508198095,1.6513478751950486,0.005004374543521987,0.6511966934955042,0.0,235.03745999999998,0.7400000000000067,0.9000000000000066,50000.0,5.0,250000.0,1850.0000000000166,2250.0000000000164
2025-09-24,NAVKARCORP,SHORT,B_HUGE_RED_FAILED_BOUNCE,HUGE,2025-09-24 10:00:00+05:30,2025-09-24 11:30:00+05:30,124.28000183105469,125.12510584350585,123.1614818145752,2025-09-24 12:40:00+05:30,123.1614818145752,TARGET,3.7000000000000055,4.500000000000005,27.417194366455078,25.41908836364746,9.331113815307617,0.921847753573502,3.550367925656637,0.0053788188398341584,0.47258127237218894,0.0,125.12510584350585,0.7400000000000011,0.900000000000001,50000.0,5.0,250000.0,1850.0000000000027,2250.0000000000023
2025-09-24,WINDMACHIN,SHORT,A_PULLBACK_C2_THEN_BREAK_C2_LOW,MODERATE,2025-09-24 11:00:00+05:30,2025-09-24 11:30:00+05:30,287.49247779541014,289.4474266444189,284.90504549525144,2025-09-24 15:29:00+05:30,289.4474266444189,SL,-4.199999999999947,-3.399999999999947,22.38709831237793,31.892986297607422,12.063647270202637,1.518531691514111,2.4231960699275286,0.005505955467621486,0.4615495207006383,0.0,289.4474266444189,-0.8399999999999894,-0.6799999999999894,50000.0,5.0,250000.0,-2099.9999999999736,-1699.9999999999734
2025-09-24,NESCO,SHORT,A_MOD_BREAK_C1_LOW,MODERATE,2025-09-24 11:15:00+05:30,2025-09-24 11:30:00+05:30,1444.8109555908204,1454.635670088838,1431.8076569905031,2025-09-24 14:49:00+05:30,1431.8076569905031,TARGET,3.699999999999969,4.499999999999968,32.315486907958984,31.81128692626953,34.75479507446289,0.7361769448436438,1.630223798122748,0.008231882937373258,0.4550744588731599,0.0,1454.635670088838,0.7399999999999938,0.8999999999999937,50000.0,5.0,250000.0,1849.9999999999845,2249.999999999984
2025-09-24,IFBIND,LONG,B_HUGE_GREEN_PULLBACK_HOLD_THEN_BREAK,HUGE,2025-09-24 10:30:00+05:30,2025-09-24 11:45:00+05:30,1843.5685911621094,1832.875893333369,1863.8478456648925,2025-09-24 11:46:00+05:30,1863.8478456648925,TARGET,4.699999999999954,5.499999999999954,50.910133361816406,76.88776397705078,90.63602447509766,1.714311458291136,3.838264801119557,0.0108989970996838,8.130834449487587,0.0,1832.875893333369,0.9399999999999908,1.0999999999999908,100000.0,5.0,500000.0,4699.9999999999545,5499.999999999954
2025-09-24,INNOVACAP,SHORT,A_MOD_BREAK_C1_LOW,MODERATE,2025-09-24 11:45:00+05:30,2025-09-24 12:00:00+05:30,851.8296,857.62204128,844.1631336,2025-09-24 13:20:00+05:30,844.1631336,TARGET,3.6999999999999944,4.499999999999995,22.09055519104004,32.74728012084961,7.250250339508057,1.1144834235801164,1.8435380383983888,0.005729039182058755,0.3785698289120404,0.0,857.62204128,0.7399999999999989,0.8999999999999989,50000.0,5.0,250000.0,1849.9999999999973,2249.9999999999973
2025-09-24,GODREJPROP,SHORT,A_MOD_BREAK_C1_LOW,MODERATE,2025-09-24 12:00:00+05:30,2025-09-24 12:15:00+05:30,2043.8911888183593,2057.789648902324,2025.496168118994,2025-09-24 13:32:00+05:30,2025.496168118994,TARGET,3.699999999999993,4.499999999999993,38.435302734375,17.20690155029297,4.129907608032227,3.021819095360919,3.3923939442070914,0.004784250255915883,0.786529541015625,0.0,2057.789648902324,0.7399999999999987,0.8999999999999986,50000.0,5.0,250000.0,1849.9999999999966,2249.9999999999964
2025-09-24,VTL,SHORT,A_MOD_BREAK_C1_LOW,MODERATE,2025-09-24 12:15:00+05:30,2025-09-24 12:30:00+05:30,412.56746389770507,415.3729226522094,408.8543567226257,2025-09-24 14:22:00+05:30,415.3729226522094,SL,-4.199999999999937,-3.3999999999999373,27.904428482055664,29.539798736572266,9.486238479614258,1.941073936387845,2.2624363100908362,0.004280007859080083,0.6182543660987079,0.0,415.3729226522094,-0.8399999999999874,-0.6799999999999875,50000.0,5.0,250000.0,-2099.9999999999686,-1699.9999999999686
2025-09-24,GANECOS,SHORT,A_MOD_BREAK_C1_LOW,MODERATE,2025-09-24 12:30:00+05:30,2025-09-24 12:45:00+05:30,1211.7576,1219.9975516799998,1200.8517815999999,2025-09-24 15:08:00+05:30,1200.8517815999999,TARGET,3.700000000000019,4.500000000000019,48.133079528808594,9.1580171585083,1.3301217555999756,2.814016521843955,3.2252752937230973,0.006214524116915497,0.9319961929321288,0.0,1219.9975516799998,0.7400000000000038,0.9000000000000038,50000.0,5.0,250000.0,1850.0000000000093,2250.0000000000095
2025-09-24,GICHSGFIN,LONG,B_HUGE_C1_CLOSE_RECLAIM_BREAK,HUGE,2025-09-24 12:30:00+05:30,2025-09-24 13:00:00+05:30,179.7499969482422,178.70744696594238,181.72724691467283,2025-09-24 15:00:00+05:30,178.70744696594238,SL,-3.7000000000000357,-2.900000000000036,31.476219177246094,79.68788146972656,83.22010040283203,1.1625079901032322,3.0605996696000837,0.007325686933160814,6.352701741406484,0.0,178.70744696594238,-0.7400000000000071,-0.5800000000000072,100000.0,5.0,500000.0,-3700.0000000000355,-2900.000000000036
2025-09-24,NSIL,LONG,B_HUGE_GREEN_PULLBACK_HOLD_THEN_BREAK,HUGE,2025-09-24 10:15:00+05:30,2025-09-24 13:15:00+05:30,7634.0265,7589.7491463,7718.000791499999,2025-09-24 13:16:00+05:30,7718.000791499999,TARGET,4.699999999999922,5.499999999999922,25.662519454956055,87.97083282470703,88.27156066894531,1.3671194337059072,5.490368696085645,0.008908400424691133,8.528397664522636,0.0,7589.7491463,0.9399999999999844,1.0999999999999843,100000.0,5.0,500000.0,4699.999999999922,5499.999999999922
2025-09-24,BLUEJET,SHORT,A_MOD_BREAK_C1_LOW,MODERATE,2025-09-24 13:00:00+05:30,2025-09-24 13:15:00+05:30,668.6662277954101,673.2131581444189,662.6482317452515,2025-09-24 14:33:00+05:30,673.2131581444189,SL,-4.2,-3.400000000000001,21.728132247924805,32.6160774230957,8.842657089233398,2.0538373615347316,1.8781540689136174,0.0047142264745265935,0.5298296871645529,0.0,673.2131581444189,-0.8400000000000001,-0.6800000000000002,50000.0,5.0,250000.0,-2100.0000000000005,-1700.0000000000002
2025-09-24,MANORAMA,LONG,B_HUGE_C1_CLOSE_RECLAIM_BREAK,HUGE,2025-09-24 13:15:00+05:30,2025-09-24 13:45:00+05:30,1480.0960088378906,1471.5114519866308,1496.3770649351072,2025-09-24 14:32:00+05:30,1471.5114519866308,SL,-3.7000000000000033,-2.900000000000004,52.15306854248047,80.7908706665039,91.16251373291016,2.101424124892798,3.431459519302781,0.005917792544529925,8.163216592169052,0.0,1471.5114519866308,-0.7400000000000007,-0.5800000000000007,100000.0,5.0,500000.0,-3700.000000000003,-2900.0000000000036
2025-09-24,ATL,LONG,B_HUGE_C1_CLOSE_RECLAIM_BREAK,HUGE,2025-09-24 13:45:00+05:30,2025-09-24 14:15:00+05:30,34.3099983215332,34.11100033126831,34.687408303070065,2025-09-24 14:27:00+05:30,34.687408303070065,TARGET,4.699999999999988,5.499999999999988,24.796432495117188,75.26226043701172,73.23959350585938,1.9112061124603228,3.461996337491064,0.010466168158399689,7.257420930824145,0.0,34.11100033126831,0.9399999999999975,1.0999999999999974,100000.0,5.0,500000.0,4699.999999999987,5499.999999999987
2025-09-24,PARADEEP,LONG,B_HUGE_C1_CLOSE_RECLAIM_BREAK,HUGE,2025-09-24 13:45:00+05:30,2025-09-24 14:15:00+05:30,185.83999328613282,184.76212132507325,187.88423321228026,2025-09-24 14:19:00+05:30,187.88423321228026,TARGET,4.699999999999945,5.499999999999945,35.42198944091797,83.74642181396484,95.8179931640625,2.5416991903991466,3.8066096237065694,0.009619145433249345,8.777333868557513,0.0,184.76212132507325,0.9399999999999891,1.099999999999989,100000.0,5.0,500000.0,4699.999999999945,5499.999999999945
2025-09-25,ETERNAL,SHORT,A_MOD_BREAK_C1_LOW,MODERATE,2025-09-25 10:00:00+05:30,2025-09-25 10:15:00+05:30,331.9336,334.19074847999997,328.9461976,2025-09-25 11:04:00+05:30,334.19074847999997,SL,-4.199999999999933,-3.3999999999999324,20.728342056274414,22.218055725097656,11.29056167602539,1.6241097772820967,3.3874472314527124,0.0033019868668486907,0.4551443418684831,0.0,334.19074847999997,-0.8399999999999865,-0.6799999999999865,50000.0,5.0,250000.0,-2099.9999999999663,-1699.9999999999663
2025-09-26,WINDMACHIN,SHORT,A_MOD_BREAK_C1_LOW,MODERATE,2025-09-26 10:00:00+05:30,2025-09-26 10:15:00+05:30,283.9432,285.87401375999997,281.3877112,2025-09-26 10:30:00+05:30,281.3877112,TARGET,3.699999999999961,4.499999999999961,20.5172061920166,27.210309982299805,12.308748245239258,0.801671365785966,3.0431311410631103,0.0057443856565025,0.3080505818927931,0.0,285.87401375999997,0.7399999999999922,0.8999999999999923,50000.0,5.0,250000.0,1849.9999999999807,2249.999999999981
2025-09-26,HLEGLAS,SHORT,A_MOD_BREAK_C1_LOW,MODERATE,2025-09-26 10:45:00+05:30,2025-09-26 11:00:00+05:30,489.902,493.2333335999999,485.492882,2025-09-26 11:19:00+05:30,485.492882,TARGET,3.699999999999978,4.499999999999978,28.137311935424805,26.169658660888672,26.78740692138672,1.1798301244015665,3.0376830598008464,0.010738301056129529,0.48852995080164624,0.0,493.2333335999999,0.7399999999999956,0.8999999999999956,50000.0,5.0,250000.0,1849.9999999999889,2249.999999999989
2025-09-26,KRN,SHORT,A_MOD_BREAK_C1_LOW,MODERATE,2025-09-26 11:00:00+05:30,2025-09-26 11:15:00+05:30,833.7332444091796,839.402630471162,826.229645209497,2025-09-26 11:22:00+05:30,826.229645209497,TARGET,3.7000000000000135,4.500000000000013,45.07078552246094,20.44663429260254,5.197507381439209,1.9385104321889097,2.860500080020427,0.005812645529558558,0.8753011084699731,0.0,839.402630471162,0.7400000000000027,0.9000000000000027,50000.0,5.0,250000.0,1850.0000000000066,2250.000000000007
2025-09-26,ELIN,SHORT,A_PULLBACK_C2_THEN_BREAK_C2_LOW,MODERATE,2025-09-26 11:00:00+05:30,2025-09-26 11:30:00+05:30,207.47000427246093,208.88080030151363,205.60277423400876,2025-09-26 11:42:00+05:30,205.60277423400876,TARGET,3.7000000000000366,4.500000000000036,39.25177764892578,29.219539642333984,17.581567764282227,1.2385214677688694,2.058077625832369,0.012471444447009305,0.6655179215934388,0.0,208.88080030151363,0.7400000000000073,0.9000000000000072,50000.0,5.0,250000.0,1850.0000000000182,2250.000000000018
2025-09-26,AARTIIND,SHORT,A_MOD_BREAK_C1_LOW,MODERATE,2025-09-26 11:15:00+05:30,2025-09-26 11:30:00+05:30,373.4253,375.96459203999996,370.0644723,2025-09-26 15:30:00+05:30,374.29998779296875,EOD,-1.9711683608057045,-1.1711683608057046,26.348163604736328,26.76975440979004,17.122039794921875,1.1027680922537972,2.202409412390669,0.0051307051641613895,0.4482068702154594,0.0,375.96459203999996,-0.3942336721611409,-0.23423367216114094,50000.0,5.0,250000.0,-985.5841804028522,-585.5841804028523
2025-09-26,BOMDYEING,SHORT,A_MOD_BREAK_C1_LOW,MODERATE,2025-09-26 11:15:00+05:30,2025-09-26 11:30:00+05:30,169.34999389648436,170.50157385498045,167.825843951416,2025-09-26 13:52:00+05:30,167.825843951416,TARGET,3.7,4.5,36.93362045288086,24.463851928710938,12.567119598388672,1.4412049873643273,2.895008003250938,0.0063785317246926355,0.6662151795819702,0.0,170.50157385498045,0.74,0.8999999999999999,50000.0,5.0,250000.0,1850.0,2250.0
2025-09-26,PNCINFRA,SHORT,A_MOD_BREAK_C1_LOW,MODERATE,2025-09-26 11:15:00+05:30,2025-09-26 11:30:00+05:30,294.4411,296.44329948,291.7911301,2025-09-26 11:44:00+05:30,291.7911301,TARGET,3.700000000000052,4.5000000000000515,42.69842529296875,13.79871940612793,3.8782618045806885,2.034485170807529,3.1114204401428296,0.004243769131118772,0.8504763793945311,0.0,296.44329948,0.7400000000000104,0.9000000000000103,50000.0,5.0,250000.0,1850.0000000000261,2250.000000000026
2025-09-26,PPLPHARMA,SHORT,A_MOD_BREAK_C1_LOW,MODERATE,2025-09-26 11:15:00+05:30,2025-09-26 11:30:00+05:30,189.2500030517578,190.53690307250974,187.54675302429197,2025-09-26 11:44:00+05:30,187.54675302429197,TARGET,3.7000000000000197,4.5000000000000195,41.319618225097656,29.060558319091797,38.14358139038086,0.8727770664771519,2.4363269506685756,0.008813545250246566,0.6325302600099665,0.0,190.53690307250974,0.740000000000004,0.9000000000000039,50000.0,5.0,250000.0,1850.00000000001,2250.00000000001
2025-09-26,VASCONEQ,SHORT,A_MOD_BREAK_C1_LOW,MODERATE,2025-09-26 11:15:00+05:30,2025-09-26 11:30:00+05:30,58.95,59.35086,58.419450000000005,2025-09-26 11:31:00+05:30,58.419450000000005,TARGET,3.6999999999999833,4.499999999999983,25.629405975341797,29.855087280273438,32.78235626220703,0.22950757519728482,1.8858376278339897,0.010811148053508694,0.27889679668135126,0.0,59.35086,0.7399999999999967,0.8999999999999966,50000.0,5.0,250000.0,1849.9999999999916,2249.999999999992
2025-09-26,ABCAPITAL,SHORT,A_MOD_BREAK_C1_LOW,MODERATE,2025-09-26 11:30:00+05:30,2025-09-26 11:45:00+05:30,283.19335,285.11906478,280.64460985,2025-09-26 13:33:00+05:30,280.64460985,TARGET,3.7000000000000255,4.500000000000026,42.350372314453125,29.856351852416992,27.3583984375,0.7208021998552261,2.050566600638282,0.007156730756807912,0.6213959696914615,0.0,285.11906478,0.7400000000000051,0.9000000000000051,50000.0,5.0,250000.0,1850.0000000000127,2250.0000000000127
2025-09-26,DEVYANI,SHORT,A_MOD_BREAK_C1_LOW,MODERATE,2025-09-26 11:30:00+05:30,2025-09-26 11:45:00+05:30,168.14999694824218,169.2934169274902,166.636646975708,2025-09-26 14:19:00+05:30,166.636646975708,TARGET,3.699999999999978,4.499999999999978,63.73222351074219,12.178081512451172,2.496326208114624,2.2968984037461575,3.673417077714993,0.005094472579049143,0.96,0.0,169.2934169274902,0.7399999999999956,0.8999999999999956,50000.0,5.0,250000.0,1849.9999999999889,2249.999999999989
2025-09-26,ELECON,SHORT,A_MOD_BREAK_C1_LOW,MODERATE,2025-09-26 11:30:00+05:30,2025-09-26 11:45:00+05:30,571.4356777954101,575.3214404044189,566.2927566952515,2025-09-26 13:31:00+05:30,566.2927566952515,TARGET,3.6999999999999855,4.499999999999985,29.976356506347656,31.941072463989258,29.52889633178711,0.929197328033811,2.0613296147320237,0.006623473864315033,0.47225488000113175,0.0,575.3214404044189,0.7399999999999971,0.899999999999997,50000.0,5.0,250000.0,1849.9999999999927,2249.9999999999923
2025-09-26,GMRP&UI,SHORT,A_MOD_BREAK_C1_LOW,MODERATE,2025-09-26 11:30:00+05:30,2025-09-26 11:45:00+05:30,113.31000061035157,114.08050861450195,112.2902106048584,2025-09-26 12:26:00+05:30,114.08050861450195,SL,-4.199999999999981,-3.3999999999999804,29.526453018188477,26.486953735351562,3.4290101528167725,1.7280223456592978,2.978220860189095,0.005358875829098873,0.6053007057632043,0.0,114.08050861450195,-0.8399999999999961,-0.679999999999996,50000.0,5.0,250000.0,-2099.9999999999905,-1699.9999999999902
2025-09-26,IEX,SHORT,A_MOD_BREAK_C1_LOW,MODERATE,2025-09-26 11:30:00+05:30,2025-09-26 11:45:00+05:30,138.3000061035156,139.24044614501952,137.05530604858396,2025-09-26 13:36:00+05:30,137.05530604858396,TARGET,3.7000000000000544,4.500000000000054,25.284765243530273,27.947200775146484,11.321677207946777,1.3281803966448522,2.096572459730875,0.004687957815314889,0.47170304806580327,0.0,139.24044614501952,0.7400000000000109,0.9000000000000109,50000.0,5.0,250000.0,1850.0000000000273,2250.0000000000273
2025-09-26,INDHOTEL,SHORT,A_MOD_BREAK_C1_LOW,MODERATE,2025-09-26 11:30:00+05:30,2025-09-26 11:45:00+05:30,720.1559277954102,725.0529881044189,713.6745244452516,2025-09-26 13:52:00+05:30,713.6745244452516,TARGET,3.6999999999999664,4.499999999999967,42.63844299316406,23.396005630493164,4.76539945602417,2.0651484519418033,3.2237557588740033,0.004553491622420835,0.8495766448974609,0.0,725.0529881044189,0.7399999999999933,0.8999999999999934,50000.0,5.0,250000.0,1849.9999999999834,2249.999999999983
2025-09-26,IOLCP,SHORT,A_MOD_BREAK_C1_LOW,MODERATE,2025-09-26 11:30:00+05:30,2025-09-26 11:45:00+05:30,106.75000305175782,107.47590307250977,105.789253024292,2025-09-26 12:59:00+05:30,105.789253024292,TARGET,3.700000000000001,4.500000000000001,40.19265365600586,21.13954734802246,5.6233229637146,1.89168418854859,2.801063557835993,0.009685904693643744,0.7939345378360911,0.0,107.47590307250977,0.7400000000000002,0.9000000000000002,50000.0,5.0,250000.0,1850.0000000000005,2250.000000000001
2025-09-26,LAURUSLABS,SHORT,A_MOD_BREAK_C1_LOW,MODERATE,2025-09-26 11:30:00+05:30,2025-09-26 11:45:00+05:30,849.2301444091797,855.0049093911621,841.587073109497,2025-09-26 11:59:00+05:30,841.587073109497,TARGET,3.700000000000033,4.500000000000034,42.95438003540039,22.81435203552246,7.719930648803711,1.7257328959025238,3.37479587225475,0.010572208392073857,0.8063189573139475,0.0,855.0049093911621,0.7400000000000067,0.9000000000000067,50000.0,5.0,250000.0,1850.0000000000166,2250.000000000017
2025-09-26,TECHM,SHORT,A_MOD_BREAK_C1_LOW,MODERATE,2025-09-26 11:30:00+05:30,2025-09-26 11:45:00+05:30,1415.9167111816407,1425.5449448176757,1403.173460781006,2025-09-26 15:30:00+05:30,1407.0,EOD,2.348741416505834,3.1487414165058336,49.31437301635742,28.178911209106445,11.025556564331055,1.4008278369940428,2.689901116481861,0.004496430711335672,0.8448604667193187,0.0,1425.5449448176757,0.46974828330116675,0.6297482833011667,50000.0,5.0,250000.0,1174.370708252917,1574.370708252917
2025-09-26,GPTINFRA,SHORT,A_PULLBACK_C2_THEN_BREAK_C2_LOW,MODERATE,2025-09-26 11:45:00+05:30,2025-09-26 12:15:00+05:30,114.24000091552735,115.01683292175292,113.2118409072876,2025-09-26 15:00:00+05:30,115.01683292175292,SL,-4.199999999999954,-3.3999999999999537,20.570133209228516,28.939611434936523,15.856399536132812,1.4072824414302056,2.0703142775909646,0.006617096647802684,0.41482642538871367,0.0,115.01683292175292,-0.8399999999999908,-0.6799999999999907,50000.0,5.0,250000.0,-2099.999999999977,-1699.9999999999768
2025-09-26,PGEL,SHORT,A_PULLBACK_C2_THEN_BREAK_C2_LOW,MODERATE,2025-09-26 11:45:00+05:30,2025-09-26 12:15:00+05:30,521.14575,524.6895410999999,516.45543825,2025-09-26 13:27:00+05:30,516.45543825,TARGET,3.699999999999979,4.499999999999979,43.761966705322266,18.575176239013672,6.611097812652588,2.334077824481854,3.978208060355734,0.0065644483104755165,0.8664295005798339,0.0,524.6895410999999,0.7399999999999958,0.8999999999999958,50000.0,5.0,250000.0,1849.9999999999895,2249.9999999999895
2025-09-26,RICOAUTO,SHORT,A_PULLBACK_C2_THEN_BREAK_C2_LOW,MODERATE,2025-09-26 11:45:00+05:30,2025-09-26 12:15:00+05:30,93.67000122070313,94.3069572290039,92.8269712097168,2025-09-26 12:45:00+05:30,92.8269712097168,TARGET,3.6999999999999855,4.499999999999985,58.691864013671875,18.378408432006836,7.550073146820068,1.8091203268612488,2.5815319994776207,0.009660323992319055,0.9265960572007186,0.0,94.3069572290039,0.7399999999999971,0.899999999999997,50000.0,5.0,250000.0,1849.9999999999927,2249.9999999999923
2025-09-26,VBL,SHORT,A_MOD_BREAK_C1_LOW,MODERATE,2025-09-26 13:15:00+05:30,2025-09-26 13:30:00+05:30,446.86062220458984,449.899274435581,442.8388766047485,2025-09-26 15:30:00+05:30,444.29998779296875,EOD,2.0651376787108564,2.8651376787108562,28.263402938842773,31.246498107910156,11.088021278381348,1.6621487105608925,1.9939057187840077,0.003137869220149298,0.5745223543699982,0.0,449.899274435581,0.41302753574217127,0.5730275357421712,50000.0,5.0,250000.0,1032.5688393554283,1432.5688393554283
2025-09-26,JYOTICNC,SHORT,A_MOD_BREAK_C1_LOW,MODERATE,2025-09-26 13:30:00+05:30,2025-09-26 13:45:00+05:30,867.9263555908203,873.8282548088379,860.1150183905029,2025-09-26 15:30:00+05:30,866.9000244140625,EOD,-0.2087452407991625,0.5912547592008374,39.97565460205078,31.163360595703125,6.1546125411987305,2.6891851483116094,2.45940848585647,0.0036700611421784817,0.8096348190307616,0.0,873.8282548088379,-0.041749048159832505,0.11825095184016747,50000.0,5.0,250000.0,-104.37262039958127,295.6273796004187
2025-09-26,SAMHI,SHORT,A_MOD_BREAK_C1_LOW,MODERATE,2025-09-26 13:30:00+05:30,2025-09-26 13:45:00+05:30,202.19000549316405,203.56489753051756,200.37029544372558,2025-09-26 15:30:00+05:30,202.0,EOD,-0.3301313418024632,0.4698686581975367,25.1207275390625,32.05076217651367,13.426519393920898,1.8427019985835946,1.776767045641624,0.004551155984088986,0.5481221151201477,0.0,203.56489753051756,-0.06602626836049263,0.09397373163950734,50000.0,5.0,250000.0,-165.06567090123158,234.93432909876836
2025-09-26,CHALET,SHORT,A_MOD_BREAK_C1_LOW,MODERATE,2025-09-26 13:45:00+05:30,2025-09-26 14:00:00+05:30,957.1085277954102,963.6168657844189,948.4945510452515,2025-09-26 14:27:00+05:30,963.6168657844189,SL,-4.199999999999973,-3.399999999999973,58.46832275390625,19.700841903686523,16.877586364746094,2.9286463262650013,3.640750966295706,0.005176093425977778,0.96,0.0,963.6168657844189,-0.8399999999999945,-0.6799999999999946,50000.0,5.0,250000.0,-2099.9999999999864,-1699.9999999999864
2025-09-26,GSFC,SHORT,A_MOD_BREAK_C1_LOW,MODERATE,2025-09-26 13:45:00+05:30,2025-09-26 14:00:00+05:30,196.50999755859374,197.84626554199215,194.7414075805664,2025-09-26 15:10:00+05:30,197.84626554199215,SL,-4.199999999999942,-3.3999999999999417,38.23086929321289,29.113130569458008,10.356082916259766,2.2572061042273988,2.3086706522228013,0.0036787365675878467,0.7834630393981934,0.0,197.84626554199215,-0.8399999999999883,-0.6799999999999884,50000.0,5.0,250000.0,-2099.999999999971,-1699.9999999999711
2025-09-26,GTPL,SHORT,A_MOD_BREAK_C1_LOW,MODERATE,2025-09-26 13:45:00+05:30,2025-09-26 14:00:00+05:30,109.45,110.19426,108.46495,2025-09-26 15:30:00+05:30,110.19426,SL,-4.199999999999986,-3.399999999999986,47.345645904541016,35.75872039794922,15.481329917907715,1.547107951291185,2.8539029827781257,0.003195754394547407,0.8409285800440724,0.0,110.19426,-0.8399999999999972,-0.6799999999999973,50000.0,5.0,250000.0,-2099.9999999999927,-1699.9999999999932
2025-09-26,AMBIKCO,SHORT,A_MOD_BREAK_C1_LOW,MODERATE,2025-09-26 14:00:00+05:30,2025-09-26 14:15:00+05:30,1419.716,1429.3700687999997,1406.9385559999998,2025-09-26 15:30:00+05:30,1425.0,EOD,-2.660935567395206,-1.8609355673952066,38.60332107543945,31.204132080078125,7.347120761871338,2.485127240401513,3.001222574241807,0.003266645424102638,0.7890498161315918,0.0,1429.3700687999997,-0.5321871134790412,-0.3721871134790413,50000.0,5.0,250000.0,-1330.467783697603,-930.4677836976033
2025-09-26,DOMS,SHORT,A_MOD_BREAK_C1_LOW,MODERATE,2025-09-26 14:00:00+05:30,2025-09-26 14:15:00+05:30,2479.4039223632813,2496.2638690353515,2457.089287062012,2025-09-26 15:30:00+05:30,2478.199951171875,EOD,-0.5572055161027029,0.24279448389729705,48.798553466796875,23.7006893157959,5.109143257141113,2.7678350840650183,3.311962890625,0.004030307994838136,0.941978302001953,0.0,2496.2638690353515,-0.11144110322054057,0.04855889677945941,50000.0,5.0,250000.0,-278.60275805135143,121.39724194864853
2025-09-26,KAMDHENU,SHORT,A_MOD_BREAK_C1_LOW,MODERATE,2025-09-26 14:00:00+05:30,2025-09-26 14:15:00+05:30,26.63000030517578,26.811084307250972,26.3903303024292,2025-09-26 15:21:00+05:30,26.3903303024292,TARGET,3.6999999999999975,4.499999999999998,38.967323303222656,24.665922164916992,3.901249885559082,2.6993528438957997,3.332185687085284,0.006559212383875498,0.7945098495483398,0.0,26.811084307250972,0.7399999999999995,0.8999999999999996,50000.0,5.0,250000.0,1849.9999999999989,2249.999999999999
2025-09-26,LYKALABS,SHORT,A_MOD_BREAK_C1_LOW,MODERATE,2025-09-26 14:15:00+05:30,2025-09-26 14:30:00+05:30,93.95,94.58886,93.10445,2025-09-26 14:52:00+05:30,94.58886,SL,-4.199999999999967,-3.3999999999999675,34.901336669921875,28.556100845336914,1.004338026046753,4.285234585514512,4.65454850257679,0.0033872494645430695,0.7335200500488281,0.0,94.58886,-0.8399999999999934,-0.6799999999999935,50000.0,5.0,250000.0,-2099.999999999983,-1699.9999999999836
2025-09-29,ACI,SHORT,A_MOD_BREAK_C1_LOW,MODERATE,2025-09-29 10:30:00+05:30,2025-09-29 10:45:00+05:30,676.9145777954102,681.517596924419,670.8223465952515,2025-09-29 14:56:00+05:30,681.517596924419,SL,-4.199999999999987,-3.399999999999987,20.425216674804688,25.23299789428711,13.228647232055664,1.5406129821266947,2.8033147278940875,0.0064556418353685,0.43598552199424184,0.0,681.517596924419,-0.8399999999999974,-0.6799999999999974,50000.0,5.0,250000.0,-2099.999999999993,-1699.9999999999934
2025-09-30,BHEL,LONG,B_HUGE_GREEN_PULLBACK_HOLD_THEN_BREAK,HUGE,2025-09-30 10:00:00+05:30,2025-09-30 11:00:00+05:30,237.29000549316407,235.9137234613037,239.90019555358884,2025-09-30 15:30:00+05:30,238.85000610351562,EOD,2.4871182397871623,3.287118239787162,26.709762573242188,67.67799377441406,61.34143829345703,1.234561367299403,2.0042699963836967,0.0058033278566494715,5.166315724292023,0.0,235.9137234613037,0.4974236479574325,0.6574236479574325,100000.0,5.0,500000.0,2487.118239787162,3287.118239787162
2025-09-30,JKPAPER,LONG,B_HUGE_C1_CLOSE_RECLAIM_BREAK,HUGE,2025-09-30 10:45:00+05:30,2025-09-30 11:15:00+05:30,383.0766,380.85475571999996,387.29044259999995,2025-09-30 11:28:00+05:30,387.29044259999995,TARGET,4.699999999999953,5.499999999999953,27.563419342041016,73.73004150390625,80.8826675415039,1.2913732255070258,2.7920460935600757,0.007441257994728985,5.96988714718989,0.0,380.85475571999996,0.9399999999999906,1.0999999999999905,100000.0,5.0,500000.0,4699.999999999954,5499.999999999953
2025-09-30,HDFCAMC,SHORT,A_PULLBACK_C2_THEN_BREAK_C2_LOW,MODERATE,2025-09-30 11:30:00+05:30,2025-09-30 12:00:00+05:30,2764.447,2783.2452396,2739.566977,2025-09-30 13:39:00+05:30,2739.566977,TARGET,3.70000000000003,4.50000000000003,29.807172775268555,26.974349975585938,8.95961856842041,1.318380957778479,2.4440780549201744,0.004598295063480977,0.5378242592402622,0.0,2783.2452396,0.740000000000006,0.900000000000006,50000.0,5.0,250000.0,1850.000000000015,2250.000000000015
2025-09-30,CCL,SHORT,A_MOD_BREAK_C1_LOW,MODERATE,2025-09-30 12:00:00+05:30,2025-09-30 12:15:00+05:30,839.8819777954102,845.593175244419,832.3230399952515,2025-09-30 12:48:00+05:30,845.593175244419,SL,-4.199999999999977,-3.399999999999977,55.479549407958984,28.774442672729492,7.4973368644714355,1.1577416745936797,2.0069441165851796,0.008234096124077227,0.812604793053894,0.0,845.593175244419,-0.8399999999999954,-0.6799999999999954,50000.0,5.0,250000.0,-2099.9999999999886,-1699.9999999999884
2025-09-30,FIEMIND,SHORT,A_MOD_BREAK_C1_LOW,MODERATE,2025-09-30 12:30:00+05:30,2025-09-30 12:45:00+05:30,1910.9177888183594,1923.9120297823242,1893.7195287189943,2025-09-30 13:18:00+05:30,1893.7195287189943,TARGET,3.6999999999999766,4.499999999999976,37.55350875854492,32.74589920043945,5.566921710968018,1.7519195866319732,1.7939590441486455,0.00820382469368779,0.7195865112462014,0.0,1923.9120297823242,0.7399999999999953,0.8999999999999952,50000.0,5.0,250000.0,1849.9999999999884,2249.999999999988
2025-09-30,AVANTEL,SHORT,A_MOD_BREAK_C1_LOW,MODERATE,2025-09-30 12:45:00+05:30,2025-09-30 13:00:00+05:30,173.45,174.62945999999997,171.88895,2025-09-30 13:05:00+05:30,171.88895,TARGET,3.699999999999984,4.499999999999984,23.07513999938965,31.315828323364258,5.525280475616455,2.341140156742151,2.2260652845927167,0.007149834061877668,0.5561270999908448,0.0,174.62945999999997,0.7399999999999969,0.8999999999999968,50000.0,5.0,250000.0,1849.9999999999923,2249.999999999992
2025-09-30,DMART,SHORT,A_MOD_BREAK_C1_LOW,MODERATE,2025-09-30 13:00:00+05:30,2025-09-30 13:15:00+05:30,4443.511022363281,4473.7268973153505,4403.519423162012,2025-09-30 14:08:00+05:30,4473.7268973153505,SL,-4.199999999999909,-3.399999999999909,25.504695892333984,26.984899520874023,4.538177013397217,2.6076647088323397,2.4896106454025784,0.004141616541783457,0.5925704383850097,0.0,4473.7268973153505,-0.8399999999999817,-0.6799999999999817,50000.0,5.0,250000.0,-2099.9999999999545,-1699.9999999999543
2025-09-30,CRISIL,SHORT,A_MOD_BREAK_C1_LOW,MODERATE,2025-09-30 13:15:00+05:30,2025-09-30 13:30:00+05:30,4478.1042,4508.5553085599995,4437.8012622,2025-09-30 14:07:00+05:30,4437.8012622,TARGET,3.7000000000000135,4.500000000000012,61.24225616455078,12.82020378112793,6.915826320648193,2.353000765170606,4.135454594128482,0.0037698884791747085,0.96,0.0,4508.5553085599995,0.7400000000000027,0.9000000000000026,50000.0,5.0,250000.0,1850.0000000000066,2250.0000000000064
2025-09-30,BDL,SHORT,A_MOD_BREAK_C1_LOW,MODERATE,2025-09-30 13:30:00+05:30,2025-09-30 13:45:00+05:30,1479.704,1489.7659872,1466.3866639999999,2025-09-30 14:21:00+05:30,1466.3866639999999,TARGET,3.7000000000000233,4.500000000000023,25.407268524169922,25.34752655029297,1.388909101486206,3.1636461863656096,3.2758485419590935,0.0033156404624114164,0.5911090278625488,0.0,1489.7659872,0.7400000000000047,0.9000000000000046,50000.0,5.0,250000.0,1850.0000000000116,2250.0000000000114
2025-09-30,HARIOMPIPE,SHORT,A_MOD_BREAK_C1_LOW,MODERATE,2025-09-30 13:30:00+05:30,2025-09-30 13:45:00+05:30,478.1043722045898,481.355481935581,473.8014328547485,2025-09-30 15:30:00+05:30,481.355481935581,SL,-4.199999999999962,-3.399999999999962,38.16960525512695,26.599117279052734,5.921074867248535,2.631837625953697,2.504852837577118,0.006012124175747805,0.7825440788269042,0.0,481.355481935581,-0.8399999999999923,-0.6799999999999924,50000.0,5.0,250000.0,-2099.999999999981,-1699.9999999999811
2025-10-01,GMBREW,LONG,B_HUGE_C1_CLOSE_RECLAIM_BREAK,HUGE,2025-10-01 10:00:00+05:30,2025-10-01 10:30:00+05:30,722.8445522094727,718.6520538066577,730.7958422837768,2025-10-01 11:55:00+05:30,718.6520538066577,SL,-3.700000000000024,-2.9000000000000243,27.485157012939453,80.6361083984375,92.82781219482422,1.292868069699039,4.199209833502732,0.0050455681468656,7.234207987941033,0.0,718.6520538066577,-0.7400000000000049,-0.5800000000000048,100000.0,5.0,500000.0,-3700.0000000000246,-2900.000000000024
2025-10-03,JPPOWER,LONG,A_MOD_BREAK_C1_HIGH,MODERATE,2025-10-03 10:00:00+05:30,2025-10-03 10:15:00+05:30,17.990000534057618,17.885658530960082,18.18789053993225,2025-10-03 11:44:00+05:30,18.18789053993225,TARGET,4.699999999999988,5.499999999999988,37.19709777832031,74.61954498291016,81.64517974853516,1.2057773542188979,2.510782983698669,0.0052984048813337695,5.883269325547003,0.0,17.885658530960082,0.9399999999999975,1.0999999999999974,100000.0,5.0,500000.0,4699.999999999987,5499.999999999987
2025-10-03,MOIL,LONG,A_MOD_BREAK_C1_HIGH,MODERATE,2025-10-03 10:00:00+05:30,2025-10-03 10:15:00+05:30,373.1746261047363,371.0102132733288,377.27954699188837,2025-10-03 10:19:00+05:30,377.27954699188837,TARGET,4.699999999999931,5.499999999999931,30.618968963623047,74.58282470703125,78.06285095214844,0.875327277043532,2.6893899214011947,0.006783987778005534,5.2412397678397955,0.0,371.0102132733288,0.9399999999999862,1.099999999999986,100000.0,5.0,500000.0,4699.999999999931,5499.99999999993
2025-10-03,JKPAPER,LONG,B_HUGE_C1_CLOSE_RECLAIM_BREAK,HUGE,2025-10-03 10:00:00+05:30,2025-10-03 10:30:00+05:30,405.28105220947265,402.9304221066577,409.7391437837768,2025-10-03 10:31:00+05:30,409.7391437837768,TARGET,4.699999999999939,5.499999999999938,36.55976867675781,79.66484069824219,89.51753997802734,0.7397783917133108,3.603648598801986,0.007262739841081147,6.424911143067289,0.0,402.9304221066577,0.9399999999999877,1.0999999999999877,100000.0,5.0,500000.0,4699.999999999938,5499.999999999938
2025-10-03,LEMONTREE,LONG,B_HUGE_C1_CLOSE_RECLAIM_BREAK,HUGE,2025-10-03 10:00:00+05:30,2025-10-03 10:30:00+05:30,171.77999572753907,170.78367175231935,173.66957568054198,2025-10-03 15:02:00+05:30,173.66957568054198,TARGET,4.699999999999936,5.499999999999936,23.83833122253418,81.98619079589844,87.37586212158203,1.2900933868532456,4.32599521785733,0.00592709740826267,7.726713032821282,0.0,170.78367175231935,0.9399999999999873,1.0999999999999872,100000.0,5.0,500000.0,4699.999999999937,5499.999999999936
2025-10-03,NAM-INDIA,LONG,B_HUGE_C1_CLOSE_RECLAIM_BREAK,HUGE,2025-10-03 10:00:00+05:30,2025-10-03 10:30:00+05:30,895.2289977905274,890.0366696033423,905.0765167662231,2025-10-03 10:57:00+05:30,890.0366696033423,SL,-3.7000000000000375,-2.9000000000000377,28.06702995300293,80.13521575927734,87.8458480834961,1.0723191871122648,4.393500786896892,0.0041019277128901575,7.512387029296373,0.0,890.0366696033423,-0.7400000000000075,-0.5800000000000075,100000.0,5.0,500000.0,-3700.0000000000377,-2900.0000000000377
2025-10-03,WELCORP,LONG,B_HUGE_C1_CLOSE_RECLAIM_BREAK,HUGE,2025-10-03 10:00:00+05:30,2025-10-03 10:30:00+05:30,866.5733044189453,861.5471792533154,876.1056107675537,2025-10-03 11:26:00+05:30,861.5471792533154,SL,-3.6999999999999966,-2.899999999999997,28.163009643554688,75.34791564941406,83.44514465332031,1.0815912204508553,2.6153157090201957,0.004451919225038108,5.623831541644877,0.0,861.5471792533154,-0.7399999999999993,-0.5799999999999994,100000.0,5.0,500000.0,-3699.999999999997,-2899.9999999999973
2025-10-03,BATAINDIA,LONG,B_HUGE_GREEN_PULLBACK_HOLD_THEN_BREAK,HUGE,2025-10-03 10:00:00+05:30,2025-10-03 11:30:00+05:30,1221.2442,1214.16098364,1234.6778861999999,2025-10-03 11:37:00+05:30,1234.6778861999999,TARGET,4.699999999999912,5.499999999999911,40.80628967285156,80.00505828857422,91.48721313476562,2.2566126638521506,4.571017409617442,0.004354690226355038,9.18202115800794,0.0,1214.16098364,0.9399999999999824,1.0999999999999823,100000.0,5.0,500000.0,4699.999999999912,5499.999999999911
2025-10-03,ASHAPURMIN,LONG,B_HUGE_C1_CLOSE_RECLAIM_BREAK,HUGE,2025-10-03 11:00:00+05:30,2025-10-03 11:30:00+05:30,691.1382,687.12959844,698.7407201999999,2025-10-03 11:35:00+05:30,698.7407201999999,TARGET,4.699999999999971,5.499999999999971,22.35118293762207,70.46562957763672,62.09794235229492,1.0478193336654613,2.8207284257466827,0.01088486394040319,5.117715559526173,0.0,687.12959844,0.9399999999999942,1.099999999999994,100000.0,5.0,500000.0,4699.999999999971,5499.99999999997
2025-10-03,SANDUMA,LONG,B_HUGE_GREEN_PULLBACK_HOLD_THEN_BREAK,HUGE,2025-10-03 10:45:00+05:30,2025-10-03 11:45:00+05:30,196.27999572753907,195.14157175231935,198.43907568054198,2025-10-03 11:54:00+05:30,195.14157175231935,SL,-3.6999999999999913,-2.899999999999991,30.596773147583008,90.70840454101562,90.0179672241211,1.997804545166909,5.863378631058356,0.01376439130343466,10.086746261268654,0.0,195.14157175231935,-0.7399999999999982,-0.5799999999999982,100000.0,5.0,500000.0,-3699.999999999991,-2899.999999999991
2025-10-03,LLOYDSENGG,LONG,B_HUGE_C1_CLOSE_RECLAIM_BREAK,HUGE,2025-10-03 11:15:00+05:30,2025-10-03 11:45:00+05:30,60.71999816894531,60.36782217956542,61.3879181488037,2025-10-03 11:49:00+05:30,61.3879181488037,TARGET,4.699999999999927,5.499999999999927,32.92927169799805,74.33727264404297,85.48760986328125,2.0888118294557243,3.1025619990647844,0.007664416789547666,7.452807754559634,0.0,60.36782217956542,0.9399999999999855,1.0999999999999854,100000.0,5.0,500000.0,4699.999999999927,5499.999999999927
2025-10-03,MAXHEALTH,SHORT,A_MOD_BREAK_C1_LOW,MODERATE,2025-10-03 11:30:00+05:30,2025-10-03 11:45:00+05:30,1069.9859111816406,1077.2618153776757,1060.3560379810058,2025-10-03 11:57:00+05:30,1060.3560379810058,TARGET,3.7000000000000375,4.500000000000038,40.01221466064453,15.022149085998535,4.288459300994873,2.3768113844803564,4.015358904981697,0.00572951914055389,0.8101832199096679,0.0,1077.2618153776757,0.7400000000000075,0.9000000000000076,50000.0,5.0,250000.0,1850.0000000000189,2250.000000000019
2025-10-03,AZAD,LONG,B_HUGE_C1_CLOSE_RECLAIM_BREAK,HUGE,2025-10-03 11:30:00+05:30,2025-10-03 12:00:00+05:30,1721.3442,1711.36040364,1740.2789861999997,2025-10-03 12:01:00+05:30,1740.2789861999997,TARGET,4.699999999999925,5.499999999999924,62.285892486572266,90.9206771850586,97.33919525146484,0.8471391069750716,4.413461397135934,0.010330363112365971,8.241841050961646,0.0,1711.36040364,0.9399999999999848,1.0999999999999848,100000.0,5.0,500000.0,4699.999999999924,5499.9999999999245
2025-10-03,ABDL,LONG,B_HUGE_GREEN_PULLBACK_HOLD_THEN_BREAK,HUGE,2025-10-03 10:45:00+05:30,2025-10-03 12:15:00+05:30,550.11,546.919362,556.16121,2025-10-03 15:30:00+05:30,553.0,EOD,1.8267473777971557,2.6267473777971557,55.65422439575195,84.63177490234375,84.41368865966797,2.1227613941665395,3.683721524027902,0.01040403938445006,8.975348784067872,0.0,546.919362,0.36534947555943115,0.5253494755594311,100000.0,5.0,500000.0,1826.7473777971557,2626.7473777971554
2025-10-03,HAVELLS,SHORT,A_MOD_BREAK_C1_LOW,MODERATE,2025-10-03 12:15:00+05:30,2025-10-03 12:30:00+05:30,1475.7048,1485.73959264,1462.4234568,2025-10-03 14:54:00+05:30,1485.73959264,SL,-4.199999999999992,-3.3999999999999924,29.77870750427246,30.293703079223633,6.9946370124816895,1.7763242150432275,1.6852611976264926,0.0029310583099188903,0.6018004100779764,0.0,1485.73959264,-0.8399999999999985,-0.6799999999999985,50000.0,5.0,250000.0,-2099.9999999999964,-1699.9999999999961
2025-10-03,ADSL,LONG,B_HUGE_GREEN_PULLBACK_HOLD_THEN_BREAK,HUGE,2025-10-03 11:15:00+05:30,2025-10-03 12:45:00+05:30,189.05,187.95351,191.12955,2025-10-03 12:56:00+05:30,191.12955,TARGET,4.699999999999955,5.499999999999955,39.55840301513672,74.43050384521484,73.24978637695312,1.7098314052679782,2.333374813121868,0.00978803027282182,6.391579964797583,0.0,187.95351,0.9399999999999911,1.099999999999991,100000.0,5.0,500000.0,4699.999999999955,5499.9999999999545
2025-10-03,CANBK,LONG,B_HUGE_C1_CLOSE_RECLAIM_BREAK,HUGE,2025-10-03 12:15:00+05:30,2025-10-03 12:45:00+05:30,125.96999816894531,125.23937217956542,127.3556681488037,2025-10-03 13:30:00+05:30,125.23937217956542,SL,-3.700000000000021,-2.900000000000021,23.564302444458008,71.14535522460938,54.39363098144531,1.6189507212466308,2.929250264516056,0.005717921654472278,6.070614954061927,0.0,125.23937217956542,-0.7400000000000042,-0.5800000000000042,100000.0,5.0,500000.0,-3700.000000000021,-2900.000000000021
2025-10-03,TVSHLTD,LONG,B_HUGE_GREEN_PULLBACK_HOLD_THEN_BREAK,HUGE,2025-10-03 12:00:00+05:30,2025-10-03 13:00:00+05:30,13331.6658,13254.34213836,13478.314123799999,2025-10-03 14:36:00+05:30,13254.34213836,SL,-3.700000000000032,-2.9000000000000323,29.82961082458496,83.11125946044922,70.96785736083984,210.6542418531594,3.326921253460654,0.007306367510198613,258.2279319293186,0.0,13254.34213836,-0.7400000000000064,-0.5800000000000065,100000.0,5.0,500000.0,-3700.0000000000323,-2900.0000000000327
2025-10-03,RANEHOLDIN,LONG,B_HUGE_C1_CLOSE_RECLAIM_BREAK,HUGE,2025-10-03 12:45:00+05:30,2025-10-03 13:15:00+05:30,1667.3334,1657.66286628,1685.6740673999998,2025-10-03 13:29:00+05:30,1657.66286628,SL,-3.7000000000000286,-2.9000000000000288,21.076004028320312,68.71250915527344,83.98384857177734,1.5065060952498182,2.3113512402346514,0.006645807336030353,5.422409623015824,0.0,1657.66286628,-0.7400000000000058,-0.5800000000000057,100000.0,5.0,500000.0,-3700.0000000000286,-2900.0000000000286
2025-10-03,KSCL,SHORT,A_MOD_BREAK_C1_LOW,MODERATE,2025-10-03 13:00:00+05:30,2025-10-03 13:15:00+05:30,1037.7924,1044.84938832,1028.4522684,2025-10-03 15:02:00+05:30,1044.84938832,SL,-4.1999999999999265,-3.3999999999999257,26.251371383666992,34.212032318115234,5.220897197723389,1.5918155262175258,1.87878399431856,0.00517181927992853,0.526277487559,0.0,1044.84938832,-0.8399999999999852,-0.6799999999999852,50000.0,5.0,250000.0,-2099.999999999963,-1699.999999999963
2025-10-03,FINOPB,LONG,B_HUGE_GREEN_PULLBACK_HOLD_THEN_BREAK,HUGE,2025-10-03 11:45:00+05:30,2025-10-03 13:30:00+05:30,291.0582,289.37006243999997,294.2598402,2025-10-03 15:07:00+05:30,289.37006243999997,SL,-3.700000000000051,-2.900000000000051,34.54928970336914,83.70641326904297,78.29952239990234,1.708521360100684,4.332105455678837,0.007583899250144101,8.174130516683423,0.0,289.37006243999997,-0.7400000000000102,-0.5800000000000102,100000.0,5.0,500000.0,-3700.000000000051,-2900.000000000051
2025-10-03,HONASA,LONG,B_HUGE_C1_CLOSE_RECLAIM_BREAK,HUGE,2025-10-03 13:45:00+05:30,2025-10-03 14:15:00+05:30,285.7071238952637,284.05002257667115,288.84990225811157,2025-10-03 14:49:00+05:30,288.84990225811157,TARGET,4.69999999999996,5.499999999999959,27.69948959350586,65.52940368652344,83.8079833984375,3.5370804417513924,2.018991856297112,0.0026880973393377415,7.540108792605181,0.0,284.05002257667115,0.939999999999992,1.0999999999999919,100000.0,5.0,500000.0,4699.999999999959,5499.99999999996
2025-10-06,AADHARHFC,LONG,A_MOD_BREAK_C1_HIGH,MODERATE,2025-10-06 10:00:00+05:30,2025-10-06 10:15:00+05:30,520.0540022094726,517.0376889966577,525.7745962337767,2025-10-06 10:16:00+05:30,525.7745962337767,TARGET,4.699999999999896,5.499999999999896,28.87232208251953,79.83772277832031,93.96469116210938,1.7018852869197851,2.9819695370230734,0.005709887040143648,6.530127326339193,0.0,517.0376889966577,0.9399999999999793,1.0999999999999792,100000.0,5.0,500000.0,4699.999999999896,5499.999999999896
2025-10-06,FEDFINA,LONG,A_MOD_BREAK_C1_HIGH,MODERATE,2025-10-06 10:15:00+05:30,2025-10-06 10:30:00+05:30,157.05,156.13911000000002,158.77755,2025-10-06 10:31:00+05:30,158.77755,TARGET,4.699999999999935,5.499999999999935,21.51449203491211,69.93319702148438,78.32112884521484,1.769453942000124,2.436526311179935,0.005605921315870833,5.775574431077495,0.0,156.13911000000002,0.9399999999999871,1.099999999999987,100000.0,5.0,500000.0,4699.999999999935,5499.9999999999345
2025-10-06,THYROCARE,LONG,A_MOD_BREAK_C1_HIGH,MODERATE,2025-10-06 10:15:00+05:30,2025-10-06 10:30:00+05:30,402.0804,399.74833368,406.5032844,2025-10-06 11:04:00+05:30,406.5032844,TARGET,4.699999999999983,5.499999999999982,35.68284225463867,79.55401611328125,85.66767120361328,1.300044322443871,3.1701960674668683,0.007564700922592119,6.457800311902234,0.0,399.74833368,0.9399999999999966,1.0999999999999965,100000.0,5.0,500000.0,4699.999999999983,5499.999999999983
2025-10-06,CDSL,LONG,B_HUGE_C1_CLOSE_RECLAIM_BREAK,HUGE,2025-10-06 10:15:00+05:30,2025-10-06 10:45:00+05:30,1512.3024,1503.53104608,1528.9377264,2025-10-06 11:55:00+05:30,1503.53104608,SL,-3.7000000000000455,-2.900000000000045,39.79836654663086,78.59608459472656,93.39725494384766,1.8681353534470921,3.740746532283319,0.0038218135556215963,8.036724457092072,0.0,1503.53104608,-0.7400000000000091,-0.5800000000000091,100000.0,5.0,500000.0,-3700.0000000000455,-2900.0000000000455
2025-10-06,ANUP,LONG,A_MOD_BREAK_C1_HIGH,MODERATE,2025-10-06 10:30:00+05:30,2025-10-06 10:45:00+05:30,2437.4874,2423.34997308,2464.2997613999996,2025-10-06 10:46:00+05:30,2464.2997613999996,TARGET,4.699999999999927,5.499999999999927,41.05050277709961,80.21863555908203,90.42662811279297,1.5116856498245137,3.385270871823371,0.009822887740111703,7.260858404250067,0.0,2423.34997308,0.9399999999999855,1.0999999999999854,100000.0,5.0,500000.0,4699.999999999927,5499.999999999927
2025-10-06,SUPRIYA,LONG,B_HUGE_C1_CLOSE_RECLAIM_BREAK,HUGE,2025-10-06 10:30:00+05:30,2025-10-06 11:00:00+05:30,744.39885,740.08133667,752.58723735,2025-10-06 11:26:00+05:30,740.08133667,SL,-3.6999999999999975,-2.899999999999998,27.567522048950195,66.2417221069336,78.89627838134766,0.8000382277220913,1.9534017287804575,0.0076443233624536155,4.462812498600446,0.0,740.08133667,-0.7399999999999995,-0.5799999999999996,100000.0,5.0,500000.0,-3699.9999999999977,-2899.999999999998
2025-10-06,AUBANK,LONG,B_HUGE_GREEN_PULLBACK_HOLD_THEN_BREAK,HUGE,2025-10-06 11:00:00+05:30,2025-10-06 12:30:00+05:30,759.8019544189453,755.3951030833155,768.1597759175537,2025-10-06 15:30:00+05:30,764.4000244140625,EOD,2.225834540418831,3.0258345404188307,40.393863677978516,78.73023223876953,85.13307189941406,1.4961186120500443,3.4877987672110815,0.0049914776957374046,7.456535327721106,0.0,755.3951030833155,0.4451669080837662,0.6051669080837662,100000.0,5.0,500000.0,2225.8345404188312,3025.8345404188312
2025-10-06,GRMOVER,LONG,B_HUGE_GREEN_PULLBACK_HOLD_THEN_BREAK,HUGE,2025-10-06 11:15:00+05:30,2025-10-06 12:30:00+05:30,126.7000015258789,125.9651415170288,128.09370154266355,2025-10-06 15:17:00+05:30,128.09370154266355,TARGET,4.6999999999999265,5.499999999999926,51.7238655090332,80.36730194091797,86.24442291259766,1.2290689906328875,3.818428150816778,0.00629337852144327,7.651308964198044,0.0,125.9651415170288,0.9399999999999853,1.0999999999999852,100000.0,5.0,500000.0,4699.999999999926,5499.999999999926
2025-10-06,FOSECOIND,LONG,B_HUGE_C1_CLOSE_RECLAIM_BREAK,HUGE,2025-10-06 13:15:00+05:30,2025-10-06 13:45:00+05:30,5649.1296,5616.36464832,5711.2700256,2025-10-06 15:20:00+05:30,5616.36464832,SL,-3.7000000000000166,-2.9000000000000172,24.447599411010742,69.89444732666016,88.92228698730469,4.013308684025564,3.956432607727017,0.0062285003175816525,9.657041418511312,0.0,5616.36464832,-0.7400000000000033,-0.5800000000000034,100000.0,5.0,500000.0,-3700.000000000017,-2900.0000000000173
2025-10-06,BHARATFORG,LONG,B_HUGE_C1_CLOSE_RECLAIM_BREAK,HUGE,2025-10-06 13:45:00+05:30,2025-10-06 14:15:00+05:30,1229.3457955810547,1222.2155899666845,1242.8685993324461,2025-10-06 15:30:00+05:30,1236.0,EOD,1.9064006087075456,2.706400608707545,20.649822235107422,66.40743255615234,82.10269165039062,2.1812761485214267,2.6776239712083387,0.0028417949187300316,6.321404542008789,0.0,1222.2155899666845,0.3812801217415091,0.5412801217415091,100000.0,5.0,500000.0,1906.4006087075454,2706.4006087075454
2025-10-06,GODREJPROP,LONG,B_HUGE_C1_CLOSE_RECLAIM_BREAK,HUGE,2025-10-06 13:45:00+05:30,2025-10-06 14:15:00+05:30,2049.6097911621096,2037.7220543733692,2072.1554988648927,2025-10-06 15:30:00+05:30,2055.0,EOD,0.5149353748047436,1.3149353748047434,31.84086036682129,65.58422088623047,75.86605834960938,1.7026543666031508,2.009714326987402,0.0031475672056149725,5.642392400976593,0.0,2037.7220543733692,0.10298707496094872,0.2629870749609487,100000.0,5.0,500000.0,514.9353748047436,1314.9353748047433
2025-10-07,CMSINFO,SHORT,A_MOD_BREAK_C1_LOW,MODERATE,2025-10-07 10:30:00+05:30,2025-10-07 10:45:00+05:30,365.27693610229494,367.7608192677905,361.98944367737425,2025-10-07 14:32:00+05:30,361.98944367737425,TARGET,3.7000000000000433,4.500000000000043,32.55998229980469,21.55829620361328,6.787764072418213,1.2962444695992785,3.7462686772490987,0.004505212317305809,0.5752425166769439,0.0,367.7608192677905,0.7400000000000087,0.9000000000000086,50000.0,5.0,250000.0,1850.0000000000216,2250.0000000000214
2025-10-07,IPCALAB,LONG,B_HUGE_GREEN_PULLBACK_HOLD_THEN_BREAK,HUGE,2025-10-07 10:00:00+05:30,2025-10-07 11:00:00+05:30,1367.2734,1359.34321428,1382.3134074,2025-10-07 12:23:00+05:30,1382.3134074,TARGET,4.699999999999972,5.499999999999972,21.77956771850586,72.58829498291016,83.09333801269531,1.8225873973026605,3.677212686599062,0.005422756003979628,6.910715617473107,0.0,1359.34321428,0.9399999999999944,1.0999999999999943,100000.0,5.0,500000.0,4699.999999999972,5499.999999999972
2025-10-07,JAMNAAUTO,SHORT,A_MOD_BREAK_C1_LOW,MODERATE,2025-10-07 11:15:00+05:30,2025-10-07 11:30:00+05:30,98.45,99.11945999999999,97.56395,2025-10-07 15:22:00+05:30,97.56395,TARGET,3.699999999999987,4.499999999999987,50.86862564086914,25.036579132080078,4.584203243255615,1.6002933988286838,2.374081415849651,0.0032846381890802617,0.8900513447950196,0.0,99.11945999999999,0.7399999999999973,0.8999999999999974,50000.0,5.0,250000.0,1849.9999999999934,2249.999999999993
2025-10-07,JINDALSAW,SHORT,A_MOD_BREAK_C1_LOW,MODERATE,2025-10-07 11:15:00+05:30,2025-10-07 11:30:00+05:30,201.34999389648436,202.71917385498045,199.537843951416,2025-10-07 15:30:00+05:30,202.3300018310547,EOD,-3.233593156884211,-2.433593156884211,21.863109588623047,25.826265335083008,3.9395880699157715,1.707945637191152,2.417784326024172,0.0035286928616467795,0.48683713033779735,0.0,202.71917385498045,-0.6467186313768422,-0.4867186313768422,50000.0,5.0,250000.0,-1616.7965784421053,-1216.7965784421053
2025-10-07,KIRLOSIND,SHORT,A_PULLBACK_C2_THEN_BREAK_C2_LOW,MODERATE,2025-10-07 11:30:00+05:30,2025-10-07 12:00:00+05:30,4014.0969223632815,4041.3927814353515,3977.970050062012,2025-10-07 15:30:00+05:30,4007.0,EOD,0.08399987600488545,0.8839998760048853,41.55420684814453,37.30990982055664,42.02383804321289,1.2094139322087822,1.6654232538481024,0.004887151885706502,0.6782317035511098,0.0,4041.3927814353515,0.01679997520097709,0.17679997520097707,50000.0,5.0,250000.0,41.99993800244273,441.99993800244266
2025-10-07,SOTL,SHORT,A_MOD_BREAK_C1_LOW,MODERATE,2025-10-07 12:15:00+05:30,2025-10-07 12:30:00+05:30,399.96997779541016,402.6897736444189,396.3702479952515,2025-10-07 15:30:00+05:30,399.0,EOD,0.4125632538179098,1.2125632538179096,37.993770599365234,39.28035354614258,26.82912826538086,0.8030154066634477,1.3619142346904176,0.0033745935375812867,0.5385299668911028,0.0,402.6897736444189,0.08251265076358197,0.24251265076358194,50000.0,5.0,250000.0,206.28162690895493,606.2816269089549
2025-10-07,TBOTEK,SHORT,A_PULLBACK_C2_THEN_BREAK_C2_LOW,MODERATE,2025-10-07 12:30:00+05:30,2025-10-07 13:00:00+05:30,1556.1887,1566.7707831599998,1542.1830017,2025-10-07 14:47:00+05:30,1542.1830017,TARGET,3.699999999999984,4.499999999999984,38.25844192504883,25.135591506958008,1.5794737339019775,2.3822398545205727,2.369656048074401,0.005335348419601058,0.7838766288757324,0.0,1566.7707831599998,0.7399999999999969,0.8999999999999968,50000.0,5.0,250000.0,1849.9999999999923,2249.999999999992
2025-10-07,IRCON,LONG,B_HUGE_GREEN_PULLBACK_HOLD_THEN_BREAK,HUGE,2025-10-07 13:15:00+05:30,2025-10-07 14:15:00+05:30,176.58999328613282,175.56577132507326,178.53248321228025,2025-10-07 14:33:00+05:30,178.53248321228025,TARGET,4.699999999999916,5.499999999999915,29.405977249145508,75.50909423828125,62.01238250732422,1.432587465953877,2.925593484862368,0.005453047855746759,6.835434315515993,0.0,175.56577132507326,0.9399999999999831,1.099999999999983,100000.0,5.0,500000.0,4699.999999999915,5499.9999999999145
2025-10-07,NETWEB,LONG,B_HUGE_C1_CLOSE_RECLAIM_BREAK,HUGE,2025-10-07 13:45:00+05:30,2025-10-07 14:15:00+05:30,4340.868,4315.690965600001,4388.617548,2025-10-07 14:26:00+05:30,4315.690965600001,SL,-3.6999999999999633,-2.899999999999963,22.01025390625,73.18373107910156,74.84833526611328,2.8021617977380835,4.224669012388727,0.0061998055277881535,8.595828360116604,0.0,4315.690965600001,-0.7399999999999927,-0.5799999999999926,100000.0,5.0,500000.0,-3699.999999999963,-2899.999999999963
2025-10-07,APTUS,SHORT,A_MOD_BREAK_C1_LOW,MODERATE,2025-10-07 14:00:00+05:30,2025-10-07 14:15:00+05:30,317.33651389770506,319.4944021922094,314.4804852726257,2025-10-07 14:48:00+05:30,314.4804852726257,TARGET,3.7000000000000464,4.500000000000047,54.55916213989258,30.67275619506836,33.40442657470703,1.6902935144687945,1.667058705453199,0.00491254896908801,0.8891543003046989,0.0,319.4944021922094,0.7400000000000093,0.9000000000000093,50000.0,5.0,250000.0,1850.0000000000232,2250.000000000023
2025-10-08,EMIL,LONG,B_HUGE_C1_CLOSE_RECLAIM_BREAK,HUGE,2025-10-08 10:00:00+05:30,2025-10-08 10:30:00+05:30,149.29000549316407,148.4241234613037,150.93219555358885,2025-10-08 10:53:00+05:30,148.4241234613037,SL,-3.7000000000000477,-2.9000000000000483,20.135149002075195,88.20518493652344,89.82359313964844,0.6571533426099609,5.493256362171755,0.00908413333808083,7.942188124306858,0.0,148.4241234613037,-0.7400000000000095,-0.5800000000000096,100000.0,5.0,500000.0,-3700.0000000000477,-2900.0000000000477
2025-10-09,ONMOBILE,SHORT,A_MOD_BREAK_C1_LOW,MODERATE,2025-10-09 10:00:00+05:30,2025-10-09 10:15:00+05:30,67.7,68.16036,67.0907,2025-10-09 10:17:00+05:30,67.0907,TARGET,3.700000000000033,4.500000000000034,20.4415340423584,29.30265235900879,6.240398406982422,0.873222949382875,2.280169456071766,0.007056498745599065,0.3194370267773791,0.0,68.16036,0.7400000000000067,0.9000000000000067,50000.0,5.0,250000.0,1850.0000000000166,2250.000000000017
2025-10-09,EMUDHRA,SHORT,A_MOD_BREAK_C1_LOW,MODERATE,2025-10-09 10:30:00+05:30,2025-10-09 10:45:00+05:30,655.4688555908203,659.9260438088379,649.5696358905029,2025-10-09 11:10:00+05:30,659.9260438088379,SL,-4.199999999999989,-3.399999999999989,23.849750518798828,32.790122985839844,18.87114143371582,0.9026547029118298,1.6145539073370754,0.005431227438241004,0.3564385261584064,0.0,659.9260438088379,-0.8399999999999976,-0.6799999999999977,50000.0,5.0,250000.0,-2099.999999999994,-1699.9999999999943
2025-10-09,THOMASCOOK,SHORT,A_MOD_BREAK_C1_LOW,MODERATE,2025-10-09 10:30:00+05:30,2025-10-09 10:45:00+05:30,151.69000549316405,152.72149753051755,150.32479544372558,2025-10-09 14:09:00+05:30,152.72149753051755,SL,-4.199999999999954,-3.399999999999954,22.103073120117188,20.470233917236328,0.7002168297767639,2.344730437707193,4.0706176386835295,0.004972342925992459,0.5415460968017578,0.0,152.72149753051755,-0.8399999999999908,-0.6799999999999908,50000.0,5.0,250000.0,-2099.999999999977,-1699.999999999977
2025-10-10,SBIN,LONG,A_MOD_BREAK_C1_HIGH,MODERATE,2025-10-10 10:00:00+05:30,2025-10-10 10:15:00+05:30,873.2245977905274,868.1598951233423,882.830068366223,2025-10-10 10:45:00+05:30,882.830068366223,TARGET,4.699999999999928,5.499999999999928,30.150814056396484,80.19898223876953,93.89108276367188,1.7447789987422966,3.4517804630514326,0.0030885006151404244,7.261189823839128,0.0,868.1598951233423,0.9399999999999857,1.0999999999999857,100000.0,5.0,500000.0,4699.999999999929,5499.999999999928
2025-10-10,UNIONBANK,LONG,A_MOD_BREAK_C1_HIGH,MODERATE,2025-10-10 10:00:00+05:30,2025-10-10 10:15:00+05:30,139.24000244140626,138.4324104272461,140.77164246826172,2025-10-10 15:30:00+05:30,139.33999633789062,EOD,-0.4409297086645692,0.35907029133543067,40.16401290893555,70.21831512451172,66.23445129394531,0.9579821909760268,1.9766212270860404,0.004041291151422029,4.890774750244361,0.0,138.4324104272461,-0.08818594173291384,0.07181405826708613,100000.0,5.0,500000.0,-440.9297086645692,359.0702913354307
2025-10-10,MAHSCOOTER,LONG,B_HUGE_C1_CLOSE_RECLAIM_BREAK,HUGE,2025-10-10 10:00:00+05:30,2025-10-10 10:30:00+05:30,17195.4384,17095.704857279998,17384.588222399998,2025-10-10 11:49:00+05:30,17095.704857279998,SL,-3.700000000000041,-2.900000000000041,30.921232223510742,77.36349487304688,90.56829833984375,277.7451005006993,4.058229706988835,0.004167220824371665,339.1398198144283,0.0,17095.704857279998,-0.7400000000000082,-0.5800000000000083,100000.0,5.0,500000.0,-3700.000000000041,-2900.0000000000414
2025-10-10,SAPPHIRE,SHORT,A_MOD_BREAK_C1_LOW,MODERATE,2025-10-10 10:15:00+05:30,2025-10-10 10:30:00+05:30,283.0933638977051,285.0183987722095,280.54552362262575,2025-10-10 12:28:00+05:30,280.54552362262575,TARGET,3.700000000000011,4.500000000000011,28.95641326904297,27.917312622070312,20.48947525024414,1.2078124890023731,2.356335980315401,0.004817402087824672,0.5057133846110597,0.0,285.0183987722095,0.7400000000000022,0.9000000000000021,50000.0,5.0,250000.0,1850.0000000000055,2250.0000000000055
2025-10-10,CENTRALBK,LONG,B_HUGE_C1_CLOSE_RECLAIM_BREAK,HUGE,2025-10-10 10:15:00+05:30,2025-10-10 10:45:00+05:30,38.439999389648435,38.21704739318847,38.86283938293457,2025-10-10 11:35:00+05:30,38.21704739318847,SL,-3.700000000000011,-2.900000000000011,39.53696823120117,85.83141326904297,89.29763793945312,0.7406009878672336,4.755734633439988,0.005116659814901227,7.9109356927297805,0.0,38.21704739318847,-0.7400000000000022,-0.5800000000000022,100000.0,5.0,500000.0,-3700.000000000011,-2900.000000000011
2025-10-10,MUTHOOTFIN,SHORT,A_MOD_BREAK_C1_LOW,MODERATE,2025-10-10 10:45:00+05:30,2025-10-10 11:00:00+05:30,3177.3644,3198.9704779199997,3148.7681204,2025-10-10 15:30:00+05:30,3165.0,EOD,1.1457006568085064,1.9457006568085065,27.005075454711914,27.323148727416992,7.557735443115234,1.2916303195065753,2.7963741751434545,0.004803086886861111,0.49111143773432936,0.0,3198.9704779199997,0.2291401313617013,0.3891401313617013,50000.0,5.0,250000.0,572.8503284042533,972.8503284042531
2025-10-10,RACE,LONG,A_MOD_BREAK_C1_HIGH,MODERATE,2025-10-10 12:00:00+05:30,2025-10-10 12:15:00+05:30,222.05,220.76211,224.49255,2025-10-10 12:16:00+05:30,224.49255,TARGET,4.699999999999962,5.499999999999962,39.56017303466797,74.05388641357422,95.90216064453125,1.457141452017978,3.0087663435305956,0.009036209241952555,6.709741905380816,0.0,220.76211,0.9399999999999924,1.0999999999999923,100000.0,5.0,500000.0,4699.999999999962,5499.999999999962
2025-10-10,LTFOODS,LONG,B_HUGE_GREEN_PULLBACK_HOLD_THEN_BREAK,HUGE,2025-10-10 11:30:00+05:30,2025-10-10 14:30:00+05:30,402.5305022094727,400.19582529665774,406.95833773377683,2025-10-10 15:29:00+05:30,400.19582529665774,SL,-3.6999999999999833,-2.899999999999983,26.091806411743164,75.3226318359375,88.0301284790039,2.3374980125013916,2.9671239429795384,0.007712406313809221,6.746302817969285,0.0,400.19582529665774,-0.7399999999999967,-0.5799999999999966,100000.0,5.0,500000.0,-3699.999999999983,-2899.999999999983
2025-10-10,GOKEX,LONG,B_HUGE_C1_CLOSE_RECLAIM_BREAK,HUGE,2025-10-10 14:00:00+05:30,2025-10-10 14:30:00+05:30,791.1582,786.5694824399999,799.8609401999998,2025-10-10 14:31:00+05:30,799.8609401999998,TARGET,4.699999999999925,5.499999999999924,56.696529388427734,77.95735168457031,79.68221282958984,2.5139920683641757,3.4672306970979045,0.011761784704234899,9.361191189617678,0.0,786.5694824399999,0.9399999999999848,1.0999999999999848,100000.0,5.0,500000.0,4699.999999999924,5499.9999999999245
2025-10-10,THYROCARE,LONG,B_HUGE_C1_CLOSE_RECLAIM_BREAK,HUGE,2025-10-10 14:00:00+05:30,2025-10-10 14:30:00+05:30,417.6835261047363,415.2609616533288,422.2780448918884,2025-10-10 14:53:00+05:30,415.2609616533288,SL,-3.7000000000000135,-2.9000000000000132,28.730989456176758,75.71678161621094,89.20377349853516,2.479856896552686,3.1793138171617636,0.005080051274792152,7.295015795046736,0.0,415.2609616533288,-0.7400000000000027,-0.5800000000000026,100000.0,5.0,500000.0,-3700.000000000013,-2900.000000000013
2025-10-13,ZOTA,SHORT,A_MOD_BREAK_C1_LOW,MODERATE,2025-10-13 10:00:00+05:30,2025-10-13 10:15:00+05:30,1409.0181888183595,1418.5995125023242,1396.3370251189942,2025-10-13 10:23:00+05:30,1396.3370251189942,TARGET,3.700000000000002,4.500000000000003,34.61836242675781,23.55451774597168,7.728857040405273,1.5477314928790582,3.2547827182536744,0.011783958908655238,0.6501284476552023,0.0,1418.5995125023242,0.7400000000000004,0.9000000000000005,50000.0,5.0,250000.0,1850.0000000000011,2250.000000000001
2025-10-13,EXICOM,SHORT,A_PULLBACK_C2_THEN_BREAK_C2_LOW,MODERATE,2025-10-13 10:30:00+05:30,2025-10-13 11:00:00+05:30,143.25999755859374,144.23416554199216,141.97065758056638,2025-10-13 13:35:00+05:30,144.23416554199216,SL,-4.199999999999927,-3.399999999999927,22.214998245239258,32.23482131958008,13.180156707763672,1.0640534503790637,1.881319985494665,0.004837531431647973,0.3735003267696582,0.0,144.23416554199216,-0.8399999999999854,-0.6799999999999854,50000.0,5.0,250000.0,-2099.9999999999636,-1699.9999999999634
2025-10-13,KNRCON,SHORT,A_MOD_BREAK_C1_LOW,MODERATE,2025-10-13 10:45:00+05:30,2025-10-13 11:00:00+05:30,190.45,191.74505999999997,188.73594999999997,2025-10-13 15:30:00+05:30,190.5,EOD,-0.9312680493568162,-0.1312680493568164,38.525482177734375,21.628435134887695,15.566680908203125,1.2306095196479188,2.852390584608013,0.0033972666453427687,0.6532388986044013,0.0,191.74505999999997,-0.18625360987136325,-0.02625360987136328,50000.0,5.0,250000.0,-465.63402467840814,-65.63402467840821
2025-10-13,SIEMENS,SHORT,A_MOD_BREAK_C1_LOW,MODERATE,2025-10-13 10:45:00+05:30,2025-10-13 11:00:00+05:30,3041.3916,3062.0730628799997,3014.0190755999997,2025-10-13 11:57:00+05:30,3062.0730628799997,SL,-4.199999999999967,-3.399999999999967,40.95001220703125,12.576982498168945,2.481940746307373,2.0232714499989704,5.175551194947608,0.004754866363575501,0.8242501831054687,0.0,3062.0730628799997,-0.8399999999999934,-0.6799999999999934,50000.0,5.0,250000.0,-2099.999999999983,-1699.9999999999834
2025-10-14,PETRONET,SHORT,A_MOD_BREAK_C1_LOW,MODERATE,2025-10-14 10:00:00+05:30,2025-10-14 10:15:00+05:30,273.4952777954102,275.35504568441894,271.0338202952515,2025-10-14 12:08:00+05:30,271.0338202952515,TARGET,3.700000000000018,4.500000000000018,29.167179107666016,49.662269592285156,45.298851013183594,1.5404628683771613,0.09756050765368358,0.00331496210903569,0.4719667139636776,0.0,275.35504568441894,0.7400000000000035,0.9000000000000036,50000.0,5.0,250000.0,1850.0000000000089,2250.000000000009
2025-10-14,MTARTECH,LONG,B_HUGE_C1_CLOSE_RECLAIM_BREAK,HUGE,2025-10-14 10:00:00+05:30,2025-10-14 10:30:00+05:30,2008.3016044189453,1996.6534551133154,2030.3929220675534,2025-10-14 10:31:00+05:30,2030.3929220675534,TARGET,4.699999999999922,5.499999999999922,23.898012161254883,88.03897857666016,92.38290405273438,2.872579324177317,5.714570919151159,0.008317148497052992,10.90635881215109,0.0,1996.6534551133154,0.9399999999999844,1.0999999999999843,100000.0,5.0,500000.0,4699.999999999922,5499.999999999922
2025-10-14,CAPACITE,SHORT,A_MOD_BREAK_C1_LOW,MODERATE,2025-10-14 10:15:00+05:30,2025-10-14 10:30:00+05:30,278.9442,280.84102056,276.4337022,2025-10-14 11:33:00+05:30,276.4337022,TARGET,3.699999999999993,4.499999999999993,24.552690505981445,30.792875289916992,41.66666793823242,1.264467093497042,2.1234438522522807,0.004999749220862049,0.44957209895170397,0.0,280.84102056,0.7399999999999987,0.8999999999999986,50000.0,5.0,250000.0,1849.9999999999966,2249.9999999999964
2025-10-14,GATEWAY,SHORT,A_MOD_BREAK_C1_LOW,MODERATE,2025-10-14 10:15:00+05:30,2025-10-14 10:30:00+05:30,59.1900016784668,59.59249368988037,58.657291663360596,2025-10-14 12:52:00+05:30,58.657291663360596,TARGET,3.700000000000024,4.500000000000024,44.994590759277344,24.097509384155273,17.619047164916992,1.9000581642945773,2.528180976500038,0.0032292320159349845,0.8674290401407112,0.0,59.59249368988037,0.7400000000000049,0.9000000000000048,50000.0,5.0,250000.0,1850.0000000000123,2250.000000000012
2025-10-14,JBMA,SHORT,A_MOD_BREAK_C1_LOW,MODERATE,2025-10-14 10:30:00+05:30,2025-10-14 10:45:00+05:30,638.8722,643.21653096,633.1223502,2025-10-14 15:30:00+05:30,637.7999877929688,EOD,0.039144516721240086,0.8391445167212399,20.150110244750977,27.606876373291016,7.130672454833984,2.1122281919383945,3.0232340494791665,0.0046918984758393765,0.5122516536712647,0.0,643.21653096,0.007828903344248017,0.167828903344248,50000.0,5.0,250000.0,19.572258360620044,419.57225836062
2025-10-14,MUFIN,LONG,B_HUGE_GREEN_PULLBACK_HOLD_THEN_BREAK,HUGE,2025-10-14 10:00:00+05:30,2025-10-14 11:15:00+05:30,90.41000061035156,89.88562260681152,91.40451061706541,2025-10-14 11:25:00+05:30,91.40451061706541,TARGET,4.699999999999919,5.499999999999919,21.567581176757812,64.49970245361328,61.80464553833008,1.4247922763057226,1.893605812897366,0.004653203622922636,4.943735876269526,0.0,89.88562260681152,0.939999999999984,1.0999999999999839,100000.0,5.0,500000.0,4699.99999999992,5499.999999999919
2025-10-14,BRIGADE,SHORT,A_MOD_BREAK_C1_LOW,MODERATE,2025-10-14 11:00:00+05:30,2025-10-14 11:15:00+05:30,922.7154444091797,928.989909431162,914.4110054094971,2025-10-14 11:19:00+05:30,914.4110054094971,TARGET,3.6999999999999855,4.499999999999985,29.04021644592285,34.60298538208008,33.20109176635742,1.318760327945958,1.6882351830759235,0.004130908552464324,0.5107980632331817,0.0,928.989909431162,0.7399999999999971,0.899999999999997,50000.0,5.0,250000.0,1849.9999999999927,2249.9999999999923
2025-10-14,EMCURE,SHORT,A_MOD_BREAK_C1_LOW,MODERATE,2025-10-14 11:00:00+05:30,2025-10-14 11:15:00+05:30,1352.4294111816407,1361.6259311776757,1340.2575464810059,2025-10-14 12:13:00+05:30,1340.2575464810059,TARGET,3.7000000000000286,4.500000000000028,25.33001708984375,28.313940048217773,9.987268447875977,1.4773105012880468,2.172432390724913,0.007214111113927,0.49847959407306436,0.0,1361.6259311776757,0.7400000000000058,0.9000000000000057,50000.0,5.0,250000.0,1850.0000000000143,2250.000000000014
2025-10-14,MAHABANK,SHORT,A_MOD_BREAK_C1_LOW,MODERATE,2025-10-14 11:00:00+05:30,2025-10-14 11:15:00+05:30,56.51000137329102,56.894269382629396,56.0014113609314,2025-10-14 14:55:00+05:30,56.894269382629396,SL,-4.1999999999999895,-3.3999999999999893,21.374557495117188,28.946786880493164,4.761950492858887,2.0723599230436065,2.311348360124216,0.005127305021998919,0.5306183624267578,0.0,56.894269382629396,-0.8399999999999979,-0.6799999999999978,50000.0,5.0,250000.0,-2099.9999999999945,-1699.9999999999945
2025-10-14,SCHAEFFLER,SHORT,A_MOD_BREAK_C1_LOW,MODERATE,2025-10-14 11:00:00+05:30,2025-10-14 11:15:00+05:30,3945.2108,3972.0382334399997,3909.7039028,2025-10-14 11:20:00+05:30,3909.7039028,TARGET,3.6999999999999886,4.499999999999989,57.3347053527832,14.466755867004395,7.540085315704346,2.0550108435661576,3.351233994871155,0.004180524513306406,0.96,0.0,3972.0382334399997,0.7399999999999978,0.8999999999999978,50000.0,5.0,250000.0,1849.9999999999945,2249.9999999999945
2025-10-14,CANBK,SHORT,A_MOD_BREAK_C1_LOW,MODERATE,2025-10-14 11:15:00+05:30,2025-10-14 11:30:00+05:30,125.50000305175782,126.35340307250976,124.37050302429199,2025-10-14 15:30:00+05:30,125.26000213623047,EOD,0.15617892307288286,0.9561789230728828,30.202993392944336,28.859880447387695,11.620709419250488,1.6087920085451117,2.031498544455395,0.004380727173040498,0.5945835023895596,0.0,126.35340307250976,0.031235784614576573,0.19123578461457655,50000.0,5.0,250000.0,78.08946153644143,478.0894615364413
2025-10-14,PNBHOUSING,SHORT,A_MOD_BREAK_C1_LOW,MODERATE,2025-10-14 11:15:00+05:30,2025-10-14 11:30:00+05:30,841.9815944091797,847.707069251162,834.4037600594971,2025-10-14 12:51:00+05:30,834.4037600594971,TARGET,3.6999999999999753,4.499999999999975,28.56975746154785,30.939620971679688,9.535496711730957,1.7383587144961672,1.9583606916174217,0.00397179466543092,0.590677171540918,0.0,847.707069251162,0.7399999999999951,0.899999999999995,50000.0,5.0,250000.0,1849.9999999999877,2249.9999999999877
2025-10-14,SUNPHARMA,SHORT,A_MOD_BREAK_C1_LOW,MODERATE,2025-10-14 11:30:00+05:30,2025-10-14 11:45:00+05:30,1652.6694,1663.9075519199998,1637.7953754,2025-10-14 15:30:00+05:30,1652.0999755859375,EOD,-0.6277258554970231,0.17227414450297682,26.987977981567383,32.26122283935547,17.226940155029297,1.201311663845755,1.6910308456393128,0.002815001953925541,0.45960075317848353,0.0,1663.9075519199998,-0.1255451710994046,0.03445482890059536,50000.0,5.0,250000.0,-313.86292774851154,86.1370722514884
2025-10-14,RPTECH,SHORT,A_MOD_BREAK_C1_LOW,MODERATE,2025-10-14 11:45:00+05:30,2025-10-14 12:00:00+05:30,325.9348,328.15115663999995,323.0013868,2025-10-14 12:50:00+05:30,323.0013868,TARGET,3.7000000000000286,4.500000000000028,33.50203323364258,23.98171615600586,10.993087768554688,1.9028157962315488,2.500273584898504,0.006741238990036972,0.6955232628451598,0.0,328.15115663999995,0.7400000000000058,0.9000000000000057,50000.0,5.0,250000.0,1850.0000000000143,2250.000000000014
2025-10-14,NBCC,SHORT,A_MOD_BREAK_C1_LOW,MODERATE,2025-10-14 12:30:00+05:30,2025-10-14 12:45:00+05:30,109.7999984741211,110.54663846374511,108.811798487854,2025-10-14 13:34:00+05:30,110.54663846374511,SL,-4.19999999999996,-3.3999999999999604,26.574419021606445,17.89455795288086,3.470850944519043,3.3614796040291663,3.428230773522046,0.004648774885291714,0.6086162853240966,0.0,110.54663846374511,-0.8399999999999921,-0.679999999999992,50000.0,5.0,250000.0,-2099.9999999999804,-1699.9999999999802
2025-10-14,NCC,SHORT,A_MOD_BREAK_C1_LOW,MODERATE,2025-10-14 12:30:00+05:30,2025-10-14 12:45:00+05:30,203.84999389648436,205.23617385498045,202.015343951416,2025-10-14 15:30:00+05:30,203.91000366210938,EOD,-0.9471909919592258,-0.14719099195922591,37.0321044921875,12.588088989257812,6.212298393249512,2.895208819301151,3.2890935350633552,0.0036278070626583584,0.7654815673828124,0.0,205.23617385498045,-0.18943819839184517,-0.029438198391845184,50000.0,5.0,250000.0,-473.5954959796129,-73.59549597961296
2025-10-14,VTL,SHORT,A_MOD_BREAK_C1_LOW,MODERATE,2025-10-14 14:00:00+05:30,2025-10-14 14:15:00+05:30,389.12217220458984,391.768202975581,385.6200726547485,2025-10-14 14:37:00+05:30,391.768202975581,SL,-4.199999999999935,-3.3999999999999355,50.89840316772461,19.030113220214844,1.8474422693252563,4.559967388446251,3.5318823128385435,0.002679495786229861,0.96,0.0,391.768202975581,-0.839999999999987,-0.6799999999999871,50000.0,5.0,250000.0,-2099.9999999999673,-1699.9999999999675
2025-10-15,LAOPALA,SHORT,A_MOD_BREAK_C1_LOW,MODERATE,2025-10-15 10:00:00+05:30,2025-10-15 10:15:00+05:30,228.44000549316405,229.99339753051754,226.38404544372557,2025-10-15 15:30:00+05:30,228.0,EOD,0.1630657559610725,0.9630657559610724,40.90507888793945,26.220102310180664,9.770356178283691,1.1387645221245486,2.716353285165359,0.004301826299251122,0.6728599746908879,0.0,229.99339753051754,0.0326131511922145,0.19261315119221448,50000.0,5.0,250000.0,81.53287798053624,481.5328779805362
2025-10-15,OLAELEC,LONG,A_MOD_BREAK_C1_HIGH,MODERATE,2025-10-15 10:00:00+05:30,2025-10-15 10:15:00+05:30,51.7000015258789,51.40014151702881,52.268701542663564,2025-10-15 10:16:00+05:30,52.268701542663564,TARGET,4.699999999999928,5.499999999999928,29.063987731933594,78.47432708740234,85.88105773925781,1.8065533102044424,3.7196340283753924,0.009307154221706505,7.372221478759122,0.0,51.40014151702881,0.9399999999999857,1.0999999999999857,100000.0,5.0,500000.0,4699.999999999929,5499.999999999928
2025-10-15,CYIENTDLM,SHORT,A_MOD_BREAK_C1_LOW,MODERATE,2025-10-15 10:15:00+05:30,2025-10-15 10:30:00+05:30,447.9104,450.95619071999994,443.8792064,2025-10-15 11:01:00+05:30,450.95619071999994,SL,-4.199999999999951,-3.399999999999952,35.01852798461914,17.9666748046875,12.67411994934082,1.7925561247586437,3.1783907364677493,0.012746861520227507,0.6989752416020496,0.0,450.95619071999994,-0.8399999999999903,-0.6799999999999904,50000.0,5.0,250000.0,-2099.9999999999754,-1699.9999999999761
2025-10-15,LODHA,LONG,B_HUGE_C1_CLOSE_RECLAIM_BREAK,HUGE,2025-10-15 10:15:00+05:30,2025-10-15 10:45:00+05:30,1173.4345911621094,1166.6286705333691,1186.3423716648924,2025-10-15 10:58:00+05:30,1186.3423716648924,TARGET,4.699999999999912,5.499999999999911,25.498088836669922,72.06585693359375,84.6744613647461,1.4135235052193735,3.6116970687190744,0.005771748242924094,6.655591812166243,0.0,1166.6286705333691,0.9399999999999824,1.0999999999999823,100000.0,5.0,500000.0,4699.999999999912,5499.999999999911
2025-10-15,COLPAL,LONG,B_HUGE_C1_CLOSE_RECLAIM_BREAK,HUGE,2025-10-15 11:00:00+05:30,2025-10-15 11:30:00+05:30,2234.146691162109,2221.188640353369,2258.722304764892,2025-10-15 15:30:00+05:30,2228.0,EOD,-2.175623898471929,-1.3756238984719293,27.194787979125977,73.48662567138672,92.88032531738281,1.771325469290572,3.127423604694421,0.0028587870837015333,6.316569897954028,0.0,2221.188640353369,-0.43512477969438584,-0.27512477969438587,100000.0,5.0,500000.0,-2175.623898471929,-1375.6238984719294
2025-10-15,GRINFRA,SHORT,A_MOD_BREAK_C1_LOW,MODERATE,2025-10-15 11:45:00+05:30,2025-10-15 12:00:00+05:30,1238.9521111816407,1247.3769855376759,1227.801542181006,2025-10-15 15:13:00+05:30,1227.801542181006,TARGET,3.699999999999987,4.499999999999987,45.91706466674805,32.68791961669922,8.052390098571777,0.9236256477097348,1.6997950553926084,0.007028783277401673,0.6953802111200547,0.0,1247.3769855376759,0.7399999999999973,0.8999999999999974,50000.0,5.0,250000.0,1849.9999999999934,2249.999999999993
2025-10-15,SURYODAY,SHORT,A_MOD_BREAK_C1_LOW,MODERATE,2025-10-15 11:45:00+05:30,2025-10-15 12:00:00+05:30,141.28000183105468,142.24070584350585,140.0084818145752,2025-10-15 12:44:00+05:30,142.24070584350585,SL,-4.200000000000008,-3.400000000000008,57.82491683959961,28.958406448364258,16.601089477539062,0.9423914466780389,1.5476394166941576,0.004870696359828314,0.7523004740033647,0.0,142.24070584350585,-0.8400000000000016,-0.6800000000000016,50000.0,5.0,250000.0,-2100.000000000004,-1700.000000000004
2025-10-15,ABSLAMC,LONG,B_HUGE_C1_CLOSE_RECLAIM_BREAK,HUGE,2025-10-15 12:15:00+05:30,2025-10-15 12:45:00+05:30,860.172,855.1830024,869.633892,2025-10-15 15:30:00+05:30,866.0,EOD,2.5876945541124186,3.387694554112418,28.196922302246094,61.26981735229492,69.02410888671875,1.7289116092421106,1.897068840462452,0.004368773726529853,5.352886570599167,0.0,855.1830024,0.5175389108224837,0.6775389108224836,100000.0,5.0,500000.0,2587.6945541124182,3387.694554112418
2025-10-15,ASHAPURMIN,LONG,B_HUGE_C1_CLOSE_RECLAIM_BREAK,HUGE,2025-10-15 12:15:00+05:30,2025-10-15 12:45:00+05:30,692.2383955810546,688.2234128866845,699.8530179324462,2025-10-15 13:15:00+05:30,688.2234128866845,SL,-3.700000000000011,-2.9000000000000115,30.222698211669922,74.633056640625,87.77275085449219,1.4363385399259996,3.0238396754164873,0.007172799608020413,6.234032587243413,0.0,688.2234128866845,-0.7400000000000022,-0.5800000000000023,100000.0,5.0,500000.0,-3700.000000000011,-2900.0000000000114
2025-10-15,TATVA,LONG,B_HUGE_GREEN_PULLBACK_HOLD_THEN_BREAK,HUGE,2025-10-15 11:45:00+05:30,2025-10-15 13:15:00+05:30,1233.8466955810547,1226.6903847466847,1247.4190092324461,2025-10-15 13:20:00+05:30,1247.4190092324461,TARGET,4.699999999999905,5.499999999999905,49.52102279663086,77.998779296875,85.13681030273438,1.4811203323148836,2.9484475741299536,0.019843221127247613,7.071714030347447,0.0,1226.6903847466847,0.9399999999999811,1.099999999999981,100000.0,5.0,500000.0,4699.999999999905,5499.999999999905
2025-10-15,ONMOBILE,LONG,B_HUGE_GREEN_PULLBACK_HOLD_THEN_BREAK,HUGE,2025-10-15 13:00:00+05:30,2025-10-15 14:00:00+05:30,71.24999694824218,70.83674696594238,72.03374691467285,2025-10-15 14:01:00+05:30,72.03374691467285,TARGET,4.699999999999987,5.499999999999986,26.252531051635742,73.52796173095703,71.77731323242188,2.1713921567764642,2.8757275681100674,0.00743962224875211,7.271658450114927,0.0,70.83674696594238,0.9399999999999973,1.0999999999999972,100000.0,5.0,500000.0,4699.999999999986,5499.999999999985
2025-10-15,GMBREW,LONG,B_HUGE_GREEN_PULLBACK_HOLD_THEN_BREAK,HUGE,2025-10-15 12:30:00+05:30,2025-10-15 14:15:00+05:30,1105.221,1098.8107181999999,1117.3784309999999,2025-10-15 14:16:00+05:30,1117.3784309999999,TARGET,4.699999999999937,5.499999999999937,49.52154541015625,80.6968994140625,91.71568298339844,2.956130080272144,2.727593069159315,0.021306367743208623,8.540888528948948,0.0,1098.8107181999999,0.9399999999999875,1.0999999999999874,100000.0,5.0,500000.0,4699.999999999938,5499.999999999937
2025-10-15,BLS,SHORT,A_MOD_BREAK_C1_LOW,MODERATE,2025-10-15 14:00:00+05:30,2025-10-15 14:15:00+05:30,280.4938777954101,282.4012361644189,277.96943289525143,2025-10-15 15:20:00+05:30,277.96943289525143,TARGET,3.7000000000000135,4.500000000000013,45.064632415771484,24.882295608520508,17.634981155395508,3.382340014583261,3.625165761794839,0.004363310942136063,0.8859694862365721,0.0,282.4012361644189,0.7400000000000027,0.9000000000000027,50000.0,5.0,250000.0,1850.0000000000066,2250.000000000007
2025-10-15,SENCO,SHORT,A_MOD_BREAK_C1_LOW,MODERATE,2025-10-15 14:00:00+05:30,2025-10-15 14:15:00+05:30,312.3375138977051,314.46140899220944,309.52647627262576,2025-10-15 15:04:00+05:30,314.46140899220944,SL,-4.1999999999999265,-3.3999999999999257,26.343448638916016,31.259414672851562,4.744640350341797,2.76458285505006,1.9808907487706833,0.0034040999699607075,0.6041962670222745,0.0,314.46140899220944,-0.8399999999999852,-0.6799999999999852,50000.0,5.0,250000.0,-2099.999999999963,-1699.999999999963
2025-10-16,RALLIS,SHORT,A_MOD_BREAK_C1_LOW,MODERATE,2025-10-16 10:00:00+05:30,2025-10-16 10:15:00+05:30,290.7918361022949,292.76922058779047,288.17470957737424,2025-10-16 10:29:00+05:30,288.17470957737424,TARGET,3.699999999999993,4.499999999999993,34.697513580322266,45.849098205566406,32.31275939941406,1.2117092261404643,0.5689491729333023,0.004565539228957134,0.5209592769260802,0.0,292.76922058779047,0.7399999999999987,0.8999999999999986,50000.0,5.0,250000.0,1849.9999999999966,2249.9999999999964
2025-10-16,ENDURANCE,LONG,B_HUGE_C1_CLOSE_RECLAIM_BREAK,HUGE,2025-10-16 10:00:00+05:30,2025-10-16 10:30:00+05:30,2902.7803911621095,2885.944264893369,2934.7109754648923,2025-10-16 13:20:00+05:30,2934.7109754648923,TARGET,4.699999999999928,5.499999999999928,34.135990142822266,85.20585632324219,94.78324890136719,1.4480790083357162,5.009153226228557,0.00549336230309106,8.445497279901721,0.0,2885.944264893369,0.9399999999999857,1.0999999999999857,100000.0,5.0,500000.0,4699.999999999929,5499.999999999928
2025-10-16,INDIAGLYCO,LONG,B_HUGE_C1_CLOSE_RECLAIM_BREAK,HUGE,2025-10-16 10:00:00+05:30,2025-10-16 10:30:00+05:30,986.1972,980.47725624,997.0453691999999,2025-10-16 11:04:00+05:30,980.47725624,SL,-3.6999999999999886,-2.899999999999989,29.63254165649414,69.84243774414062,82.39227294921875,1.307218103184709,2.855454685494146,0.006407559280705017,6.118586080127124,0.0,980.47725624,-0.7399999999999978,-0.5799999999999977,100000.0,5.0,500000.0,-3699.999999999989,-2899.9999999999886
2025-10-16,MEDANTA,LONG,A_MOD_BREAK_C1_HIGH,MODERATE,2025-10-16 10:30:00+05:30,2025-10-16 10:45:00+05:30,1378.9756911621093,1370.977632153369,1394.1444237648925,2025-10-16 11:27:00+05:30,1370.977632153369,SL,-3.7000000000000077,-2.9000000000000083,22.48217010498047,75.49522399902344,96.20137023925781,1.9155272051398056,3.097795643702868,0.0037746767248922693,6.743604390622249,0.0,1370.977632153369,-0.7400000000000015,-0.5800000000000016,100000.0,5.0,500000.0,-3700.0000000000077,-2900.000000000008
2025-10-16,OLAELEC,LONG,B_HUGE_C1_CLOSE_RECLAIM_BREAK,HUGE,2025-10-16 10:30:00+05:30,2025-10-16 11:00:00+05:30,55.00000076293945,54.6810007585144,55.60500077133178,2025-10-16 15:30:00+05:30,55.380001068115234,EOD,2.654548180950563,3.454548180950563,61.720760345458984,87.71459197998047,82.6495590209961,2.2356082908470625,5.881119745869636,0.005745485250311823,10.809483503280543,0.0,54.6810007585144,0.5309096361901127,0.6909096361901126,100000.0,5.0,500000.0,2654.548180950563,3454.548180950563
2025-10-16,TSFINV,SHORT,B_HUGE_RED_FAILED_BOUNCE,HUGE,2025-10-16 10:30:00+05:30,2025-10-16 11:45:00+05:30,655.0689722045898,659.523441215581,649.1733514547485,2025-10-16 12:02:00+05:30,659.523441215581,SL,-4.199999999999951,-3.3999999999999515,37.112518310546875,23.726526260375977,10.95312213897705,0.8941331858986087,2.8632950389971046,0.010580185226138883,0.6131610821904596,0.0,659.523441215581,-0.8399999999999903,-0.6799999999999903,50000.0,5.0,250000.0,-2099.9999999999754,-1699.9999999999757
2025-10-16,FUSION,SHORT,A_MOD_BREAK_C1_LOW,MODERATE,2025-10-16 11:30:00+05:30,2025-10-16 11:45:00+05:30,182.7399932861328,183.98262524047848,181.0953333465576,2025-10-16 11:53:00+05:30,181.0953333465576,TARGET,3.7000000000000286,4.500000000000029,30.482664108276367,16.224220275878906,3.5082669258117676,2.4458817814874005,3.937472852155129,0.007033581290740133,0.6672399616241456,0.0,183.98262524047848,0.7400000000000058,0.9000000000000058,50000.0,5.0,250000.0,1850.0000000000143,2250.0000000000146
2025-10-16,PDSL,LONG,A_MOD_BREAK_C1_HIGH,MODERATE,2025-10-16 13:00:00+05:30,2025-10-16 13:15:00+05:30,305.11099779052734,303.34135400334225,308.4672187662231,2025-10-16 13:16:00+05:30,308.4672187662231,TARGET,4.699999999999916,5.499999999999915,26.62652587890625,71.85213470458984,82.41436767578125,3.7915668791010937,2.4158081092673735,0.005957265969597256,8.128818322535407,0.0,303.34135400334225,0.9399999999999831,1.099999999999983,100000.0,5.0,500000.0,4699.999999999915,5499.9999999999145
2025-10-16,APARINDS,LONG,B_HUGE_GREEN_PULLBACK_HOLD_THEN_BREAK,HUGE,2025-10-16 10:00:00+05:30,2025-10-16 14:15:00+05:30,8851.77,8800.429734,8949.13947,2025-10-16 14:49:00+05:30,8800.429734,SL,-3.7000000000000597,-2.9000000000000603,28.385135650634766,84.07740783691406,90.952880859375,2.30570564228946,5.8630115301888175,0.005706075471023034,9.465002958399383,0.0,8800.429734,-0.740000000000012,-0.5800000000000121,100000.0,5.0,500000.0,-3700.00000000006,-2900.0000000000605
2025-10-16,CENTURYPLY,LONG,B_HUGE_GREEN_PULLBACK_HOLD_THEN_BREAK,HUGE,2025-10-16 13:30:00+05:30,2025-10-16 14:30:00+05:30,757.9515477905273,753.5554288133422,766.289014816223,2025-10-16 15:10:00+05:30,766.289014816223,TARGET,4.699999999999917,5.4999999999999165,20.620777130126953,70.70368194580078,76.90116882324219,4.006415569874848,2.878457526290205,0.004478227859766931,8.90953361357339,0.0,753.5554288133422,0.9399999999999833,1.0999999999999832,100000.0,5.0,500000.0,4699.999999999916,5499.999999999916
2025-10-17,PCBL,SHORT,A_MOD_BREAK_C1_LOW,MODERATE,2025-10-17 10:00:00+05:30,2025-10-17 10:15:00+05:30,373.7752361022949,376.3169077077905,370.41125897737425,2025-10-17 14:02:00+05:30,370.41125897737425,TARGET,3.7000000000000166,4.500000000000016,21.221839904785156,34.10733413696289,38.52811050415039,1.1537988234584349,1.5568585318069281,0.0053857870917906735,0.3580853192673498,0.0,376.3169077077905,0.7400000000000033,0.9000000000000032,50000.0,5.0,250000.0,1850.0000000000084,2250.000000000008
2025-10-17,IRCON,SHORT,A_MOD_BREAK_C1_LOW,MODERATE,2025-10-17 10:15:00+05:30,2025-10-17 10:30:00+05:30,169.7,170.85395999999997,168.1727,2025-10-17 13:39:00+05:30,168.1727,TARGET,3.6999999999999913,4.499999999999991,30.075361251831055,15.324745178222656,12.73148250579834,1.5931591477834932,4.10623192216671,0.003700758388627913,0.5899332696395772,0.0,170.85395999999997,0.7399999999999982,0.8999999999999982,50000.0,5.0,250000.0,1849.9999999999955,2249.9999999999955
2025-10-17,SARDAEN,SHORT,A_MOD_BREAK_C1_LOW,MODERATE,2025-10-17 10:30:00+05:30,2025-10-17 10:45:00+05:30,535.9427777954102,539.587188684419,531.1192927952515,2025-10-17 13:08:00+05:30,531.1192927952515,TARGET,3.700000000000019,4.500000000000019,21.259214401245117,29.906007766723633,15.29845142364502,1.7355549151650635,2.697983937153623,0.005568727067045779,0.4826103261725629,0.0,539.587188684419,0.7400000000000038,0.9000000000000038,50000.0,5.0,250000.0,1850.0000000000093,2250.0000000000095
2025-10-17,ESABINDIA,LONG,B_HUGE_C1_CLOSE_RECLAIM_BREAK,HUGE,2025-10-17 10:30:00+05:30,2025-10-17 11:00:00+05:30,4982.296064648437,4953.398747473476,5037.10132135957,2025-10-17 15:12:00+05:30,4953.398747473476,SL,-3.7000000000000313,-2.900000000000031,48.33424758911133,74.90459442138672,87.90670013427734,1.5818727681043336,4.016926051929522,0.0035417967971177753,8.35001875408913,0.0,4953.398747473476,-0.7400000000000062,-0.5800000000000062,100000.0,5.0,500000.0,-3700.000000000031,-2900.000000000031
2025-10-17,JSWINFRA,SHORT,A_MOD_BREAK_C1_LOW,MODERATE,2025-10-17 11:45:00+05:30,2025-10-17 12:00:00+05:30,296.14077220458984,298.15452945558104,293.4755052547485,2025-10-17 15:18:00+05:30,298.15452945558104,SL,-4.1999999999999895,-3.3999999999999893,48.312034606933594,13.853981971740723,8.477646827697754,1.4054780841341752,3.1382943007056063,0.006399305378204281,0.8306391838274845,0.0,298.15452945558104,-0.8399999999999979,-0.6799999999999978,50000.0,5.0,250000.0,-2099.9999999999945,-1699.9999999999945
2025-10-17,MONARCH,SHORT,A_MOD_BREAK_C1_LOW,MODERATE,2025-10-17 11:45:00+05:30,2025-10-17 12:00:00+05:30,310.23792779541014,312.3475457044189,307.44578644525143,2025-10-17 15:30:00+05:30,308.29998779296875,EOD,2.3233125108406956,3.1233125108406954,40.82197570800781,31.554052352905273,11.267662048339844,1.7512468470404063,1.9611370111872934,0.0028198658896592317,0.7768546844115529,0.0,312.3475457044189,0.46466250216813915,0.6246625021681391,50000.0,5.0,250000.0,1161.6562554203479,1561.6562554203479
2025-10-17,WIPRO,SHORT,A_MOD_BREAK_C1_LOW,MODERATE,2025-10-17 11:45:00+05:30,2025-10-17 12:00:00+05:30,235.45,237.05105999999998,233.33094999999997,2025-10-17 13:39:00+05:30,233.33094999999997,TARGET,3.700000000000033,4.500000000000034,51.87434005737305,20.76582908630371,1.989625334739685,1.1844578476627223,3.093938854571156,0.006110321938258102,0.8172801233409763,0.0,237.05105999999998,0.7400000000000067,0.9000000000000067,50000.0,5.0,250000.0,1850.0000000000166,2250.000000000017
2025-10-17,PARAS,LONG,B_HUGE_GREEN_PULLBACK_HOLD_THEN_BREAK,HUGE,2025-10-17 11:45:00+05:30,2025-10-17 12:45:00+05:30,712.6924977905273,708.5588813033422,720.5321152662231,2025-10-17 13:20:00+05:30,708.5588813033422,SL,-3.7000000000000446,-2.9000000000000448,21.198532104492188,67.30756378173828,68.1305160522461,1.327902433970113,1.5434161171267353,0.006856382955390669,4.658464532727243,0.0,708.5588813033422,-0.7400000000000089,-0.580000000000009,100000.0,5.0,500000.0,-3700.0000000000446,-2900.000000000045
2025-10-17,RICOAUTO,SHORT,A_MOD_BREAK_C1_LOW,MODERATE,2025-10-17 13:00:00+05:30,2025-10-17 13:15:00+05:30,85.96999664306641,86.55459262023925,85.19626667327881,2025-10-17 13:37:00+05:30,85.19626667327881,TARGET,3.699999999999987,4.499999999999987,21.91060447692871,24.697866439819336,1.146654725074768,2.8279747840733873,2.497484835578669,0.0028976332883200824,0.5386590671539306,0.0,86.55459262023925,0.7399999999999973,0.8999999999999974,50000.0,5.0,250000.0,1849.9999999999934,2249.999999999993
2025-10-17,TATATECH,SHORT,A_MOD_BREAK_C1_LOW,MODERATE,2025-10-17 13:00:00+05:30,2025-10-17 13:15:00+05:30,685.9127777954102,690.5769846844189,679.7395627952515,2025-10-17 15:30:00+05:30,687.2999877929688,EOD,-1.8112145760115328,-1.0112145760115328,21.218780517578125,33.59486770629883,12.176207542419434,1.7711263733805256,1.5619377073302958,0.0034449779573525845,0.4663257084717786,0.0,690.5769846844189,-0.36224291520230656,-0.20224291520230656,50000.0,5.0,250000.0,-905.6072880057663,-505.6072880057664
2025-10-17,VEDL,SHORT,A_MOD_BREAK_C1_LOW,MODERATE,2025-10-17 13:00:00+05:30,2025-10-17 13:15:00+05:30,472.0055861022949,475.2152240877905,467.7575358273742,2025-10-17 13:38:00+05:30,467.7575358273742,TARGET,3.700000000000019,4.500000000000019,32.536014556884766,24.632854461669922,8.341512680053711,2.5546757950704815,2.517454533830939,0.0032123961776652664,0.6980402183532715,0.0,475.2152240877905,0.7400000000000038,0.9000000000000038,50000.0,5.0,250000.0,1850.0000000000093,2250.0000000000095
2025-10-17,BRITANNIA,LONG,B_HUGE_GREEN_PULLBACK_HOLD_THEN_BREAK,HUGE,2025-10-17 10:30:00+05:30,2025-10-17 13:30:00+05:30,6141.228,6105.6088776,6208.781507999999,2025-10-17 14:18:00+05:30,6105.6088776,SL,-3.70000000000003,-2.9000000000000306,53.32518005371094,81.46436309814453,95.0457534790039,1.8759304180352354,4.1909081667142996,0.004422297391535031,8.433008837015675,0.0,6105.6088776,-0.740000000000006,-0.5800000000000061,100000.0,5.0,500000.0,-3700.00000000003,-2900.00000000003
2025-10-17,SCHAEFFLER,SHORT,A_MOD_BREAK_C1_LOW,MODERATE,2025-10-17 13:15:00+05:30,2025-10-17 13:30:00+05:30,3899.22,3925.7346959999995,3864.12702,2025-10-17 14:25:00+05:30,3864.12702,TARGET,3.6999999999999877,4.499999999999988,30.405166625976562,32.389217376708984,3.4391934871673584,2.082422680100914,2.0248808870252897,0.003160359094889156,0.6660774993896483,0.0,3925.7346959999995,0.7399999999999975,0.8999999999999975,50000.0,5.0,250000.0,1849.9999999999939,2249.9999999999936
2025-10-17,TEXRAIL,SHORT,B_HUGE_RED_FAILED_BOUNCE,HUGE,2025-10-17 10:00:00+05:30,2025-10-17 13:45:00+05:30,134.5000030517578,135.41460307250975,133.28950302429197,2025-10-17 15:30:00+05:30,134.75,EOD,-1.7293566638284608,-0.9293566638284609,20.210418701171875,25.93364906311035,23.590574264526367,1.3449669056099745,2.891712983899374,0.0024257107501784296,0.43852548899932364,0.0,135.41460307250975,-0.34587133276569215,-0.18587133276569218,50000.0,5.0,250000.0,-864.6783319142304,-464.6783319142304
2025-10-17,AGI,SHORT,A_MOD_BREAK_C1_LOW,MODERATE,2025-10-17 13:45:00+05:30,2025-10-17 14:00:00+05:30,848.9301555908203,854.7028806488378,841.2897841905029,2025-10-17 15:17:00+05:30,841.2897841905029,TARGET,3.699999999999981,4.4999999999999805,34.61832809448242,27.359180450439453,4.996713638305664,3.3323472109854992,2.7802360170015556,0.0035352812317392015,0.7292749214172363,0.0,854.7028806488378,0.7399999999999962,0.8999999999999961,50000.0,5.0,250000.0,1849.9999999999905,2249.9999999999905
2025-10-20,AVANTEL,SHORT,A_MOD_BREAK_C1_LOW,MODERATE,2025-10-20 10:00:00+05:30,2025-10-20 10:15:00+05:30,163.0699951171875,164.17887108398435,161.6023651611328,2025-10-20 10:17:00+05:30,161.6023651611328,TARGET,3.6999999999999753,4.499999999999975,42.803802490234375,8.39148235321045,4.7878642082214355,1.3720493475159437,6.68700673861805,0.019581400692748118,0.7421656731688058,0.0,164.17887108398435,0.7399999999999951,0.899999999999995,50000.0,5.0,250000.0,1849.9999999999877,2249.9999999999877
2025-10-20,JSFB,SHORT,A_MOD_BREAK_C1_LOW,MODERATE,2025-10-20 10:00:00+05:30,2025-10-20 10:15:00+05:30,421.71562779541017,424.5832940644189,417.9201871452515,2025-10-20 10:42:00+05:30,424.5832940644189,SL,-4.199999999999938,-3.399999999999938,30.02573013305664,10.436792373657227,6.456893444061279,1.3490903524321307,5.2009521513934045,0.01017264280274016,0.5464767636714725,0.0,424.5832940644189,-0.8399999999999876,-0.6799999999999876,50000.0,5.0,250000.0,-2099.999999999969,-1699.999999999969
2025-10-20,RICOAUTO,SHORT,A_MOD_BREAK_C1_LOW,MODERATE,2025-10-20 10:00:00+05:30,2025-10-20 10:15:00+05:30,84.31000061035157,84.88330861450194,83.5512106048584,2025-10-20 11:31:00+05:30,84.88330861450194,SL,-4.1999999999999185,-3.399999999999918,37.99905776977539,16.35725975036621,6.642327308654785,1.2234945259747338,3.156197577481939,0.0043141355700406225,0.6440974085922093,0.0,84.88330861450194,-0.8399999999999836,-0.6799999999999836,50000.0,5.0,250000.0,-2099.999999999959,-1699.999999999959
2025-10-23,BANKINDIA,LONG,A_MOD_BREAK_C1_HIGH,MODERATE,2025-10-23 10:00:00+05:30,2025-10-23 10:15:00+05:30,133.4199951171875,132.64615914550782,134.88761506347657,2025-10-23 10:19:00+05:30,134.88761506347657,TARGET,4.699999999999999,5.499999999999999,54.06322479248047,79.56210327148438,96.54369354248047,1.7392334379221601,4.52039189426338,0.004788713342963631,8.405923548143859,0.0,132.64615914550782,0.94,1.0999999999999999,100000.0,5.0,500000.0,4699.999999999999,5500.0
2025-10-23,IDBI,LONG,B_HUGE_C1_CLOSE_RECLAIM_BREAK,HUGE,2025-10-23 10:00:00+05:30,2025-10-23 10:30:00+05:30,96.67000274658203,96.10931673065186,97.73337277679443,2025-10-23 11:28:00+05:30,96.10931673065186,SL,-3.699999999999987,-2.899999999999987,41.32494354248047,75.43238067626953,76.97238159179688,0.6029110643406475,3.4544116807580822,0.00622468400433759,5.989371864979305,0.0,96.10931673065186,-0.7399999999999973,-0.5799999999999974,100000.0,5.0,500000.0,-3699.999999999987,-2899.9999999999873
2025-10-23,MANGLMCEM,LONG,B_HUGE_C1_CLOSE_RECLAIM_BREAK,HUGE,2025-10-23 10:15:00+05:30,2025-10-23 10:45:00+05:30,810.2619955810546,805.5624760066845,819.1748775324462,2025-10-23 10:47:00+05:30,819.1748775324462,TARGET,4.69999999999998,5.49999999999998,45.593414306640625,87.70867156982422,90.18204498291016,1.8946848413402877,4.89253517888962,0.010743821348638157,9.568985401938791,0.0,805.5624760066845,0.939999999999996,1.0999999999999959,100000.0,5.0,500000.0,4699.999999999979,5499.99999999998
2025-10-23,FORTIS,SHORT,A_MOD_BREAK_C1_LOW,MODERATE,2025-10-23 10:45:00+05:30,2025-10-23 11:00:00+05:30,1082.8833555908202,1090.2469624088376,1073.1374053905029,2025-10-23 11:39:00+05:30,1073.1374053905029,TARGET,3.6999999999999797,4.49999999999998,26.396657943725586,34.39192199707031,22.727272033691406,1.1613232441677193,1.3328387887479285,0.005434186730830314,0.42582337632263106,0.0,1090.2469624088376,0.739999999999996,0.8999999999999959,50000.0,5.0,250000.0,1849.99999999999,2249.99999999999
2025-10-23,MUTHOOTFIN,SHORT,A_MOD_BREAK_C1_LOW,MODERATE,2025-10-23 11:30:00+05:30,2025-10-23 11:45:00+05:30,3122.0754111816404,3143.3055239776754,3093.9767324810055,2025-10-23 12:38:00+05:30,3143.3055239776754,SL,-4.199999999999971,-3.399999999999971,41.01839828491211,20.873014450073242,2.84004545211792,1.2000799190988214,3.126152181691466,0.00885939651736522,0.6852899601159754,0.0,3143.3055239776754,-0.8399999999999941,-0.6799999999999942,50000.0,5.0,250000.0,-2099.999999999985,-1699.9999999999854
2025-10-23,KIRLOSIND,LONG,B_HUGE_GREEN_PULLBACK_HOLD_THEN_BREAK,HUGE,2025-10-23 10:45:00+05:30,2025-10-23 12:00:00+05:30,3960.0919088378905,3937.1233757666305,4003.652919835107,2025-10-23 14:48:00+05:30,3937.1233757666305,SL,-3.700000000000033,-2.900000000000033,25.4537410736084,70.02864837646484,70.31192779541016,1.4582412742097683,2.5768272081854358,0.004584082591382763,5.613475776801243,0.0,3937.1233757666305,-0.7400000000000067,-0.5800000000000066,100000.0,5.0,500000.0,-3700.000000000033,-2900.000000000033
2025-10-23,ELECON,LONG,B_HUGE_GREEN_PULLBACK_HOLD_THEN_BREAK,HUGE,2025-10-23 10:15:00+05:30,2025-10-23 13:00:00+05:30,570.0140044189453,566.7079231933154,576.2841584675537,2025-10-23 14:09:00+05:30,566.7079231933154,SL,-3.700000000000011,-2.9000000000000115,22.58955955505371,79.03751373291016,78.98217010498047,2.24073559863313,3.6024911778560127,0.007327467408751419,7.310941044555699,0.0,566.7079231933154,-0.7400000000000022,-0.5800000000000023,100000.0,5.0,500000.0,-3700.000000000011,-2900.0000000000114
2025-10-23,DBOL,LONG,B_HUGE_C1_CLOSE_RECLAIM_BREAK,HUGE,2025-10-23 12:30:00+05:30,2025-10-23 13:00:00+05:30,80.59000091552734,80.12257891021729,81.47649092559813,2025-10-23 13:17:00+05:30,80.12257891021729,SL,-3.699999999999981,-2.899999999999981,40.250511169433594,71.07059478759766,78.159423828125,1.9422546761318087,2.253983213943175,0.007742370925262532,6.637870911760757,0.0,80.12257891021729,-0.7399999999999962,-0.5799999999999962,100000.0,5.0,500000.0,-3699.999999999981,-2899.999999999981
2025-10-24,CELLO,LONG,A_MOD_BREAK_C1_HIGH,MODERATE,2025-10-24 10:00:00+05:30,2025-10-24 10:15:00+05:30,638.5777022094727,634.8739515366577,645.6020569337768,2025-10-24 11:21:00+05:30,634.8739515366577,SL,-3.700000000000027,-2.900000000000027,38.932716369628906,66.9804916381836,64.16108703613281,1.0572193008007928,1.5823970436519033,0.008602138757679316,4.327337906478177,0.0,634.8739515366577,-0.7400000000000053,-0.5800000000000054,100000.0,5.0,500000.0,-3700.000000000027,-2900.0000000000273
2025-10-27,BLS,SHORT,A_MOD_BREAK_C1_LOW,MODERATE,2025-10-27 10:00:00+05:30,2025-10-27 10:15:00+05:30,314.0371861022949,316.1726389677905,311.2108514273743,2025-10-27 14:49:00+05:30,316.1726389677905,SL,-4.199999999999914,-3.399999999999914,36.032630920410156,19.61404037475586,4.678697109222412,1.2342935733372906,3.080609889442352,0.004793705924108489,0.6164908391401782,0.0,316.1726389677905,-0.8399999999999828,-0.6799999999999828,50000.0,5.0,250000.0,-2099.999999999957,-1699.9999999999573
2025-10-28,KSB,SHORT,A_MOD_BREAK_C1_LOW,MODERATE,2025-10-28 10:00:00+05:30,2025-10-28 10:15:00+05:30,789.842,795.2129256,782.733422,2025-10-28 11:21:00+05:30,782.733422,TARGET,3.699999999999979,4.499999999999979,26.4532527923584,35.16761016845703,28.20484733581543,1.0726193417051513,1.881176724447961,0.005363917682324589,0.43856601290617553,0.0,795.2129256,0.7399999999999958,0.8999999999999958,50000.0,5.0,250000.0,1849.9999999999895,2249.9999999999895
2025-10-28,SAIL,LONG,A_MOD_BREAK_C1_HIGH,MODERATE,2025-10-28 10:15:00+05:30,2025-10-28 10:30:00+05:30,130.60000305175782,129.84252303405762,132.03660308532716,2025-10-28 11:19:00+05:30,132.03660308532716,TARGET,4.699999999999994,5.499999999999994,24.37783432006836,64.35820007324219,74.08140563964844,1.6877983845533715,1.3186836701336795,0.0028518832066854283,4.294510625012395,0.0,129.84252303405762,0.9399999999999988,1.0999999999999988,100000.0,5.0,500000.0,4699.9999999999945,5499.999999999994
2025-10-28,BSE,SHORT,A_MOD_BREAK_C1_LOW,MODERATE,2025-10-28 11:00:00+05:30,2025-10-28 11:15:00+05:30,2429.514,2446.0346952,2407.648374,2025-10-28 14:39:00+05:30,2407.648374,TARGET,3.700000000000051,4.500000000000051,28.06212615966797,23.37019157409668,2.2590789794921875,2.738072065035348,3.629501995638572,0.00512638602237152,0.6309318923950196,0.0,2446.0346952,0.7400000000000102,0.9000000000000101,50000.0,5.0,250000.0,1850.0000000000255,2250.0000000000255
2025-10-28,LUMAXIND,LONG,A_MOD_BREAK_C1_HIGH,MODERATE,2025-10-28 11:00:00+05:30,2025-10-28 11:15:00+05:30,5069.0136,5039.61332112,5124.7727496,2025-10-28 11:54:00+05:30,5039.61332112,SL,-3.6999999999999855,-2.899999999999986,23.356246948242188,69.13785552978516,89.550537109375,1.0383598718446148,2.5427381500341664,0.00543754247692524,4.7936813811334495,0.0,5039.61332112,-0.7399999999999971,-0.5799999999999972,100000.0,5.0,500000.0,-3699.9999999999854,-2899.999999999986
2025-10-28,ADANIENSOL,SHORT,A_MOD_BREAK_C1_LOW,MODERATE,2025-10-28 11:15:00+05:30,2025-10-28 11:30:00+05:30,924.3151,930.6004426799999,915.9962641000001,2025-10-28 15:30:00+05:30,923.0,EOD,-0.08860839772063131,0.7113916022793686,29.813892364501953,26.109027862548828,9.239968299865723,1.7622976483765964,2.4828500018275896,0.005400382262182408,0.6156104739334336,0.0,930.6004426799999,-0.017721679544126262,0.1422783204558737,50000.0,5.0,250000.0,-44.30419886031565,355.69580113968425
2025-10-28,ADFFOODS,LONG,B_HUGE_C1_CLOSE_RECLAIM_BREAK,HUGE,2025-10-28 11:15:00+05:30,2025-10-28 11:45:00+05:30,221.10000305175782,219.81762303405762,223.53210308532715,2025-10-28 12:09:00+05:30,223.53210308532715,TARGET,4.69999999999998,5.49999999999998,52.35253143310547,73.14838409423828,66.64012145996094,0.8438141493550564,3.109740278256677,0.006165374941679397,6.179564148120472,0.0,219.81762303405762,0.939999999999996,1.0999999999999959,100000.0,5.0,500000.0,4699.999999999979,5499.99999999998
2025-10-28,GENUSPOWER,SHORT,A_MOD_BREAK_C1_LOW,MODERATE,2025-10-28 13:15:00+05:30,2025-10-28 13:30:00+05:30,298.64027220458985,300.671026055581,295.9525097547485,2025-10-28 15:10:00+05:30,295.9525097547485,TARGET,3.7000000000000357,4.5000000000000355,21.493751525878906,33.97141647338867,10.324955940246582,1.637408892229589,1.491416722280923,0.003035970884347464,0.44352366514240776,0.0,300.671026055581,0.7400000000000071,0.900000000000007,50000.0,5.0,250000.0,1850.0000000000177,2250.0000000000177
2025-10-28,PGEL,SHORT,A_PULLBACK_C2_THEN_BREAK_C2_LOW,MODERATE,2025-10-28 13:15:00+05:30,2025-10-28 13:45:00+05:30,565.0369944091797,568.879245971162,559.951661459497,2025-10-28 15:30:00+05:30,568.879245971162,SL,-4.199999999999963,-3.399999999999963,30.053913116455078,31.04276466369629,6.360386848449707,2.3541057811311292,1.6953521801629132,0.0033734206992361336,0.6455763057549719,0.0,568.879245971162,-0.8399999999999925,-0.6799999999999926,50000.0,5.0,250000.0,-2099.9999999999814,-1699.9999999999816
2025-10-28,REMSONSIND,LONG,B_HUGE_GREEN_PULLBACK_HOLD_THEN_BREAK,HUGE,2025-10-28 12:00:00+05:30,2025-10-28 14:15:00+05:30,142.77999572753907,141.95187175231933,144.350575680542,2025-10-28 14:17:00+05:30,141.95187175231933,SL,-3.7000000000000446,-2.9000000000000443,30.728578567504883,77.04681396484375,78.20731353759766,1.8503629969962223,3.240262141523732,0.020911476196396328,7.152120559858592,0.0,141.95187175231933,-0.7400000000000089,-0.5800000000000088,100000.0,5.0,500000.0,-3700.0000000000446,-2900.000000000044
2025-10-28,SHANKARA,LONG,B_HUGE_GREEN_PULLBACK_HOLD_THEN_BREAK,HUGE,2025-10-28 13:15:00+05:30,2025-10-28 14:15:00+05:30,139.4999969482422,138.6908969659424,141.03449691467284,2025-10-28 15:30:00+05:30,139.5,EOD,-0.7999890617997565,1.0938200243343341e-05,37.96163558959961,78.75102996826172,93.29248046875,4.794122692315358,5.0215932837072295,0.0053914091282132055,12.412890772539136,0.0,138.6908969659424,-0.1599978123599513,2.187640048668668e-06,100000.0,5.0,500000.0,-799.9890617997565,0.01093820024334334
2025-10-28,QUICKHEAL,SHORT,A_MOD_BREAK_C1_LOW,MODERATE,2025-10-28 14:00:00+05:30,2025-10-28 14:15:00+05:30,318.4363,320.60166684,315.5703733,2025-10-28 15:30:00+05:30,317.5,EOD,0.6701527432645351,1.470152743264535,23.535926818847656,25.858896255493164,6.191823959350586,3.5806276732123665,3.422122189028532,0.003173369627732497,0.5630389022827149,0.0,320.60166684,0.13403054865290703,0.294030548652907,50000.0,5.0,250000.0,335.0763716322676,735.0763716322675
2025-10-28,SFL,SHORT,A_MOD_BREAK_C1_LOW,MODERATE,2025-10-28 14:00:00+05:30,2025-10-28 14:15:00+05:30,668.4162777954101,672.9615084844188,662.4005312952514,2025-10-28 15:30:00+05:30,667.6500244140625,EOD,-0.2268142422601605,0.5731857577398394,48.482025146484375,28.326143264770508,11.296613693237305,2.502003768399381,2.517391979837387,0.0026429252783354493,0.9372303771972657,0.0,672.9615084844188,-0.045362848452032103,0.11463715154796787,50000.0,5.0,250000.0,-113.40712113008026,286.5928788699197
2025-10-28,TORNTPOWER,SHORT,A_MOD_BREAK_C1_LOW,MODERATE,2025-10-28 14:00:00+05:30,2025-10-28 14:15:00+05:30,1272.7454,1281.4000687199998,1261.2906914,2025-10-28 15:21:00+05:30,1281.4000687199998,SL,-4.1999999999999185,-3.399999999999918,43.604759216308594,17.35755157470703,1.3848309516906738,3.3254321905790207,3.911556804483328,0.004581353387336044,0.8640713882446289,0.0,1281.4000687199998,-0.8399999999999836,-0.6799999999999836,50000.0,5.0,250000.0,-2099.999999999959,-1699.999999999959
2025-10-29,SAMMAANCAP,SHORT,A_MOD_BREAK_C1_LOW,MODERATE,2025-10-29 10:15:00+05:30,2025-10-29 10:30:00+05:30,181.5000030517578,182.73420307250973,179.86650302429197,2025-10-29 10:38:00+05:30,182.73420307250973,SL,-4.199999999999929,-3.3999999999999297,29.7402400970459,23.906822204589844,4.214053630828857,1.877229395091862,3.7287609040322582,0.0069638414979970266,0.6346187455967642,0.0,182.73420307250973,-0.8399999999999859,-0.679999999999986,50000.0,5.0,250000.0,-2099.9999999999645,-1699.9999999999648
2025-10-30,KPITTECH,SHORT,A_MOD_BREAK_C1_LOW,MODERATE,2025-10-30 10:00:00+05:30,2025-10-30 10:15:00+05:30,1170.1659444091797,1178.123072831162,1159.634450909497,2025-10-30 15:30:00+05:30,1172.0,EOD,-1.583673289922276,-0.7836732899222764,20.442306518554688,26.70730972290039,13.029502868652344,1.901867249753382,3.0985355962308447,0.004620883522470961,0.4994613664851621,0.0,1178.123072831162,-0.3167346579844552,-0.15673465798445527,50000.0,5.0,250000.0,-791.8366449611381,-391.8366449611382
2025-10-30,AIIL,SHORT,A_MOD_BREAK_C1_LOW,MODERATE,2025-10-30 10:15:00+05:30,2025-10-30 10:30:00+05:30,589.4820555908203,593.4905335688378,584.176717090503,2025-10-30 11:34:00+05:30,584.176717090503,TARGET,3.6999999999999824,4.499999999999982,26.741289138793945,24.210533142089844,4.135931015014648,1.0075360205295354,2.486297906199287,0.004188866534475553,0.4374381406745778,0.0,593.4905335688378,0.7399999999999964,0.8999999999999965,50000.0,5.0,250000.0,1849.9999999999911,2249.9999999999914
2025-10-30,UBL,SHORT,A_MOD_BREAK_C1_LOW,MODERATE,2025-10-30 10:45:00+05:30,2025-10-30 11:00:00+05:30,1785.8427111816407,1797.9864416176756,1769.770126781006,2025-10-30 15:30:00+05:30,1793.0,EOD,-2.8038967523695235,-2.0038967523695232,34.0694465637207,14.946659088134766,47.61366271972656,0.7106804659555895,2.7313755439638028,0.007110090458530039,0.4954107799980387,0.0,1797.9864416176756,-0.5607793504739047,-0.40077935047390467,50000.0,5.0,250000.0,-1401.9483761847619,-1001.9483761847616
2025-10-30,CANFINHOME,LONG,B_HUGE_GREEN_PULLBACK_HOLD_THEN_BREAK,HUGE,2025-10-30 10:30:00+05:30,2025-10-30 11:30:00+05:30,875.175,870.098985,884.8019249999999,2025-10-30 15:30:00+05:30,872.0499877929688,EOD,-2.585364188323024,-1.785364188323024,22.373680114746094,67.22284698486328,73.0999984741211,1.1985829542912472,2.415918827162859,0.004577706753691753,5.145862335151269,0.0,870.098985,-0.5170728376646048,-0.3570728376646048,100000.0,5.0,500000.0,-2585.364188323024,-1785.364188323024
2025-10-31,GNFC,SHORT,A_MOD_BREAK_C1_LOW,MODERATE,2025-10-31 10:00:00+05:30,2025-10-31 10:15:00+05:30,502.64945,506.06746625999995,498.12560495,2025-10-31 15:30:00+05:30,501.8500061035156,EOD,-0.004769948037964822,0.795230051962035,20.927778244018555,27.693166732788086,12.21198844909668,1.0176241536086326,2.6006793918940914,0.003713432884595503,0.352000900541789,0.0,506.06746625999995,-0.0009539896075929644,0.159046010392407,50000.0,5.0,250000.0,-2.384974018982411,397.6150259810175
2025-10-31,VTL,SHORT,A_MOD_BREAK_C1_LOW,MODERATE,2025-10-31 10:00:00+05:30,2025-10-31 10:15:00+05:30,435.4129,438.37370771999997,431.4941839,2025-10-31 11:42:00+05:30,438.37370771999997,SL,-4.1999999999999895,-3.3999999999999897,20.125627517700195,35.048583984375,35.06945037841797,1.068585844491069,1.991301506912508,0.0035181305575452907,0.3484520108970654,0.0,438.37370771999997,-0.8399999999999979,-0.6799999999999979,50000.0,5.0,250000.0,-2099.9999999999945,-1699.999999999995
2025-11-03,PATANJALI,SHORT,A_MOD_BREAK_C1_LOW,MODERATE,2025-11-03 10:00:00+05:30,2025-11-03 10:15:00+05:30,578.8842,582.82061256,573.6742422,2025-11-03 10:27:00+05:30,573.6742422,TARGET,3.699999999999987,4.499999999999987,35.653587341308594,11.251279830932617,1.9605388641357422,1.9556566827996698,4.911817668011724,0.007142867449034063,0.7370437296095711,0.0,582.82061256,0.7399999999999973,0.8999999999999974,50000.0,5.0,250000.0,1849.9999999999934,2249.999999999993
2025-11-03,HNDFDS,LONG,B_HUGE_C1_CLOSE_RECLAIM_BREAK,HUGE,2025-11-03 10:00:00+05:30,2025-11-03 10:30:00+05:30,531.1062,528.02578404,536.9483681999999,2025-11-03 15:30:00+05:30,535.0,EOD,2.8657451937108402,3.6657451937108396,26.22589683532715,67.48783111572266,59.65663146972656,0.882605395312266,1.9917072244334006,0.005373950731956353,4.301126058242729,0.0,528.02578404,0.573149038742168,0.733149038742168,100000.0,5.0,500000.0,2865.7451937108403,3665.74519371084
2025-11-03,MEDPLUS,LONG,B_HUGE_C1_CLOSE_RECLAIM_BREAK,HUGE,2025-11-03 10:00:00+05:30,2025-11-03 10:30:00+05:30,826.3652522094726,821.5723337466576,835.4552699837767,2025-11-03 10:31:00+05:30,835.4552699837767,TARGET,4.699999999999941,5.4999999999999405,28.421396255493164,95.10183715820312,75.39253997802734,2.031200667670879,5.194567045674477,0.012345672827631979,10.006720688965341,0.0,821.5723337466576,0.9399999999999882,1.099999999999988,100000.0,5.0,500000.0,4699.999999999941,5499.999999999941
2025-11-03,ANURAS,SHORT,A_MOD_BREAK_C1_LOW,MODERATE,2025-11-03 10:45:00+05:30,2025-11-03 11:00:00+05:30,1069.786,1077.0605448,1060.157926,2025-11-03 15:00:00+05:30,1077.0605448,SL,-4.19999999999992,-3.3999999999999204,27.83571434020996,30.7833309173584,46.67177963256836,0.8332026196419904,1.6441557877581465,0.005232668723119607,0.40555396292840507,0.0,1077.0605448,-0.8399999999999841,-0.6799999999999841,50000.0,5.0,250000.0,-2099.9999999999604,-1699.9999999999602
2025-11-03,HLEGLAS,LONG,B_HUGE_GREEN_PULLBACK_HOLD_THEN_BREAK,HUGE,2025-11-03 10:30:00+05:30,2025-11-03 11:30:00+05:30,591.2181955810547,587.7891300466846,597.7215957324463,2025-11-03 11:31:00+05:30,597.7215957324463,TARGET,4.699999999999989,5.4999999999999885,25.442371368408203,71.25569152832031,86.71429443359375,2.899968834030584,2.841229041369784,0.008337873970235318,7.7651776607147545,0.0,587.7891300466846,0.9399999999999977,1.0999999999999976,100000.0,5.0,500000.0,4699.999999999989,5499.999999999988
2025-11-03,SHARDACROP,SHORT,A_MOD_BREAK_C1_LOW,MODERATE,2025-11-03 11:15:00+05:30,2025-11-03 11:30:00+05:30,835.8328,841.51646304,828.3103048,2025-11-03 11:35:00+05:30,828.3103048,TARGET,3.6999999999999886,4.4999999999999885,28.974376678466797,26.113187789916992,4.790234088897705,1.6450829719007216,3.1360927502296803,0.008969105272737456,0.5825051702596282,0.0,841.51646304,0.7399999999999978,0.8999999999999977,50000.0,5.0,250000.0,1849.9999999999945,2249.999999999994
2025-11-03,VASCONEQ,LONG,B_HUGE_GREEN_PULLBACK_HOLD_THEN_BREAK,HUGE,2025-11-03 10:30:00+05:30,2025-11-03 12:00:00+05:30,69.18999938964843,68.78869739318847,69.95108938293455,2025-11-03 12:40:00+05:30,69.95108938293455,TARGET,4.699999999999909,5.4999999999999085,29.882429122924805,73.5693359375,78.83319091796875,1.3557794944385813,2.3619380680706095,0.010578146027680608,5.400324806523019,0.0,68.78869739318847,0.9399999999999817,1.0999999999999817,100000.0,5.0,500000.0,4699.999999999909,5499.999999999909
2025-11-03,CARTRADE,LONG,B_HUGE_C1_CLOSE_RECLAIM_BREAK,HUGE,2025-11-03 11:30:00+05:30,2025-11-03 12:00:00+05:30,3075.715117675781,3057.8759699932616,3109.5479839702143,2025-11-03 12:12:00+05:30,3057.8759699932616,SL,-3.699999999999999,-2.8999999999999986,25.279495239257812,67.51371002197266,82.9542465209961,1.6229808954107934,1.9657585706493212,0.007714036874752394,5.182403627057331,0.0,3057.8759699932616,-0.7399999999999998,-0.5799999999999997,100000.0,5.0,500000.0,-3699.9999999999986,-2899.9999999999986
2025-11-03,SYRMA,SHORT,A_MOD_BREAK_C1_LOW,MODERATE,2025-11-03 11:45:00+05:30,2025-11-03 12:00:00+05:30,791.8416,797.2261228799999,784.7150256,2025-11-03 15:30:00+05:30,793.4500122070312,EOD,-1.8156148698371481,-1.0156148698371485,21.383325576782227,25.550148010253906,7.437711715698242,1.646275709794335,2.15019559820407,0.008025191698463916,0.46884813286574206,0.0,797.2261228799999,-0.36312297396742965,-0.2031229739674297,50000.0,5.0,250000.0,-907.8074349185741,-507.80743491857424
2025-11-03,MAXIND,SHORT,A_MOD_BREAK_C1_LOW,MODERATE,2025-11-03 12:30:00+05:30,2025-11-03 12:45:00+05:30,211.8199951171875,213.26037108398435,209.9136151611328,2025-11-03 13:52:00+05:30,213.26037108398435,SL,-4.199999999999974,-3.3999999999999755,26.381179809570312,40.13358688354492,14.857621192932129,1.0428526417760244,1.1309290631795348,0.004528307970964683,0.3947633626133357,0.0,213.26037108398435,-0.839999999999995,-0.679999999999995,50000.0,5.0,250000.0,-2099.9999999999873,-1699.9999999999875
2025-11-03,GOODLUCK,LONG,B_HUGE_GREEN_PULLBACK_HOLD_THEN_BREAK,HUGE,2025-11-03 11:45:00+05:30,2025-11-03 13:45:00+05:30,1271.2542,1263.88092564,1285.2379962,2025-11-03 15:24:00+05:30,1263.88092564,SL,-3.7000000000000375,-2.9000000000000377,22.500688552856445,68.56967163085938,71.03280639648438,1.8401050614945655,2.2707465076809634,0.005271435534269391,5.66393844412282,0.0,1263.88092564,-0.7400000000000075,-0.5800000000000075,100000.0,5.0,500000.0,-3700.0000000000377,-2900.0000000000377
2025-11-03,CRISIL,SHORT,A_MOD_BREAK_C1_LOW,MODERATE,2025-11-03 13:45:00+05:30,2025-11-03 14:00:00+05:30,4844.330744726562,4877.272193790703,4800.731768024023,2025-11-03 15:14:00+05:30,4877.272193790703,SL,-4.199999999999957,-3.3999999999999577,45.30242156982422,25.39363670349121,4.854979515075684,2.1879340785628343,2.2069070541682483,0.0037200152964936765,0.8895363235473632,0.0,4877.272193790703,-0.8399999999999914,-0.6799999999999915,50000.0,5.0,250000.0,-2099.9999999999786,-1699.9999999999786
2025-11-03,BANCOINDIA,LONG,B_HUGE_C1_CLOSE_RECLAIM_BREAK,HUGE,2025-11-03 13:45:00+05:30,2025-11-03 14:15:00+05:30,729.1458,724.91675436,737.1664037999999,2025-11-03 15:30:00+05:30,733.2999877929688,EOD,2.0486674359015313,2.848667435901531,24.738147735595703,69.25851440429688,80.36007690429688,3.3006759078946937,3.5442377062506036,0.004164211053416562,8.615667196856927,0.0,724.91675436,0.4097334871803063,0.5697334871803063,100000.0,5.0,500000.0,2048.6674359015315,2848.667435901531
2025-11-03,FMGOETZE,LONG,B_HUGE_C1_CLOSE_RECLAIM_BREAK,HUGE,2025-11-03 14:00:00+05:30,2025-11-03 14:30:00+05:30,476.0952,473.33384784,481.3322471999999,2025-11-03 15:10:00+05:30,473.33384784,SL,-3.700000000000001,-2.9000000000000012,32.152164459228516,74.18856048583984,93.14543151855469,2.9075402926608573,3.804897161472077,0.005162068274842591,8.869760285082606,0.0,473.33384784,-0.7400000000000002,-0.5800000000000003,100000.0,5.0,500000.0,-3700.000000000001,-2900.0000000000014
2025-11-04,HITECH,SHORT,A_MOD_BREAK_C1_LOW,MODERATE,2025-11-04 10:00:00+05:30,2025-11-04 10:15:00+05:30,112.2,112.96296,111.1902,2025-11-04 11:40:00+05:30,112.96296,SL,-4.199999999999967,-3.399999999999967,21.48980140686035,21.154678344726562,13.934242248535156,2.2304788217568094,3.658201903368905,0.0035275597457710252,0.5323470211029053,0.0,112.96296,-0.8399999999999934,-0.6799999999999934,50000.0,5.0,250000.0,-2099.999999999983,-1699.9999999999834
2025-11-06,ABFRL,SHORT,A_MOD_BREAK_C1_LOW,MODERATE,2025-11-06 10:00:00+05:30,2025-11-06 10:15:00+05:30,79.56000061035157,80.10100861450195,78.8439606048584,2025-11-06 10:39:00+05:30,78.8439606048584,TARGET,3.7000000000000366,4.500000000000036,32.17288589477539,13.807371139526367,9.14222526550293,1.0373715562004078,4.25472534277766,0.010459937824166756,0.5241333107567021,0.0,80.10100861450195,0.7400000000000073,0.9000000000000073,50000.0,5.0,250000.0,1850.0000000000182,2250.0000000000186
2025-11-06,ADOR,SHORT,A_MOD_BREAK_C1_LOW,MODERATE,2025-11-06 10:00:00+05:30,2025-11-06 10:15:00+05:30,1062.1875444091797,1069.4104197111621,1052.6278565094972,2025-11-06 10:17:00+05:30,1052.6278565094972,TARGET,3.699999999999972,4.499999999999972,31.36907196044922,29.577585220336914,31.215389251708984,0.5786136916050767,2.4405007732782678,0.006639975427598905,0.43179347543762664,0.0,1069.4104197111621,0.7399999999999944,0.8999999999999944,50000.0,5.0,250000.0,1849.9999999999861,2249.999999999986
2025-11-06,ALANKIT,SHORT,A_MOD_BREAK_C1_LOW,MODERATE,2025-11-06 10:00:00+05:30,2025-11-06 10:15:00+05:30,11.849999618530273,11.930579615936278,11.7433496219635,2025-11-06 10:16:00+05:30,11.7433496219635,TARGET,3.7000000000000277,4.5000000000000275,22.623550415039062,31.059223175048828,37.68124771118164,0.7030215723168874,1.6180014273162358,0.005882361920176014,0.303282102746853,0.0,11.930579615936278,0.7400000000000055,0.9000000000000055,50000.0,5.0,250000.0,1850.0000000000139,2250.0000000000136
2025-11-06,ANANTRAJ,SHORT,A_MOD_BREAK_C1_LOW,MODERATE,2025-11-06 10:00:00+05:30,2025-11-06 10:15:00+05:30,629.874,634.1571432,624.205134,2025-11-06 11:34:00+05:30,624.205134,TARGET,3.699999999999984,4.499999999999984,20.132585525512695,24.84362030029297,9.439628601074219,1.7399086736516836,4.058529797716188,0.005187074721805633,0.4664728007717351,0.0,634.1571432,0.7399999999999969,0.8999999999999968,50000.0,5.0,250000.0,1849.9999999999923,2249.999999999992
2025-11-06,BAJAJHIND,SHORT,A_MOD_BREAK_C1_LOW,MODERATE,2025-11-06 10:00:00+05:30,2025-11-06 10:15:00+05:30,21.460000228881835,21.60592823043823,21.266860226821898,2025-11-06 11:23:00+05:30,21.266860226821898,TARGET,3.700000000000027,4.500000000000027,49.87335205078125,16.0551700592041,5.5284810066223145,1.234456050601551,4.192282437390252,0.004711028261426529,0.8241300896169901,0.0,21.60592823043823,0.7400000000000053,0.9000000000000054,50000.0,5.0,250000.0,1850.0000000000134,2250.000000000013
2025-11-06,CHEMCON,SHORT,A_MOD_BREAK_C1_LOW,MODERATE,2025-11-06 10:00:00+05:30,2025-11-06 10:15:00+05:30,238.56000061035155,240.18220861450192,236.4129606048584,2025-11-06 11:50:00+05:30,236.4129606048584,TARGET,3.699999999999978,4.499999999999977,20.654903411865234,26.922443389892578,9.960952758789062,1.5599682815555318,2.951015596170553,0.006300592167991238,0.44281800045019654,0.0,240.18220861450192,0.7399999999999956,0.8999999999999955,50000.0,5.0,250000.0,1849.9999999999889,2249.9999999999886
2025-11-06,GMDCLTD,SHORT,A_MOD_BREAK_C1_LOW,MODERATE,2025-11-06 10:00:00+05:30,2025-11-06 10:15:00+05:30,574.9849555908203,578.8948532888378,569.8100909905029,2025-11-06 12:28:00+05:30,569.8100909905029,TARGET,3.700000000000009,4.500000000000009,24.214088439941406,15.071722030639648,7.77537202835083,1.497151531777927,4.354072276784002,0.005995306318228357,0.4852128446602583,0.0,578.8948532888378,0.7400000000000018,0.9000000000000017,50000.0,5.0,250000.0,1850.0000000000043,2250.000000000004
2025-11-06,HINDALCO,SHORT,A_MOD_BREAK_C1_LOW,MODERATE,2025-11-06 10:00:00+05:30,2025-11-06 10:15:00+05:30,778.9441555908203,784.2409758488378,771.9336581905029,2025-11-06 10:33:00+05:30,771.9336581905029,TARGET,3.6999999999999966,4.4999999999999964,48.681209564208984,4.655730247497559,11.559786796569824,1.108687105885741,6.50667930415664,0.008705213790218214,0.7842383869931395,0.0,784.2409758488378,0.7399999999999993,0.8999999999999992,50000.0,5.0,250000.0,1849.9999999999984,2249.999999999998
2025-11-06,JLHL,SHORT,A_MOD_BREAK_C1_LOW,MODERATE,2025-11-06 10:00:00+05:30,2025-11-06 10:15:00+05:30,1544.0911444091796,1554.590964191162,1530.194324109497,2025-11-06 10:45:00+05:30,1530.194324109497,TARGET,3.6999999999999735,4.499999999999973,23.539682388305664,30.951107025146484,32.702022552490234,0.6871928762358311,1.2511480634947263,0.0037666846540359107,0.2959113923405917,0.0,1554.590964191162,0.7399999999999947,0.8999999999999946,50000.0,5.0,250000.0,1849.9999999999866,2249.9999999999864
2025-11-06,KKCL,SHORT,A_MOD_BREAK_C1_LOW,MODERATE,2025-11-06 10:00:00+05:30,2025-11-06 10:15:00+05:30,513.8972,517.39170096,509.2721252,2025-11-06 13:55:00+05:30,517.39170096,SL,-4.199999999999982,-3.3999999999999826,29.513856887817383,32.52064895629883,25.714284896850586,0.7680250335916471,2.1900855600343734,0.004252384608821646,0.437112234195799,0.0,517.39170096,-0.8399999999999965,-0.6799999999999965,50000.0,5.0,250000.0,-2099.9999999999914,-1699.9999999999911
2025-11-06,NETWEB,SHORT,A_MOD_BREAK_C1_LOW,MODERATE,2025-11-06 10:00:00+05:30,2025-11-06 10:15:00+05:30,3424.315,3447.6003419999997,3393.496165,2025-11-06 11:34:00+05:30,3393.496165,TARGET,3.7000000000000055,4.500000000000005,49.03928756713867,11.836734771728516,4.640668869018555,1.86726029549102,5.135974577853886,0.012397711921605986,0.9223598652180085,0.0,3447.6003419999997,0.7400000000000011,0.900000000000001,50000.0,5.0,250000.0,1850.0000000000027,2250.0000000000023
2025-11-06,NUVOCO,SHORT,A_MOD_BREAK_C1_LOW,MODERATE,2025-11-06 10:00:00+05:30,2025-11-06 10:15:00+05:30,391.2217277954102,393.88203554441895,387.70073224525146,2025-11-06 10:36:00+05:30,387.70073224525146,TARGET,3.7000000000000313,4.50000000000003,49.66728210449219,17.204856872558594,2.228734016418457,1.2312715289682519,3.072741488474671,0.006492673409429491,0.8204817491368268,0.0,393.88203554441895,0.7400000000000062,0.9000000000000061,50000.0,5.0,250000.0,1850.0000000000155,2250.0000000000155
2025-11-06,PCBL,SHORT,A_MOD_BREAK_C1_LOW,MODERATE,2025-11-06 10:00:00+05:30,2025-11-06 10:15:00+05:30,350.7798361022949,353.16513898779044,347.62281757737424,2025-11-06 10:23:00+05:30,347.62281757737424,TARGET,3.7000000000000064,4.500000000000007,37.26664352416992,20.51605796813965,9.364971160888672,1.838541328098789,3.7299602802160092,0.0038681444802891765,0.7407443852798368,0.0,353.16513898779044,0.7400000000000013,0.9000000000000014,50000.0,5.0,250000.0,1850.0000000000034,2250.000000000003
2025-11-06,POKARNA,SHORT,A_MOD_BREAK_C1_LOW,MODERATE,2025-11-06 10:00:00+05:30,2025-11-06 10:15:00+05:30,876.1247277954102,882.0823759444189,868.2396052452515,2025-11-06 10:38:00+05:30,882.0823759444189,SL,-4.199999999999959,-3.3999999999999595,31.007091522216797,19.368635177612305,1.601462960243225,2.2447377241402227,3.7917424767129995,0.005034603216709235,0.6751063728332518,0.0,882.0823759444189,-0.8399999999999919,-0.6799999999999919,50000.0,5.0,250000.0,-2099.9999999999795,-1699.99999999998
2025-11-06,POWERMECH,SHORT,A_MOD_BREAK_C1_LOW,MODERATE,2025-11-06 10:00:00+05:30,2025-11-06 10:15:00+05:30,2418.916022363281,2435.3646513153512,2397.1457781620115,2025-11-06 11:06:00+05:30,2397.1457781620115,TARGET,3.700000000000021,4.500000000000021,30.595712661743164,17.43243980407715,12.605804443359375,1.7182062967118241,3.657123567742026,0.0050005335631620376,0.6196217918507165,0.0,2435.3646513153512,0.7400000000000042,0.9000000000000042,50000.0,5.0,250000.0,1850.0000000000105,2250.0000000000105
2025-11-06,QUICKHEAL,SHORT,A_MOD_BREAK_C1_LOW,MODERATE,2025-11-06 10:00:00+05:30,2025-11-06 10:15:00+05:30,313.28733610229494,315.41768998779054,310.46775007737426,2025-11-06 10:24:00+05:30,310.46775007737426,TARGET,3.7000000000000433,4.500000000000043,26.817419052124023,21.710485458374023,6.423058032989502,1.3364217018369893,3.401959277173315,0.005284266025377468,0.4961350836033334,0.0,315.41768998779054,0.7400000000000087,0.9000000000000086,50000.0,5.0,250000.0,1850.0000000000216,2250.0000000000214
2025-11-06,SWANCORP,SHORT,A_MOD_BREAK_C1_LOW,MODERATE,2025-11-06 10:00:00+05:30,2025-11-06 10:15:00+05:30,443.9112,446.92979615999997,439.9159992,2025-11-06 11:40:00+05:30,439.9159992,TARGET,3.7000000000000233,4.500000000000023,48.1552734375,14.464495658874512,5.808481693267822,1.6994914562192254,4.431662496678567,0.00612176174626454,0.8797401064008643,0.0,446.92979615999997,0.7400000000000047,0.9000000000000046,50000.0,5.0,250000.0,1850.0000000000116,2250.0000000000114
2025-11-06,ASAHIINDIA,SHORT,A_MOD_BREAK_C1_LOW,MODERATE,2025-11-06 10:15:00+05:30,2025-11-06 10:30:00+05:30,897.07055,903.17062974,888.99691505,2025-11-06 10:31:00+05:30,888.99691505,TARGET,3.7000000000000233,4.500000000000023,45.804019927978516,22.760812759399414,21.085941314697266,0.7529381731274031,3.4882389958997724,0.011786985526403813,0.6788244792169733,0.0,903.17062974,0.7400000000000047,0.9000000000000046,50000.0,5.0,250000.0,1850.0000000000116,2250.0000000000114
2025-11-06,CAMS,SHORT,A_MOD_BREAK_C1_LOW,MODERATE,2025-11-06 10:15:00+05:30,2025-11-06 10:30:00+05:30,748.0503722045898,753.137114735581,741.3179188547485,2025-11-06 15:30:00+05:30,748.5999755859375,EOD,-1.1673572006440605,-0.36735720064406063,68.95634460449219,16.916250228881836,7.267759799957275,1.578077439704008,3.8968155464960925,0.0038473158088597886,0.8861635519482014,0.0,753.137114735581,-0.2334714401288121,-0.07347144012881213,50000.0,5.0,250000.0,-583.6786003220303,-183.67860032203032
2025-11-06,CONCORDBIO,SHORT,A_MOD_BREAK_C1_LOW,MODERATE,2025-11-06 10:15:00+05:30,2025-11-06 10:30:00+05:30,1431.9135111816406,1441.6505230576756,1419.0262895810058,2025-11-06 11:38:00+05:30,1419.0262895810058,TARGET,3.7000000000000135,4.500000000000012,24.896141052246094,17.754409790039062,4.144657135009766,2.1771430881255074,3.945050050402044,0.003635772586119577,0.5834421157836913,0.0,1441.6505230576756,0.7400000000000027,0.9000000000000026,50000.0,5.0,250000.0,1850.0000000000066,2250.0000000000064
2025-11-06,GODREJIND,SHORT,A_MOD_BREAK_C1_LOW,MODERATE,2025-11-06 10:15:00+05:30,2025-11-06 10:30:00+05:30,1084.8829555908203,1092.2601596888378,1075.1190089905028,2025-11-06 10:34:00+05:30,1092.2601596888378,SL,-4.199999999999964,-3.399999999999964,20.75210952758789,25.084604263305664,5.54320764541626,1.4020385244828353,3.322679040294546,0.0047856232546819215,0.41663838469831455,0.0,1092.2601596888378,-0.8399999999999928,-0.6799999999999928,50000.0,5.0,250000.0,-2099.9999999999823,-1699.999999999982
2025-11-06,GRASIM,SHORT,A_MOD_BREAK_C1_LOW,MODERATE,2025-11-06 10:15:00+05:30,2025-11-06 10:30:00+05:30,2729.454,2748.0142872,2704.888914,2025-11-06 10:35:00+05:30,2704.888914,TARGET,3.700000000000012,4.5000000000000115,39.708709716796875,9.89178466796875,5.826147556304932,1.703469303022755,5.503506797988404,0.007276034311576997,0.7537377737809352,0.0,2748.0142872,0.7400000000000024,0.9000000000000024,50000.0,5.0,250000.0,1850.0000000000061,2250.000000000006
2025-11-06,GRINDWELL,SHORT,A_MOD_BREAK_C1_LOW,MODERATE,2025-11-06 10:15:00+05:30,2025-11-06 10:30:00+05:30,1607.6784,1618.61061312,1593.2092944,2025-11-06 13:21:00+05:30,1593.2092944,TARGET,3.6999999999999753,4.499999999999975,28.523378372192383,20.443220138549805,2.779096841812134,1.8794991524093922,3.9934673095025675,0.005548153350602335,0.6167630272545295,0.0,1618.61061312,0.7399999999999951,0.899999999999995,50000.0,5.0,250000.0,1849.9999999999877,2249.9999999999877
2025-11-06,HINDCOPPER,SHORT,A_MOD_BREAK_C1_LOW,MODERATE,2025-11-06 10:15:00+05:30,2025-11-06 10:30:00+05:30,324.98497779541015,327.1948756444189,322.0601129952515,2025-11-06 10:37:00+05:30,322.0601129952515,TARGET,3.699999999999972,4.499999999999972,42.01553726196289,15.69609260559082,18.48329734802246,1.9072454207069545,3.322443080295101,0.00590392509770407,0.8240010075531603,0.0,327.1948756444189,0.7399999999999944,0.8999999999999944,50000.0,5.0,250000.0,1849.9999999999861,2249.999999999986
2025-11-06,HINDZINC,SHORT,A_MOD_BREAK_C1_LOW,MODERATE,2025-11-06 10:15:00+05:30,2025-11-06 10:30:00+05:30,467.9064,471.08816351999997,463.69524240000004,2025-11-06 15:30:00+05:30,467.6000061035156,EOD,-0.47259061162190313,0.32740938837809674,34.652099609375,26.531370162963867,15.616021156311035,1.5522574461653666,2.300024979670944,0.0037545796133514144,0.6514265472195642,0.0,471.08816351999997,-0.09451812232438063,0.06548187767561935,50000.0,5.0,250000.0,-236.29530581095156,163.70469418904838
2025-11-06,IONEXCHANG,SHORT,A_MOD_BREAK_C1_LOW,MODERATE,2025-11-06 10:15:00+05:30,2025-11-06 10:30:00+05:30,385.7228277954102,388.34574302441894,382.2513223452515,2025-11-06 14:06:00+05:30,388.34574302441894,SL,-4.199999999999954,-3.399999999999954,46.644046783447266,15.969413757324219,4.6729278564453125,1.6275577104459529,3.802431414181955,0.006103436411942092,0.8444833010797506,0.0,388.34574302441894,-0.8399999999999908,-0.6799999999999908,50000.0,5.0,250000.0,-2099.999999999977,-1699.999999999977
2025-11-06,J&KBANK,SHORT,A_MOD_BREAK_C1_LOW,MODERATE,2025-11-06 10:15:00+05:30,2025-11-06 10:30:00+05:30,103.45,104.15346,102.51895,2025-11-06 10:57:00+05:30,104.15346,SL,-4.199999999999964,-3.399999999999964,36.114830017089844,13.636876106262207,3.5648820400238037,2.6325046333812425,4.053458022900763,0.004030368466308151,0.7517224502563475,0.0,104.15346,-0.8399999999999928,-0.6799999999999928,50000.0,5.0,250000.0,-2099.9999999999823,-1699.999999999982
2025-11-06,KIOCL,SHORT,A_MOD_BREAK_C1_LOW,MODERATE,2025-11-06 10:15:00+05:30,2025-11-06 10:30:00+05:30,411.96757779541014,414.76895732441886,408.2598695952514,2025-11-06 10:31:00+05:30,408.2598695952514,TARGET,3.7000000000000357,4.5000000000000355,26.377883911132812,15.756841659545898,15.012988090515137,1.9452376311967265,3.342467019896228,0.009184168548719661,0.5960848441264193,0.0,414.76895732441886,0.7400000000000071,0.900000000000007,50000.0,5.0,250000.0,1850.0000000000177,2250.0000000000177
2025-11-06,MUFTI,SHORT,A_MOD_BREAK_C1_LOW,MODERATE,2025-11-06 10:15:00+05:30,2025-11-06 10:30:00+05:30,110.65999908447266,111.41248707824707,109.6640590927124,2025-11-06 12:19:00+05:30,109.6640590927124,TARGET,3.699999999999993,4.499999999999994,24.392677307128906,31.243331909179688,10.715080261230469,0.7595859716889187,2.1264223483086844,0.004440910710955341,0.35881770465249435,0.0,111.41248707824707,0.7399999999999987,0.8999999999999987,50000.0,5.0,250000.0,1849.9999999999966,2249.999999999997
2025-11-06,TARC,SHORT,A_MOD_BREAK_C1_LOW,MODERATE,2025-11-06 10:15:00+05:30,2025-11-06 10:30:00+05:30,153.95,154.99685999999997,152.56445,2025-11-06 10:41:00+05:30,152.56445,TARGET,3.699999999999984,4.499999999999984,25.717161178588867,27.252538681030273,4.1647047996521,1.44827465609113,3.352195464419101,0.006553819427242527,0.49920548249478075,0.0,154.99685999999997,0.7399999999999969,0.8999999999999968,50000.0,5.0,250000.0,1849.9999999999923,2249.999999999992
2025-11-06,TARSONS,SHORT,A_MOD_BREAK_C1_LOW,MODERATE,2025-11-06 10:15:00+05:30,2025-11-06 10:30:00+05:30,284.4431,286.37731307999996,281.8831121,2025-11-06 13:38:00+05:30,281.8831121,TARGET,3.700000000000018,4.500000000000018,34.787384033203125,28.107177734375,5.209800720214844,1.340996433574658,2.6716783060010743,0.004205372714828732,0.6164851363736119,0.0,286.37731307999996,0.7400000000000035,0.9000000000000036,50000.0,5.0,250000.0,1850.0000000000089,2250.000000000009
2025-11-06,UNICHEMLAB,SHORT,A_MOD_BREAK_C1_LOW,MODERATE,2025-11-06 10:15:00+05:30,2025-11-06 10:30:00+05:30,462.75743610229495,465.9041866677905,458.5926191773743,2025-11-06 14:55:00+05:30,465.9041866677905,SL,-4.199999999999942,-3.3999999999999417,49.38161087036133,27.75701332092285,13.961858749389648,0.9974596530814912,2.7163521973258864,0.00486068017099733,0.7752796023446809,0.0,465.9041866677905,-0.8399999999999883,-0.6799999999999884,50000.0,5.0,250000.0,-2099.999999999971,-1699.9999999999711
2025-11-06,VENUSPIPES,SHORT,A_MOD_BREAK_C1_LOW,MODERATE,2025-11-06 10:15:00+05:30,2025-11-06 10:30:00+05:30,1259.748,1268.3142864,1248.410268,2025-11-06 15:30:00+05:30,1265.0,EOD,-2.8845438929055462,-2.0845438929055464,24.657703399658203,36.236228942871094,43.52955627441406,0.3970442475750295,1.4849244697676398,0.004096691335607667,0.2735945178088852,0.0,1268.3142864,-0.5769087785811092,-0.41690877858110925,50000.0,5.0,250000.0,-1442.2719464527731,-1042.2719464527731
2025-11-06,CONCOR,SHORT,A_MOD_BREAK_C1_LOW,MODERATE,2025-11-06 10:30:00+05:30,2025-11-06 10:45:00+05:30,525.1949277954102,528.7662533044189,520.4681734452515,2025-11-06 13:51:00+05:30,520.4681734452515,TARGET,3.699999999999981,4.4999999999999805,46.62655258178711,13.08573055267334,3.278944492340088,2.349472209677353,4.573504018679447,0.00491509397320355,0.9093982887268066,0.0,528.7662533044189,0.7399999999999962,0.8999999999999961,50000.0,5.0,250000.0,1849.9999999999905,2249.9999999999905
2025-11-06,DBCORP,SHORT,A_MOD_BREAK_C1_LOW,MODERATE,2025-11-06 10:30:00+05:30,2025-11-06 10:45:00+05:30,261.84761389770506,263.62817767220946,259.4909853726257,2025-11-06 10:58:00+05:30,263.62817767220946,SL,-4.200000000000013,-3.4000000000000123,24.661426544189453,29.29983901977539,16.40846824645996,1.7449137155830927,2.2759987078995922,0.006218308535081641,0.5352812983898829,0.0,263.62817767220946,-0.8400000000000025,-0.6800000000000025,50000.0,5.0,250000.0,-2100.0000000000064,-1700.0000000000061
2025-11-06,JTLIND,SHORT,A_MOD_BREAK_C1_LOW,MODERATE,2025-11-06 10:30:00+05:30,2025-11-06 10:45:00+05:30,61.92000122070313,62.3410572290039,61.3627212097168,2025-11-06 10:46:00+05:30,61.3627212097168,TARGET,3.6999999999999766,4.499999999999976,53.716392517089844,6.845207691192627,4.227575302124023,1.899069364674763,5.5353711845805185,0.006963306228965304,0.9423371388180835,0.0,62.3410572290039,0.7399999999999953,0.8999999999999952,50000.0,5.0,250000.0,1849.9999999999884,2249.999999999988
2025-11-06,KIRLOSENG,SHORT,A_MOD_BREAK_C1_LOW,MODERATE,2025-11-06 10:30:00+05:30,2025-11-06 10:45:00+05:30,994.6010277954101,1001.3643147844189,985.6496185452514,2025-11-06 11:53:00+05:30,985.6496185452514,TARGET,3.7,4.5,22.47010040283203,27.20368766784668,7.221862316131592,1.6257619124093743,2.5891874920415012,0.006749373615810928,0.481559840714121,0.0,1001.3643147844189,0.74,0.8999999999999999,50000.0,5.0,250000.0,1850.0,2250.0
2025-11-06,RAILTEL,SHORT,A_MOD_BREAK_C1_LOW,MODERATE,2025-11-06 10:30:00+05:30,2025-11-06 10:45:00+05:30,356.5286861022949,358.95308116779046,353.31992792737424,2025-11-06 15:25:00+05:30,353.31992792737424,TARGET,3.700000000000009,4.500000000000009,43.1827278137207,12.938230514526367,2.1156344413757324,1.8135887857690216,4.179783246032522,0.004206399663750381,0.8251189547153892,0.0,358.95308116779046,0.7400000000000018,0.9000000000000018,50000.0,5.0,250000.0,1850.0000000000043,2250.0000000000045
2025-11-06,TATAELXSI,SHORT,A_MOD_BREAK_C1_LOW,MODERATE,2025-11-06 10:30:00+05:30,2025-11-06 10:45:00+05:30,5253.949,5289.675853199999,5206.663458999999,2025-11-06 15:30:00+05:30,5227.5,EOD,1.7170590730895576,2.5170590730895577,41.95249557495117,16.269378662109375,1.9125683307647705,2.15063809038831,4.152443068689509,0.004002990504880954,0.8392874336242675,0.0,5289.675853199999,0.34341181461791154,0.5034118146179115,50000.0,5.0,250000.0,858.5295365447789,1258.529536544779
2025-11-06,TCI,SHORT,A_MOD_BREAK_C1_LOW,MODERATE,2025-11-06 10:30:00+05:30,2025-11-06 10:45:00+05:30,1161.0677888183593,1168.963049782324,1150.6181787189942,2025-11-06 15:30:00+05:30,1156.0999755859375,EOD,1.339329537975402,2.139329537975402,23.524240493774414,18.15737533569336,1.1301052570343018,1.8348262485995883,3.0638636770493424,0.005621787498147344,0.5339582009115442,0.0,1168.963049782324,0.2678659075950804,0.42786590759508036,50000.0,5.0,250000.0,669.6647689877009,1069.6647689877009
2025-11-06,MANYAVAR,SHORT,A_PULLBACK_C2_THEN_BREAK_C2_LOW,MODERATE,2025-11-06 10:45:00+05:30,2025-11-06 11:15:00+05:30,633.9731555908203,638.2841730488378,628.267397190503,2025-11-06 11:42:00+05:30,638.2841730488378,SL,-4.1999999999999735,-3.399999999999974,26.308713912963867,26.41216468811035,4.915721893310547,1.9909715459619632,2.597379184346049,0.004161979645255982,0.6030507292378016,0.0,638.2841730488378,-0.8399999999999948,-0.6799999999999948,50000.0,5.0,250000.0,-2099.999999999987,-1699.999999999987
2025-11-06,MGL,SHORT,A_MOD_BREAK_C1_LOW,MODERATE,2025-11-06 11:00:00+05:30,2025-11-06 11:15:00+05:30,1242.4514111816407,1250.9000807776756,1231.2693484810059,2025-11-06 13:41:00+05:30,1231.2693484810059,TARGET,3.700000000000009,4.500000000000009,42.90137481689453,17.7844295501709,4.645434856414795,2.1217945136582776,3.5906292449350934,0.0035165515547246886,0.853520622253418,0.0,1250.9000807776756,0.7400000000000018,0.9000000000000018,50000.0,5.0,250000.0,1850.0000000000043,2250.0000000000045
2025-11-06,ACE,SHORT,A_MOD_BREAK_C1_LOW,MODERATE,2025-11-06 11:15:00+05:30,2025-11-06 11:30:00+05:30,1071.7856,1079.0737420799999,1062.1395295999998,2025-11-06 15:30:00+05:30,1070.0999755859375,EOD,-0.013637310455359847,0.7863626895446401,24.07426643371582,27.056716918945312,4.1419525146484375,1.9000040244934004,2.3310119105855023,0.0052204896364553156,0.5536147007920824,0.0,1079.0737420799999,-0.0027274620910719694,0.157272537908928,50000.0,5.0,250000.0,-6.8186552276799235,393.18134477232
2025-11-06,LTF,SHORT,A_MOD_BREAK_C1_LOW,MODERATE,2025-11-06 11:30:00+05:30,2025-11-06 11:45:00+05:30,274.2951361022949,276.1603430277905,271.82647987737425,2025-11-06 12:55:00+05:30,276.1603430277905,SL,-4.1999999999999105,-3.39999999999991,33.48234558105469,29.564420700073242,7.445135593414307,2.1321511348379594,2.824102599708388,0.0050360156505575675,0.7122351837158203,0.0,276.1603430277905,-0.8399999999999821,-0.6799999999999821,50000.0,5.0,250000.0,-2099.999999999955,-1699.9999999999552
2025-11-06,HITECH,SHORT,B_HUGE_RED_FAILED_BOUNCE,HUGE,2025-11-06 10:00:00+05:30,2025-11-06 12:15:00+05:30,106.36999816894532,107.09331415649413,105.4126681854248,2025-11-06 12:49:00+05:30,105.4126681854248,TARGET,3.7000000000000055,4.500000000000005,34.24144744873047,21.304006576538086,4.676916599273682,1.6495998855483909,4.08858026363721,0.009520679421295144,0.7023016917019254,0.0,107.09331415649413,0.7400000000000011,0.9000000000000011,50000.0,5.0,250000.0,1850.0000000000027,2250.0000000000027
2025-11-06,BOROLTD,SHORT,A_MOD_BREAK_C1_LOW,MODERATE,2025-11-06 12:00:00+05:30,2025-11-06 12:15:00+05:30,340.28193610229494,342.5958532677905,337.2193986773743,2025-11-06 12:26:00+05:30,337.2193986773743,TARGET,3.7000000000000135,4.500000000000012,38.66469192504883,26.95488929748535,8.43281078338623,1.1296576885657672,2.2284285161437705,0.007797940198936098,0.6376604743747416,0.0,342.5958532677905,0.7400000000000027,0.9000000000000026,50000.0,5.0,250000.0,1850.0000000000066,2250.0000000000064
2025-11-06,TRACXN,SHORT,A_MOD_BREAK_C1_LOW,MODERATE,2025-11-06 12:15:00+05:30,2025-11-06 12:30:00+05:30,49.0499984741211,49.38353846374512,48.60854848785401,2025-11-06 12:31:00+05:30,48.60854848785401,TARGET,3.699999999999981,4.4999999999999805,42.414241790771484,26.47245979309082,14.730643272399902,1.0180637709171085,2.5416738712063127,0.012498180451551483,0.6743747867720662,0.0,49.38353846374512,0.7399999999999962,0.8999999999999961,50000.0,5.0,250000.0,1849.9999999999905,2249.9999999999905
2025-11-06,KIRLOSBROS,SHORT,A_MOD_BREAK_C1_LOW,MODERATE,2025-11-06 13:45:00+05:30,2025-11-06 14:00:00+05:30,1802.6394,1814.89734792,1786.4156454,2025-11-06 14:01:00+05:30,1786.4156454,TARGET,3.700000000000033,4.500000000000034,23.054866790771484,19.156274795532227,11.632881164550781,3.8036766642942648,4.683778607221933,0.004069993749718212,0.5558230018615722,0.0,1814.89734792,0.7400000000000067,0.9000000000000067,50000.0,5.0,250000.0,1850.0000000000166,2250.000000000017
2025-11-06,KOTHARIPET,SHORT,A_MOD_BREAK_C1_LOW,MODERATE,2025-11-06 14:00:00+05:30,2025-11-06 14:15:00+05:30,142.7,143.67036,141.4157,2025-11-06 14:46:00+05:30,141.4157,TARGET,3.7000000000000064,4.500000000000007,37.07624435424805,29.949068069458008,7.8903398513793945,2.9689042117379714,3.00045878010708,0.0035776879031687403,0.7661436653137206,0.0,143.67036,0.7400000000000013,0.9000000000000014,50000.0,5.0,250000.0,1850.0000000000034,2250.000000000003
2025-11-06,UNIPARTS,SHORT,A_MOD_BREAK_C1_LOW,MODERATE,2025-11-06 14:15:00+05:30,2025-11-06 14:30:00+05:30,490.15195,493.48498326,485.74058245,2025-11-06 15:11:00+05:30,485.74058245,TARGET,3.7000000000000233,4.500000000000023,31.587495803833008,25.85735321044922,6.2311601638793945,3.365998106293953,3.0832366570640013,0.00459891525411978,0.683812437057495,0.0,493.48498326,0.7400000000000047,0.9000000000000046,50000.0,5.0,250000.0,1850.0000000000116,2250.0000000000114
2025-11-07,ABREL,SHORT,A_MOD_BREAK_C1_LOW,MODERATE,2025-11-07 10:00:00+05:30,2025-11-07 10:15:00+05:30,1775.3448111816406,1787.4171558976757,1759.3667078810058,2025-11-07 10:41:00+05:30,1787.4171558976757,SL,-4.199999999999985,-3.3999999999999853,33.20859146118164,20.1589412689209,11.405699729919434,0.9956953883811721,3.2702976422395804,0.004910479776640834,0.5323755648844297,0.0,1787.4171558976757,-0.839999999999997,-0.679999999999997,50000.0,5.0,250000.0,-2099.9999999999927,-1699.9999999999925
2025-11-10,MEDANTA,SHORT,A_MOD_BREAK_C1_LOW,MODERATE,2025-11-10 10:00:00+05:30,2025-11-10 10:15:00+05:30,1192.7614,1200.87217752,1182.0265474,2025-11-10 10:34:00+05:30,1182.0265474,TARGET,3.7000000000000286,4.500000000000028,29.74791145324707,14.928071022033691,6.8771281242370605,2.0728085570422725,5.508179051658979,0.007226684167419076,0.656218671798706,0.0,1200.87217752,0.7400000000000058,0.9000000000000057,50000.0,5.0,250000.0,1850.0000000000143,2250.000000000014
2025-11-10,SHK,SHORT,A_MOD_BREAK_C1_LOW,MODERATE,2025-11-10 10:00:00+05:30,2025-11-10 10:15:00+05:30,192.97999877929686,194.29226277099608,191.2431787902832,2025-11-10 10:17:00+05:30,191.2431787902832,TARGET,3.69999999999999,4.49999999999999,28.41571807861328,10.212966918945312,3.628000497817993,1.56683151803462,6.311653896591325,0.014663554119002,0.5604312868352577,0.0,194.29226277099608,0.739999999999998,0.899999999999998,50000.0,5.0,250000.0,1849.9999999999948,2249.999999999995
2025-11-10,GANECOS,SHORT,A_MOD_BREAK_C1_LOW,MODERATE,2025-11-10 10:30:00+05:30,2025-11-10 10:45:00+05:30,1078.9841111816406,1086.3212031376756,1069.2732541810058,2025-11-10 10:47:00+05:30,1069.2732541810058,TARGET,3.7000000000000446,4.500000000000044,61.98774719238281,10.641676902770996,20.841548919677734,1.5926349691483785,4.119705667415013,0.01295223429991886,0.8887111196009663,0.0,1086.3212031376756,0.7400000000000089,0.9000000000000088,50000.0,5.0,250000.0,1850.0000000000223,2250.000000000022
2025-11-10,KAMATHOTEL,SHORT,A_MOD_BREAK_C1_LOW,MODERATE,2025-11-10 10:30:00+05:30,2025-11-10 10:45:00+05:30,230.0500061035156,231.6143461450195,227.97955604858396,2025-11-10 10:46:00+05:30,227.97955604858396,TARGET,3.7000000000000313,4.50000000000003,43.307865142822266,8.778841972351074,8.27351188659668,1.3856748725285601,5.452975361558167,0.024410913825529852,0.752111079834832,0.0,231.6143461450195,0.7400000000000062,0.9000000000000061,50000.0,5.0,250000.0,1850.0000000000155,2250.0000000000155
2025-11-10,KRSNAA,LONG,B_HUGE_C1_CLOSE_RECLAIM_BREAK,HUGE,2025-11-10 10:45:00+05:30,2025-11-10 11:15:00+05:30,823.1646,818.39024532,832.2194105999998,2025-11-10 11:16:00+05:30,832.2194105999998,TARGET,4.699999999999928,5.499999999999928,35.28929138183594,77.10774993896484,97.54386901855469,1.13755935152931,3.9257959509184026,0.018746756116790587,6.545155919581613,0.0,818.39024532,0.9399999999999857,1.0999999999999857,100000.0,5.0,500000.0,4699.999999999929,5499.999999999928
2025-11-10,SURYODAY,SHORT,A_MOD_BREAK_C1_LOW,MODERATE,2025-11-10 12:00:00+05:30,2025-11-10 12:15:00+05:30,138.89999694824218,139.84451692749022,137.649896975708,2025-11-10 12:17:00+05:30,137.649896975708,TARGET,3.6999999999999753,4.499999999999975,28.494110107421875,27.101524353027344,3.692857027053833,2.197891786768327,2.4265249827597017,0.007004113506070144,0.6374116516113282,0.0,139.84451692749022,0.7399999999999951,0.899999999999995,50000.0,5.0,250000.0,1849.9999999999877,2249.9999999999877
2025-11-10,THERMAX,SHORT,A_PULLBACK_C2_THEN_BREAK_C2_LOW,MODERATE,2025-11-10 12:00:00+05:30,2025-11-10 12:30:00+05:30,3139.5719111816406,3160.9210001776755,3111.315763981006,2025-11-10 15:30:00+05:30,3138.0,EOD,-0.5496615420652964,0.2503384579347035,33.96635818481445,28.280746459960938,9.036494255065918,1.4519561456225483,2.3067423987860756,0.003864371866224049,0.6235876982561628,0.0,3160.9210001776755,-0.10993230841305927,0.0500676915869407,50000.0,5.0,250000.0,-274.8307710326482,125.16922896735176
2025-11-10,CHAMBLFERT,SHORT,A_MOD_BREAK_C1_LOW,MODERATE,2025-11-10 12:15:00+05:30,2025-11-10 12:30:00+05:30,470.20592779541016,473.4033281044189,465.97407444525146,2025-11-10 15:30:00+05:30,469.0,EOD,0.4823400600926381,1.282340060092638,28.764028549194336,27.205493927001953,9.31589126586914,1.3919454720809206,1.9851472369885028,0.005125898193733092,0.5343082477015013,0.0,473.4033281044189,0.09646801201852762,0.2564680120185276,50000.0,5.0,250000.0,241.17003004631903,641.170030046319
2025-11-10,HINDWAREAP,SHORT,A_MOD_BREAK_C1_LOW,MODERATE,2025-11-10 12:15:00+05:30,2025-11-10 12:30:00+05:30,359.928,362.37551039999994,356.688648,2025-11-10 12:36:00+05:30,356.688648,TARGET,3.6999999999999957,4.499999999999995,23.91160011291504,33.41088104248047,3.5692734718322754,1.2085631965299721,1.9058279358483892,0.0072657875851980845,0.4254639578788902,0.0,362.37551039999994,0.7399999999999991,0.899999999999999,50000.0,5.0,250000.0,1849.9999999999977,2249.9999999999977
2025-11-10,TRENT,SHORT,A_MOD_BREAK_C1_LOW,MODERATE,2025-11-10 12:15:00+05:30,2025-11-10 12:30:00+05:30,4285.1428,4314.2817710399995,4246.5765148,2025-11-10 15:30:00+05:30,4284.0,EOD,-0.6666555522957571,0.13334444770424275,69.6452407836914,10.667664527893066,4.476406097412109,1.457462768135701,2.925785505409906,0.009904723982463927,0.8650559844237475,0.0,4314.2817710399995,-0.13333111045915141,0.026668889540848548,50000.0,5.0,250000.0,-333.3277761478785,66.67222385212138
2025-11-10,ACI,SHORT,A_MOD_BREAK_C1_LOW,MODERATE,2025-11-10 12:30:00+05:30,2025-11-10 12:45:00+05:30,632.7234055908203,637.0259247488378,627.0288949405029,2025-11-10 14:33:00+05:30,637.0259247488378,SL,-4.199999999999941,-3.399999999999941,26.9460391998291,31.531631469726562,46.40452194213867,1.112269629201969,1.7059921452735545,0.0049605472824043794,0.4441373803714588,0.0,637.0259247488378,-0.8399999999999881,-0.6799999999999882,50000.0,5.0,250000.0,-2099.9999999999704,-1699.9999999999704
2025-11-10,ARVINDFASN,SHORT,A_MOD_BREAK_C1_LOW,MODERATE,2025-11-10 13:00:00+05:30,2025-11-10 13:15:00+05:30,504.94897779541014,508.3826308444189,500.40443699525144,2025-11-10 15:30:00+05:30,501.0,EOD,3.1102740762554317,3.9102740762554316,29.226791381835938,32.1953125,8.440360069274902,1.7370624222837747,2.1846738805273587,0.004681880439912925,0.6023877946271996,0.0,508.3826308444189,0.6220548152510863,0.7820548152510863,50000.0,5.0,250000.0,1555.1370381277156,1955.1370381277159
2025-11-10,SUNCLAY,SHORT,A_MOD_BREAK_C1_LOW,MODERATE,2025-11-10 13:15:00+05:30,2025-11-10 13:30:00+05:30,1414.717,1424.3370756,1401.984547,2025-11-10 14:42:00+05:30,1424.3370756,SL,-4.199999999999942,-3.3999999999999417,51.79761505126953,18.88002586364746,4.196963787078857,3.5280793680237403,4.469095380793664,0.005734482755088133,0.96,0.0,1424.3370756,-0.8399999999999883,-0.6799999999999884,50000.0,5.0,250000.0,-2099.999999999971,-1699.9999999999711
2025-11-11,RECLTD,SHORT,A_MOD_BREAK_C1_LOW,MODERATE,2025-11-11 10:15:00+05:30,2025-11-11 10:30:00+05:30,357.9284,360.36231311999995,354.70704440000003,2025-11-11 13:04:00+05:30,360.36231311999995,SL,-4.199999999999919,-3.3999999999999195,22.478755950927734,23.072534561157227,11.438807487487793,1.3718808892416428,3.013090305404116,0.003480170063073355,0.4372604948812035,0.0,360.36231311999995,-0.8399999999999839,-0.679999999999984,50000.0,5.0,250000.0,-2099.9999999999595,-1699.9999999999598
2025-11-12,VOLTAMP,LONG,B_HUGE_C1_CLOSE_RECLAIM_BREAK,HUGE,2025-11-12 10:00:00+05:30,2025-11-12 10:30:00+05:30,8338.6674,8290.30312908,8430.392741399999,2025-11-12 12:12:00+05:30,8290.30312908,SL,-3.6999999999999633,-2.899999999999964,49.8983154296875,82.36763000488281,86.45368194580078,2.1263247610320155,5.260004492711039,0.004695076957886577,9.378474380405297,0.0,8290.30312908,-0.7399999999999927,-0.5799999999999927,100000.0,5.0,500000.0,-3699.999999999963,-2899.9999999999636
2025-11-13,GOKULAGRO,LONG,B_HUGE_C1_CLOSE_RECLAIM_BREAK,HUGE,2025-11-13 10:00:00+05:30,2025-11-13 10:30:00+05:30,200.10000305175782,198.93942303405763,202.30110308532713,2025-11-13 10:33:00+05:30,202.30110308532713,TARGET,4.699999999999919,5.499999999999919,50.215606689453125,88.90221405029297,81.23321533203125,1.108539807287484,4.31584977858391,0.016478031987318235,7.797176248838673,0.0,198.93942303405763,0.939999999999984,1.0999999999999839,100000.0,5.0,500000.0,4699.99999999992,5499.999999999919
2025-11-13,SUPRIYA,LONG,B_HUGE_C1_CLOSE_RECLAIM_BREAK,HUGE,2025-11-13 10:00:00+05:30,2025-11-13 10:30:00+05:30,796.1592,791.54147664,804.9169512,2025-11-13 10:31:00+05:30,804.9169512,TARGET,4.699999999999948,5.499999999999947,35.81998825073242,79.47675323486328,91.42647552490234,2.12659316928163,4.203062417377694,0.008085060359245569,8.585518048075267,0.0,791.54147664,0.9399999999999895,1.0999999999999894,100000.0,5.0,500000.0,4699.999999999947,5499.999999999946
2025-11-13,GLENMARK,LONG,A_MOD_BREAK_C1_HIGH,MODERATE,2025-11-13 10:15:00+05:30,2025-11-13 10:30:00+05:30,1876.6753088378907,1865.790592046631,1897.3187372351074,2025-11-13 10:31:00+05:30,1897.3187372351074,TARGET,4.6999999999999655,5.4999999999999645,27.22372817993164,72.06008911132812,91.60311889648438,1.9437068800138328,2.3912534420009006,0.004821831997496367,5.890106160984507,0.0,1865.790592046631,0.9399999999999931,1.099999999999993,100000.0,5.0,500000.0,4699.999999999965,5499.999999999965
2025-11-13,LUXIND,LONG,A_MOD_BREAK_C1_HIGH,MODERATE,2025-11-13 10:45:00+05:30,2025-11-13 11:00:00+05:30,1210.242,1203.2225964,1223.5546619999998,2025-11-13 14:45:00+05:30,1203.2225964,SL,-3.7000000000000135,-2.9000000000000137,24.629539489746094,60.62456130981445,90.05462646484375,1.3561587362422312,1.4099894643603148,0.0050353932971796715,3.9369720970931867,0.0,1203.2225964,-0.7400000000000027,-0.5800000000000027,100000.0,5.0,500000.0,-3700.000000000013,-2900.0000000000136
2025-11-13,THYROCARE,LONG,A_MOD_BREAK_C1_HIGH,MODERATE,2025-11-13 10:45:00+05:30,2025-11-13 11:00:00+05:30,488.4976738952637,485.66438738667114,493.8711483081115,2025-11-13 11:01:00+05:30,493.8711483081115,TARGET,4.699999999999925,5.499999999999924,47.541229248046875,85.96673583984375,96.83196258544922,2.861762278966864,4.185275244443155,0.008935909652260463,9.792870056047184,0.0,485.66438738667114,0.9399999999999848,1.0999999999999848,100000.0,5.0,500000.0,4699.999999999924,5499.9999999999245
2025-11-13,ICICIBANK,LONG,B_HUGE_GREEN_PULLBACK_HOLD_THEN_BREAK,HUGE,2025-11-13 10:15:00+05:30,2025-11-13 11:45:00+05:30,1386.4771911621094,1378.435623453369,1401.7284402648925,2025-11-13 15:30:00+05:30,1385.4000244140625,EOD,-1.1884545504654378,-0.3884545504654379,41.86381530761719,80.1319351196289,96.62200164794922,2.1056421286245186,4.047969907820764,0.002925365602573334,8.054156032607986,0.0,1378.435623453369,-0.23769091009308757,-0.07769091009308758,100000.0,5.0,500000.0,-1188.4545504654377,-388.45455046543793
2025-11-13,HONASA,LONG,A_MOD_BREAK_C1_HIGH,MODERATE,2025-11-13 11:30:00+05:30,2025-11-13 11:45:00+05:30,300.06,298.319652,303.36066,2025-11-13 12:00:00+05:30,298.319652,SL,-3.699999999999972,-2.899999999999972,51.14640808105469,71.18914031982422,60.143577575683594,0.4109050484852691,2.0063805430968156,0.016267324627970974,4.358374818831651,0.0,298.319652,-0.7399999999999944,-0.5799999999999944,100000.0,5.0,500000.0,-3699.9999999999723,-2899.9999999999723
2025-11-13,DEEPAKFERT,LONG,B_HUGE_C1_CLOSE_RECLAIM_BREAK,HUGE,2025-11-13 11:30:00+05:30,2025-11-13 12:00:00+05:30,1417.7835,1409.5603557,1433.3791184999998,2025-11-13 12:21:00+05:30,1433.3791184999998,TARGET,4.699999999999919,5.499999999999919,43.07937240600586,74.54573059082031,87.8380355834961,2.202312577154226,2.994065243515082,0.005175110818637532,7.430629673871746,0.0,1409.5603557,0.939999999999984,1.0999999999999839,100000.0,5.0,500000.0,4699.99999999992,5499.999999999919
2025-11-13,DEVYANI,SHORT,A_MOD_BREAK_C1_LOW,MODERATE,2025-11-13 11:45:00+05:30,2025-11-13 12:00:00+05:30,140.59999389648436,141.55607385498044,139.334593951416,2025-11-13 13:17:00+05:30,139.334593951416,TARGET,3.7000000000000277,4.5000000000000275,27.49830436706543,24.057493209838867,2.676175355911255,1.9501711316866135,2.5492245537099936,0.004667861713131295,0.6137545135511389,0.0,141.55607385498044,0.7400000000000055,0.9000000000000055,50000.0,5.0,250000.0,1850.0000000000139,2250.0000000000136
2025-11-13,ROHLTD,SHORT,A_MOD_BREAK_C1_LOW,MODERATE,2025-11-13 11:45:00+05:30,2025-11-13 12:00:00+05:30,429.96397779541013,432.8877328444189,426.09430199525144,2025-11-13 12:18:00+05:30,426.09430199525144,TARGET,3.6999999999999975,4.499999999999997,38.419742584228516,28.403240203857422,14.691975593566895,1.1795955831541423,2.3637409609689763,0.00905699906935548,0.6427253658154026,0.0,432.8877328444189,0.7399999999999995,0.8999999999999995,50000.0,5.0,250000.0,1849.9999999999989,2249.9999999999986
2025-11-13,SALZERELEC,LONG,B_HUGE_C1_CLOSE_RECLAIM_BREAK,HUGE,2025-11-13 11:45:00+05:30,2025-11-13 12:15:00+05:30,770.2039977905273,765.7368146033422,778.676241766223,2025-11-13 12:16:00+05:30,778.676241766223,TARGET,4.699999999999957,5.499999999999956,32.344886779785156,85.99201965332031,66.70531463623047,1.6601319141799422,5.22488161795142,0.017021175258286787,9.127377540962028,0.0,765.7368146033422,0.9399999999999913,1.0999999999999912,100000.0,5.0,500000.0,4699.999999999957,5499.999999999956
2025-11-13,HCG,SHORT,A_MOD_BREAK_C1_LOW,MODERATE,2025-11-13 13:45:00+05:30,2025-11-13 14:00:00+05:30,729.10415,734.0620582199999,722.54221265,2025-11-13 14:04:00+05:30,722.54221265,TARGET,3.6999999999999957,4.499999999999995,29.816286087036133,31.078651428222656,20.52222442626953,2.5183470822344414,2.8782593819336793,0.0031232703664000184,0.6572442913055419,0.0,734.0620582199999,0.7399999999999991,0.899999999999999,50000.0,5.0,250000.0,1849.9999999999977,2249.9999999999977
2025-11-14,AGARIND,SHORT,A_MOD_BREAK_C1_LOW,MODERATE,2025-11-14 10:00:00+05:30,2025-11-14 10:15:00+05:30,811.6376277954101,817.1567636644189,804.3328891452514,2025-11-14 10:40:00+05:30,817.1567636644189,SL,-4.199999999999992,-3.3999999999999932,35.44210433959961,30.51502227783203,9.42434310913086,0.5470352481127738,2.5258024825451932,0.010285786475367036,0.48736273351372955,0.0,817.1567636644189,-0.8399999999999985,-0.6799999999999986,50000.0,5.0,250000.0,-2099.9999999999964,-1699.9999999999964
2025-11-17,SURYODAY,LONG,B_HUGE_C1_CLOSE_RECLAIM_BREAK,HUGE,2025-11-17 10:00:00+05:30,2025-11-17 10:30:00+05:30,144.3800018310547,143.54259782043457,145.96818185119628,2025-11-17 10:32:00+05:30,145.96818185119628,TARGET,4.699999999999919,5.499999999999919,20.380207061767578,85.44977569580078,94.69437408447266,1.2498946410926994,4.744711150566418,0.010308733240890424,6.975314959857148,0.0,143.54259782043457,0.939999999999984,1.0999999999999839,100000.0,5.0,500000.0,4699.99999999992,5499.999999999919
2025-11-17,NAVA,LONG,B_HUGE_C1_CLOSE_RECLAIM_BREAK,HUGE,2025-11-17 10:15:00+05:30,2025-11-17 10:45:00+05:30,555.7611544189454,552.5377397233154,561.8745271175537,2025-11-17 11:10:00+05:30,552.5377397233154,SL,-3.700000000000027,-2.9000000000000266,24.385887145996094,64.76997375488281,59.50300216674805,1.1619682574985624,2.153575739607378,0.005186971990724722,4.905565014722264,0.0,552.5377397233154,-0.7400000000000053,-0.5800000000000053,100000.0,5.0,500000.0,-3700.000000000027,-2900.0000000000264
2025-11-17,SAKSOFT,LONG,B_HUGE_GREEN_PULLBACK_HOLD_THEN_BREAK,HUGE,2025-11-17 10:00:00+05:30,2025-11-17 11:00:00+05:30,212.79000549316407,211.5558234613037,215.13069555358885,2025-11-17 11:12:00+05:30,215.13069555358885,TARGET,4.6999999999999345,5.499999999999934,32.111507415771484,88.05748748779297,89.92807006835938,1.6584133598086166,5.3467810972297665,0.008281671775961822,9.102230305916457,0.0,211.5558234613037,0.9399999999999868,1.0999999999999868,100000.0,5.0,500000.0,4699.9999999999345,5499.999999999934
2025-11-17,GENESYS,SHORT,A_MOD_BREAK_C1_LOW,MODERATE,2025-11-17 10:45:00+05:30,2025-11-17 11:00:00+05:30,460.9078,464.04197303999996,456.7596298,2025-11-17 11:01:00+05:30,456.7596298,TARGET,3.6999999999999797,4.49999999999998,29.80190086364746,25.026155471801758,6.850175380706787,1.5243670025338099,2.9998718387817944,0.009833025209831469,0.5737927383981287,0.0,464.04197303999996,0.739999999999996,0.8999999999999959,50000.0,5.0,250000.0,1849.99999999999,2249.99999999999
2025-11-17,AUBANK,LONG,B_HUGE_GREEN_PULLBACK_HOLD_THEN_BREAK,HUGE,2025-11-17 10:00:00+05:30,2025-11-17 11:15:00+05:30,915.6331022094727,910.3224302166577,925.7050663337768,2025-11-17 15:30:00+05:30,914.0,EOD,-1.6917885370963013,-0.8917885370963013,21.93351936340332,85.82762908935547,90.84935760498047,1.823393453323861,5.517784204785654,0.003614864060473142,9.249946297367938,0.0,910.3224302166577,-0.33835770741926025,-0.17835770741926027,100000.0,5.0,500000.0,-1691.7885370963013,-891.7885370963014
2025-11-17,OAL,LONG,B_HUGE_C1_CLOSE_RECLAIM_BREAK,HUGE,2025-11-17 10:45:00+05:30,2025-11-17 11:15:00+05:30,345.9191761047363,343.91284488332883,349.7242870418884,2025-11-17 15:30:00+05:30,347.25,EOD,1.1236052627228945,1.9236052627228943,21.129898071289062,70.91807556152344,60.95382308959961,1.4567559671726704,3.4002716389181216,0.004905092848527546,6.327314339905765,0.0,343.91284488332883,0.22472105254457891,0.3847210525445789,100000.0,5.0,500000.0,1123.6052627228946,1923.6052627228946
2025-11-17,EMAMILTD,SHORT,A_MOD_BREAK_C1_LOW,MODERATE,2025-11-17 11:00:00+05:30,2025-11-17 11:15:00+05:30,518.9461777954101,522.4750118044188,514.2756621952514,2025-11-17 13:47:00+05:30,522.4750118044188,SL,-4.199999999999946,-3.399999999999946,43.25676345825195,50.4212760925293,41.21563720703125,0.38165200993415027,0.012726456056295852,0.0054955737316441985,0.4762768764150704,0.0,522.4750118044188,-0.8399999999999892,-0.6799999999999893,50000.0,5.0,250000.0,-2099.999999999973,-1699.9999999999732
2025-11-17,GABRIEL,SHORT,A_MOD_BREAK_C1_LOW,MODERATE,2025-11-17 11:30:00+05:30,2025-11-17 11:45:00+05:30,1046.2907,1053.4054767599998,1036.8740837,2025-11-17 11:46:00+05:30,1036.8740837,TARGET,3.699999999999993,4.499999999999994,79.58643341064453,8.943312644958496,3.152998208999634,2.0987011875767467,4.4656661920538685,0.013505782101161422,0.96,0.0,1053.4054767599998,0.7399999999999987,0.8999999999999987,50000.0,5.0,250000.0,1849.9999999999966,2249.999999999997
2025-11-17,LICI,LONG,A_MOD_BREAK_C1_HIGH,MODERATE,2025-11-17 11:30:00+05:30,2025-11-17 11:45:00+05:30,915.4830477905274,910.1732461133423,925.5533613162231,2025-11-17 15:30:00+05:30,916.0,EOD,-0.5176615062833524,0.28233849371664754,32.44475173950195,66.25106048583984,82.44324493408203,0.8888077428252437,1.8678420592637681,0.002841527084183823,4.307436719318885,0.0,910.1732461133423,-0.10353230125667047,0.056467698743329506,100000.0,5.0,500000.0,-517.6615062833523,282.3384937166475
2025-11-17,HPAL,SHORT,A_MOD_BREAK_C1_LOW,MODERATE,2025-11-17 12:15:00+05:30,2025-11-17 12:30:00+05:30,47.2,47.52096,46.775200000000005,2025-11-17 13:24:00+05:30,46.775200000000005,TARGET,3.6999999999999744,4.499999999999974,20.219696044921875,34.401851654052734,7.444227695465088,1.4785345848080318,1.7069371150347332,0.004562474085594128,0.40738584876697037,0.0,47.52096,0.7399999999999949,0.8999999999999949,50000.0,5.0,250000.0,1849.9999999999873,2249.9999999999873
2025-11-17,FINEORG,LONG,B_HUGE_GREEN_PULLBACK_HOLD_THEN_BREAK,HUGE,2025-11-17 10:45:00+05:30,2025-11-17 13:15:00+05:30,4607.9214,4581.19545588,4658.6085354,2025-11-17 15:30:00+05:30,4590.0,EOD,-2.744629524279665,-1.944629524279665,39.419612884521484,77.70844268798828,87.34637451171875,1.592076600548444,3.779424861954994,0.0053556606164495,7.433842601237753,0.0,4581.19545588,-0.548925904855933,-0.388925904855933,100000.0,5.0,500000.0,-2744.629524279665,-1944.6295242796648
2025-11-17,ISGEC,LONG,B_HUGE_GREEN_PULLBACK_HOLD_THEN_BREAK,HUGE,2025-11-17 12:30:00+05:30,2025-11-17 13:30:00+05:30,893.6787,888.49536354,903.5091656999999,2025-11-17 15:30:00+05:30,891.0,EOD,-2.298692986640528,-1.498692986640528,36.75071334838867,66.10250091552734,47.01983642578125,1.915612749931884,1.8587675656051863,0.005098330074720167,5.693763878769597,0.0,888.49536354,-0.45973859732810557,-0.2997385973281056,100000.0,5.0,500000.0,-2298.6929866405276,-1498.692986640528
2025-11-17,GALAPREC,LONG,B_HUGE_C1_CLOSE_RECLAIM_BREAK,HUGE,2025-11-17 13:30:00+05:30,2025-11-17 14:00:00+05:30,767.3534522094726,762.9028021866576,775.7943401837767,2025-11-17 14:57:00+05:30,762.9028021866576,SL,-3.7000000000000455,-2.9000000000000457,22.152324676513672,67.66558837890625,88.0494613647461,1.5412369501631098,3.3801902423024197,0.004729627866144304,6.229628584208566,0.0,762.9028021866576,-0.7400000000000091,-0.5800000000000092,100000.0,5.0,500000.0,-3700.0000000000455,-2900.000000000046
2025-11-17,DIAMONDYD,SHORT,A_MOD_BREAK_C1_LOW,MODERATE,2025-11-17 13:45:00+05:30,2025-11-17 14:00:00+05:30,1059.788,1066.9945584,1050.249908,2025-11-17 15:26:00+05:30,1066.9945584,SL,-4.199999999999976,-3.399999999999976,21.632143020629883,37.63913345336914,3.8889567852020264,1.5870811105006255,1.9190323356148733,0.002830180357087333,0.45817295642780137,0.0,1066.9945584,-0.8399999999999952,-0.6799999999999952,50000.0,5.0,250000.0,-2099.999999999988,-1699.999999999988
2025-11-18,CEMPRO,SHORT,A_MOD_BREAK_C1_LOW,MODERATE,2025-11-18 10:00:00+05:30,2025-11-18 10:15:00+05:30,808.9881944091796,814.489314131162,801.707300659497,2025-11-18 10:48:00+05:30,801.707300659497,TARGET,3.699999999999993,4.499999999999993,25.405763626098633,28.523448944091797,3.7634780406951904,1.4468472097684844,3.431560781921236,0.00755964822701445,0.4942847161009642,0.0,814.489314131162,0.7399999999999987,0.8999999999999986,50000.0,5.0,250000.0,1849.9999999999966,2249.9999999999964
2025-11-18,CYIENT,SHORT,A_MOD_BREAK_C1_LOW,MODERATE,2025-11-18 10:00:00+05:30,2025-11-18 10:15:00+05:30,1118.7762,1126.38387816,1108.7072142,2025-11-18 11:46:00+05:30,1126.38387816,SL,-4.1999999999999895,-3.3999999999999897,21.536785125732422,32.52449417114258,14.569477081298828,1.1051542888067605,1.865137138048045,0.0043956729270588435,0.3697106343295717,0.0,1126.38387816,-0.8399999999999979,-0.6799999999999979,50000.0,5.0,250000.0,-2099.9999999999945,-1699.999999999995
2025-11-18,DBREALTY,SHORT,A_MOD_BREAK_C1_LOW,MODERATE,2025-11-18 10:00:00+05:30,2025-11-18 10:15:00+05:30,137.95,138.88805999999997,136.70845,2025-11-18 10:38:00+05:30,138.88805999999997,SL,-4.199999999999924,-3.3999999999999235,41.13581848144531,15.53936767578125,1.713304042816162,1.3860493853646807,4.628938820234896,0.006941003643948099,0.7195959196604989,0.0,138.88805999999997,-0.8399999999999848,-0.6799999999999847,50000.0,5.0,250000.0,-2099.999999999962,-1699.9999999999618
2025-11-19,JSWENERGY,SHORT,A_MOD_BREAK_C1_LOW,MODERATE,2025-11-19 10:00:00+05:30,2025-11-19 10:15:00+05:30,520.3459222045899,523.884274475581,515.6628089047485,2025-11-19 13:26:00+05:30,515.6628089047485,TARGET,3.700000000000041,4.500000000000041,21.68963050842285,35.78535842895508,26.44893455505371,1.1063438138217951,1.7065595550188546,0.004239184712812986,0.36428260279609964,0.0,523.884274475581,0.7400000000000082,0.9000000000000082,50000.0,5.0,250000.0,1850.0000000000205,2250.0000000000205
2025-11-19,VAIBHAVGBL,SHORT,A_MOD_BREAK_C1_LOW,MODERATE,2025-11-19 10:00:00+05:30,2025-11-19 10:15:00+05:30,249.99999305114747,251.69999300389526,247.74999311368714,2025-11-19 10:22:00+05:30,251.69999300389526,SL,-4.199999999999971,-3.399999999999971,64.39678192138672,14.211472511291504,6.415322780609131,1.4751992942611234,4.404319386860376,0.006098790562489424,0.8681598764956966,0.0,251.69999300389526,-0.8399999999999941,-0.6799999999999942,50000.0,5.0,250000.0,-2099.999999999985,-1699.9999999999854
2025-11-19,SCHAND,LONG,A_MOD_BREAK_C1_HIGH,MODERATE,2025-11-19 10:15:00+05:30,2025-11-19 10:30:00+05:30,172.05,171.05211,173.94254999999998,2025-11-19 10:31:00+05:30,173.94254999999998,TARGET,4.699999999999918,5.499999999999917,23.162792205810547,64.88050079345703,81.54635620117188,0.9155302682033912,1.8715609369811328,0.006885376780532127,3.677510361345968,0.0,171.05211,0.9399999999999835,1.0999999999999834,100000.0,5.0,500000.0,4699.999999999918,5499.999999999917
2025-11-19,COHANCE,SHORT,A_MOD_BREAK_C1_LOW,MODERATE,2025-11-19 10:30:00+05:30,2025-11-19 10:45:00+05:30,578.2843444091797,582.2166779511621,573.0797853094971,2025-11-19 11:14:00+05:30,582.2166779511621,SL,-4.199999999999995,-3.399999999999995,23.806961059570312,16.401323318481445,3.0980474948883057,1.9044886413830433,4.278845188711477,0.0069078813010855205,0.5503899281355873,0.0,582.2166779511621,-0.839999999999999,-0.679999999999999,50000.0,5.0,250000.0,-2099.9999999999973,-1699.9999999999975
2025-11-19,FINPIPE,SHORT,A_MOD_BREAK_C1_LOW,MODERATE,2025-11-19 10:30:00+05:30,2025-11-19 10:45:00+05:30,181.2,182.43215999999998,179.5692,2025-11-19 15:10:00+05:30,182.43215999999998,SL,-4.1999999999999815,-3.3999999999999813,43.73249053955078,11.50696086883545,8.105711936950684,2.272478146491702,4.735869993088356,0.0031921146655904836,0.8659873580932615,0.0,182.43215999999998,-0.8399999999999963,-0.6799999999999963,50000.0,5.0,250000.0,-2099.999999999991,-1699.9999999999907
2025-11-20,WCIL,SHORT,A_MOD_BREAK_C1_LOW,MODERATE,2025-11-20 10:15:00+05:30,2025-11-20 10:30:00+05:30,116.14999694824219,116.93981692749023,115.10464697570801,2025-11-20 11:41:00+05:30,115.10464697570801,TARGET,3.7000000000000135,4.500000000000013,33.82672119140625,15.054207801818848,2.066462278366089,1.4806611821741433,3.1357569055485945,0.007825189839464928,0.6265165247515689,0.0,116.93981692749023,0.7400000000000027,0.9000000000000027,50000.0,5.0,250000.0,1850.0000000000066,2250.000000000007
2025-11-20,MAZDOCK,LONG,B_HUGE_C1_CLOSE_RECLAIM_BREAK,HUGE,2025-11-20 10:15:00+05:30,2025-11-20 10:45:00+05:30,2818.5636,2802.21593112,2849.5677995999995,2025-11-20 15:30:00+05:30,2831.0,EOD,1.4061591939951343,2.206159193995134,25.485227584838867,70.91883087158203,66.11840057373047,0.6290974604794394,2.7445847470718814,0.003906002613227362,4.861120104847091,0.0,2802.21593112,0.28123183879902686,0.44123183879902683,100000.0,5.0,500000.0,1406.1591939951343,2206.159193995134
2025-11-20,GANECOS,SHORT,A_MOD_BREAK_C1_LOW,MODERATE,2025-11-20 11:00:00+05:30,2025-11-20 11:15:00+05:30,868.6262277954102,874.5328861444189,860.8085917452514,2025-11-20 12:19:00+05:30,860.8085917452514,TARGET,3.7000000000000277,4.5000000000000275,57.13908767700195,13.389402389526367,41.98495864868164,0.8035094356061337,1.8853458136726462,0.009699566167561397,0.7448814419147058,0.0,874.5328861444189,0.7400000000000055,0.9000000000000055,50000.0,5.0,250000.0,1850.0000000000139,2250.0000000000136
2025-11-20,IIFL,SHORT,A_MOD_BREAK_C1_LOW,MODERATE,2025-11-20 11:00:00+05:30,2025-11-20 11:15:00+05:30,547.0905722045899,550.8107880955811,542.1667570547486,2025-11-20 12:37:00+05:30,550.8107880955811,SL,-4.199999999999989,-3.399999999999989,24.05093002319336,26.461658477783203,17.68716812133789,1.187191220879107,2.1332151162828503,0.006021899463486497,0.4285224140017441,0.0,550.8107880955811,-0.8399999999999976,-0.6799999999999977,50000.0,5.0,250000.0,-2099.999999999994,-1699.9999999999943
2025-11-20,GENESYS,LONG,B_HUGE_C1_CLOSE_RECLAIM_BREAK,HUGE,2025-11-20 11:00:00+05:30,2025-11-20 11:30:00+05:30,472.0944,469.35625247999997,477.2874384,2025-11-20 11:37:00+05:30,477.2874384,TARGET,4.699999999999976,5.499999999999976,45.0485954284668,71.53095245361328,67.16486358642578,0.5421705820508159,2.9705945540437035,0.014807805166406146,5.973147236227192,0.0,469.35625247999997,0.9399999999999953,1.0999999999999952,100000.0,5.0,500000.0,4699.999999999976,5499.999999999976
2025-11-20,SWARAJENG,SHORT,A_MOD_BREAK_C1_LOW,MODERATE,2025-11-20 11:15:00+05:30,2025-11-20 11:30:00+05:30,3681.363677636719,3706.3969506446483,3648.2314045379885,2025-11-20 11:31:00+05:30,3648.2314045379885,TARGET,3.6999999999999855,4.499999999999986,30.747507095336914,27.761459350585938,10.443573951721191,1.6660715974653182,3.274886930042483,0.007259612320198367,0.6127751359864844,0.0,3706.3969506446483,0.7399999999999971,0.8999999999999971,50000.0,5.0,250000.0,1849.9999999999927,2249.9999999999927
2025-11-20,KANSAINER,SHORT,A_MOD_BREAK_C1_LOW,MODERATE,2025-11-20 12:00:00+05:30,2025-11-20 12:15:00+05:30,239.5699951171875,241.19907108398434,237.4138651611328,2025-11-20 15:30:00+05:30,239.30999755859375,EOD,-0.25736618964624747,0.5426338103537525,34.251888275146484,20.418256759643555,1.101919174194336,1.454693140478571,2.8394124033084744,0.003633431650586592,0.6283496237109472,0.0,241.19907108398434,-0.05147323792924949,0.10852676207075049,50000.0,5.0,250000.0,-128.68309482312372,271.3169051768762
2025-11-20,SAGCEM,SHORT,A_PULLBACK_C2_THEN_BREAK_C2_LOW,MODERATE,2025-11-20 12:30:00+05:30,2025-11-20 13:00:00+05:30,216.86000366210936,218.3346516870117,214.90826362915038,2025-11-20 14:36:00+05:30,218.3346516870117,SL,-4.199999999999983,-3.3999999999999835,27.899497985839844,39.065284729003906,21.207862854003906,0.9875279354096913,1.3501137423034772,0.0043632316674878414,0.4188155455994675,0.0,218.3346516870117,-0.8399999999999967,-0.6799999999999967,50000.0,5.0,250000.0,-2099.9999999999923,-1699.9999999999918
2025-11-20,BAJFINANCE,LONG,B_HUGE_C1_CLOSE_RECLAIM_BREAK,HUGE,2025-11-20 13:45:00+05:30,2025-11-20 14:15:00+05:30,1028.2056,1022.24200752,1039.5158615999999,2025-11-20 15:30:00+05:30,1028.699951171875,EOD,-0.5596049020375904,0.2403950979624095,44.023075103759766,78.21285247802734,94.87545013427734,3.453940134635433,3.9335712060261474,0.0026403514791555442,9.920913281901015,0.0,1022.24200752,-0.11192098040751808,0.0480790195924819,100000.0,5.0,500000.0,-559.6049020375904,240.3950979624095
2025-11-20,DCXINDIA,SHORT,A_MOD_BREAK_C1_LOW,MODERATE,2025-11-20 14:00:00+05:30,2025-11-20 14:15:00+05:30,195.75999755859374,197.09116554199215,193.99815758056639,2025-11-20 15:30:00+05:30,194.25,EOD,3.056757196121682,3.8567571961216816,26.67034339904785,30.05807876586914,11.535248756408691,1.8051386251903314,1.9722392139363145,0.004675662335084409,0.5745663710908415,0.0,197.09116554199215,0.6113514392243364,0.7713514392243364,50000.0,5.0,250000.0,1528.3785980608411,1928.378598060841
2025-11-21,JSWENERGY,SHORT,A_MOD_BREAK_C1_LOW,MODERATE,2025-11-21 10:00:00+05:30,2025-11-21 10:15:00+05:30,494.0011861022949,497.3603941677905,489.55517542737425,2025-11-21 10:22:00+05:30,489.55517542737425,TARGET,3.700000000000018,4.500000000000018,45.34139633178711,14.42117691040039,1.7046297788619995,1.7884060589646948,4.256457866531498,0.0055183944898198,0.8530920052956281,0.0,497.3603941677905,0.7400000000000035,0.9000000000000036,50000.0,5.0,250000.0,1850.0000000000089,2250.000000000009
2025-11-21,KHAICHEM,SHORT,A_MOD_BREAK_C1_LOW,MODERATE,2025-11-21 10:00:00+05:30,2025-11-21 10:15:00+05:30,88.95,89.55485999999999,88.14945,2025-11-21 13:16:00+05:30,89.55485999999999,SL,-4.199999999999932,-3.399999999999932,26.285154342651367,20.440099716186523,6.834103107452393,1.4654864602890956,3.842798420066136,0.005023526349824659,0.5107374456903622,0.0,89.55485999999999,-0.8399999999999863,-0.6799999999999864,50000.0,5.0,250000.0,-2099.9999999999654,-1699.9999999999661
2025-11-21,LODHA,SHORT,A_MOD_BREAK_C1_LOW,MODERATE,2025-11-21 10:00:00+05:30,2025-11-21 10:15:00+05:30,1175.7648,1183.7600006399998,1165.1829168,2025-11-21 11:26:00+05:30,1165.1829168,TARGET,3.6999999999999975,4.499999999999997,20.57463264465332,30.023204803466797,6.6315178871154785,1.5300360478884065,2.917960782610329,0.004549597883933163,0.4363757980502709,0.0,1183.7600006399998,0.7399999999999995,0.8999999999999995,50000.0,5.0,250000.0,1849.9999999999989,2249.9999999999986
2025-11-21,NIACL,SHORT,A_MOD_BREAK_C1_LOW,MODERATE,2025-11-21 10:00:00+05:30,2025-11-21 10:15:00+05:30,175.5000030517578,176.69340307250974,173.92050302429197,2025-11-21 15:30:00+05:30,174.02999877929688,EOD,3.388046287461882,4.188046287461882,27.51491928100586,26.772438049316406,3.469050645828247,1.2484794414506124,2.880211385172113,0.0033475011750814182,0.4912076914689451,0.0,176.69340307250974,0.6776092574923764,0.8376092574923764,50000.0,5.0,250000.0,1694.023143730941,2094.023143730941
2025-11-21,PRAKASH,SHORT,A_MOD_BREAK_C1_LOW,MODERATE,2025-11-21 10:00:00+05:30,2025-11-21 10:15:00+05:30,135.6700012207031,136.5925572290039,134.44897120971677,2025-11-21 10:20:00+05:30,134.44897120971677,TARGET,3.7000000000000433,4.500000000000043,34.41693115234375,21.31165313720703,1.6757299900054932,0.9418161764598251,4.232179006788774,0.004639179068599267,0.5410717981656257,0.0,136.5925572290039,0.7400000000000087,0.9000000000000086,50000.0,5.0,250000.0,1850.0000000000216,2250.0000000000214
2025-11-21,RHIM,SHORT,A_MOD_BREAK_C1_LOW,MODERATE,2025-11-21 10:00:00+05:30,2025-11-21 10:15:00+05:30,465.85682220458983,469.024648595581,461.66411080474853,2025-11-21 12:53:00+05:30,469.024648595581,SL,-4.199999999999982,-3.399999999999983,43.28087615966797,17.94473648071289,4.265780925750732,1.2941298959511598,3.6342076694099106,0.004673044940700197,0.7356858741864725,0.0,469.024648595581,-0.8399999999999965,-0.6799999999999966,50000.0,5.0,250000.0,-2099.9999999999914,-1699.9999999999914
2025-11-21,SANDHAR,SHORT,A_MOD_BREAK_C1_LOW,MODERATE,2025-11-21 10:00:00+05:30,2025-11-21 10:15:00+05:30,533.4432777954102,537.0706920844189,528.6422882952514,2025-11-21 10:50:00+05:30,528.6422882952514,TARGET,3.7000000000000277,4.5000000000000275,30.700363159179688,35.0805778503418,38.00008010864258,1.0198950022206588,1.5287825009144305,0.0057763536090891425,0.4754261978220321,0.0,537.0706920844189,0.7400000000000055,0.9000000000000055,50000.0,5.0,250000.0,1850.0000000000139,2250.0000000000136
2025-11-21,SONATSOFTW,SHORT,A_MOD_BREAK_C1_LOW,MODERATE,2025-11-21 10:00:00+05:30,2025-11-21 10:15:00+05:30,358.37832220458984,360.815294795581,355.15291730474854,2025-11-21 15:30:00+05:30,357.8999938964844,EOD,-0.13264893763245786,0.667351062367542,32.07530975341797,24.845046997070312,12.47191047668457,1.3615477638635647,3.4671401291682744,0.00455946905687711,0.5794005049773934,0.0,360.815294795581,-0.02652978752649157,0.1334702124735084,50000.0,5.0,250000.0,-66.32446881622893,333.67553118377106
2025-11-21,GABRIEL,SHORT,A_MOD_BREAK_C1_LOW,MODERATE,2025-11-21 10:15:00+05:30,2025-11-21 10:30:00+05:30,1023.9951111816406,1030.9582779376756,1014.7791551810059,2025-11-21 11:46:00+05:30,1030.9582779376756,SL,-4.199999999999914,-3.399999999999914,29.979990005493164,25.899682998657227,9.055778503417969,1.1504950860915826,4.004244901406636,0.007087191178319979,0.5110364901484243,0.0,1030.9582779376756,-0.8399999999999828,-0.6799999999999828,50000.0,5.0,250000.0,-2099.999999999957,-1699.9999999999573
2025-11-21,HINDZINC,SHORT,A_MOD_BREAK_C1_LOW,MODERATE,2025-11-21 10:15:00+05:30,2025-11-21 10:30:00+05:30,464.907,468.06836759999993,460.72283699999997,2025-11-21 14:52:00+05:30,460.72283699999997,TARGET,3.7000000000000135,4.500000000000013,33.37200164794922,16.999189376831055,4.285287857055664,1.5135414411293637,4.005043639258458,0.003323864770281513,0.625449776916877,0.0,468.06836759999993,0.7400000000000027,0.9000000000000027,50000.0,5.0,250000.0,1850.0000000000066,2250.000000000007
2025-11-21,KIRLOSBROS,SHORT,A_MOD_BREAK_C1_LOW,MODERATE,2025-11-21 10:15:00+05:30,2025-11-21 10:30:00+05:30,1707.1585,1718.7671778,1691.7940735,2025-11-21 14:18:00+05:30,1718.7671778,SL,-4.199999999999969,-3.3999999999999697,27.539955139160156,22.86716651916504,6.808084487915039,1.3506175750139282,3.585863163973193,0.0044454637679339016,0.5094574027148397,0.0,1718.7671778,-0.8399999999999939,-0.6799999999999939,50000.0,5.0,250000.0,-2099.9999999999845,-1699.999999999985
2025-11-21,LICHSGFIN,SHORT,A_MOD_BREAK_C1_LOW,MODERATE,2025-11-21 10:15:00+05:30,2025-11-21 10:30:00+05:30,548.5902722045898,552.320686055581,543.6529597547485,2025-11-21 15:30:00+05:30,546.8499755859375,EOD,0.7861533705826593,1.5861533705826592,37.56610107421875,10.757569313049316,2.3487579822540283,1.371658417443967,4.595345809316354,0.0027788029216967197,0.6635317391659754,0.0,552.320686055581,0.15723067411653185,0.31723067411653183,50000.0,5.0,250000.0,393.0766852913296,793.0766852913296
2025-11-21,SKIPPER,SHORT,A_MOD_BREAK_C1_LOW,MODERATE,2025-11-21 10:15:00+05:30,2025-11-21 10:30:00+05:30,480.15395,483.41899686,475.83256445,2025-11-21 12:00:00+05:30,483.41899686,SL,-4.199999999999983,-3.3999999999999835,22.199010848999023,18.86345100402832,4.138733386993408,1.545304797586029,3.7656821688906232,0.003962470928020251,0.46341350231254047,0.0,483.41899686,-0.8399999999999967,-0.6799999999999967,50000.0,5.0,250000.0,-2099.9999999999923,-1699.9999999999918
2025-11-21,EXICOM,SHORT,A_PULLBACK_C2_THEN_BREAK_C2_LOW,MODERATE,2025-11-21 10:15:00+05:30,2025-11-21 10:45:00+05:30,122.15999908447266,122.99068707824706,121.06055909271241,2025-11-21 10:50:00+05:30,121.06055909271241,TARGET,3.699999999999981,4.499999999999981,21.33663558959961,23.737506866455078,8.565678596496582,1.4810033796154238,2.876559945773237,0.00793130818582859,0.4392251252766933,0.0,122.99068707824706,0.7399999999999962,0.8999999999999962,50000.0,5.0,250000.0,1849.9999999999905,2249.999999999991
2025-11-21,AMBUJACEM,SHORT,A_MOD_BREAK_C1_LOW,MODERATE,2025-11-21 10:30:00+05:30,2025-11-21 10:45:00+05:30,546.9905555908203,550.7100913688379,542.067640590503,2025-11-21 12:55:00+05:30,550.7100913688379,SL,-4.199999999999956,-3.399999999999956,24.281179428100586,17.56734848022461,3.31527042388916,1.692837633881201,4.174948276286595,0.0033084462201695268,0.5204642773507189,0.0,550.7100913688379,-0.8399999999999912,-0.6799999999999912,50000.0,5.0,250000.0,-2099.999999999978,-1699.999999999978
2025-11-21,BATAINDIA,SHORT,A_MOD_BREAK_C1_LOW,MODERATE,2025-11-21 10:45:00+05:30,2025-11-21 11:00:00+05:30,999.3001,1006.0953406799999,990.3063991,2025-11-21 15:30:00+05:30,999.0,EOD,-0.6498449064500027,0.15015509354999718,22.701385498046875,24.736265182495117,9.783598899841309,1.337689800677938,2.7230233711250276,0.002858294896072318,0.43461649758934223,0.0,1006.0953406799999,-0.12996898129000053,0.030031018709999437,50000.0,5.0,250000.0,-324.92245322500133,75.0775467749986
2025-11-21,MANINFRA,SHORT,A_MOD_BREAK_C1_LOW,MODERATE,2025-11-21 10:45:00+05:30,2025-11-21 11:00:00+05:30,122.89000244140625,123.72565445800781,121.7839924194336,2025-11-21 15:12:00+05:30,123.72565445800781,SL,-4.199999999999977,-3.3999999999999773,44.46120834350586,16.800081253051758,3.638607978820801,1.746670990283243,3.9306805430298306,0.004465008675165093,0.8325855484521554,0.0,123.72565445800781,-0.8399999999999954,-0.6799999999999955,50000.0,5.0,250000.0,-2099.9999999999886,-1699.9999999999889
2025-11-24,ABSLAMC,SHORT,A_MOD_BREAK_C1_LOW,MODERATE,2025-11-24 10:00:00+05:30,2025-11-24 10:15:00+05:30,720.1559277954102,725.0529881044189,713.6745244452516,2025-11-24 15:30:00+05:30,720.0,EOD,-0.6917402541644391,0.1082597458355608,29.861141204833984,21.68262481689453,5.255009174346924,1.5548198981608439,3.774721680291396,0.004103446789143509,0.5800106002506573,0.0,725.0529881044189,-0.13834805083288781,0.02165194916711216,50000.0,5.0,250000.0,-345.87012708221954,54.1298729177804
2025-11-24,APOLLO,SHORT,A_MOD_BREAK_C1_LOW,MODERATE,2025-11-24 10:00:00+05:30,2025-11-24 10:15:00+05:30,264.4471,266.24534027999994,262.06707609999995,2025-11-24 11:37:00+05:30,262.06707609999995,TARGET,3.70000000000005,4.50000000000005,51.000091552734375,16.009464263916016,6.785434246063232,1.3106117811228024,3.9611858439217182,0.006955486707116038,0.8393570616964903,0.0,266.24534027999994,0.74000000000001,0.90000000000001,50000.0,5.0,250000.0,1850.000000000025,2250.000000000025
2025-11-24,EIMCOELECO,SHORT,A_MOD_BREAK_C1_LOW,MODERATE,2025-11-24 10:00:00+05:30,2025-11-24 10:15:00+05:30,1613.6772,1624.6502049599999,1599.1541052,2025-11-24 10:17:00+05:30,1599.1541052,TARGET,3.7000000000000255,4.500000000000025,30.568235397338867,18.837547302246094,11.045945167541504,1.7875342444665598,4.51435183767084,0.005802739736834547,0.6313420237417309,0.0,1624.6502049599999,0.7400000000000051,0.900000000000005,50000.0,5.0,250000.0,1850.0000000000127,2250.0000000000123
2025-11-24,PATELENG,SHORT,A_MOD_BREAK_C1_LOW,MODERATE,2025-11-24 10:00:00+05:30,2025-11-24 10:15:00+05:30,32.40999908447266,32.63038707824707,32.11830909271241,2025-11-24 10:19:00+05:30,32.11830909271241,TARGET,3.69999999999995,4.49999999999995,60.15544891357422,13.910638809204102,4.403496742248535,1.6512293865216754,4.913299431482317,0.0036055033969178796,0.8989651426412932,0.0,32.63038707824707,0.73999999999999,0.89999999999999,50000.0,5.0,250000.0,1849.999999999975,2249.999999999975
2025-11-24,PREMEXPLN,SHORT,A_MOD_BREAK_C1_LOW,MODERATE,2025-11-24 10:00:00+05:30,2025-11-24 10:15:00+05:30,538.3923,542.0533676399999,533.5467692999999,2025-11-24 10:16:00+05:30,533.5467692999999,TARGET,3.7000000000000375,4.500000000000038,44.78191375732422,10.644683837890625,5.074329853057861,1.9221601236369064,4.825698914030086,0.0057524777409699345,0.8681067279963217,0.0,542.0533676399999,0.7400000000000075,0.9000000000000076,50000.0,5.0,250000.0,1850.0000000000189,2250.000000000019
2025-11-24,TARC,SHORT,A_MOD_BREAK_C1_LOW,MODERATE,2025-11-24 10:00:00+05:30,2025-11-24 10:15:00+05:30,131.61000366210936,132.5049516870117,130.42551362915037,2025-11-24 10:26:00+05:30,130.42551362915037,TARGET,3.700000000000024,4.500000000000024,27.046070098876953,26.390321731567383,15.581374168395996,1.513143698296895,3.2124312952439933,0.006183580167105733,0.5304911986851109,0.0,132.5049516870117,0.7400000000000049,0.9000000000000048,50000.0,5.0,250000.0,1850.0000000000123,2250.000000000012
2025-11-24,PNBHOUSING,SHORT,A_MOD_BREAK_C1_LOW,MODERATE,2025-11-24 10:15:00+05:30,2025-11-24 10:30:00+05:30,878.9241555908203,884.9008398488378,871.013838190503,2025-11-24 15:03:00+05:30,871.013838190503,TARGET,3.6999999999999833,4.499999999999983,22.14148712158203,24.109432220458984,10.73045825958252,0.6599973839477888,2.3743723772958987,0.004046269167553295,0.30762184901459355,0.0,884.9008398488378,0.7399999999999967,0.8999999999999966,50000.0,5.0,250000.0,1849.9999999999916,2249.999999999992
2025-11-24,IRFC,SHORT,A_MOD_BREAK_C1_LOW,MODERATE,2025-11-24 10:30:00+05:30,2025-11-24 10:45:00+05:30,117.65999908447266,118.46008707824706,116.6010590927124,2025-11-24 14:59:00+05:30,116.6010590927124,TARGET,3.7000000000000046,4.5000000000000036,31.177478790283203,19.23985481262207,7.563994407653809,1.8191392774604092,3.1938861013800692,0.0032073441650316884,0.6460115554098196,0.0,118.46008707824706,0.7400000000000009,0.9000000000000008,50000.0,5.0,250000.0,1850.0000000000023,2250.000000000002
2025-11-24,RITCO,SHORT,A_MOD_BREAK_C1_LOW,MODERATE,2025-11-24 10:30:00+05:30,2025-11-24 10:45:00+05:30,265.2969361022949,267.1009552677905,262.90926367737427,2025-11-24 11:23:00+05:30,267.1009552677905,SL,-4.199999999999916,-3.399999999999916,47.80029296875,26.709138870239258,7.004756450653076,1.129591116855253,3.164289404621303,0.006519151053591484,0.7746828399809191,0.0,267.1009552677905,-0.8399999999999832,-0.6799999999999832,50000.0,5.0,250000.0,-2099.9999999999577,-1699.999999999958
2025-11-24,SFL,SHORT,A_MOD_BREAK_C1_LOW,MODERATE,2025-11-24 10:30:00+05:30,2025-11-24 10:45:00+05:30,600.9297777954101,605.0161002844188,595.5214097952514,2025-11-24 11:54:00+05:30,595.5214097952514,TARGET,3.700000000000009,4.500000000000009,26.98857879638672,18.962757110595703,7.692420959472656,1.8397270772285899,3.1835157834874224,0.003779106908681229,0.5867809204608039,0.0,605.0161002844188,0.7400000000000018,0.9000000000000018,50000.0,5.0,250000.0,1850.0000000000043,2250.0000000000045
2025-11-24,CERA,SHORT,A_MOD_BREAK_C1_LOW,MODERATE,2025-11-24 10:45:00+05:30,2025-11-24 11:00:00+05:30,5449.9098,5486.96918664,5400.860611800001,2025-11-24 13:36:00+05:30,5486.96918664,SL,-4.199999999999954,-3.399999999999954,53.60626220703125,9.918797492980957,2.41445255279541,2.0919902775494124,4.631559556472027,0.00432761565574695,0.96,0.0,5486.96918664,-0.8399999999999908,-0.6799999999999908,50000.0,5.0,250000.0,-2099.999999999977,-1699.999999999977
2025-11-24,HSCL,SHORT,A_MOD_BREAK_C1_LOW,MODERATE,2025-11-24 10:45:00+05:30,2025-11-24 11:00:00+05:30,433.16335,436.10886077999993,429.26487985,2025-11-24 11:36:00+05:30,429.26487985,TARGET,3.699999999999978,4.499999999999977,61.57027053833008,22.946622848510742,13.137398719787598,1.3913319613047095,2.8617673944346005,0.004270061068086355,0.8534830932283242,0.0,436.10886077999993,0.7399999999999956,0.8999999999999955,50000.0,5.0,250000.0,1849.9999999999889,2249.9999999999886
2025-11-24,BAJAJCON,SHORT,B_HUGE_RED_FAILED_BOUNCE,HUGE,2025-11-24 10:00:00+05:30,2025-11-24 11:30:00+05:30,257.49847779541017,259.24946744441894,255.18099149525148,2025-11-24 11:41:00+05:30,259.24946744441894,SL,-4.199999999999968,-3.399999999999968,45.03660583496094,14.076921463012695,13.863237380981445,1.772421525406585,5.16233156669382,0.006614529203534423,0.8857228544705664,0.0,259.24946744441894,-0.8399999999999936,-0.6799999999999936,50000.0,5.0,250000.0,-2099.999999999984,-1699.999999999984
2025-11-24,CAPACITE,SHORT,A_MOD_BREAK_C1_LOW,MODERATE,2025-11-24 11:15:00+05:30,2025-11-24 11:30:00+05:30,279.04418610229493,280.9416865677905,276.53278842737427,2025-11-24 11:49:00+05:30,280.9416865677905,SL,-4.199999999999934,-3.3999999999999337,32.70682144165039,23.617719650268555,10.09464168548584,1.2406554935913714,2.563247077528557,0.0069614599547388085,0.5677170330032457,0.0,280.9416865677905,-0.8399999999999868,-0.6799999999999867,50000.0,5.0,250000.0,-2099.999999999967,-1699.9999999999668
2025-11-24,CMSINFO,SHORT,A_MOD_BREAK_C1_LOW,MODERATE,2025-11-24 11:15:00+05:30,2025-11-24 11:30:00+05:30,349.88002220458986,352.25920635558106,346.73110200474855,2025-11-24 12:25:00+05:30,346.73110200474855,TARGET,3.7000000000000064,4.500000000000007,28.33957862854004,25.018070220947266,5.597850799560547,1.0401611902570467,2.1518003677367705,0.004174055473577507,0.4671218877230838,0.0,352.25920635558106,0.7400000000000013,0.9000000000000014,50000.0,5.0,250000.0,1850.0000000000034,2250.000000000003
2025-11-24,DEEPAKNTR,SHORT,A_MOD_BREAK_C1_LOW,MODERATE,2025-11-24 11:15:00+05:30,2025-11-24 11:30:00+05:30,1662.7673555908202,1674.0741736088376,1647.8024493905027,2025-11-24 11:43:00+05:30,1647.8024493905027,TARGET,3.7000000000000357,4.5000000000000355,54.55449295043945,12.442571640014648,3.2191109657287598,2.5058506072923814,4.382424219779454,0.0028762187062315136,0.96,0.0,1674.0741736088376,0.7400000000000071,0.900000000000007,50000.0,5.0,250000.0,1850.0000000000177,2250.0000000000177
2025-11-24,GREENPLY,SHORT,A_MOD_BREAK_C1_LOW,MODERATE,2025-11-24 11:15:00+05:30,2025-11-24 11:30:00+05:30,282.9434,284.86741512,280.39690939999997,2025-11-24 14:22:00+05:30,280.39690939999997,TARGET,3.7000000000000477,4.500000000000047,32.90599060058594,24.752168655395508,7.041782379150391,1.8272192240751046,2.757412049951155,0.004574567830056929,0.6733532232219324,0.0,284.86741512,0.7400000000000095,0.9000000000000095,50000.0,5.0,250000.0,1850.0000000000239,2250.0000000000236
2025-11-24,NHPC,SHORT,A_MOD_BREAK_C1_LOW,MODERATE,2025-11-24 11:15:00+05:30,2025-11-24 11:30:00+05:30,77.35000152587891,77.87598153625488,76.653851512146,2025-11-24 12:32:00+05:30,76.653851512146,TARGET,3.69999999999996,4.499999999999959,59.153968811035156,12.71422004699707,8.6094331741333,1.9264610240335545,3.3737019089050317,0.0036875802770214524,0.947130679205872,0.0,77.87598153625488,0.739999999999992,0.8999999999999919,50000.0,5.0,250000.0,1849.99999999998,2249.99999999998
2025-11-24,NYKAA,SHORT,A_MOD_BREAK_C1_LOW,MODERATE,2025-11-24 11:30:00+05:30,2025-11-24 11:45:00+05:30,266.5466861022949,268.35920356779053,264.1477659273743,2025-11-24 12:43:00+05:30,268.35920356779053,SL,-4.199999999999995,-3.3999999999999946,25.692760467529297,36.344871520996094,62.91971206665039,0.8864071192074523,1.278412289380514,0.006232269865060132,0.3644332673432693,0.0,268.35920356779053,-0.839999999999999,-0.6799999999999989,50000.0,5.0,250000.0,-2099.9999999999973,-1699.9999999999973
2025-11-24,RCF,SHORT,A_PULLBACK_C2_THEN_BREAK_C2_LOW,MODERATE,2025-11-24 11:30:00+05:30,2025-11-24 12:00:00+05:30,144.42999572753905,145.4121196984863,143.1301257659912,2025-11-24 15:30:00+05:30,143.89999389648438,EOD,1.0348052576782654,1.8348052576782652,43.562889099121094,20.830678939819336,6.697964668273926,1.5983012894899828,2.6027919240945514,0.0031279347916243765,0.7931460621475634,0.0,145.4121196984863,0.20696105153565308,0.36696105153565306,50000.0,5.0,250000.0,517.4026288391327,917.4026288391327
2025-11-24,ROUTE,SHORT,A_MOD_BREAK_C1_LOW,MODERATE,2025-11-24 11:45:00+05:30,2025-11-24 12:00:00+05:30,659.6680277954101,664.1537703844189,653.7310155452515,2025-11-24 13:06:00+05:30,653.7310155452515,TARGET,3.6999999999999766,4.499999999999976,32.02764129638672,27.69122314453125,14.35573673248291,1.0143202757417014,2.028083594893523,0.004452453708073985,0.5179206677005985,0.0,664.1537703844189,0.7399999999999953,0.8999999999999952,50000.0,5.0,250000.0,1849.9999999999884,2249.999999999988
2025-11-24,SPIC,SHORT,A_MOD_BREAK_C1_LOW,MODERATE,2025-11-24 11:45:00+05:30,2025-11-24 12:00:00+05:30,86.00000305175782,86.58480307250976,85.226003024292,2025-11-24 12:11:00+05:30,85.226003024292,TARGET,3.699999999999981,4.499999999999981,29.902280807495117,27.43759536743164,4.213919639587402,1.4403012987316028,2.18618122327361,0.003739754519202887,0.5605869393904572,0.0,86.58480307250976,0.7399999999999962,0.8999999999999962,50000.0,5.0,250000.0,1849.9999999999905,2249.999999999991
2025-11-24,GSFC,SHORT,A_MOD_BREAK_C1_LOW,MODERATE,2025-11-24 12:00:00+05:30,2025-11-24 12:15:00+05:30,184.7500030517578,186.00630307250975,183.08725302429198,2025-11-24 15:27:00+05:30,183.08725302429198,TARGET,3.6999999999999966,4.4999999999999964,35.188663482666016,15.43320083618164,0.5106197595596313,2.8475998720947118,3.10873747737728,0.0035095804504984003,0.7378299522399903,0.0,186.00630307250975,0.7399999999999993,0.8999999999999992,50000.0,5.0,250000.0,1849.9999999999984,2249.999999999998
2025-11-24,SENCO,SHORT,A_MOD_BREAK_C1_LOW,MODERATE,2025-11-24 12:00:00+05:30,2025-11-24 12:15:00+05:30,316.53668610229494,318.6891355677905,313.6878559273743,2025-11-24 15:30:00+05:30,316.0,EOD,0.047747079340901694,0.8477470793409015,21.252717971801758,35.200828552246094,12.304226875305176,1.1029460149604038,1.4531619934601139,0.0036193660233278585,0.3444644218681027,0.0,318.6891355677905,0.009549415868180339,0.16954941586818031,50000.0,5.0,250000.0,23.87353967045085,423.8735396704508
2025-11-24,GICHSGFIN,SHORT,B_HUGE_RED_FAILED_BOUNCE,HUGE,2025-11-24 10:00:00+05:30,2025-11-24 13:30:00+05:30,166.9899932861328,168.12552524047848,165.4870833465576,2025-11-24 15:30:00+05:30,167.0,EOD,-0.8299620164965592,-0.02996201649655928,24.3962345123291,19.190811157226562,2.959256887435913,1.5866983292227674,3.6429851418490453,0.003203840961510822,0.5436157252989208,0.0,168.12552524047848,-0.16599240329931184,-0.005992403299311856,50000.0,5.0,250000.0,-414.9810082482796,-14.981008248279641
2025-11-24,EMAMILTD,SHORT,A_MOD_BREAK_C1_LOW,MODERATE,2025-11-24 13:15:00+05:30,2025-11-24 13:30:00+05:30,506.8986,510.34551048,502.3365126,2025-11-24 15:30:00+05:30,504.04998779296875,EOD,2.0098442242997296,2.8098442242997295,24.449857711791992,30.771276473999023,21.08515739440918,1.699211507666444,2.3774483971270475,0.0029571130394406833,0.5241098795185075,0.0,510.34551048,0.40196884485994594,0.5619688448599459,50000.0,5.0,250000.0,1004.9221121498648,1404.9221121498647
2025-11-24,UPL,SHORT,A_MOD_BREAK_C1_LOW,MODERATE,2025-11-24 13:15:00+05:30,2025-11-24 13:30:00+05:30,743.9511555908203,749.0100234488378,737.255595190503,2025-11-24 15:30:00+05:30,737.255595190503,TARGET,3.7000000000000055,4.500000000000005,25.46122932434082,33.757755279541016,13.168937683105469,2.479150476899587,2.0996129358570306,0.0032617977334606038,0.5919184398651123,0.0,749.0100234488378,0.7400000000000011,0.900000000000001,50000.0,5.0,250000.0,1850.0000000000027,2250.0000000000023
2025-11-24,CROMPTON,SHORT,A_MOD_BREAK_C1_LOW,MODERATE,2025-11-24 13:30:00+05:30,2025-11-24 13:45:00+05:30,266.19675,268.0068879,263.80097925,2025-11-24 15:30:00+05:30,265.3500061035156,EOD,0.790447472563778,1.590447472563778,30.041261672973633,33.2274284362793,10.193985939025879,1.9275378275520856,1.5850071760255409,0.0026812364735041777,0.6271884037174964,0.0,268.0068879,0.1580894945127556,0.3180894945127556,50000.0,5.0,250000.0,395.22373628188905,795.2237362818889
2025-11-24,ARIHANTCAP,LONG,B_HUGE_C1_CLOSE_RECLAIM_BREAK,HUGE,2025-11-24 13:45:00+05:30,2025-11-24 14:15:00+05:30,99.96999816894531,99.39017217956543,101.0696681488037,2025-11-24 14:21:00+05:30,101.0696681488037,TARGET,4.69999999999996,5.499999999999959,21.680925369262695,69.22948455810547,78.42223358154297,1.7710342940371955,3.0129510990311132,0.007177159930154999,6.327665478114447,0.0,99.39017217956543,0.939999999999992,1.0999999999999919,100000.0,5.0,500000.0,4699.999999999959,5499.99999999996
2025-11-24,KALYANKJIL,SHORT,A_MOD_BREAK_C1_LOW,MODERATE,2025-11-24 14:00:00+05:30,2025-11-24 14:15:00+05:30,488.9022,492.22673495999993,484.50208019999997,2025-11-24 15:01:00+05:30,484.50208019999997,TARGET,3.7000000000000286,4.500000000000028,46.976627349853516,28.546566009521484,2.3392083644866943,4.075148593290259,3.1720557484145786,0.00287759011508497,0.9146494102478027,0.0,492.22673495999993,0.7400000000000058,0.9000000000000057,50000.0,5.0,250000.0,1850.0000000000143,2250.000000000014
2025-11-24,HINDPETRO,SHORT,A_MOD_BREAK_C1_LOW,MODERATE,2025-11-24 14:15:00+05:30,2025-11-24 14:30:00+05:30,464.5070861022949,467.6657342877905,460.3265223273743,2025-11-24 15:30:00+05:30,463.79998779296875,EOD,-0.03887241929991639,0.7611275807000835,27.59736442565918,26.49472999572754,10.379019737243652,3.327155539160383,2.8171817317507446,0.003287258712194299,0.6239604663848877,0.0,467.6657342877905,-0.007774483859983278,0.1522255161400167,50000.0,5.0,250000.0,-19.436209649958197,380.56379035004176
2025-11-25,THOMASCOOK,SHORT,A_MOD_BREAK_C1_LOW,MODERATE,2025-11-25 11:30:00+05:30,2025-11-25 11:45:00+05:30,152.14999694824218,153.1846169274902,150.780646975708,2025-11-25 14:29:00+05:30,150.780646975708,TARGET,3.6999999999999575,4.499999999999958,38.510013580322266,30.257902145385742,8.636500358581543,1.246299558216855,1.6425812767385664,0.005934428033502844,0.637881690229712,0.0,153.1846169274902,0.7399999999999916,0.8999999999999916,50000.0,5.0,250000.0,1849.9999999999789,2249.999999999979
2025-11-25,SKIPPER,SHORT,A_MOD_BREAK_C1_LOW,MODERATE,2025-11-25 12:45:00+05:30,2025-11-25 13:00:00+05:30,471.20572779541016,474.4099267444189,466.96487624525145,2025-11-25 13:03:00+05:30,466.96487624525145,TARGET,3.700000000000019,4.500000000000019,20.290042877197266,33.9566535949707,13.743206024169922,1.6523230196287007,1.687681825933679,0.004641275202880104,0.4378912628896655,0.0,474.4099267444189,0.7400000000000038,0.9000000000000038,50000.0,5.0,250000.0,1850.0000000000093,2250.0000000000095
2025-11-25,THEJO,SHORT,A_MOD_BREAK_C1_LOW,MODERATE,2025-11-25 13:45:00+05:30,2025-11-25 14:00:00+05:30,1667.2664555908202,1678.6038674888377,1652.2610574905027,2025-11-25 15:30:00+05:30,1652.2610574905027,TARGET,3.7000000000000375,4.500000000000038,34.17660903930664,39.04301452636719,16.885704040527344,2.0026435542622942,2.187042630924211,0.0029555034315256615,0.7226491355895996,0.0,1678.6038674888377,0.7400000000000075,0.9000000000000076,50000.0,5.0,250000.0,1850.0000000000189,2250.000000000019
2025-11-26,CHENNPETRO,SHORT,A_MOD_BREAK_C1_LOW,MODERATE,2025-11-26 12:15:00+05:30,2025-11-26 12:30:00+05:30,939.9119555908203,946.3033568888378,931.4527479905029,2025-11-26 12:33:00+05:30,931.4527479905029,TARGET,3.700000000000024,4.500000000000024,33.180023193359375,27.641666412353516,12.254437446594238,1.5617576790377368,2.420239007864127,0.01319456911172009,0.6310079417319945,0.0,946.3033568888378,0.7400000000000049,0.9000000000000048,50000.0,5.0,250000.0,1850.0000000000123,2250.000000000012
2025-11-26,JAMNAAUTO,LONG,B_HUGE_GREEN_PULLBACK_HOLD_THEN_BREAK,HUGE,2025-11-26 11:15:00+05:30,2025-11-26 13:30:00+05:30,109.55,108.91461,110.75504999999998,2025-11-26 15:30:00+05:30,109.9000015258789,EOD,0.7974510537604251,1.597451053760425,41.689422607421875,83.249267578125,94.23776245117188,2.0941308040849482,4.475734182051258,0.00609459259115511,9.26025222680271,0.0,108.91461,0.15949021075208503,0.319490210752085,100000.0,5.0,500000.0,797.4510537604251,1597.451053760425
2025-11-26,POKARNA,LONG,B_HUGE_GREEN_PULLBACK_HOLD_THEN_BREAK,HUGE,2025-11-26 10:30:00+05:30,2025-11-26 13:45:00+05:30,941.6383022094726,936.1768000566576,951.9963235337767,2025-11-26 15:30:00+05:30,941.9000244140625,EOD,-0.6610282716963728,0.13897172830362708,43.61187744140625,75.93956756591797,92.69928741455078,2.4422484393254003,3.360460023515286,0.007665469728506253,8.400871108160912,0.0,936.1768000566576,-0.13220565433927456,0.027794345660725417,100000.0,5.0,500000.0,-661.0282716963728,138.9717283036271
2025-11-26,FUSION,LONG,B_HUGE_C1_CLOSE_RECLAIM_BREAK,HUGE,2025-11-26 13:15:00+05:30,2025-11-26 13:45:00+05:30,176.62000732421876,175.5956112817383,178.56282740478514,2025-11-26 15:25:00+05:30,178.56282740478514,TARGET,4.699999999999919,5.499999999999919,32.64065933227539,77.66690063476562,89.4233169555664,3.17850484512902,3.7211249644207816,0.008996832123815602,9.189634151780316,0.0,175.5956112817383,0.939999999999984,1.0999999999999839,100000.0,5.0,500000.0,4699.99999999992,5499.999999999919
2025-11-26,MANINFRA,LONG,B_HUGE_C1_CLOSE_RECLAIM_BREAK,HUGE,2025-11-26 13:45:00+05:30,2025-11-26 14:15:00+05:30,126.42999725341797,125.69670326934813,127.82072722320555,2025-11-26 14:16:00+05:30,127.82072722320555,TARGET,4.699999999999953,5.499999999999953,32.84583282470703,73.46520233154297,66.99813079833984,3.459372176229423,3.7015072921578764,0.005312776507452907,9.440916266612742,0.0,125.69670326934813,0.9399999999999906,1.0999999999999905,100000.0,5.0,500000.0,4699.999999999954,5499.999999999953
2025-11-27,BLS,LONG,B_HUGE_C1_CLOSE_RECLAIM_BREAK,HUGE,2025-11-27 10:30:00+05:30,2025-11-27 11:00:00+05:30,318.21362389526365,316.36798487667113,321.71397375811154,2025-11-27 11:01:00+05:30,321.71397375811154,TARGET,4.699999999999975,5.499999999999975,22.998836517333984,69.61653137207031,81.59867095947266,2.702571826473124,2.2098231771379164,0.004860681968485024,7.119042878009332,0.0,316.36798487667113,0.9399999999999951,1.099999999999995,100000.0,5.0,500000.0,4699.999999999975,5499.9999999999745
2025-11-27,AVANTIFEED,SHORT,A_MOD_BREAK_C1_LOW,MODERATE,2025-11-27 10:45:00+05:30,2025-11-27 11:00:00+05:30,814.58705,820.1262419399999,807.25576655,2025-11-27 12:28:00+05:30,807.25576655,TARGET,3.700000000000001,4.500000000000001,26.87969207763672,19.620609283447266,4.338051795959473,2.1666168245452075,3.4139494127827916,0.005916941597027587,0.6131953811645507,0.0,820.1262419399999,0.7400000000000002,0.9000000000000001,50000.0,5.0,250000.0,1850.0000000000005,2250.0000000000005
2025-11-27,MOTHERSON,LONG,B_HUGE_C1_CLOSE_RECLAIM_BREAK,HUGE,2025-11-27 10:45:00+05:30,2025-11-27 11:15:00+05:30,113.89999847412109,113.23937848297119,115.1528984573364,2025-11-27 11:16:00+05:30,115.1528984573364,TARGET,4.699999999999925,5.499999999999924,35.6782341003418,81.75789642333984,82.97447204589844,2.1822828951895983,4.286296510754236,0.0038584662880438575,8.849935801483252,0.0,113.23937848297119,0.9399999999999848,1.0999999999999848,100000.0,5.0,500000.0,4699.999999999924,5499.9999999999245
2025-11-27,LTTS,LONG,B_HUGE_GREEN_PULLBACK_HOLD_THEN_BREAK,HUGE,2025-11-27 10:45:00+05:30,2025-11-27 13:15:00+05:30,4375.774882324219,4350.395388006738,4423.9084060297855,2025-11-27 15:30:00+05:30,4377.0,EOD,-0.6600113455642209,0.13998865443577901,41.342506408691406,82.14935302734375,79.21332550048828,1.3971945972027722,3.3531544336301207,0.00486506594760567,7.369551350656799,0.0,4350.395388006738,-0.13200226911284418,0.027997730887155806,100000.0,5.0,500000.0,-660.011345564221,139.988654435779
2025-11-28,TRITURBINE,SHORT,A_MOD_BREAK_C1_LOW,MODERATE,2025-11-28 10:00:00+05:30,2025-11-28 10:15:00+05:30,534.2931444091797,537.926337791162,529.4845061094971,2025-11-28 11:27:00+05:30,537.926337791162,SL,-4.199999999999909,-3.399999999999908,21.91677474975586,27.824674606323242,45.04840850830078,0.932994594675281,2.3652133296069153,0.004369097815350035,0.35202567531451207,0.0,537.926337791162,-0.8399999999999817,-0.6799999999999816,50000.0,5.0,250000.0,-2099.9999999999545,-1699.999999999954
2025-12-01,ZUARI,SHORT,A_MOD_BREAK_C1_LOW,MODERATE,2025-12-01 10:30:00+05:30,2025-12-01 10:45:00+05:30,273.89522220458986,275.75770971558103,271.43016520474856,2025-12-01 10:54:00+05:30,271.43016520474856,TARGET,3.6999999999999744,4.499999999999974,26.17740249633789,49.98683547973633,35.333438873291016,1.5244679149942104,0.04509623300889583,0.006153358279971669,0.42169773421949996,0.0,275.75770971558103,0.7399999999999949,0.8999999999999949,50000.0,5.0,250000.0,1849.9999999999873,2249.9999999999873
2025-12-01,MUKKA,LONG,B_HUGE_C1_CLOSE_RECLAIM_BREAK,HUGE,2025-12-01 11:30:00+05:30,2025-12-01 12:00:00+05:30,26.470000076293946,26.316474075851442,26.761170077133176,2025-12-01 12:01:00+05:30,26.761170077133176,TARGET,4.69999999999994,5.49999999999994,29.642925262451172,78.17723083496094,82.37701416015625,1.1246742392653652,3.8362373934926723,0.00984104379798016,6.626270358113748,0.0,26.316474075851442,0.939999999999988,1.0999999999999879,100000.0,5.0,500000.0,4699.999999999939,5499.999999999939
2025-12-01,DCXINDIA,SHORT,A_MOD_BREAK_C1_LOW,MODERATE,2025-12-01 11:45:00+05:30,2025-12-01 12:00:00+05:30,181.84999389648436,183.08657385498043,180.213343951416,2025-12-01 12:11:00+05:30,180.213343951416,TARGET,3.7000000000000313,4.50000000000003,35.4075927734375,28.15054702758789,22.472488403320312,1.5135853518707478,1.6494373013373043,0.006519196825670583,0.6384631932458085,0.0,183.08657385498043,0.7400000000000062,0.9000000000000061,50000.0,5.0,250000.0,1850.0000000000155,2250.0000000000155
2025-12-01,GPTINFRA,LONG,B_HUGE_GREEN_PULLBACK_HOLD_THEN_BREAK,HUGE,2025-12-01 11:45:00+05:30,2025-12-01 13:15:00+05:30,111.02000122070312,110.37608521362304,112.24122123413085,2025-12-01 15:25:00+05:30,110.37608521362304,SL,-3.7000000000000064,-2.900000000000007,40.102325439453125,78.29256439208984,72.5237045288086,1.3067083647018707,4.049219601039675,0.005235302930914782,7.472962827848985,0.0,110.37608521362304,-0.7400000000000013,-0.5800000000000014,100000.0,5.0,500000.0,-3700.000000000007,-2900.0000000000073
2025-12-01,ANURAS,LONG,B_HUGE_GREEN_PULLBACK_HOLD_THEN_BREAK,HUGE,2025-12-01 11:45:00+05:30,2025-12-01 13:45:00+05:30,1232.2464,1225.09937088,1245.8011104,2025-12-01 14:08:00+05:30,1245.8011104,TARGET,4.69999999999999,5.49999999999999,32.94090270996094,64.7142105102539,65.22846984863281,3.3460030416905866,1.9503645938200507,0.005064651400400058,7.752342020031033,0.0,1225.09937088,0.9399999999999982,1.099999999999998,100000.0,5.0,500000.0,4699.999999999991,5499.99999999999
2025-12-01,THANGAMAYL,LONG,B_HUGE_GREEN_PULLBACK_HOLD_THEN_BREAK,HUGE,2025-12-01 10:45:00+05:30,2025-12-01 14:00:00+05:30,3356.6712,3337.20250704,3393.5945831999998,2025-12-01 15:30:00+05:30,3351.0,EOD,-1.6447654926702717,-0.8447654926702719,45.13240432739258,82.82417297363281,68.63228607177734,1.5700502227509738,3.563193082262373,0.0068588354061796565,7.68111192549388,0.0,3337.20250704,-0.32895309853405436,-0.16895309853405438,100000.0,5.0,500000.0,-1644.765492670272,-844.7654926702719
2025-12-01,NMDC,LONG,B_HUGE_GREEN_PULLBACK_HOLD_THEN_BREAK,HUGE,2025-12-01 12:30:00+05:30,2025-12-01 14:00:00+05:30,73.2000015258789,72.77544151702881,74.00520154266357,2025-12-01 14:53:00+05:30,72.77544151702881,SL,-3.699999999999972,-2.899999999999973,34.227413177490234,69.28108215332031,72.09820556640625,1.2981366246791535,2.01435020231017,0.004738963379405844,5.393407319470933,0.0,72.77544151702881,-0.7399999999999944,-0.5799999999999945,100000.0,5.0,500000.0,-3699.9999999999723,-2899.9999999999723
2025-12-01,EICHERMOT,LONG,B_HUGE_C1_CLOSE_RECLAIM_BREAK,HUGE,2025-12-01 13:45:00+05:30,2025-12-01 14:15:00+05:30,7174.4346,7132.82287932,7253.353380599999,2025-12-01 14:39:00+05:30,7132.82287932,SL,-3.6999999999999975,-2.8999999999999977,35.32942199707031,71.13644409179688,85.34105682373047,3.3868287019841565,3.1119164156626504,0.0028927924160044613,8.72895508345603,0.0,7132.82287932,-0.7399999999999995,-0.5799999999999995,100000.0,5.0,500000.0,-3699.9999999999977,-2899.9999999999977
2025-12-02,GOKEX,SHORT,A_MOD_BREAK_C1_LOW,MODERATE,2025-12-02 10:00:00+05:30,2025-12-02 10:15:00+05:30,877.7744222045899,883.743288275581,869.8744524047486,2025-12-02 12:05:00+05:30,869.8744524047486,TARGET,3.6999999999999957,4.499999999999995,32.29594421386719,23.94261932373047,4.655900001525879,1.0359300809364411,3.923902704120727,0.005781608583270114,0.525726927371885,0.0,883.743288275581,0.7399999999999991,0.899999999999999,50000.0,5.0,250000.0,1849.9999999999977,2249.9999999999977
2025-12-02,IRCTC,SHORT,A_MOD_BREAK_C1_LOW,MODERATE,2025-12-02 10:00:00+05:30,2025-12-02 10:15:00+05:30,680.5638722045899,685.191706535581,674.4387973547485,2025-12-02 15:30:00+05:30,680.0,EOD,-0.3857316060847554,0.4142683939152445,32.826141357421875,34.43675231933594,17.48401641845703,1.1847812662376644,2.234148209965694,0.0024815029490313635,0.5597288419529194,0.0,685.191706535581,-0.07714632121695107,0.0828536787830489,50000.0,5.0,250000.0,-192.86580304237768,207.13419695762227
2025-12-02,MEDANTA,SHORT,A_MOD_BREAK_C1_LOW,MODERATE,2025-12-02 10:00:00+05:30,2025-12-02 10:15:00+05:30,1214.2571,1222.51404828,1203.3287861000001,2025-12-02 11:17:00+05:30,1222.51404828,SL,-4.199999999999983,-3.3999999999999835,24.030858993530273,25.622682571411133,5.103638648986816,1.250006447304692,3.5175282579279727,0.004751725312229888,0.43921401318127523,0.0,1222.51404828,-0.8399999999999967,-0.6799999999999967,50000.0,5.0,250000.0,-2099.9999999999923,-1699.9999999999918
2025-12-02,MANAPPURAM,SHORT,A_MOD_BREAK_C1_LOW,MODERATE,2025-12-02 11:15:00+05:30,2025-12-02 11:30:00+05:30,277.04458610229494,278.9284892877905,274.5511848273743,2025-12-02 12:55:00+05:30,274.5511848273743,TARGET,3.6999999999999797,4.49999999999998,23.879159927368164,23.17386245727539,2.652043342590332,2.0842193390773067,3.1530885340664927,0.004059157907383801,0.5681873989105224,0.0,278.9284892877905,0.739999999999996,0.8999999999999959,50000.0,5.0,250000.0,1849.99999999999,2249.99999999999
2025-12-02,PCBL,SHORT,A_MOD_BREAK_C1_LOW,MODERATE,2025-12-02 11:15:00+05:30,2025-12-02 11:30:00+05:30,318.5362861022949,320.7023328477905,315.6694595273743,2025-12-02 15:30:00+05:30,318.0,EOD,0.04179750579922953,0.8417975057992294,29.518596649169922,25.715896606445312,5.710113048553467,1.6004635462366894,2.7290614279934498,0.0036078512902353323,0.5828600703289695,0.0,320.7023328477905,0.008359501159845906,0.16835950115984588,50000.0,5.0,250000.0,20.898752899614763,420.8987528996147
2025-12-02,CAMS,SHORT,A_MOD_BREAK_C1_LOW,MODERATE,2025-12-02 12:00:00+05:30,2025-12-02 12:15:00+05:30,767.9463555908203,773.1683908088378,761.034838390503,2025-12-02 15:30:00+05:30,769.4000244140625,EOD,-1.7464650835694213,-0.9464650835694213,37.935733795166016,29.043964385986328,6.669629096984863,1.2154184710008487,2.097200739427321,0.004209885345066229,0.6417342393526388,0.0,773.1683908088378,-0.34929301671388424,-0.18929301671388427,50000.0,5.0,250000.0,-873.2325417847105,-473.23254178471063
2025-12-02,JTEKTINDIA,SHORT,A_MOD_BREAK_C1_LOW,MODERATE,2025-12-02 12:15:00+05:30,2025-12-02 12:30:00+05:30,150.5500061035156,151.5737461450195,149.19505604858398,2025-12-02 15:08:00+05:30,151.5737461450195,SL,-4.199999999999929,-3.3999999999999293,42.372745513916016,24.553115844726562,6.130212306976318,1.7482887756607188,2.817403901220574,0.005677276880873646,0.8015417184493658,0.0,151.5737461450195,-0.8399999999999859,-0.6799999999999858,50000.0,5.0,250000.0,-2099.9999999999645,-1699.9999999999645
2025-12-03,MAXHEALTH,SHORT,A_MOD_BREAK_C1_LOW,MODERATE,2025-12-03 10:00:00+05:30,2025-12-03 10:15:00+05:30,1094.4810111816407,1101.9234820576758,1084.630682081006,2025-12-03 14:25:00+05:30,1084.630682081006,TARGET,3.7000000000000064,4.500000000000007,50.723819732666016,18.340787887573242,4.898411273956299,0.9511068066730791,4.210866656671995,0.004220479590707718,0.7764436911677888,0.0,1101.9234820576758,0.7400000000000013,0.9000000000000014,50000.0,5.0,250000.0,1850.0000000000034,2250.000000000003
2025-12-03,NDRAUTO,SHORT,A_MOD_BREAK_C1_LOW,MODERATE,2025-12-03 10:00:00+05:30,2025-12-03 10:15:00+05:30,837.0325722045899,842.724393695581,829.4992790547485,2025-12-03 11:56:00+05:30,842.724393695581,SL,-4.199999999999977,-3.3999999999999773,28.643695831298828,42.516021728515625,8.049524307250977,2.030985647111596,1.0457650712067674,0.0110931476051958,0.5919436910298208,0.0,842.724393695581,-0.8399999999999954,-0.6799999999999955,50000.0,5.0,250000.0,-2099.9999999999886,-1699.9999999999889
2025-12-03,PFC,SHORT,A_MOD_BREAK_C1_LOW,MODERATE,2025-12-03 10:00:00+05:30,2025-12-03 10:15:00+05:30,355.4289,357.84581651999997,352.2300399,2025-12-03 10:47:00+05:30,352.2300399,TARGET,3.699999999999987,4.499999999999987,26.03301239013672,26.561464309692383,4.996022701263428,1.3589104644537484,3.169304488427811,0.003634186756083099,0.4883045171314568,0.0,357.84581651999997,0.7399999999999973,0.8999999999999974,50000.0,5.0,250000.0,1849.9999999999934,2249.999999999993
2025-12-03,ABCAPITAL,SHORT,A_MOD_BREAK_C1_LOW,MODERATE,2025-12-03 10:15:00+05:30,2025-12-03 10:30:00+05:30,351.2797361022949,353.6684383077905,348.1182184773743,2025-12-03 11:23:00+05:30,348.1182184773743,TARGET,3.699999999999972,4.499999999999972,21.28103256225586,30.491655349731445,5.937608242034912,1.5046980671144878,2.588916297684683,0.0035749844472300167,0.4425376501788733,0.0,353.6684383077905,0.7399999999999944,0.8999999999999944,50000.0,5.0,250000.0,1849.9999999999861,2249.999999999986
2025-12-03,BANKINDIA,SHORT,A_MOD_BREAK_C1_LOW,MODERATE,2025-12-03 10:15:00+05:30,2025-12-03 10:30:00+05:30,142.3000061035156,143.2676461450195,141.01930604858399,2025-12-03 11:01:00+05:30,141.01930604858399,TARGET,3.6999999999999575,4.499999999999958,35.57425308227539,14.579120635986328,4.427284240722656,1.4258680088171913,4.177033179666015,0.005436683998004958,0.6431406977771392,0.0,143.2676461450195,0.7399999999999916,0.8999999999999916,50000.0,5.0,250000.0,1849.9999999999789,2249.999999999979
2025-12-03,BHEL,SHORT,A_MOD_BREAK_C1_LOW,MODERATE,2025-12-03 10:15:00+05:30,2025-12-03 10:30:00+05:30,281.69365,283.60916682,279.15840715,2025-12-03 11:41:00+05:30,279.15840715,TARGET,3.6999999999999558,4.499999999999956,37.96989059448242,19.439971923828125,4.608034133911133,1.7562849090827914,3.253571547780569,0.005044110755584078,0.7368982180067247,0.0,283.60916682,0.7399999999999911,0.899999999999991,50000.0,5.0,250000.0,1849.9999999999777,2249.9999999999777
2025-12-03,GAIL,SHORT,A_MOD_BREAK_C1_LOW,MODERATE,2025-12-03 10:15:00+05:30,2025-12-03 10:30:00+05:30,166.66000671386718,167.79329475952147,165.16006665344236,2025-12-03 12:42:00+05:30,165.16006665344236,TARGET,3.7000000000000446,4.500000000000044,23.016292572021484,18.257160186767578,1.6768720149993896,2.1497774180396823,4.545976019577894,0.0029462164430144157,0.5552443885803222,0.0,167.79329475952147,0.7400000000000089,0.9000000000000089,50000.0,5.0,250000.0,1850.0000000000223,2250.0000000000223
2025-12-03,NCC,SHORT,A_MOD_BREAK_C1_LOW,MODERATE,2025-12-03 10:15:00+05:30,2025-12-03 10:30:00+05:30,169.45999450683593,170.6123224694824,167.9348545562744,2025-12-03 10:56:00+05:30,170.6123224694824,SL,-4.1999999999999496,-3.3999999999999493,21.433307647705078,27.951587677001953,3.571868658065796,1.7619595803263026,3.10293542074364,0.00356216809727559,0.48984254127267907,0.0,170.6123224694824,-0.8399999999999899,-0.6799999999999898,50000.0,5.0,250000.0,-2099.9999999999745,-1699.9999999999745
2025-12-03,SBFC,SHORT,A_MOD_BREAK_C1_LOW,MODERATE,2025-12-03 10:15:00+05:30,2025-12-03 10:30:00+05:30,105.45,106.16705999999999,104.50095,2025-12-03 12:14:00+05:30,106.16705999999999,SL,-4.1999999999999496,-3.3999999999999497,43.05889892578125,26.117868423461914,31.249711990356445,1.0119753433526506,1.7099536636050994,0.004549763778939632,0.6684768521536875,0.0,106.16705999999999,-0.8399999999999899,-0.67999999999999,50000.0,5.0,250000.0,-2099.9999999999745,-1699.999999999975
2025-12-03,RVNL,SHORT,A_PULLBACK_C2_THEN_BREAK_C2_LOW,MODERATE,2025-12-03 10:15:00+05:30,2025-12-03 10:45:00+05:30,314.2371277954102,316.37394026441893,311.4089936452515,2025-12-03 14:35:00+05:30,311.4089936452515,TARGET,3.6999999999999966,4.4999999999999964,30.831857681274414,24.541425704956055,8.206809043884277,1.5912466895081863,2.8010864067073955,0.0030518202241321345,0.6009460358830487,0.0,316.37394026441893,0.7399999999999993,0.8999999999999992,50000.0,5.0,250000.0,1849.9999999999984,2249.999999999998
2025-12-03,CANBK,SHORT,A_MOD_BREAK_C1_LOW,MODERATE,2025-12-03 10:30:00+05:30,2025-12-03 10:45:00+05:30,148.22999877929686,149.23796277099606,146.8959287902832,2025-12-03 11:21:00+05:30,146.8959287902832,TARGET,3.6999999999999957,4.499999999999995,36.2894287109375,20.54068946838379,3.428738832473755,2.368742761704868,3.971776534975038,0.005468577348190582,0.7543414306640626,0.0,149.23796277099606,0.7399999999999991,0.899999999999999,50000.0,5.0,250000.0,1849.9999999999977,2249.9999999999977
2025-12-03,CENTRALBK,SHORT,A_MOD_BREAK_C1_LOW,MODERATE,2025-12-03 10:30:00+05:30,2025-12-03 10:45:00+05:30,37.35999984741211,37.61404784637451,37.0237598487854,2025-12-03 15:30:00+05:30,37.310001373291016,EOD,-0.13085553633159427,0.6691444636684056,57.742088317871094,19.7020320892334,4.2494611740112305,2.1081808838642555,4.069564111531491,0.0043724002273369915,0.96,0.0,37.61404784637451,-0.026171107266318855,0.13382889273368112,50000.0,5.0,250000.0,-65.42776816579713,334.5722318342028
2025-12-03,CROMPTON,SHORT,A_MOD_BREAK_C1_LOW,MODERATE,2025-12-03 10:30:00+05:30,2025-12-03 10:45:00+05:30,257.0485861022949,258.7965164877905,254.73514882737425,2025-12-03 15:30:00+05:30,257.3999938964844,EOD,-1.4835435267666162,-0.6835435267666162,26.785282135009766,16.012773513793945,5.397366046905518,2.050907934012633,3.7858449451910943,0.0036936285159137536,0.6117792320251465,0.0,258.7965164877905,-0.2967087053533232,-0.13670870535332325,50000.0,5.0,250000.0,-741.7717633833081,-341.7717633833081
2025-12-03,LTF,SHORT,A_MOD_BREAK_C1_LOW,MODERATE,2025-12-03 10:30:00+05:30,2025-12-03 10:45:00+05:30,302.13957220458985,304.19412129558106,299.4203160547485,2025-12-03 11:04:00+05:30,299.4203160547485,TARGET,3.700000000000033,4.500000000000033,24.355043411254883,18.426218032836914,9.256782531738281,1.7224407662696175,2.7424516353227895,0.004311464978720462,0.5267527852660063,0.0,304.19412129558106,0.7400000000000067,0.9000000000000066,50000.0,5.0,250000.0,1850.0000000000166,2250.0000000000164
2025-12-03,PARACABLES,SHORT,A_MOD_BREAK_C1_LOW,MODERATE,2025-12-03 10:30:00+05:30,2025-12-03 10:45:00+05:30,38.10999984741211,38.36914784637451,37.767009848785406,2025-12-03 11:21:00+05:30,38.36914784637451,SL,-4.199999999999939,-3.399999999999939,44.912174224853516,24.792633056640625,12.967379570007324,0.9240689564870194,2.0157168692327514,0.006787600494053216,0.6953946807580311,0.0,38.36914784637451,-0.8399999999999879,-0.6799999999999878,50000.0,5.0,250000.0,-2099.9999999999695,-1699.9999999999695
2025-12-03,KTKBANK,SHORT,A_MOD_BREAK_C1_LOW,MODERATE,2025-12-03 10:45:00+05:30,2025-12-03 11:00:00+05:30,205.53000183105468,206.92760584350583,203.6802318145752,2025-12-03 11:24:00+05:30,203.6802318145752,TARGET,3.6999999999999753,4.499999999999975,26.93801498413086,18.45264434814453,5.101634502410889,2.4642761949959624,3.7225097878915125,0.006704570042682057,0.6140702247619629,0.0,206.92760584350583,0.7399999999999951,0.899999999999995,50000.0,5.0,250000.0,1849.9999999999877,2249.9999999999877
2025-12-03,SIYSIL,SHORT,A_PULLBACK_C2_THEN_BREAK_C2_LOW,MODERATE,2025-12-03 11:00:00+05:30,2025-12-03 11:30:00+05:30,692.8614,697.57285752,686.6256474,2025-12-03 15:30:00+05:30,690.8499755859375,EOD,0.6515344728848393,1.4515344728848392,22.20993423461914,34.374351501464844,20.3389835357666,0.9495627291980071,1.3131568492903318,0.006096689904062951,0.32498033359345496,0.0,697.57285752,0.13030689457696787,0.29030689457696784,50000.0,5.0,250000.0,325.76723644241963,725.7672364424195
2025-12-03,PARAS,SHORT,A_MOD_BREAK_C1_LOW,MODERATE,2025-12-03 11:15:00+05:30,2025-12-03 11:30:00+05:30,692.8614,697.57285752,686.6256474,2025-12-03 14:54:00+05:30,697.57285752,SL,-4.1999999999999655,-3.3999999999999666,23.501882553100586,18.242830276489258,3.485236883163452,2.216908518099778,2.815048239100685,0.004262011460583619,0.5625282382965087,0.0,697.57285752,-0.8399999999999932,-0.6799999999999933,50000.0,5.0,250000.0,-2099.999999999983,-1699.9999999999832
2025-12-03,DIAMONDYD,SHORT,A_MOD_BREAK_C1_LOW,MODERATE,2025-12-03 11:45:00+05:30,2025-12-03 12:00:00+05:30,1061.7876,1069.00775568,1052.2315116000002,2025-12-03 13:20:00+05:30,1069.00775568,SL,-4.199999999999921,-3.399999999999922,31.157251358032227,36.40011978149414,38.79399108886719,0.8767657040652796,1.1851588119626115,0.0070016123705215596,0.4400507091800379,0.0,1069.00775568,-0.8399999999999843,-0.6799999999999844,50000.0,5.0,250000.0,-2099.999999999961,-1699.9999999999611
2025-12-03,GHCL,LONG,A_MOD_BREAK_C1_HIGH,MODERATE,2025-12-03 11:45:00+05:30,2025-12-03 12:00:00+05:30,612.1224,608.57209008,618.8557463999999,2025-12-03 13:06:00+05:30,618.8557463999999,TARGET,4.699999999999967,5.499999999999967,68.29424285888672,78.93997192382812,96.11113739013672,1.6728540284794637,3.095465236848031,0.008210803169051028,7.555184657931125,0.0,608.57209008,0.9399999999999935,1.0999999999999934,100000.0,5.0,500000.0,4699.999999999967,5499.999999999966
2025-12-03,CSBBANK,SHORT,A_MOD_BREAK_C1_LOW,MODERATE,2025-12-03 12:15:00+05:30,2025-12-03 12:30:00+05:30,400.06996389770507,402.79043965220944,396.4693342226257,2025-12-03 12:40:00+05:30,396.4693342226257,TARGET,3.700000000000001,4.500000000000001,67.36188507080078,19.05381965637207,7.3747053146362305,1.6593462070924032,2.455041711529065,0.006593266182397997,0.9003855862411705,0.0,402.79043965220944,0.7400000000000002,0.9000000000000002,50000.0,5.0,250000.0,1850.0000000000005,2250.000000000001
2025-12-03,TOLINS,SHORT,A_MOD_BREAK_C1_LOW,MODERATE,2025-12-03 12:15:00+05:30,2025-12-03 12:30:00+05:30,144.84999389648436,145.83497385498043,143.546343951416,2025-12-03 14:50:00+05:30,143.546343951416,TARGET,3.7000000000000446,4.500000000000044,26.52033805847168,35.58610534667969,13.849637031555176,0.8986049113583808,1.1331273549621037,0.0059215849561384815,0.371717298112897,0.0,145.83497385498043,0.7400000000000089,0.9000000000000088,50000.0,5.0,250000.0,1850.0000000000223,2250.000000000022
2025-12-03,BAJAJCON,LONG,B_HUGE_GREEN_PULLBACK_HOLD_THEN_BREAK,HUGE,2025-12-03 12:00:00+05:30,2025-12-03 13:00:00+05:30,273.00460220947264,271.4211755166577,276.00765283377683,2025-12-03 15:30:00+05:30,273.04998779296875,EOD,-0.71687762197267,0.0831223780273299,22.90586280822754,72.01382446289062,77.92203521728516,2.263940874542078,2.3178965410602883,0.00766709528931784,6.3911855187489195,0.0,271.4211755166577,-0.143375524394534,0.01662447560546598,100000.0,5.0,500000.0,-716.87762197267,83.12237802732989
2025-12-03,AARTIIND,SHORT,A_MOD_BREAK_C1_LOW,MODERATE,2025-12-03 13:30:00+05:30,2025-12-03 13:45:00+05:30,370.37592220458987,372.894478475581,367.04253890474854,2025-12-03 15:30:00+05:30,369.95001220703125,EOD,-0.22503012206696088,0.574969877933039,20.68909454345703,28.603723526000977,1.3888417482376099,2.4838145088952106,2.619580463161071,0.0031910911468257517,0.5203364181518555,0.0,372.894478475581,-0.04500602441339217,0.1149939755866078,50000.0,5.0,250000.0,-112.51506103348044,287.4849389665195
2025-12-03,AVADHSUGAR,SHORT,A_MOD_BREAK_C1_LOW,MODERATE,2025-12-03 14:00:00+05:30,2025-12-03 14:15:00+05:30,362.9274,365.39530632,359.66105339999996,2025-12-03 15:30:00+05:30,364.5,EOD,-2.966549012281826,-2.1665490122818265,22.400115966796875,27.432086944580078,2.9785513877868652,3.7565332285002917,3.8098101847062247,0.003656458068189043,0.5460017395019532,0.0,365.39530632,-0.5933098024563652,-0.4333098024563653,50000.0,5.0,250000.0,-1483.274506140913,-1083.2745061409132
2025-12-03,ONMOBILE,LONG,B_HUGE_C1_CLOSE_RECLAIM_BREAK,HUGE,2025-12-03 14:00:00+05:30,2025-12-03 14:30:00+05:30,62.540001678466794,62.17726966873168,63.227941696929925,2025-12-03 14:31:00+05:30,63.227941696929925,TARGET,4.699999999999969,5.499999999999968,39.45832824707031,84.66445922851562,90.4617919921875,1.0377891127795213,4.351480978494439,0.01597969865662714,7.735894358511837,0.0,62.17726966873168,0.9399999999999937,1.0999999999999936,100000.0,5.0,500000.0,4699.999999999969,5499.999999999968
2025-12-04,HEG,LONG,B_HUGE_C1_CLOSE_RECLAIM_BREAK,HUGE,2025-12-04 10:00:00+05:30,2025-12-04 10:30:00+05:30,526.7553544189453,523.7001733633155,532.5496633175537,2025-12-04 10:42:00+05:30,532.5496633175537,TARGET,4.699999999999994,5.499999999999994,36.58507537841797,67.15790557861328,71.25731658935547,0.77072065532086,1.6554377524920976,0.0029567003486588956,4.519477592138475,0.0,523.7001733633155,0.9399999999999988,1.0999999999999988,100000.0,5.0,500000.0,4699.9999999999945,5499.999999999994
2025-12-04,KRN,SHORT,A_MOD_BREAK_C1_LOW,MODERATE,2025-12-04 11:00:00+05:30,2025-12-04 11:15:00+05:30,788.0423722045898,793.401060335581,780.9499908547485,2025-12-04 14:46:00+05:30,780.9499908547485,TARGET,3.699999999999979,4.499999999999979,25.405677795410156,29.92228126525879,20.992143630981445,1.0048710614406284,2.2169455190327536,0.004005980582291636,0.41693760268326235,0.0,793.401060335581,0.7399999999999958,0.8999999999999958,50000.0,5.0,250000.0,1849.9999999999895,2249.9999999999895
2025-12-04,LTTS,LONG,B_HUGE_GREEN_PULLBACK_HOLD_THEN_BREAK,HUGE,2025-12-04 10:00:00+05:30,2025-12-04 11:30:00+05:30,4689.637935351562,4662.438035326523,4741.223952640429,2025-12-04 14:00:00+05:30,4662.438035326523,SL,-3.699999999999984,-2.899999999999985,26.540773391723633,86.71764373779297,96.29876708984375,1.6321103779881225,5.882952286203276,0.003888664220872182,9.248560435502469,0.0,4662.438035326523,-0.7399999999999969,-0.579999999999997,100000.0,5.0,500000.0,-3699.9999999999845,-2899.9999999999845
2025-12-04,PRINCEPIPE,SHORT,A_MOD_BREAK_C1_LOW,MODERATE,2025-12-04 11:15:00+05:30,2025-12-04 11:30:00+05:30,263.64727220458985,265.44007365558105,261.27444675474857,2025-12-04 11:44:00+05:30,261.27444675474857,TARGET,3.6999999999999575,4.499999999999958,31.33511734008789,31.52231216430664,23.992746353149414,1.2429991075883595,2.0738077671669766,0.008350043112295785,0.5475516039292814,0.0,265.44007365558105,0.7399999999999916,0.8999999999999916,50000.0,5.0,250000.0,1849.9999999999789,2249.999999999979
2025-12-04,BIOCON,SHORT,A_MOD_BREAK_C1_LOW,MODERATE,2025-12-04 11:30:00+05:30,2025-12-04 11:45:00+05:30,391.37172220458984,394.03304991558105,387.8493767047485,2025-12-04 11:59:00+05:30,387.8493767047485,TARGET,3.7000000000000166,4.500000000000017,38.5804328918457,26.31635284423828,2.530268430709839,1.9493177105148929,2.829594789292611,0.007879762531592045,0.7798370927177918,0.0,394.03304991558105,0.7400000000000033,0.9000000000000034,50000.0,5.0,250000.0,1850.0000000000084,2250.0000000000086
2025-12-04,HBLENGINE,SHORT,A_MOD_BREAK_C1_LOW,MODERATE,2025-12-04 11:30:00+05:30,2025-12-04 11:45:00+05:30,828.3842777954102,834.0172908844189,820.9288192952515,2025-12-04 12:20:00+05:30,820.9288192952515,TARGET,3.699999999999987,4.499999999999987,27.744752883911133,31.739816665649414,3.7878212928771973,1.4054248929258897,1.9351575571298836,0.006308981088491586,0.5188785273771919,0.0,834.0172908844189,0.7399999999999973,0.8999999999999974,50000.0,5.0,250000.0,1849.9999999999934,2249.999999999993
2025-12-04,SATIN,SHORT,A_MOD_BREAK_C1_LOW,MODERATE,2025-12-04 11:45:00+05:30,2025-12-04 12:00:00+05:30,148.5699951171875,149.58027108398434,147.2328651611328,2025-12-04 13:29:00+05:30,147.2328651611328,TARGET,3.7000000000000286,4.500000000000028,41.9432373046875,37.54130554199219,66.55903625488281,0.9014739977511937,1.1752764149616142,0.004728895530708735,0.605670329924852,0.0,149.58027108398434,0.7400000000000058,0.9000000000000057,50000.0,5.0,250000.0,1850.0000000000143,2250.000000000014
2025-12-04,SUZLON,SHORT,A_MOD_BREAK_C1_LOW,MODERATE,2025-12-04 11:45:00+05:30,2025-12-04 12:00:00+05:30,51.720000457763675,52.07169646087647,51.2545204536438,2025-12-04 12:59:00+05:30,51.2545204536438,TARGET,3.7000000000000233,4.500000000000023,36.8759651184082,26.837970733642578,9.320796966552734,2.2287332378129836,2.520736926952777,0.004646992487200328,0.763139476776123,0.0,52.07169646087647,0.7400000000000047,0.9000000000000046,50000.0,5.0,250000.0,1850.0000000000116,2250.0000000000114
2025-12-04,ACUTAAS,SHORT,A_MOD_BREAK_C1_LOW,MODERATE,2025-12-04 12:30:00+05:30,2025-12-04 12:45:00+05:30,1715.6568,1727.3232662399998,1700.2158888,2025-12-04 14:47:00+05:30,1700.2158888,TARGET,3.700000000000021,4.500000000000021,24.6091365814209,33.087135314941406,30.19612693786621,1.458144055014838,1.6764295743180602,0.006727881200923692,0.4681337370648131,0.0,1727.3232662399998,0.7400000000000042,0.9000000000000042,50000.0,5.0,250000.0,1850.0000000000105,2250.0000000000105
2025-12-04,FORTIS,SHORT,A_MOD_BREAK_C1_LOW,MODERATE,2025-12-04 12:45:00+05:30,2025-12-04 13:00:00+05:30,887.8224,893.8595923199999,879.8319984,2025-12-04 15:30:00+05:30,887.0,EOD,-0.33684430579808744,0.46315569420191244,23.569889068603516,32.39336395263672,3.1417551040649414,1.3772680457372932,1.8086151722242627,0.003997303563917851,0.44500100264429215,0.0,893.8595923199999,-0.06736886115961749,0.09263113884038249,50000.0,5.0,250000.0,-168.4221528990437,231.57784710095623
2025-12-04,RBLBANK,SHORT,A_MOD_BREAK_C1_LOW,MODERATE,2025-12-04 12:45:00+05:30,2025-12-04 13:00:00+05:30,297.9404,299.96639472,295.2589364,2025-12-04 15:30:00+05:30,298.20001220703125,EOD,-1.2356780870120985,-0.43567808701209865,27.848299026489258,28.184581756591797,0.828916072845459,2.1872275276115096,2.3415710507215244,0.004277807432359099,0.6277244853973389,0.0,299.96639472,-0.2471356174024197,-0.08713561740241973,50000.0,5.0,250000.0,-617.8390435060493,-217.83904350604934
2025-12-04,GANDHAR,SHORT,B_HUGE_RED_FAILED_BOUNCE,HUGE,2025-12-04 10:30:00+05:30,2025-12-04 13:45:00+05:30,125.60000152587891,126.45408153625488,124.469601512146,2025-12-04 15:30:00+05:30,125.38999938964844,EOD,0.035995755092416565,0.8359957550924164,29.484106063842773,29.72220230102539,28.183252334594727,0.08309616328620492,1.6830873049346267,0.005733986554756791,0.3409577847794588,0.0,126.45408153625488,0.007199151018483313,0.1671991510184833,50000.0,5.0,250000.0,17.99787754620828,417.9978775462082
2025-12-05,GODREJAGRO,SHORT,A_MOD_BREAK_C1_LOW,MODERATE,2025-12-05 10:00:00+05:30,2025-12-05 10:15:00+05:30,579.884,583.8272112,574.665044,2025-12-05 15:03:00+05:30,583.8272112,SL,-4.199999999999957,-3.3999999999999577,33.51020812988281,28.614105224609375,3.2917683124542236,1.1787724844037641,2.862496608831741,0.0033743722685452165,0.5689383067189009,0.0,583.8272112,-0.8399999999999914,-0.6799999999999915,50000.0,5.0,250000.0,-2099.9999999999786,-1699.9999999999786
2025-12-08,ABREL,SHORT,A_MOD_BREAK_C1_LOW,MODERATE,2025-12-08 10:00:00+05:30,2025-12-08 10:15:00+05:30,1674.7649555908204,1686.1533572888377,1659.692070990503,2025-12-08 11:25:00+05:30,1686.1533572888377,SL,-4.1999999999999265,-3.3999999999999266,24.69776725769043,30.122053146362305,3.3390321731567383,1.4464803990963064,3.6534024513753844,0.009690083521083375,0.48360057870721,0.0,1686.1533572888377,-0.8399999999999852,-0.6799999999999853,50000.0,5.0,250000.0,-2099.999999999963,-1699.9999999999632
2025-12-09,CRISIL,SHORT,A_MOD_BREAK_C1_LOW,MODERATE,2025-12-09 10:15:00+05:30,2025-12-09 10:30:00+05:30,4288.3423552734375,4317.503083289296,4249.747274075977,2025-12-09 10:59:00+05:30,4317.503083289296,SL,-4.19999999999992,-3.3999999999999204,34.48947525024414,21.841882705688477,14.437758445739746,1.636869053400574,3.026904997237787,0.005243916532410359,0.6637942130987624,0.0,4317.503083289296,-0.8399999999999841,-0.6799999999999841,50000.0,5.0,250000.0,-2099.9999999999604,-1699.9999999999602
2025-12-10,SALZERELEC,LONG,A_MOD_BREAK_C1_HIGH,MODERATE,2025-12-10 10:00:00+05:30,2025-12-10 10:15:00+05:30,714.1428,710.0007717599999,721.9983707999999,2025-12-10 10:17:00+05:30,721.9983707999999,TARGET,4.699999999999927,5.499999999999927,22.72610092163086,74.29378509521484,92.9835205078125,1.371246918208659,3.3899196238435945,0.006067423593430292,5.885138681223118,0.0,710.0007717599999,0.9399999999999855,1.0999999999999854,100000.0,5.0,500000.0,4699.999999999927,5499.999999999927
2025-12-10,AFFLE,LONG,A_MOD_BREAK_C1_HIGH,MODERATE,2025-12-10 10:15:00+05:30,2025-12-10 10:30:00+05:30,1655.8311,1646.22727962,1674.0452421,2025-12-10 10:31:00+05:30,1674.0452421,TARGET,4.699999999999967,5.499999999999967,39.735618591308594,72.08402252197266,83.8921127319336,1.4082639678732274,2.2913105529876043,0.005376028892173756,5.430319787578191,0.0,1646.22727962,0.9399999999999935,1.0999999999999934,100000.0,5.0,500000.0,4699.999999999967,5499.999999999966
2025-12-10,METROBRAND,LONG,B_HUGE_GREEN_PULLBACK_HOLD_THEN_BREAK,HUGE,2025-12-10 10:30:00+05:30,2025-12-10 12:00:00+05:30,1131.8262955810546,1125.2617030666845,1144.2763848324462,2025-12-10 14:10:00+05:30,1144.2763848324462,TARGET,4.699999999999975,5.499999999999975,21.04336166381836,76.21519470214844,94.47480010986328,1.5280173960601213,3.889993498101898,0.005839490224238017,6.741995678636476,0.0,1125.2617030666845,0.9399999999999951,1.099999999999995,100000.0,5.0,500000.0,4699.999999999975,5499.9999999999745
2025-12-10,DATAPATTNS,SHORT,A_MOD_BREAK_C1_LOW,MODERATE,2025-12-10 11:45:00+05:30,2025-12-10 12:00:00+05:30,2568.586277636719,2586.0526643246485,2545.4690011379885,2025-12-10 13:11:00+05:30,2545.4690011379885,TARGET,3.6999999999999975,4.499999999999998,22.270170211791992,39.929325103759766,9.314969062805176,1.4340943975872056,1.311505642555748,0.007357914270468217,0.41059435488242824,0.0,2586.0526643246485,0.7399999999999995,0.8999999999999996,50000.0,5.0,250000.0,1849.9999999999989,2249.999999999999
2025-12-10,UTTAMSUGAR,LONG,B_HUGE_C1_CLOSE_RECLAIM_BREAK,HUGE,2025-12-10 12:00:00+05:30,2025-12-10 12:30:00+05:30,241.05,239.65191000000002,243.70155,2025-12-10 12:34:00+05:30,239.65191000000002,SL,-3.699999999999992,-2.899999999999992,36.53010177612305,80.17031860351562,79.90489959716797,0.7278274784932822,3.8348903947933057,0.014164208376556017,6.2710785444211155,0.0,239.65191000000002,-0.7399999999999984,-0.5799999999999984,100000.0,5.0,500000.0,-3699.9999999999923,-2899.999999999992
2025-12-10,PFOCUS,LONG,B_HUGE_C1_CLOSE_RECLAIM_BREAK,HUGE,2025-12-10 13:00:00+05:30,2025-12-10 13:30:00+05:30,212.74000244140626,211.50611042724609,215.0801424682617,2025-12-10 13:31:00+05:30,215.0801424682617,TARGET,4.699999999999926,5.499999999999925,25.211414337158203,82.8243179321289,96.10430145263672,2.434526510855501,4.751171179612105,0.015314030165468433,9.057245923464333,0.0,211.50611042724609,0.9399999999999851,1.099999999999985,100000.0,5.0,500000.0,4699.999999999925,5499.999999999925
2025-12-10,SANOFI,SHORT,A_MOD_BREAK_C1_LOW,MODERATE,2025-12-10 13:30:00+05:30,2025-12-10 13:45:00+05:30,4273.1452,4302.20258736,4234.6868932,2025-12-10 15:30:00+05:30,4245.0,EOD,2.493265110673039,3.2932651106730386,26.934724807739258,37.172454833984375,14.206974029541016,2.066403450744273,1.7786992745709724,0.0030381591909385,0.6029558358446374,0.0,4302.20258736,0.49865302213460777,0.6586530221346077,50000.0,5.0,250000.0,1246.6325553365195,1646.6325553365193
2025-12-10,GANECOS,SHORT,A_MOD_BREAK_C1_LOW,MODERATE,2025-12-10 14:00:00+05:30,2025-12-10 14:15:00+05:30,873.3253,879.2639120399999,865.4653723,2025-12-10 14:23:00+05:30,865.4653723,TARGET,3.6999999999999753,4.499999999999975,25.985971450805664,33.08681106567383,2.9779460430145264,3.6130652213271475,2.2780799263356952,0.005024654088985213,0.5997895717620849,0.0,879.2639120399999,0.7399999999999951,0.899999999999995,50000.0,5.0,250000.0,1849.9999999999877,2249.9999999999877
2025-12-10,APOLLOHOSP,SHORT,A_MOD_BREAK_C1_LOW,MODERATE,2025-12-10 14:15:00+05:30,2025-12-10 14:30:00+05:30,7011.0975,7058.772962999999,6947.9976225,2025-12-10 15:30:00+05:30,7027.0,EOD,-1.934094911673967,-1.1340949116739671,25.877952575683594,33.404449462890625,15.86972427368164,1.8295037673401653,1.939463881053745,0.0027597866270458525,0.56530564197247,0.0,7058.772962999999,-0.3868189823347934,-0.22681898233479345,50000.0,5.0,250000.0,-967.0474558369834,-567.0474558369837
2025-12-10,KALYANKJIL,SHORT,A_MOD_BREAK_C1_LOW,MODERATE,2025-12-10 14:15:00+05:30,2025-12-10 14:30:00+05:30,464.6070722045898,467.766400295581,460.4256085547485,2025-12-10 14:53:00+05:30,460.4256085547485,TARGET,3.6999999999999966,4.4999999999999964,21.39177703857422,31.20831871032715,10.772183418273926,3.359948094948188,2.5197315972996877,0.00311094291888829,0.5308766555786133,0.0,467.766400295581,0.7399999999999993,0.8999999999999992,50000.0,5.0,250000.0,1849.9999999999984,2249.999999999998
2025-12-11,MANYAVAR,SHORT,A_MOD_BREAK_C1_LOW,MODERATE,2025-12-11 10:00:00+05:30,2025-12-11 10:15:00+05:30,585.0829722045899,589.061536415581,579.8172254547485,2025-12-11 11:36:00+05:30,579.8172254547485,TARGET,3.70000000000004,4.500000000000039,25.16921615600586,28.758907318115234,13.820352554321289,0.9908562498789015,2.5381476398899245,0.004744831609380195,0.41093808606889565,0.0,589.061536415581,0.740000000000008,0.9000000000000079,50000.0,5.0,250000.0,1850.00000000002,2250.0000000000196
2025-12-11,MVGJL,SHORT,A_MOD_BREAK_C1_LOW,MODERATE,2025-12-11 10:00:00+05:30,2025-12-11 10:15:00+05:30,180.95,182.18045999999998,179.32145,2025-12-11 12:13:00+05:30,182.18045999999998,SL,-4.199999999999982,-3.399999999999983,28.600627899169922,31.277990341186523,6.1984148025512695,0.4703435545328651,2.0064430774290476,0.0056393027964217884,0.37131954053080024,0.0,182.18045999999998,-0.8399999999999965,-0.6799999999999966,50000.0,5.0,250000.0,-2099.9999999999914,-1699.9999999999914
2025-12-11,OLAELEC,LONG,B_HUGE_C1_CLOSE_RECLAIM_BREAK,HUGE,2025-12-11 12:00:00+05:30,2025-12-11 12:30:00+05:30,36.040001678466794,35.83096966873168,36.436441696929926,2025-12-11 12:31:00+05:30,36.436441696929926,TARGET,4.699999999999957,5.499999999999956,24.94775390625,77.42974853515625,93.45587921142578,2.1477170106771095,3.2251116572184113,0.010876042794721917,7.222586249817729,0.0,35.83096966873168,0.9399999999999913,1.0999999999999912,100000.0,5.0,500000.0,4699.999999999957,5499.999999999956
2025-12-11,LINCOLN,SHORT,A_MOD_BREAK_C1_LOW,MODERATE,2025-12-11 13:30:00+05:30,2025-12-11 13:45:00+05:30,473.9052,477.1277553599999,469.64005319999995,2025-12-11 15:29:00+05:30,477.1277553599999,SL,-4.199999999999942,-3.3999999999999413,28.053098678588867,33.914608001708984,16.80823516845703,1.825708302888553,2.309916354522739,0.0038803496441257653,0.6002954331843298,0.0,477.1277553599999,-0.8399999999999883,-0.6799999999999883,50000.0,5.0,250000.0,-2099.999999999971,-1699.9999999999707
2025-12-11,UNICHEMLAB,LONG,B_HUGE_C1_CLOSE_RECLAIM_BREAK,HUGE,2025-12-11 14:00:00+05:30,2025-12-11 14:30:00+05:30,458.1415977905273,455.48437652334223,463.1811553662231,2025-12-11 14:59:00+05:30,463.1811553662231,TARGET,4.699999999999963,5.499999999999963,55.0672607421875,80.3751220703125,74.97541046142578,1.5969672178313927,5.003332056238608,0.0057386106903002405,9.037951324699105,0.0,455.48437652334223,0.9399999999999926,1.0999999999999925,100000.0,5.0,500000.0,4699.999999999963,5499.999999999963
2025-12-12,VLSFINANCE,SHORT,A_MOD_BREAK_C1_LOW,MODERATE,2025-12-12 10:45:00+05:30,2025-12-12 11:00:00+05:30,301.0897638977051,303.13717429220947,298.3799560226258,2025-12-12 11:01:00+05:30,298.3799560226258,TARGET,3.6999999999999575,4.499999999999958,43.91933059692383,11.802313804626465,4.1277008056640625,1.8098327440669308,5.383636926302108,0.011334869240243246,0.8355106891655701,0.0,303.13717429220947,0.7399999999999916,0.8999999999999916,50000.0,5.0,250000.0,1849.9999999999789,2249.999999999979
2025-12-12,HSCL,LONG,B_HUGE_C1_CLOSE_RECLAIM_BREAK,HUGE,2025-12-12 11:30:00+05:30,2025-12-12 12:00:00+05:30,469.0938,466.37305596,474.25383179999994,2025-12-12 14:46:00+05:30,466.37305596,SL,-3.7,-2.9,35.37054443359375,69.0368881225586,82.12490844726562,0.5619691149014443,1.814745360200252,0.006274759642350902,4.228757950407169,0.0,466.37305596,-0.74,-0.58,100000.0,5.0,500000.0,-3700.0,-2900.0
2025-12-12,VIJAYA,SHORT,A_MOD_BREAK_C1_LOW,MODERATE,2025-12-12 12:15:00+05:30,2025-12-12 12:30:00+05:30,985.7028444091796,992.405623751162,976.831518809497,2025-12-12 12:46:00+05:30,976.831518809497,TARGET,3.7000000000000313,4.50000000000003,41.010597229003906,20.073942184448242,10.166921615600586,1.5531969700285486,2.2056058621761503,0.0031170753192853273,0.7469684281900546,0.0,992.405623751162,0.7400000000000062,0.9000000000000061,50000.0,5.0,250000.0,1850.0000000000155,2250.0000000000155
2025-12-12,SPANDANA,LONG,B_HUGE_C1_CLOSE_RECLAIM_BREAK,HUGE,2025-12-12 12:15:00+05:30,2025-12-12 12:45:00+05:30,270.75415220947264,269.18377812665767,273.7324478837768,2025-12-12 15:30:00+05:30,271.04998779296875,EOD,-0.2536822776641357,0.5463177223358642,45.78588104248047,71.00453186035156,71.91690826416016,1.404439440572827,2.2426607217730203,0.008456915356733223,6.131358524514011,0.0,269.18377812665767,-0.05073645553282714,0.10926354446717283,100000.0,5.0,500000.0,-253.68227766413568,546.3177223358641
2025-12-12,RPTECH,LONG,B_HUGE_GREEN_PULLBACK_HOLD_THEN_BREAK,HUGE,2025-12-12 12:00:00+05:30,2025-12-12 13:00:00+05:30,343.0686,341.07880212,346.84235459999996,2025-12-12 13:03:00+05:30,346.84235459999996,TARGET,4.699999999999944,5.499999999999944,52.48949432373047,76.49797058105469,79.37431335449219,2.3078116235764043,2.9734485658654712,0.005343783203030395,8.035584125446952,0.0,341.07880212,0.9399999999999888,1.0999999999999888,100000.0,5.0,500000.0,4699.999999999944,5499.9999999999445
2025-12-12,JKCEMENT,LONG,B_HUGE_GREEN_PULLBACK_HOLD_THEN_BREAK,HUGE,2025-12-12 10:15:00+05:30,2025-12-12 14:15:00+05:30,5685.1368,5652.16300656,5747.6733048,2025-12-12 14:20:00+05:30,5747.6733048,TARGET,4.699999999999949,5.4999999999999485,20.704736709594727,74.23006439208984,87.51518249511719,1.8911684990821642,2.987335205078125,0.005638269755968637,6.044329338180823,0.0,5652.16300656,0.9399999999999897,1.0999999999999897,100000.0,5.0,500000.0,4699.999999999949,5499.999999999948
2025-12-12,SKFINDIA,LONG,A_MOD_BREAK_C1_HIGH,MODERATE,2025-12-12 14:00:00+05:30,2025-12-12 14:15:00+05:30,1818.0634911621094,1807.5187229133692,1838.0621895648924,2025-12-12 15:30:00+05:30,1814.0,EOD,-1.9175327984590809,-1.117532798459081,20.267541885375977,60.554012298583984,59.72542953491211,0.46299988190141794,1.319092608064973,0.0020080360387054303,2.6055298590403204,0.0,1807.5187229133692,-0.3835065596918162,-0.2235065596918162,100000.0,5.0,500000.0,-1917.532798459081,-1117.532798459081
2025-12-15,ACUTAAS,SHORT,A_MOD_BREAK_C1_LOW,MODERATE,2025-12-15 10:30:00+05:30,2025-12-15 10:45:00+05:30,1637.6724,1648.8085723199997,1622.9333483999999,2025-12-15 12:37:00+05:30,1622.9333483999999,TARGET,3.700000000000012,4.5000000000000115,23.999963760375977,28.894018173217773,8.340567588806152,0.9200067959092982,1.887240447824548,0.0054965216114816265,0.3753626680809942,0.0,1648.8085723199997,0.7400000000000024,0.9000000000000024,50000.0,5.0,250000.0,1850.0000000000061,2250.000000000006
2025-12-15,MOLDTECH,LONG,B_HUGE_GREEN_PULLBACK_HOLD_THEN_BREAK,HUGE,2025-12-15 10:00:00+05:30,2025-12-15 11:00:00+05:30,167.3299987792969,166.35948478637695,169.17062876586914,2025-12-15 11:03:00+05:30,169.17062876586914,TARGET,4.699999999999963,5.499999999999963,26.681440353393555,76.95470428466797,79.32866668701172,1.1390267505115623,4.2439539779563455,0.007002361518256356,6.93693150124067,0.0,166.35948478637695,0.9399999999999926,1.0999999999999925,100000.0,5.0,500000.0,4699.999999999963,5499.999999999963
2025-12-15,ABCAPITAL,SHORT,A_MOD_BREAK_C1_LOW,MODERATE,2025-12-15 11:00:00+05:30,2025-12-15 11:15:00+05:30,354.7790361022949,357.1915335477905,351.5860247773743,2025-12-15 15:07:00+05:30,351.5860247773743,TARGET,3.69999999999997,4.49999999999997,23.695980072021484,30.302858352661133,4.281153678894043,2.132902760478124,2.771382817942086,0.004619660727377884,0.5654397010803223,0.0,357.1915335477905,0.739999999999994,0.899999999999994,50000.0,5.0,250000.0,1849.999999999985,2249.999999999985
2025-12-15,ESAFSFB,LONG,A_MOD_BREAK_C1_HIGH,MODERATE,2025-12-15 11:15:00+05:30,2025-12-15 11:30:00+05:30,25.949999618530274,25.799489620742797,26.235449614334104,2025-12-15 13:29:00+05:30,26.235449614334104,TARGET,4.699999999999949,5.4999999999999485,20.23648452758789,67.71695709228516,90.17124938964844,2.096716423796905,1.8155935229942095,0.005046878386418381,5.2370358849838805,0.0,25.799489620742797,0.9399999999999897,1.0999999999999897,100000.0,5.0,500000.0,4699.999999999949,5499.999999999948
2025-12-15,TARC,LONG,B_HUGE_GREEN_PULLBACK_HOLD_THEN_BREAK,HUGE,2025-12-15 10:30:00+05:30,2025-12-15 12:15:00+05:30,150.77000122070314,149.89553521362305,152.42847123413085,2025-12-15 12:21:00+05:30,152.42847123413085,TARGET,4.699999999999943,5.499999999999943,29.16322898864746,74.40435028076172,83.10218811035156,2.3024443801712673,3.1296650903316467,0.006301943313797397,7.394844191996229,0.0,149.89553521362305,0.9399999999999886,1.0999999999999885,100000.0,5.0,500000.0,4699.999999999943,5499.999999999943
2025-12-15,DELTACORP,LONG,B_HUGE_GREEN_PULLBACK_HOLD_THEN_BREAK,HUGE,2025-12-15 10:45:00+05:30,2025-12-15 12:30:00+05:30,71.55,71.13501,72.33704999999999,2025-12-15 12:31:00+05:30,72.33704999999999,TARGET,4.699999999999955,5.499999999999955,20.544281005859375,67.3609848022461,74.4536361694336,1.875952805372476,2.2632480462723574,0.0054330407156280664,5.498782895383803,0.0,71.13501,0.9399999999999911,1.099999999999991,100000.0,5.0,500000.0,4699.999999999955,5499.9999999999545
2025-12-15,BALKRISIND,LONG,B_HUGE_GREEN_PULLBACK_HOLD_THEN_BREAK,HUGE,2025-12-15 11:30:00+05:30,2025-12-15 12:45:00+05:30,2360.2720088378906,2346.582431186631,2386.235000935107,2025-12-15 13:16:00+05:30,2386.235000935107,TARGET,4.6999999999999496,5.499999999999949,40.23772430419922,71.07636260986328,57.35850524902344,2.176325324528216,2.0502250132291855,0.003885306119636879,6.438104323357051,0.0,2346.582431186631,0.93999999999999,1.0999999999999899,100000.0,5.0,500000.0,4699.99999999995,5499.999999999949
2025-12-15,KRSNAA,LONG,B_HUGE_GREEN_PULLBACK_HOLD_THEN_BREAK,HUGE,2025-12-15 13:00:00+05:30,2025-12-15 14:00:00+05:30,756.6513,752.26272246,764.9744642999999,2025-12-15 14:50:00+05:30,752.26272246,SL,-3.700000000000019,-2.9000000000000186,25.199764251708984,68.6465072631836,78.38639068603516,2.9633732081877375,1.910897685663979,0.005316826161423676,7.126037513249046,0.0,752.26272246,-0.7400000000000038,-0.5800000000000037,100000.0,5.0,500000.0,-3700.0000000000186,-2900.000000000019
2025-12-15,WELENT,SHORT,A_MOD_BREAK_C1_LOW,MODERATE,2025-12-15 13:45:00+05:30,2025-12-15 14:00:00+05:30,506.3987,509.84221116,501.8411117,2025-12-15 15:19:00+05:30,509.84221116,SL,-4.199999999999957,-3.3999999999999577,20.60039710998535,35.91241455078125,3.6818912029266357,2.0324291558368452,1.7838809254438843,0.004688125272247094,0.5082000029219744,0.0,509.84221116,-0.8399999999999914,-0.6799999999999915,50000.0,5.0,250000.0,-2099.9999999999786,-1699.9999999999786
2025-12-16,NIITMTS,SHORT,A_MOD_BREAK_C1_LOW,MODERATE,2025-12-16 10:00:00+05:30,2025-12-16 10:15:00+05:30,389.47207779541014,392.1204879244189,385.96682909525146,2025-12-16 11:40:00+05:30,392.1204879244189,SL,-4.199999999999972,-3.3999999999999715,27.42881202697754,21.79315757751465,6.28881311416626,1.0304347909589149,3.922042616553697,0.00601426323235335,0.4517582688224732,0.0,392.1204879244189,-0.8399999999999943,-0.6799999999999943,50000.0,5.0,250000.0,-2099.9999999999854,-1699.9999999999857
2025-12-17,SWARAJENG,SHORT,A_MOD_BREAK_C1_LOW,MODERATE,2025-12-17 10:00:00+05:30,2025-12-17 10:15:00+05:30,3660.2678,3685.15762104,3627.3253898000003,2025-12-17 15:25:00+05:30,3627.3253898000003,TARGET,3.6999999999999744,4.499999999999974,30.547903060913086,22.184688568115234,16.070316314697266,0.5348033050004012,2.916118657263285,0.003324934896445197,0.41180912428876654,0.0,3685.15762104,0.7399999999999949,0.8999999999999949,50000.0,5.0,250000.0,1849.9999999999873,2249.9999999999873
2025-12-17,BDL,SHORT,A_MOD_BREAK_C1_LOW,MODERATE,2025-12-17 10:30:00+05:30,2025-12-17 10:45:00+05:30,1331.5336888183595,1340.5881179023243,1319.5498856189943,2025-12-17 15:30:00+05:30,1322.5,EOD,2.5922118885239023,3.392211888523902,48.239952087402344,21.291488647460938,13.656110763549805,1.6887133680766908,3.0770381545256478,0.005335832997097523,0.879124120724456,0.0,1340.5881179023243,0.5184423777047804,0.6784423777047804,50000.0,5.0,250000.0,1296.105944261951,1696.105944261951
2025-12-17,PRECWIRE,SHORT,A_MOD_BREAK_C1_LOW,MODERATE,2025-12-17 10:30:00+05:30,2025-12-17 10:45:00+05:30,227.34999389648436,228.89597385498044,225.303843951416,2025-12-17 13:11:00+05:30,225.303843951416,TARGET,3.699999999999981,4.4999999999999805,22.99803352355957,22.62998390197754,2.7083613872528076,1.7850634069826887,3.6039433107181145,0.007282538097350067,0.5173565990753641,0.0,228.89597385498044,0.7399999999999962,0.8999999999999961,50000.0,5.0,250000.0,1849.9999999999905,2249.9999999999905
2025-12-17,PREMEXPLN,SHORT,A_MOD_BREAK_C1_LOW,MODERATE,2025-12-17 10:30:00+05:30,2025-12-17 10:45:00+05:30,483.70322779541016,486.9924097444189,479.34989874525144,2025-12-17 12:32:00+05:30,479.34989874525144,TARGET,3.70000000000003,4.50000000000003,55.041473388671875,21.207500457763672,17.036273956298828,1.6317989865412417,2.8581902955399556,0.005186903325536603,0.8955648226447173,0.0,486.9924097444189,0.740000000000006,0.900000000000006,50000.0,5.0,250000.0,1850.000000000015,2250.000000000015
2025-12-17,QUICKHEAL,SHORT,A_MOD_BREAK_C1_LOW,MODERATE,2025-12-17 10:30:00+05:30,2025-12-17 10:45:00+05:30,270.04598610229493,271.8822988077905,267.6155722273743,2025-12-17 12:08:00+05:30,267.6155722273743,TARGET,3.699999999999984,4.499999999999984,39.264312744140625,24.171653747558594,18.32093620300293,1.2384094356531372,2.3930691564996995,0.005978775700147773,0.6656863424014083,0.0,271.8822988077905,0.7399999999999969,0.8999999999999968,50000.0,5.0,250000.0,1849.9999999999923,2249.999999999992
2025-12-17,IDEAFORGE,SHORT,A_PULLBACK_C2_THEN_BREAK_C2_LOW,MODERATE,2025-12-17 10:30:00+05:30,2025-12-17 11:00:00+05:30,414.46707779541015,417.2854539244189,410.73687409525144,2025-12-17 15:30:00+05:30,413.8500061035156,EOD,-0.05558418876502033,0.7444158112349796,31.88217544555664,26.1525936126709,13.872865676879883,0.9956433801723191,2.0606718907595623,0.005453545849348916,0.5124702232135054,0.0,417.2854539244189,-0.011116837753004066,0.1488831622469959,50000.0,5.0,250000.0,-27.792094382510168,372.2079056174898
2025-12-17,SYRMA,SHORT,A_PULLBACK_C2_THEN_BREAK_C2_LOW,MODERATE,2025-12-17 10:30:00+05:30,2025-12-17 11:00:00+05:30,710.60785,715.43998338,704.21237935,2025-12-17 11:09:00+05:30,715.43998338,SL,-4.199999999999972,-3.3999999999999715,28.468425750732422,15.1968994140625,13.747180938720703,1.725417429519291,2.653782523230905,0.0046376218127098245,0.5889744364268623,0.0,715.43998338,-0.8399999999999943,-0.6799999999999943,50000.0,5.0,250000.0,-2099.9999999999854,-1699.9999999999857
2025-12-17,ANDHRSUGAR,SHORT,A_MOD_BREAK_C1_LOW,MODERATE,2025-12-17 10:45:00+05:30,2025-12-17 11:00:00+05:30,75.06000061035157,75.57040861450194,74.3844606048584,2025-12-17 14:28:00+05:30,74.3844606048584,TARGET,3.699999999999981,4.499999999999981,40.66435623168945,25.335304260253906,2.2729110717773438,1.3994007693622141,2.386924217736749,0.0034711083219110804,0.7148604781137291,0.0,75.57040861450194,0.7399999999999962,0.8999999999999962,50000.0,5.0,250000.0,1849.9999999999905,2249.999999999991
2025-12-17,HFCL,SHORT,A_MOD_BREAK_C1_LOW,MODERATE,2025-12-17 10:45:00+05:30,2025-12-17 11:00:00+05:30,64.33999938964844,64.77751138549804,63.760939395141605,2025-12-17 11:46:00+05:30,64.77751138549804,SL,-4.19999999999996,-3.3999999999999604,25.512908935546875,25.560773849487305,2.859133720397949,1.7542271527268076,2.7846418727756688,0.005386227850931449,0.5496833857603944,0.0,64.77751138549804,-0.8399999999999921,-0.679999999999992,50000.0,5.0,250000.0,-2099.9999999999804,-1699.9999999999802
2025-12-17,POLYPLEX,SHORT,A_MOD_BREAK_C1_LOW,MODERATE,2025-12-17 10:45:00+05:30,2025-12-17 11:00:00+05:30,791.8416,797.2261228799999,784.7150256,2025-12-17 11:39:00+05:30,784.7150256,TARGET,3.6999999999999886,4.4999999999999885,35.460575103759766,22.580724716186523,4.520122051239014,1.5117094542985101,2.904790891618532,0.006926416748701924,0.6564577810586358,0.0,797.2261228799999,0.7399999999999978,0.8999999999999977,50000.0,5.0,250000.0,1849.9999999999945,2249.999999999994
2025-12-17,SCI,SHORT,A_MOD_BREAK_C1_LOW,MODERATE,2025-12-17 10:45:00+05:30,2025-12-17 11:00:00+05:30,210.34999389648436,211.78037385498044,208.456843951416,2025-12-17 11:55:00+05:30,208.456843951416,TARGET,3.699999999999999,4.499999999999999,53.817256927490234,11.538636207580566,10.882464408874512,1.6070459823205796,3.496839107767089,0.006936065595956385,0.8912330469061014,0.0,211.78037385498044,0.7399999999999998,0.8999999999999998,50000.0,5.0,250000.0,1849.9999999999993,2249.9999999999995
2025-12-17,MAXHEALTH,SHORT,A_MOD_BREAK_C1_LOW,MODERATE,2025-12-17 11:30:00+05:30,2025-12-17 11:45:00+05:30,1046.8905555908202,1054.0094113688376,1037.468540590503,2025-12-17 12:29:00+05:30,1037.468540590503,TARGET,3.6999999999999544,4.499999999999955,43.92219543457031,13.368932723999023,2.383432149887085,2.2085416362556476,3.731597631164034,0.004477913598067888,0.8688329315185546,0.0,1054.0094113688376,0.7399999999999909,0.8999999999999909,50000.0,5.0,250000.0,1849.9999999999773,2249.9999999999773
2025-12-17,SOTL,SHORT,A_MOD_BREAK_C1_LOW,MODERATE,2025-12-17 11:30:00+05:30,2025-12-17 11:45:00+05:30,364.5270861022949,367.00587028779046,361.24634232737424,2025-12-17 13:43:00+05:30,361.24634232737424,TARGET,3.7000000000000166,4.500000000000016,27.386947631835938,36.935020446777344,24.338542938232422,1.299547382701758,1.4850417402106717,0.005132816789049463,0.4724770934608803,0.0,367.00587028779046,0.7400000000000033,0.9000000000000032,50000.0,5.0,250000.0,1850.0000000000084,2250.000000000008
2025-12-17,GICRE,SHORT,A_MOD_BREAK_C1_LOW,MODERATE,2025-12-17 11:45:00+05:30,2025-12-17 12:00:00+05:30,372.02558610229494,374.5553600877905,368.6773558273743,2025-12-17 13:41:00+05:30,368.6773558273743,TARGET,3.699999999999978,4.499999999999978,31.4066104888916,19.18585205078125,3.640834331512451,2.5653865094961112,3.2362732068972653,0.0029554047734959518,0.681099157333374,0.0,374.5553600877905,0.7399999999999956,0.8999999999999956,50000.0,5.0,250000.0,1849.9999999999889,2249.999999999989
2025-12-17,REMSONSIND,LONG,A_MOD_BREAK_C1_HIGH,MODERATE,2025-12-17 11:45:00+05:30,2025-12-17 12:00:00+05:30,118.35000305175781,117.6635730340576,119.65185308532713,2025-12-17 12:01:00+05:30,119.65185308532713,TARGET,4.699999999999948,5.499999999999947,41.679725646972656,65.26504516601562,79.33892059326172,1.2945797748700216,1.4714895900332672,0.007922408043040887,5.042182610610874,0.0,117.6635730340576,0.9399999999999895,1.0999999999999894,100000.0,5.0,500000.0,4699.999999999947,5499.999999999946
2025-12-17,ARMANFIN,LONG,B_HUGE_GREEN_PULLBACK_HOLD_THEN_BREAK,HUGE,2025-12-17 12:00:00+05:30,2025-12-17 13:15:00+05:30,1525.2050044189452,1516.3588153933154,1541.9822594675534,2025-12-17 13:42:00+05:30,1541.9822594675534,TARGET,4.699999999999917,5.4999999999999165,27.324615478515625,57.20545196533203,50.858943939208984,2.551491701408266,0.6378041261140597,0.008321552465457727,5.134541582327261,0.0,1516.3588153933154,0.9399999999999833,1.0999999999999832,100000.0,5.0,500000.0,4699.999999999916,5499.999999999916
2025-12-17,NAVINFLUOR,SHORT,A_MOD_BREAK_C1_LOW,MODERATE,2025-12-17 13:00:00+05:30,2025-12-17 13:15:00+05:30,5922.8152,5963.09034336,5869.5098632,2025-12-17 15:30:00+05:30,5904.0,EOD,0.788366289057947,1.588366289057947,50.417362213134766,19.532299041748047,2.153938055038452,2.4304334253692157,2.4948926954708646,0.004037555336378943,0.96,0.0,5963.09034336,0.15767325781158942,0.3176732578115894,50000.0,5.0,250000.0,394.1831445289735,794.1831445289735
2025-12-17,BALMLAWRIE,SHORT,A_MOD_BREAK_C1_LOW,MODERATE,2025-12-17 13:15:00+05:30,2025-12-17 13:30:00+05:30,173.84999389648436,175.03217385498044,172.285343951416,2025-12-17 14:52:00+05:30,172.285343951416,TARGET,3.700000000000024,4.500000000000024,33.88908386230469,26.000804901123047,6.189781188964844,2.43389794543937,2.6137850028320413,0.0034605819603492475,0.7183362579345702,0.0,175.03217385498044,0.7400000000000049,0.9000000000000048,50000.0,5.0,250000.0,1850.0000000000123,2250.000000000012
2025-12-17,IKIO,SHORT,A_MOD_BREAK_C1_LOW,MODERATE,2025-12-17 13:15:00+05:30,2025-12-17 13:30:00+05:30,175.20999450683593,176.40142246948238,173.6331045562744,2025-12-17 14:03:00+05:30,173.6331045562744,TARGET,3.7000000000000375,4.500000000000038,23.65797233581543,30.560312271118164,5.679886341094971,1.9389443216328943,2.1475288484921,0.005082264370282397,0.554184841322988,0.0,176.40142246948238,0.7400000000000075,0.9000000000000076,50000.0,5.0,250000.0,1850.0000000000189,2250.000000000019
2025-12-17,AFFLE,SHORT,A_MOD_BREAK_C1_LOW,MODERATE,2025-12-17 13:30:00+05:30,2025-12-17 13:45:00+05:30,1673.1653,1684.5428240399997,1658.1068122999998,2025-12-17 14:20:00+05:30,1684.5428240399997,SL,-4.199999999999939,-3.39999999999994,22.72547149658203,30.919666290283203,6.350676536560059,2.6572529710970194,2.492027417672343,0.003777144400097271,0.5508820724487304,0.0,1684.5428240399997,-0.8399999999999879,-0.679999999999988,50000.0,5.0,250000.0,-2099.9999999999695,-1699.9999999999698
2025-12-17,CEMPRO,SHORT,A_MOD_BREAK_C1_LOW,MODERATE,2025-12-17 13:30:00+05:30,2025-12-17 13:45:00+05:30,798.5402722045899,803.970346055581,791.3534097547486,2025-12-17 15:30:00+05:30,794.5,EOD,1.7297861267757988,2.529786126775799,37.9164924621582,25.391481399536133,6.538296699523926,3.158858406398466,2.6510828076889292,0.0031419353874567748,0.7787473869323731,0.0,803.970346055581,0.34595722535515977,0.5059572253551597,50000.0,5.0,250000.0,864.8930633878995,1264.8930633878992
2025-12-17,PNCINFRA,SHORT,A_MOD_BREAK_C1_LOW,MODERATE,2025-12-17 13:30:00+05:30,2025-12-17 13:45:00+05:30,250.93980749206543,252.64619818301145,248.68134922463685,2025-12-17 14:17:00+05:30,248.68134922463685,TARGET,3.6999999999999824,4.499999999999982,29.836971282958984,25.701732635498047,8.372092247009277,2.0017669042270065,2.1483830345696058,0.004006351517326503,0.6575545692443847,0.0,252.64619818301145,0.7399999999999964,0.8999999999999965,50000.0,5.0,250000.0,1849.9999999999911,2249.9999999999914
2025-12-18,SSDL,SHORT,A_MOD_BREAK_C1_LOW,MODERATE,2025-12-18 10:00:00+05:30,2025-12-18 10:15:00+05:30,77.03999633789063,77.56386831298828,76.34663637084961,2025-12-18 13:01:00+05:30,77.56386831298828,SL,-4.19999999999995,-3.39999999999995,24.22091293334961,31.5216007232666,22.95094108581543,0.4354402786600495,1.6989052222162788,0.006439587855936162,0.28446100387656675,0.0,77.56386831298828,-0.8399999999999901,-0.6799999999999901,50000.0,5.0,250000.0,-2099.999999999975,-1699.9999999999752
2025-12-19,INDIACEM,LONG,B_HUGE_C1_CLOSE_RECLAIM_BREAK,HUGE,2025-12-19 10:00:00+05:30,2025-12-19 10:30:00+05:30,443.5887,441.01588554,448.46817569999996,2025-12-19 10:50:00+05:30,441.01588554,SL,-3.7000000000000197,-2.90000000000002,26.856416702270508,70.45552825927734,62.20811080932617,0.9386581391351685,3.0547924891284746,0.008584316042929115,5.551381976648771,0.0,441.01588554,-0.740000000000004,-0.580000000000004,100000.0,5.0,500000.0,-3700.00000000002,-2900.0000000000196
2025-12-22,KIRLOSENG,LONG,A_MOD_BREAK_C1_HIGH,MODERATE,2025-12-22 10:00:00+05:30,2025-12-22 10:15:00+05:30,1272.0544088378906,1264.6764932666308,1286.0470073351073,2025-12-22 10:16:00+05:30,1286.0470073351073,TARGET,4.699999999999964,5.499999999999964,23.02189064025879,57.902462005615234,54.73331832885742,2.434497415758206,0.9294471307736024,0.008093477362309715,5.118605726575604,0.0,1264.6764932666308,0.9399999999999928,1.0999999999999928,100000.0,5.0,500000.0,4699.9999999999645,5499.9999999999645
2025-12-22,RAILTEL,LONG,B_HUGE_C1_CLOSE_RECLAIM_BREAK,HUGE,2025-12-22 10:00:00+05:30,2025-12-22 10:30:00+05:30,342.76855220947266,340.7804946066577,346.5390062837768,2025-12-22 11:24:00+05:30,340.7804946066577,SL,-3.6999999999999886,-2.899999999999989,49.06947708129883,86.6318359375,86.52992248535156,0.579345632114506,4.134500038664528,0.00816000741545064,7.439193878824499,0.0,340.7804946066577,-0.7399999999999978,-0.5799999999999977,100000.0,5.0,500000.0,-3699.999999999989,-2899.9999999999886
2025-12-22,DEN,LONG,B_HUGE_C1_CLOSE_RECLAIM_BREAK,HUGE,2025-12-22 10:15:00+05:30,2025-12-22 10:45:00+05:30,32.20999984741211,32.023181848297114,32.56430984573364,2025-12-22 12:17:00+05:30,32.023181848297114,SL,-3.700000000000042,-2.9000000000000425,49.163265228271484,86.41605377197266,96.88021850585938,0.7121983068888449,4.8273224085006525,0.0056414248976727616,8.00583534208862,0.0,32.023181848297114,-0.7400000000000084,-0.5800000000000085,100000.0,5.0,500000.0,-3700.0000000000423,-2900.0000000000427
2025-12-22,CONFIPET,LONG,B_HUGE_GREEN_PULLBACK_HOLD_THEN_BREAK,HUGE,2025-12-22 10:00:00+05:30,2025-12-22 11:00:00+05:30,35.380001831054685,35.17479782043457,35.76918185119628,2025-12-22 11:03:00+05:30,35.76918185119628,TARGET,4.699999999999904,5.499999999999904,38.29268264770508,85.66365051269531,86.96117401123047,2.1308709675778355,3.9135810702011486,0.006010122170544163,8.853759626629321,0.0,35.17479782043457,0.9399999999999809,1.0999999999999808,100000.0,5.0,500000.0,4699.999999999904,5499.9999999999045
2025-12-22,PAKKA,LONG,B_HUGE_C1_CLOSE_RECLAIM_BREAK,HUGE,2025-12-22 10:30:00+05:30,2025-12-22 11:00:00+05:30,104.53999786376953,103.93366587615967,105.68993784027099,2025-12-22 12:24:00+05:30,103.93366587615967,SL,-3.699999999999999,-2.8999999999999995,42.35965347290039,82.32511138916016,91.67755126953125,1.2325475220256852,4.30640381273077,0.00813475640607393,7.478846824662313,0.0,103.93366587615967,-0.7399999999999998,-0.5799999999999998,100000.0,5.0,500000.0,-3699.9999999999986,-2899.9999999999995
2025-12-22,MUNJALAU,LONG,A_MOD_BREAK_C1_HIGH,MODERATE,2025-12-22 10:45:00+05:30,2025-12-22 11:00:00+05:30,80.28999786376953,79.82431587615966,81.17318784027098,2025-12-22 11:58:00+05:30,79.82431587615966,SL,-3.700000000000039,-2.9000000000000385,43.672542572021484,80.25287628173828,94.68560791015625,1.6096449066360254,2.4779840723128173,0.006311168069340373,6.321283075745125,0.0,79.82431587615966,-0.7400000000000078,-0.5800000000000077,100000.0,5.0,500000.0,-3700.0000000000387,-2900.0000000000387
2025-12-23,SANDUMA,LONG,A_MOD_BREAK_C1_HIGH,MODERATE,2025-12-23 10:15:00+05:30,2025-12-23 10:30:00+05:30,227.8,226.47876,230.30579999999998,2025-12-23 10:31:00+05:30,230.30579999999998,TARGET,4.699999999999925,5.499999999999924,35.26018524169922,74.69293212890625,80.4283447265625,2.339464221378122,2.840536721378782,0.007686554668566297,7.111952122688414,0.0,226.47876,0.9399999999999848,1.0999999999999848,100000.0,5.0,500000.0,4699.999999999924,5499.9999999999245
2025-12-23,WEL,SHORT,A_MOD_BREAK_C1_LOW,MODERATE,2025-12-23 11:00:00+05:30,2025-12-23 11:15:00+05:30,141.84999389648436,142.81457385498044,140.573343951416,2025-12-23 15:30:00+05:30,142.3000030517578,EOD,-2.3862149264590204,-1.5862149264590206,28.073040008544922,45.489688873291016,18.582040786743164,0.8127224920668812,0.4340170324383146,0.007178098209076173,0.34502288786179375,0.0,142.81457385498044,-0.4772429852918041,-0.3172429852918041,50000.0,5.0,250000.0,-1193.1074632295101,-793.1074632295102
2025-12-23,GVPIL-BE,LONG,A_MOD_BREAK_C1_HIGH,MODERATE,2025-12-23 11:45:00+05:30,2025-12-23 12:00:00+05:30,328.0656,326.16281952,331.6743216,2025-12-23 12:01:00+05:30,331.6743216,TARGET,4.6999999999999496,5.499999999999949,34.74616622924805,70.5436782836914,83.93572235107422,2.5132826902313403,1.6274809596616322,0.006523248960710528,6.593668853795001,0.0,326.16281952,0.93999999999999,1.0999999999999899,100000.0,5.0,500000.0,4699.99999999995,5499.999999999949
2025-12-23,EMCURE,LONG,B_HUGE_GREEN_PULLBACK_HOLD_THEN_BREAK,HUGE,2025-12-23 11:00:00+05:30,2025-12-23 12:15:00+05:30,1414.2828,1406.0799597599998,1429.8399107999999,2025-12-23 15:01:00+05:30,1429.8399107999999,TARGET,4.699999999999972,5.499999999999972,23.494863510131836,72.5370101928711,87.93019104003906,1.9285029429000748,3.194978280273084,0.004072942981252117,6.857018202207346,0.0,1406.0799597599998,0.9399999999999944,1.0999999999999943,100000.0,5.0,500000.0,4699.999999999972,5499.999999999972
2025-12-23,PFC,LONG,B_HUGE_GREEN_PULLBACK_HOLD_THEN_BREAK,HUGE,2025-12-23 11:15:00+05:30,2025-12-23 12:15:00+05:30,351.97037389526366,349.92894572667115,355.84204800811153,2025-12-23 12:57:00+05:30,355.84204800811153,TARGET,4.6999999999999575,5.499999999999957,48.004356384277344,80.67889404296875,96.27950286865234,2.5028076732608167,3.777212864360253,0.004076979547038658,8.613242068981261,0.0,349.92894572667115,0.9399999999999915,1.0999999999999914,100000.0,5.0,500000.0,4699.999999999957,5499.999999999957
2025-12-23,LUXIND,LONG,B_HUGE_C1_CLOSE_RECLAIM_BREAK,HUGE,2025-12-23 13:00:00+05:30,2025-12-23 13:30:00+05:30,1136.4271911621095,1129.8359134533691,1148.9278902648925,2025-12-23 15:30:00+05:30,1141.0,EOD,1.211923365373889,2.011923365373889,20.70003890991211,66.05390167236328,45.189491271972656,0.8915282098695754,2.054728682681319,0.004840704822594075,4.768194968764913,0.0,1129.8359134533691,0.2423846730747778,0.40238467307477777,100000.0,5.0,500000.0,1211.9233653738888,2011.9233653738888
2025-12-24,GMBREW,LONG,B_HUGE_GREEN_PULLBACK_HOLD_THEN_BREAK,HUGE,2025-12-24 10:00:00+05:30,2025-12-24 11:00:00+05:30,1099.2198,1092.8443251600002,1111.3112178,2025-12-24 11:01:00+05:30,1111.3112178,TARGET,4.699999999999917,5.4999999999999165,34.6403923034668,77.75433349609375,80.3958969116211,2.388766769097626,2.972981726023383,0.009295805631109247,7.637459748730974,0.0,1092.8443251600002,0.9399999999999833,1.0999999999999832,100000.0,5.0,500000.0,4699.999999999916,5499.999999999916
2025-12-24,JYOTICNC,LONG,B_HUGE_C1_CLOSE_RECLAIM_BREAK,HUGE,2025-12-24 10:30:00+05:30,2025-12-24 11:00:00+05:30,990.2979955810547,984.5542672066846,1001.1912735324462,2025-12-24 15:30:00+05:30,989.9000244140625,EOD,-1.0009350563002422,-0.20093505630024225,34.7906379699707,79.02295684814453,83.89897155761719,1.4996183936177805,3.7637504475760823,0.00523757350294955,7.39250570249693,0.0,984.5542672066846,-0.20018701126004843,-0.04018701126004845,100000.0,5.0,500000.0,-1000.9350563002421,-200.93505630024225
2025-12-24,KAJARIACER,SHORT,A_MOD_BREAK_C1_LOW,MODERATE,2025-12-24 11:00:00+05:30,2025-12-24 11:15:00+05:30,995.3009,1002.0689461199999,986.3431919,2025-12-24 11:16:00+05:30,986.3431919,TARGET,3.6999999999999957,4.499999999999995,59.137908935546875,12.817477226257324,3.183664560317993,1.4929183647188347,2.9200543948572135,0.006196202044506149,0.871260713825796,0.0,1002.0689461199999,0.7399999999999991,0.899999999999999,50000.0,5.0,250000.0,1849.9999999999977,2249.9999999999977
2025-12-24,GRSE,LONG,B_HUGE_C1_CLOSE_RECLAIM_BREAK,HUGE,2025-12-24 11:00:00+05:30,2025-12-24 11:30:00+05:30,2482.7965088378905,2468.3962890866305,2510.1072704351072,2025-12-24 11:34:00+05:30,2510.1072704351072,TARGET,4.69999999999998,5.49999999999998,28.9014892578125,71.13581085205078,79.99950408935547,1.6429662863093144,2.5530401225836594,0.006586630314813837,5.928591937658613,0.0,2468.3962890866305,0.939999999999996,1.0999999999999959,100000.0,5.0,500000.0,4699.999999999979,5499.99999999998
2025-12-24,CYIENT,SHORT,A_PULLBACK_C2_THEN_BREAK_C2_LOW,MODERATE,2025-12-24 11:15:00+05:30,2025-12-24 11:45:00+05:30,1127.7744,1135.44326592,1117.6244304,2025-12-24 15:30:00+05:30,1118.0,EOD,3.533490811637512,4.333490811637511,42.23243713378906,23.201128005981445,4.501440048217773,1.331570744394097,2.0738850131684923,0.005000316415363358,0.7265114372758028,0.0,1135.44326592,0.7066981623275024,0.8666981623275023,50000.0,5.0,250000.0,1766.745405818756,2166.7454058187554
2025-12-24,TEAMLEASE,SHORT,A_MOD_BREAK_C1_LOW,MODERATE,2025-12-24 11:30:00+05:30,2025-12-24 11:45:00+05:30,1581.7835555908202,1592.5396837688377,1567.5475035905029,2025-12-24 12:23:00+05:30,1592.5396837688377,SL,-4.199999999999955,-3.3999999999999546,21.896236419677734,27.966487884521484,7.413258075714111,1.20426488409718,1.9968719196312104,0.004218416912729748,0.39903349699373303,0.0,1592.5396837688377,-0.839999999999991,-0.679999999999991,50000.0,5.0,250000.0,-2099.9999999999773,-1699.9999999999773
2025-12-24,IDEAFORGE,LONG,B_HUGE_C1_CLOSE_RECLAIM_BREAK,HUGE,2025-12-24 11:45:00+05:30,2025-12-24 12:15:00+05:30,491.84835,488.99562956999995,497.25868184999996,2025-12-24 12:48:00+05:30,488.99562956999995,SL,-3.7000000000000344,-2.900000000000034,26.505842208862305,67.74034118652344,77.79129028320312,1.139596014423027,2.1782910963568627,0.010095141536400412,4.902540825106013,0.0,488.99562956999995,-0.7400000000000069,-0.5800000000000068,100000.0,5.0,500000.0,-3700.0000000000346,-2900.000000000034
2025-12-24,SOMANYCERA,SHORT,A_MOD_BREAK_C1_LOW,MODERATE,2025-12-24 12:45:00+05:30,2025-12-24 13:00:00+05:30,412.96737779541013,415.77555596441886,409.25067139525146,2025-12-24 13:15:00+05:30,409.25067139525146,TARGET,3.6999999999999753,4.499999999999975,34.44584655761719,30.53809356689453,19.523693084716797,2.2835144375933694,2.719803384496684,0.004124382659502282,0.7266876983642578,0.0,415.77555596441886,0.7399999999999951,0.899999999999995,50000.0,5.0,250000.0,1849.9999999999877,2249.9999999999877
2025-12-24,PRUDENT,SHORT,A_MOD_BREAK_C1_LOW,MODERATE,2025-12-24 13:15:00+05:30,2025-12-24 13:30:00+05:30,2624.9749,2642.8247293199997,2601.3501259,2025-12-24 13:57:00+05:30,2601.3501259,TARGET,3.7000000000000366,4.500000000000036,20.952104568481445,38.41582489013672,16.24380111694336,2.0556549687973105,1.512601804559187,0.003941530905618933,0.499911658755181,0.0,2642.8247293199997,0.7400000000000073,0.9000000000000073,50000.0,5.0,250000.0,1850.0000000000182,2250.0000000000186
2025-12-24,JASH,SHORT,A_MOD_BREAK_C1_LOW,MODERATE,2025-12-24 13:30:00+05:30,2025-12-24 13:45:00+05:30,426.51468610229495,429.4149859677905,422.6760539273743,2025-12-24 15:11:00+05:30,422.6760539273743,TARGET,3.6999999999999753,4.499999999999975,35.89889907836914,21.66094207763672,5.5387067794799805,3.181374216547842,2.6501161602014576,0.005419892505404542,0.7484834861755372,0.0,429.4149859677905,0.7399999999999951,0.899999999999995,50000.0,5.0,250000.0,1849.9999999999877,2249.9999999999877
2025-12-26,TITAGARH,LONG,B_HUGE_C1_CLOSE_RECLAIM_BREAK,HUGE,2025-12-26 10:00:00+05:30,2025-12-26 10:30:00+05:30,896.5292455810547,891.3293759566845,906.3910672824462,2025-12-26 15:30:00+05:30,899.0,EOD,0.5779552820632903,1.37795528206329,37.05752944946289,76.4753646850586,91.94645690917969,1.8179463294567828,4.041976790617912,0.009088445730017531,7.785784905039734,0.0,891.3293759566845,0.11559105641265804,0.275591056412658,100000.0,5.0,500000.0,577.9552820632903,1377.9552820632903
2025-12-26,HINDCOPPER,LONG,A_MOD_BREAK_C1_HIGH,MODERATE,2025-12-26 10:15:00+05:30,2025-12-26 10:30:00+05:30,455.44107610473634,452.79951786332884,460.4509279418884,2025-12-26 10:31:00+05:30,460.4509279418884,TARGET,4.699999999999936,5.499999999999936,59.30385208129883,79.37885284423828,80.81497192382812,1.530745655908476,3.8577223719604863,0.00987038728257738,7.945520499599967,0.0,452.79951786332884,0.9399999999999873,1.0999999999999872,100000.0,5.0,500000.0,4699.999999999937,5499.999999999936
2025-12-26,AUTOAXLES,SHORT,B_HUGE_RED_FAILED_BOUNCE,HUGE,2025-12-26 10:15:00+05:30,2025-12-26 11:15:00+05:30,1814.1371,1826.4732322799998,1797.8098661,2025-12-26 15:28:00+05:30,1826.4732322799998,SL,-4.199999999999973,-3.399999999999973,27.362791061401367,30.800058364868164,13.835657119750977,0.48512872901706816,3.1360731032342386,0.0035633743829856794,0.3953393934990074,0.0,1826.4732322799998,-0.8399999999999945,-0.6799999999999946,50000.0,5.0,250000.0,-2099.9999999999864,-1699.9999999999864
2025-12-26,GALAPREC,SHORT,A_MOD_BREAK_C1_LOW,MODERATE,2025-12-26 11:30:00+05:30,2025-12-26 11:45:00+05:30,779.1441277954101,784.4423078644188,772.1318306452514,2025-12-26 12:39:00+05:30,784.4423078644188,SL,-4.199999999999948,-3.399999999999949,35.02799987792969,32.639408111572266,14.085254669189453,1.2884029841520364,2.6000128442033548,0.006393089208564408,0.6108905203955517,0.0,784.4423078644188,-0.8399999999999896,-0.6799999999999897,50000.0,5.0,250000.0,-2099.999999999974,-1699.9999999999743
2025-12-29,ADANIPORTS,SHORT,A_MOD_BREAK_C1_LOW,MODERATE,2025-12-29 10:00:00+05:30,2025-12-29 10:15:00+05:30,1468.4062111816406,1478.3913734176756,1455.1905552810058,2025-12-29 14:37:00+05:30,1455.1905552810058,TARGET,3.700000000000021,4.500000000000021,23.645668029785156,20.990991592407227,2.6093051433563232,1.2651398640493452,3.991802077255118,0.002908121884456231,0.43608449665541277,0.0,1478.3913734176756,0.7400000000000042,0.9000000000000042,50000.0,5.0,250000.0,1850.0000000000105,2250.0000000000105
2025-12-29,ADANIPOWER,SHORT,A_MOD_BREAK_C1_LOW,MODERATE,2025-12-29 10:00:00+05:30,2025-12-29 10:15:00+05:30,140.86000366210936,141.81785168701168,139.59226362915038,2025-12-29 15:30:00+05:30,141.81785168701168,SL,-4.199999999999911,-3.3999999999999115,23.165630340576172,24.933635711669922,6.730342864990234,1.148290521523054,3.158977154593343,0.0030802674324136537,0.408435296375177,0.0,141.81785168701168,-0.8399999999999823,-0.6799999999999823,50000.0,5.0,250000.0,-2099.9999999999554,-1699.9999999999557
2025-12-29,ASAHIINDIA,SHORT,A_MOD_BREAK_C1_LOW,MODERATE,2025-12-29 10:00:00+05:30,2025-12-29 10:15:00+05:30,953.7092444091796,960.194467271162,945.125861209497,2025-12-29 10:38:00+05:30,945.125861209497,TARGET,3.700000000000021,4.500000000000021,37.693626403808594,25.16940689086914,8.339064598083496,1.2934150657604646,3.5655255114461144,0.008085263836446232,0.6517520325652102,0.0,960.194467271162,0.7400000000000042,0.9000000000000042,50000.0,5.0,250000.0,1850.0000000000105,2250.0000000000105
2025-12-29,WELCORP,LONG,A_MOD_BREAK_C1_HIGH,MODERATE,2025-12-29 10:00:00+05:30,2025-12-29 10:15:00+05:30,816.1632,811.42945344,825.1409951999999,2025-12-29 14:34:00+05:30,825.1409951999999,TARGET,4.699999999999967,5.499999999999967,23.21306800842285,67.43909454345703,93.70161437988281,2.0119019491643955,2.515270180963671,0.003271440579655856,6.0254309788853995,0.0,811.42945344,0.9399999999999935,1.0999999999999934,100000.0,5.0,500000.0,4699.999999999967,5499.999999999966
2025-12-29,JAIBALAJI,LONG,B_HUGE_C1_CLOSE_RECLAIM_BREAK,HUGE,2025-12-29 10:00:00+05:30,2025-12-29 10:30:00+05:30,67.48000030517578,67.08861630340576,68.2222803085327,2025-12-29 10:31:00+05:30,68.2222803085327,TARGET,4.6999999999999345,5.499999999999934,28.843862533569336,81.88986206054688,72.94718170166016,0.7583749591768364,3.682986446888227,0.011641700190706577,6.570439123781575,0.0,67.08861630340576,0.9399999999999868,1.0999999999999868,100000.0,5.0,500000.0,4699.9999999999345,5499.999999999934
2025-12-29,FINCABLES,SHORT,A_MOD_BREAK_C1_LOW,MODERATE,2025-12-29 10:15:00+05:30,2025-12-29 10:30:00+05:30,752.8494,757.9687759199999,746.0737554,2025-12-29 12:26:00+05:30,746.0737554,TARGET,3.6999999999999766,4.499999999999976,58.48375701904297,14.09649658203125,2.344041585922241,1.3699693049308164,4.527629311132058,0.0035166913421805627,0.8497446283628929,0.0,757.9687759199999,0.7399999999999953,0.8999999999999952,50000.0,5.0,250000.0,1849.9999999999884,2249.999999999988
2025-12-29,PETRONET,SHORT,A_MOD_BREAK_C1_LOW,MODERATE,2025-12-29 10:15:00+05:30,2025-12-29 10:30:00+05:30,278.14437220458984,280.03575393558106,275.64107285474853,2025-12-29 15:30:00+05:30,278.20001220703125,EOD,-0.9000200040008022,-0.10002000400080228,21.320537567138672,24.63974380493164,4.964628219604492,1.8468737739759613,3.081811942347289,0.003195982844788859,0.5030109739528732,0.0,280.03575393558106,-0.18000400080016044,-0.020004000800160456,50000.0,5.0,250000.0,-450.0100020004011,-50.01000200040114
2025-12-29,TRACXN,SHORT,A_MOD_BREAK_C1_LOW,MODERATE,2025-12-29 10:15:00+05:30,2025-12-29 10:30:00+05:30,39.400000762939456,39.66792076812744,39.045400756073,2025-12-29 13:17:00+05:30,39.045400756073,TARGET,3.7000000000000046,4.5000000000000036,43.11113739013672,31.052053451538086,8.53056526184082,1.513803742053672,2.288911804613297,0.004451849185798463,0.7715827157114434,0.0,39.66792076812744,0.7400000000000009,0.9000000000000008,50000.0,5.0,250000.0,1850.0000000000023,2250.000000000002
2025-12-29,APTUS,SHORT,A_PULLBACK_C2_THEN_BREAK_C2_LOW,MODERATE,2025-12-29 10:15:00+05:30,2025-12-29 10:45:00+05:30,275.19495,277.06627566,272.71819545,2025-12-29 11:13:00+05:30,272.71819545,TARGET,3.700000000000018,4.500000000000018,30.032115936279297,14.751283645629883,1.2254868745803833,1.8234700048920887,4.6955424331855635,0.003670651146850228,0.6295889899003049,0.0,277.06627566,0.7400000000000035,0.9000000000000036,50000.0,5.0,250000.0,1850.0000000000089,2250.000000000009
2025-12-29,GOKULAGRO,SHORT,A_MOD_BREAK_C1_LOW,MODERATE,2025-12-29 10:30:00+05:30,2025-12-29 10:45:00+05:30,179.5800048828125,180.8011489160156,177.96378483886718,2025-12-29 15:24:00+05:30,177.96378483886718,TARGET,3.699999999999978,4.499999999999978,58.759742736816406,22.207674026489258,32.6891975402832,0.779215866497248,2.308378706157603,0.005316010925124991,0.7463627766370184,0.0,180.8011489160156,0.7399999999999956,0.8999999999999956,50000.0,5.0,250000.0,1849.9999999999889,2249.999999999989
2025-12-29,TATATECH,SHORT,A_MOD_BREAK_C1_LOW,MODERATE,2025-12-29 10:30:00+05:30,2025-12-29 10:45:00+05:30,650.61985,655.04406498,644.7642713500001,2025-12-29 13:48:00+05:30,655.04406498,SL,-4.19999999999999,-3.3999999999999906,33.14775085449219,29.189838409423828,18.497150421142578,1.0885074524158884,2.318100930503948,0.002884796105196508,0.5477050669901633,0.0,655.04406498,-0.8399999999999981,-0.6799999999999982,50000.0,5.0,250000.0,-2099.999999999995,-1699.9999999999955
2025-12-29,KPITTECH,SHORT,A_MOD_BREAK_C1_LOW,MODERATE,2025-12-29 10:45:00+05:30,2025-12-29 11:00:00+05:30,1202.0595888183593,1210.233594022324,1191.2410525189941,2025-12-29 11:54:00+05:30,1191.2410525189941,TARGET,3.699999999999978,4.499999999999977,31.043245315551758,34.25111770629883,32.48292541503906,1.1832092676415031,1.9420465024103386,0.004734968992410786,0.5298126266910563,0.0,1210.233594022324,0.7399999999999956,0.8999999999999955,50000.0,5.0,250000.0,1849.9999999999889,2249.9999999999886
2025-12-29,SWSOLAR,SHORT,A_MOD_BREAK_C1_LOW,MODERATE,2025-12-29 10:45:00+05:30,2025-12-29 11:00:00+05:30,212.58999938964843,214.03561138549802,210.67668939514158,2025-12-29 15:30:00+05:30,212.9499969482422,EOD,-1.646694481460379,-0.8466944814603792,46.435665130615234,22.822961807250977,16.427188873291016,1.210531666801028,2.5329122644442683,0.0058813173416518765,0.7683780186494085,0.0,214.03561138549802,-0.3293388962920758,-0.16933889629207582,50000.0,5.0,250000.0,-823.3472407301895,-423.3472407301895
2025-12-29,ARE&M,SHORT,A_MOD_BREAK_C1_LOW,MODERATE,2025-12-29 11:00:00+05:30,2025-12-29 11:15:00+05:30,911.7176444091797,917.9173243911621,903.512185609497,2025-12-29 14:21:00+05:30,903.512185609497,TARGET,3.7000000000000313,4.50000000000003,61.29880142211914,20.971261978149414,5.558359622955322,1.1670917884327952,2.9356825324098317,0.0024938463151993966,0.8142410629757391,0.0,917.9173243911621,0.7400000000000062,0.9000000000000061,50000.0,5.0,250000.0,1850.0000000000155,2250.0000000000155
2025-12-29,APLLTD,SHORT,A_MOD_BREAK_C1_LOW,MODERATE,2025-12-29 11:15:00+05:30,2025-12-29 11:30:00+05:30,840.0319722045898,845.7441896155809,832.4716844547485,2025-12-29 15:30:00+05:30,838.0,EOD,0.40946122994406653,1.2094612299440664,32.759281158447266,18.662879943847656,2.760028839111328,1.8140406338787274,3.0027243155649352,0.0030985687219539735,0.6688463283054862,0.0,845.7441896155809,0.08189224598881331,0.2418922459888133,50000.0,5.0,250000.0,204.7306149720333,604.7306149720332
2025-12-29,BSOFT,SHORT,A_MOD_BREAK_C1_LOW,MODERATE,2025-12-29 11:15:00+05:30,2025-12-29 11:30:00+05:30,437.7124277954102,440.6888723044189,433.7730159452515,2025-12-29 11:40:00+05:30,433.7730159452515,TARGET,3.7000000000000166,4.500000000000016,20.467504501342773,23.5705509185791,3.6706056594848633,2.940033127498343,3.1073182122986416,0.006346140879382403,0.5170125675201416,0.0,440.6888723044189,0.7400000000000033,0.9000000000000032,50000.0,5.0,250000.0,1850.0000000000084,2250.000000000008
2025-12-29,SHAREINDIA,SHORT,A_MOD_BREAK_C1_LOW,MODERATE,2025-12-29 11:15:00+05:30,2025-12-29 11:30:00+05:30,167.64999694824218,168.7900169274902,166.14114697570798,2025-12-29 11:35:00+05:30,166.14114697570798,TARGET,3.700000000000041,4.500000000000041,35.90616226196289,24.63627052307129,6.316412448883057,1.2625986878219095,2.095422391242693,0.005992834493680705,0.6195472042982775,0.0,168.7900169274902,0.7400000000000082,0.9000000000000081,50000.0,5.0,250000.0,1850.0000000000205,2250.00000000002
2025-12-29,ZUARI,LONG,B_HUGE_C1_CLOSE_RECLAIM_BREAK,HUGE,2025-12-29 11:15:00+05:30,2025-12-29 11:45:00+05:30,333.6166977905273,331.68172094334227,337.2864814662231,2025-12-29 11:57:00+05:30,331.68172094334227,SL,-3.6999999999999944,-2.899999999999995,26.721372604370117,78.78295135498047,80.33958435058594,1.413077086922577,3.5422036231136156,0.014529829881536348,6.3703695568507195,0.0,331.68172094334227,-0.7399999999999989,-0.579999999999999,100000.0,5.0,500000.0,-3699.9999999999945,-2899.9999999999945
2025-12-29,KSOLVES,SHORT,A_MOD_BREAK_C1_LOW,MODERATE,2025-12-29 11:45:00+05:30,2025-12-29 12:00:00+05:30,281.74362779541013,283.6594844644189,279.20793514525144,2025-12-29 12:06:00+05:30,279.20793514525144,TARGET,3.7000000000000055,4.500000000000005,40.565879821777344,22.347320556640625,4.455971717834473,1.5684073505636236,2.6682662609897165,0.007003560133859621,0.7429594836752942,0.0,283.6594844644189,0.7400000000000011,0.900000000000001,50000.0,5.0,250000.0,1850.0000000000027,2250.0000000000023
2025-12-29,GOKEX,SHORT,A_PULLBACK_C2_THEN_BREAK_C2_LOW,MODERATE,2025-12-29 12:15:00+05:30,2025-12-29 12:45:00+05:30,766.8965777954102,772.1114745244189,759.9945085952514,2025-12-29 13:48:00+05:30,759.9945085952514,TARGET,3.7000000000000286,4.500000000000028,24.40570640563965,26.409757614135742,5.882505416870117,1.5608592254522697,1.8513548449517954,0.005190838012907326,0.49180370278633173,0.0,772.1114745244189,0.7400000000000058,0.9000000000000057,50000.0,5.0,250000.0,1850.0000000000143,2250.000000000014
2025-12-29,CHENNPETRO,SHORT,A_MOD_BREAK_C1_LOW,MODERATE,2025-12-29 12:30:00+05:30,2025-12-29 12:45:00+05:30,818.3363,823.90098684,810.9712733,2025-12-29 14:05:00+05:30,823.90098684,SL,-4.199999999999951,-3.399999999999952,29.753332138061523,31.771587371826172,15.438090324401855,1.5435207956345158,1.7930000008196656,0.006394374157253788,0.5660661213479465,0.0,823.90098684,-0.8399999999999903,-0.6799999999999904,50000.0,5.0,250000.0,-2099.9999999999754,-1699.9999999999761
2025-12-29,KIRLOSENG,SHORT,A_MOD_BREAK_C1_LOW,MODERATE,2025-12-29 12:30:00+05:30,2025-12-29 12:45:00+05:30,1233.9531111816407,1242.3439923376757,1222.847533181006,2025-12-29 12:51:00+05:30,1222.847533181006,TARGET,3.699999999999993,4.499999999999994,28.473596572875977,31.117420196533203,10.825072288513184,2.103985442099216,2.1922918629059893,0.006724793297951752,0.6371039485931396,0.0,1242.3439923376757,0.7399999999999987,0.8999999999999987,50000.0,5.0,250000.0,1849.9999999999966,2249.999999999997
2025-12-29,GRANULES,SHORT,A_MOD_BREAK_C1_LOW,MODERATE,2025-12-29 13:00:00+05:30,2025-12-29 13:15:00+05:30,603.7792444091797,607.884943271162,598.3452312094971,2025-12-29 15:30:00+05:30,602.5999755859375,EOD,0.1765728402904447,0.9765728402904446,36.084617614746094,30.108379364013672,12.625028610229492,2.0350230005426804,1.9869443265261921,0.004694108390222695,0.7506164805475011,0.0,607.884943271162,0.03531456805808894,0.19531456805808892,50000.0,5.0,250000.0,88.28642014522235,488.28642014522234
2025-12-29,NOCIL,SHORT,A_PULLBACK_C2_THEN_BREAK_C2_LOW,MODERATE,2025-12-29 13:00:00+05:30,2025-12-29 13:30:00+05:30,153.2500030517578,154.29210307250975,151.870753024292,2025-12-29 15:30:00+05:30,153.1999969482422,EOD,-0.6368479526270387,0.16315204737296107,23.49640464782715,29.05364990234375,2.4268269538879395,2.5519747765591885,2.3226385679917403,0.004907794190882287,0.5624460697174072,0.0,154.29210307250975,-0.12736959052540775,0.03263040947459221,50000.0,5.0,250000.0,-318.42397631351935,81.57602368648053
2025-12-29,MGL,SHORT,A_MOD_BREAK_C1_LOW,MODERATE,2025-12-29 14:15:00+05:30,2025-12-29 14:30:00+05:30,1120.2759,1127.89377612,1110.1934169,2025-12-29 15:30:00+05:30,1121.9000244140625,EOD,-1.5248769763155698,-0.7248769763155699,37.073490142822266,27.80135154724121,16.524600982666016,2.7149075910070946,2.6394938053572887,0.0020577552914466946,0.7661023521423338,0.0,1127.89377612,-0.30497539526311396,-0.14497539526311398,50000.0,5.0,250000.0,-762.4384881577848,-362.43848815778495
2025-12-30,TRITURBINE,SHORT,A_MOD_BREAK_C1_LOW,MODERATE,2025-12-30 10:30:00+05:30,2025-12-30 10:45:00+05:30,533.8932,537.52367376,529.0881612,2025-12-30 15:30:00+05:30,533.1500244140625,EOD,-0.10400351049846768,0.6959964895015323,31.056596755981445,15.45366096496582,2.264846086502075,1.7028395124382452,3.6602887514801448,0.0033908555570166658,0.6238458660164146,0.0,537.52367376,-0.020800702099693535,0.13919929790030644,50000.0,5.0,250000.0,-52.00175524923384,347.9982447507661
2025-12-30,ZENSARTECH,SHORT,A_MOD_BREAK_C1_LOW,MODERATE,2025-12-30 10:30:00+05:30,2025-12-30 10:45:00+05:30,704.0591722045898,708.846774575581,697.7226396547485,2025-12-30 12:40:00+05:30,697.7226396547485,TARGET,3.700000000000001,4.500000000000001,45.78825378417969,23.69189453125,1.477676510810852,1.6318663172999772,3.036511425696157,0.0036667710345502143,0.8324004122901913,0.0,708.846774575581,0.7400000000000002,0.9000000000000001,50000.0,5.0,250000.0,1850.0000000000005,2250.0000000000005
2025-12-30,INTELLECT,SHORT,A_MOD_BREAK_C1_LOW,MODERATE,2025-12-30 10:45:00+05:30,2025-12-30 11:00:00+05:30,968.2063444091797,974.790147551162,959.492487309497,2025-12-30 11:04:00+05:30,959.492487309497,TARGET,3.7000000000000055,4.500000000000005,24.21832847595215,25.069490432739258,6.822730541229248,1.3428303725284816,2.5514674690808006,0.0072121026931322735,0.45827024233176644,0.0,974.790147551162,0.7400000000000011,0.9000000000000011,50000.0,5.0,250000.0,1850.0000000000027,2250.0000000000027
2025-12-30,CRISIL,SHORT,A_MOD_BREAK_C1_LOW,MODERATE,2025-12-30 11:00:00+05:30,2025-12-30 11:15:00+05:30,4224.255077636719,4252.9800121646485,4186.236781937989,2025-12-30 11:39:00+05:30,4186.236781937989,TARGET,3.699999999999953,4.499999999999953,30.507707595825195,28.806854248046875,9.044293403625488,1.3632120696366705,2.513143701349455,0.004564558154219257,0.5561777261237952,0.0,4252.9800121646485,0.7399999999999907,0.8999999999999906,50000.0,5.0,250000.0,1849.9999999999766,2249.9999999999764
2025-12-30,GLAXO,SHORT,A_MOD_BREAK_C1_LOW,MODERATE,2025-12-30 11:00:00+05:30,2025-12-30 11:15:00+05:30,2410.7177111816404,2427.1105916176753,2389.0212517810055,2025-12-30 11:18:00+05:30,2389.0212517810055,TARGET,3.700000000000033,4.500000000000033,24.609661102294922,25.443992614746094,1.7362560033798218,1.7464992004194801,2.771642011509308,0.005849930796661788,0.534782276607833,0.0,2427.1105916176753,0.7400000000000067,0.9000000000000066,50000.0,5.0,250000.0,1850.0000000000166,2250.0000000000164
2025-12-30,KRN,SHORT,A_MOD_BREAK_C1_LOW,MODERATE,2025-12-30 11:00:00+05:30,2025-12-30 11:15:00+05:30,710.9077777954102,715.741950684419,704.5096077952516,2025-12-30 13:36:00+05:30,715.741950684419,SL,-4.199999999999976,-3.399999999999976,46.8696174621582,30.05313491821289,16.715187072753906,0.7950417755044172,2.2741473196513455,0.0052084988110686,0.7021765726456459,0.0,715.741950684419,-0.8399999999999952,-0.6799999999999952,50000.0,5.0,250000.0,-2099.999999999988,-1699.999999999988
2025-12-30,MOTILALOFS,SHORT,A_MOD_BREAK_C1_LOW,MODERATE,2025-12-30 11:00:00+05:30,2025-12-30 11:15:00+05:30,838.8322,844.5362589599998,831.2827101999999,2025-12-30 11:43:00+05:30,844.5362589599998,SL,-4.19999999999993,-3.399999999999931,27.227825164794922,26.02316665649414,12.166097640991211,1.2905826433273107,2.378384481609067,0.007521264893668039,0.49426934005420314,0.0,844.5362589599998,-0.8399999999999861,-0.6799999999999862,50000.0,5.0,250000.0,-2099.999999999965,-1699.9999999999654
2025-12-30,ASHOKLEY,LONG,B_HUGE_GREEN_PULLBACK_HOLD_THEN_BREAK,HUGE,2025-12-30 10:15:00+05:30,2025-12-30 11:30:00+05:30,178.05,177.01731,180.00854999999999,2025-12-30 12:11:00+05:30,177.01731,SL,-3.7000000000000064,-2.9000000000000066,22.501771926879883,71.9443588256836,69.0438003540039,1.5994600393802054,1.770400464762262,0.004478224287641809,4.94810253381215,0.0,177.01731,-0.7400000000000013,-0.5800000000000013,100000.0,5.0,500000.0,-3700.000000000007,-2900.0000000000064
2025-12-30,AUTOAXLES,LONG,A_MOD_BREAK_C1_HIGH,MODERATE,2025-12-30 11:15:00+05:30,2025-12-30 11:30:00+05:30,1872.5743911621094,1861.713459693369,1893.1727094648923,2025-12-30 15:30:00+05:30,1876.0,EOD,0.11467897191650062,0.9146789719165005,35.07521057128906,76.05348205566406,94.16525268554688,2.194869360492865,4.224382611410488,0.005062164865298589,8.355656374332133,0.0,1861.713459693369,0.022935794383300123,0.1829357943833001,100000.0,5.0,500000.0,114.67897191650061,914.6789719165005
2025-12-30,GODFRYPHLP,SHORT,A_MOD_BREAK_C1_LOW,MODERATE,2025-12-30 11:15:00+05:30,2025-12-30 11:30:00+05:30,2701.4596,2719.82952528,2677.1464636,2025-12-30 15:01:00+05:30,2677.1464636,TARGET,3.7000000000000135,4.500000000000013,22.86248016357422,13.972819328308105,3.279367446899414,2.696027126988018,3.6465087142943218,0.006022002236389567,0.5529372024536132,0.0,2719.82952528,0.7400000000000027,0.9000000000000027,50000.0,5.0,250000.0,1850.0000000000066,2250.000000000007
2025-12-30,PGEL,SHORT,A_MOD_BREAK_C1_LOW,MODERATE,2025-12-30 11:15:00+05:30,2025-12-30 11:30:00+05:30,562.1875277954101,566.0104029844189,557.1278400452514,2025-12-30 13:15:00+05:30,566.0104029844189,SL,-4.199999999999969,-3.3999999999999697,38.6711540222168,28.538740158081055,13.699254989624023,1.92138158777755,2.4932587600957055,0.005942847781711154,0.7763090881943231,0.0,566.0104029844189,-0.8399999999999939,-0.6799999999999939,50000.0,5.0,250000.0,-2099.9999999999845,-1699.999999999985
2025-12-30,BDL,SHORT,A_MOD_BREAK_C1_LOW,MODERATE,2025-12-30 11:30:00+05:30,2025-12-30 11:45:00+05:30,1434.713,1444.4690483999998,1421.800583,2025-12-30 13:07:00+05:30,1444.4690483999998,SL,-4.199999999999939,-3.39999999999994,20.404922485351562,22.663005828857422,0.6720150709152222,2.336985382683633,2.8575411549322918,0.006720066734675245,0.5160738372802733,0.0,1444.4690483999998,-0.8399999999999879,-0.679999999999988,50000.0,5.0,250000.0,-2099.9999999999695,-1699.9999999999698
2025-12-30,SANOFI,SHORT,A_MOD_BREAK_C1_LOW,MODERATE,2025-12-30 11:30:00+05:30,2025-12-30 11:45:00+05:30,4054.189,4081.7574851999993,4017.701299,2025-12-30 15:30:00+05:30,4065.60009765625,EOD,-2.2073218658836757,-1.407321865883676,28.158626556396484,28.571914672851562,8.532495498657227,1.3765383708062504,2.0350435576614596,0.0024385777328322375,0.523273613237041,0.0,4081.7574851999993,-0.44146437317673515,-0.28146437317673517,50000.0,5.0,250000.0,-1103.660932941838,-703.6609329418379
2025-12-31,IOC,LONG,A_MOD_BREAK_C1_HIGH,MODERATE,2025-12-31 10:00:00+05:30,2025-12-31 10:15:00+05:30,163.6999938964844,162.75053393188477,165.5006938293457,2025-12-31 11:04:00+05:30,165.5006938293457,TARGET,4.699999999999934,5.4999999999999325,21.479646682739258,69.37987518310547,88.96377563476562,1.565819551785231,2.8341680855453837,0.0031887700425570153,5.79503054654538,0.0,162.75053393188477,0.9399999999999866,1.0999999999999865,100000.0,5.0,500000.0,4699.999999999934,5499.999999999933
2025-12-31,APOLLO,LONG,B_HUGE_C1_CLOSE_RECLAIM_BREAK,HUGE,2025-12-31 10:00:00+05:30,2025-12-31 10:30:00+05:30,269.80395,268.23908709,272.77179344999996,2025-12-31 13:29:00+05:30,272.77179344999996,TARGET,4.699999999999955,5.499999999999955,25.23728370666504,79.71058654785156,82.09329223632812,0.8422963566864952,3.636482233419761,0.008672054881183387,6.064778984950033,0.0,268.23908709,0.9399999999999911,1.099999999999991,100000.0,5.0,500000.0,4699.999999999955,5499.9999999999545
2025-12-31,TARC,LONG,B_HUGE_C1_CLOSE_RECLAIM_BREAK,HUGE,2025-12-31 11:15:00+05:30,2025-12-31 11:45:00+05:30,170.5799987792969,169.59063478637697,172.45637876586915,2025-12-31 11:46:00+05:30,172.45637876586915,TARGET,4.699999999999984,5.499999999999984,30.6143856048584,75.58908081054688,80.09964752197266,1.7949028243227205,3.6452577985779295,0.010044314202968292,7.531320096799609,0.0,169.59063478637697,0.9399999999999968,1.0999999999999968,100000.0,5.0,500000.0,4699.9999999999845,5499.999999999984
2025-12-31,DABUR,LONG,B_HUGE_GREEN_PULLBACK_HOLD_THEN_BREAK,HUGE,2025-12-31 10:00:00+05:30,2025-12-31 12:00:00+05:30,507.8015522094727,504.85630320665774,513.3873692837768,2025-12-31 12:36:00+05:30,504.85630320665774,SL,-3.6999999999999913,-2.8999999999999915,46.57536697387695,82.01985168457031,92.82042694091797,1.4784949160491108,4.054753683371691,0.004952679284130666,8.04761690210863,0.0,504.85630320665774,-0.7399999999999982,-0.5799999999999983,100000.0,5.0,500000.0,-3699.999999999991,-2899.9999999999914
2025-12-31,BALRAMCHIN,LONG,B_HUGE_GREEN_PULLBACK_HOLD_THEN_BREAK,HUGE,2025-12-31 10:45:00+05:30,2025-12-31 12:00:00+05:30,445.03900220947264,442.4577759966577,449.9344312337768,2025-12-31 15:26:00+05:30,442.4577759966577,SL,-3.7000000000000144,-2.9000000000000146,22.721385955810547,81.31192779541016,89.56539916992188,1.408591503685653,3.0365632179521516,0.0048213728465521695,6.145762389892903,0.0,442.4577759966577,-0.7400000000000029,-0.580000000000003,100000.0,5.0,500000.0,-3700.0000000000146,-2900.000000000015
2025-12-31,SKIPPER,LONG,B_HUGE_GREEN_PULLBACK_HOLD_THEN_BREAK,HUGE,2025-12-31 11:00:00+05:30,2025-12-31 12:15:00+05:30,429.9359761047363,427.44234744332886,434.66527184188834,2025-12-31 12:28:00+05:30,434.66527184188834,TARGET,4.6999999999999185,5.499999999999918,36.55403137207031,79.29486846923828,96.94216918945312,2.1021249024604387,4.648338997220242,0.007269590723582188,8.900552593179892,0.0,427.44234744332886,0.9399999999999837,1.0999999999999837,100000.0,5.0,500000.0,4699.999999999919,5499.999999999918
2025-12-31,ZIMLAB,LONG,A_MOD_BREAK_C1_HIGH,MODERATE,2025-12-31 12:15:00+05:30,2025-12-31 12:30:00+05:30,71.73000030517578,71.31396630340576,72.5190303085327,2025-12-31 12:47:00+05:30,71.31396630340576,SL,-3.699999999999969,-2.8999999999999693,56.587650299072266,63.541507720947266,47.177085876464844,0.3909490205948427,1.2883421406704734,0.0107023257506114,4.28628455263105,0.0,71.31396630340576,-0.7399999999999938,-0.5799999999999939,100000.0,5.0,500000.0,-3699.999999999969,-2899.9999999999695
2025-12-31,PENIND,LONG,B_HUGE_C1_CLOSE_RECLAIM_BREAK,HUGE,2025-12-31 12:15:00+05:30,2025-12-31 12:45:00+05:30,205.2100036621094,204.01978564086915,207.46731370239257,2025-12-31 12:52:00+05:30,207.46731370239257,TARGET,4.699999999999961,5.499999999999961,34.638587951660156,81.277099609375,77.9838638305664,2.050256292545633,4.594810827178437,0.007575950679773239,8.60507756899868,0.0,204.01978564086915,0.9399999999999922,1.099999999999992,100000.0,5.0,500000.0,4699.999999999961,5499.999999999961
2025-12-31,LT,LONG,B_HUGE_GREEN_PULLBACK_HOLD_THEN_BREAK,HUGE,2025-12-31 12:00:00+05:30,2025-12-31 13:30:00+05:30,4086.5170911621094,4062.815292033369,4131.468779164892,2025-12-31 15:30:00+05:30,4083.0,EOD,-1.230328698455196,-0.43032869845519617,20.40250015258789,62.81322479248047,61.483551025390625,3.087308572795457,1.553563356904876,0.0021075042660882704,6.679540528542511,0.0,4062.815292033369,-0.2460657396910392,-0.08606573969103923,100000.0,5.0,500000.0,-1230.328698455196,-430.32869845519616
2025-12-31,MANORAMA,LONG,B_HUGE_C1_CLOSE_RECLAIM_BREAK,HUGE,2025-12-31 13:00:00+05:30,2025-12-31 13:30:00+05:30,1332.2664,1324.53925488,1346.9213303999998,2025-12-31 15:30:00+05:30,1334.0,EOD,-0.1493793733745652,0.6506206266254346,20.637435913085938,74.20833587646484,87.83908081054688,3.4383090149746547,2.8519142991904722,0.005657443055161485,8.60766781518329,0.0,1324.53925488,-0.02987587467491304,0.13012412532508694,100000.0,5.0,500000.0,-149.3793733745652,650.6206266254346
2025-12-31,GRAPHITE,LONG,B_HUGE_GREEN_PULLBACK_HOLD_THEN_BREAK,HUGE,2025-12-31 11:00:00+05:30,2025-12-31 13:45:00+05:30,642.5285044189453,638.8018390933154,649.5963179675537,2025-12-31 14:08:00+05:30,638.8018390933154,SL,-3.700000000000042,-2.9000000000000425,34.218074798583984,82.27576446533203,92.4417724609375,1.4217538272741885,4.508429511840643,0.011235885980876421,7.783396908256229,0.0,638.8018390933154,-0.7400000000000084,-0.5800000000000085,100000.0,5.0,500000.0,-3700.0000000000423,-2900.0000000000427
2026-01-01,POCL,LONG,A_MOD_BREAK_C1_HIGH,MODERATE,2026-01-01 10:15:00+05:30,2026-01-01 10:30:00+05:30,1523.3046,1514.46943332,1540.0609505999998,2026-01-01 10:31:00+05:30,1540.0609505999998,TARGET,4.69999999999997,5.49999999999997,25.87859535217285,79.6901626586914,89.68220520019531,2.248552210337896,3.713808395365527,0.008557704424986623,7.898940945235983,0.0,1514.46943332,0.939999999999994,1.0999999999999939,100000.0,5.0,500000.0,4699.99999999997,5499.999999999969
2026-01-01,AETHER,LONG,B_HUGE_C1_CLOSE_RECLAIM_BREAK,HUGE,2026-01-01 11:15:00+05:30,2026-01-01 11:45:00+05:30,895.7290977905274,890.5338690233423,905.582117866223,2026-01-01 12:43:00+05:30,890.5338690233423,SL,-3.7000000000000144,-2.9000000000000146,54.52910232543945,78.30876159667969,94.85994720458984,0.41427649842035724,4.417361165535634,0.008458483241928832,6.828917611636451,0.0,890.5338690233423,-0.7400000000000029,-0.580000000000003,100000.0,5.0,500000.0,-3700.0000000000146,-2900.000000000015
2026-01-01,IONEXCHANG,SHORT,A_MOD_BREAK_C1_LOW,MODERATE,2026-01-01 11:45:00+05:30,2026-01-01 12:00:00+05:30,376.72462779541013,379.2863552644189,373.33410614525144,2026-01-01 15:16:00+05:30,373.33410614525144,TARGET,3.6999999999999975,4.499999999999997,26.949501037597656,27.135297775268555,14.351927757263184,1.7781651178798255,2.073436011785112,0.004052963876196944,0.5754214111929343,0.0,379.2863552644189,0.7399999999999995,0.8999999999999995,50000.0,5.0,250000.0,1849.9999999999989,2249.9999999999986
2026-01-01,SYRMA,SHORT,A_MOD_BREAK_C1_LOW,MODERATE,2026-01-01 12:00:00+05:30,2026-01-01 12:15:00+05:30,719.0561722045899,723.945754175581,712.5846666547485,2026-01-01 15:30:00+05:30,720.7999877929688,EOD,-2.012572574846572,-1.212572574846572,20.87903594970703,32.42498779296875,7.501806735992432,2.0916580887526868,2.0121496745881564,0.004438217376756755,0.5231855392456055,0.0,723.945754175581,-0.4025145149693144,-0.24251451496931442,50000.0,5.0,250000.0,-1006.286287423286,-606.286287423286
2026-01-01,AJANTPHARM,LONG,B_HUGE_GREEN_PULLBACK_HOLD_THEN_BREAK,HUGE,2026-01-01 11:45:00+05:30,2026-01-01 14:30:00+05:30,2915.583,2898.6726186,2947.6544129999997,2026-01-01 15:17:00+05:30,2947.6544129999997,TARGET,4.699999999999943,5.499999999999943,44.396095275878906,84.0205307006836,96.32903289794922,1.811486917760681,4.647193076354928,0.006275792447671177,8.879482030219027,0.0,2898.6726186,0.9399999999999886,1.0999999999999885,100000.0,5.0,500000.0,4699.999999999943,5499.999999999943
2026-01-02,AADHARHFC,LONG,B_HUGE_C1_CLOSE_RECLAIM_BREAK,HUGE,2026-01-02 10:00:00+05:30,2026-01-02 10:30:00+05:30,500.05000220947267,497.14971219665773,505.55055223377684,2026-01-02 10:32:00+05:30,505.55055223377684,TARGET,4.699999999999976,5.499999999999976,26.882104873657227,83.48920440673828,97.25335693359375,2.0816250260461695,5.916999049939657,0.004843336331018689,9.786448868375098,0.0,497.14971219665773,0.9399999999999953,1.0999999999999952,100000.0,5.0,500000.0,4699.999999999976,5499.999999999976
2026-01-02,YESBANK,LONG,A_MOD_BREAK_C1_HIGH,MODERATE,2026-01-02 10:15:00+05:30,2026-01-02 10:30:00+05:30,21.740000534057618,21.61390853096008,21.97914053993225,2026-01-02 11:03:00+05:30,21.97914053993225,TARGET,4.699999999999944,5.499999999999944,22.166053771972656,68.90401458740234,86.11077880859375,2.0333546472249986,2.368099899108861,0.002503941810713422,6.05512897007818,0.0,21.61390853096008,0.9399999999999888,1.0999999999999888,100000.0,5.0,500000.0,4699.999999999944,5499.9999999999445
2026-01-02,EMBDL-BE,SHORT,A_MOD_BREAK_C1_LOW,MODERATE,2026-01-02 10:45:00+05:30,2026-01-02 11:00:00+05:30,57.5499984741211,57.94133846374512,57.032048487854006,2026-01-02 11:01:00+05:30,57.032048487854006,TARGET,3.700000000000009,4.500000000000009,22.453201293945312,34.87516784667969,6.588047981262207,1.0017685091071493,1.8939987327027807,0.01140082374364493,0.36680744513806984,0.0,57.94133846374512,0.7400000000000018,0.9000000000000017,50000.0,5.0,250000.0,1850.0000000000043,2250.000000000004
2026-01-02,TVSHLTD,LONG,B_HUGE_GREEN_PULLBACK_HOLD_THEN_BREAK,HUGE,2026-01-02 10:00:00+05:30,2026-01-02 11:15:00+05:30,14502.9,14418.783179999999,14662.431899999998,2026-01-02 11:19:00+05:30,14662.431899999998,TARGET,4.699999999999936,5.499999999999936,36.2757682800293,76.03677368164062,92.0832748413086,216.00039474246728,4.223773757663416,0.005164295961612739,265.16479848322433,0.0,14418.783179999999,0.9399999999999873,1.0999999999999872,100000.0,5.0,500000.0,4699.999999999937,5499.999999999936
2026-01-02,ABBOTINDIA,SHORT,A_PULLBACK_C2_THEN_BREAK_C2_LOW,MODERATE,2026-01-02 10:45:00+05:30,2026-01-02 11:15:00+05:30,28054.388,28245.157838399995,27801.898508,2026-01-02 15:30:00+05:30,28125.0,EOD,-2.058484056041447,-1.258484056041447,28.12138557434082,19.429407119750977,6.060606002807617,1.6732877853012786,3.5611725940856935,0.003538336179465459,0.574646146042836,0.0,28245.157838399995,-0.4116968112082894,-0.2516968112082894,50000.0,5.0,250000.0,-1029.2420280207234,-629.2420280207235
2026-01-02,CLSEL,LONG,A_MOD_BREAK_C1_HIGH,MODERATE,2026-01-02 11:00:00+05:30,2026-01-02 11:15:00+05:30,266.20322389526365,264.6592451966711,269.1314593581115,2026-01-02 11:16:00+05:30,269.1314593581115,TARGET,4.699999999999909,5.4999999999999085,22.675931930541992,63.06393051147461,55.87294006347656,0.8383343141425722,1.6203025549108168,0.005568825249079742,3.988482005689779,0.0,264.6592451966711,0.9399999999999817,1.0999999999999817,100000.0,5.0,500000.0,4699.999999999909,5499.999999999909
2026-01-02,JISLJALEQS,LONG,B_HUGE_GREEN_PULLBACK_HOLD_THEN_BREAK,HUGE,2026-01-02 10:30:00+05:30,2026-01-02 11:30:00+05:30,42.630001831054685,42.38274782043457,43.098931851196284,2026-01-02 12:12:00+05:30,42.38274782043457,SL,-3.700000000000009,-2.9000000000000092,21.53837013244629,69.36698913574219,79.22003936767578,1.808482533423767,2.3506099891000503,0.0034543173544475643,5.723663476090709,0.0,42.38274782043457,-0.7400000000000018,-0.5800000000000018,100000.0,5.0,500000.0,-3700.0000000000086,-2900.0000000000095
2026-01-02,IDBI,LONG,A_MOD_BREAK_C1_HIGH,MODERATE,2026-01-02 11:15:00+05:30,2026-01-02 11:30:00+05:30,105.99999694824218,105.38519696594237,107.16599691467283,2026-01-02 11:31:00+05:30,107.16599691467283,TARGET,4.699999999999919,5.499999999999919,43.74005889892578,74.12881469726562,65.1399154663086,2.8293052531392515,2.426861370021742,0.005669465526066317,8.110877048954418,0.0,105.38519696594237,0.939999999999984,1.0999999999999839,100000.0,5.0,500000.0,4699.99999999992,5499.999999999919
2026-01-02,BOSCHLTD,LONG,B_HUGE_GREEN_PULLBACK_HOLD_THEN_BREAK,HUGE,2026-01-02 10:45:00+05:30,2026-01-02 11:45:00+05:30,38682.735,38458.375137,39108.245084999995,2026-01-02 12:19:00+05:30,39108.245084999995,TARGET,4.699999999999927,5.499999999999927,55.44561004638672,93.16445922851562,96.4289321899414,2.0874115210627817,6.368694984737431,0.005405966260288024,11.242704732498876,0.0,38458.375137,0.9399999999999855,1.0999999999999854,100000.0,5.0,500000.0,4699.999999999927,5499.999999999927
2026-01-02,BANCOINDIA,LONG,A_MOD_BREAK_C1_HIGH,MODERATE,2026-01-02 11:45:00+05:30,2026-01-02 12:00:00+05:30,697.8395522094727,693.7920828066577,705.5157872837768,2026-01-02 12:01:00+05:30,705.5157872837768,TARGET,4.699999999999961,5.499999999999961,30.596025466918945,69.77359771728516,90.06634521484375,2.0648432526760914,2.111496914666163,0.0055846747358547725,6.175380711799709,0.0,693.7920828066577,0.9399999999999922,1.099999999999992,100000.0,5.0,500000.0,4699.999999999961,5499.999999999961
2026-01-02,IRCTC,LONG,B_HUGE_GREEN_PULLBACK_HOLD_THEN_BREAK,HUGE,2026-01-02 10:30:00+05:30,2026-01-02 12:15:00+05:30,693.7386955810547,689.7150111466846,701.3698212324463,2026-01-02 15:30:00+05:30,694.5,EOD,-0.2513031896630263,0.5486968103369736,30.86859703063965,79.358642578125,86.29840850830078,1.1327448483146665,3.2121426810150964,0.0029335773603173156,6.4048311744595985,0.0,689.7150111466846,-0.050260637932605254,0.10973936206739472,100000.0,5.0,500000.0,-251.30318966302625,548.6968103369736
2026-01-02,ENGINERSIN,LONG,B_HUGE_C1_CLOSE_RECLAIM_BREAK,HUGE,2026-01-02 11:45:00+05:30,2026-01-02 12:15:00+05:30,204.9499938964844,203.76128393188478,207.2044438293457,2026-01-02 15:27:00+05:30,207.2044438293457,TARGET,4.69999999999998,5.49999999999998,21.591907501220703,64.93376922607422,75.68838500976562,1.4636609932465512,1.9550721864282332,0.006205113657688978,4.897564893675167,0.0,203.76128393188478,0.939999999999996,1.0999999999999959,100000.0,5.0,500000.0,4699.999999999979,5499.99999999998
2026-01-02,EXICOM,LONG,B_HUGE_GREEN_PULLBACK_HOLD_THEN_BREAK,HUGE,2026-01-02 11:30:00+05:30,2026-01-02 12:30:00+05:30,119.64999847412109,118.95602848297119,120.96614845733642,2026-01-02 13:10:00+05:30,118.95602848297119,SL,-3.699999999999987,-2.8999999999999866,24.00279426574707,72.98155975341797,78.70011138916016,1.3251665153649257,2.443287348757322,0.007381942980459045,5.779970078303144,0.0,118.95602848297119,-0.7399999999999973,-0.5799999999999973,100000.0,5.0,500000.0,-3699.999999999987,-2899.9999999999864
2026-01-02,GARFIBRES,SHORT,A_MOD_BREAK_C1_LOW,MODERATE,2026-01-02 12:15:00+05:30,2026-01-02 12:30:00+05:30,688.9121777954101,693.5967806044189,682.7119681952514,2026-01-02 15:30:00+05:30,690.0,EOD,-1.5895216833523154,-0.7895216833523155,30.400882720947266,33.01894760131836,37.769718170166016,0.771103407516767,1.40382376908744,0.005256295458865944,0.4211475255840152,0.0,693.5967806044189,-0.3179043366704631,-0.1579043366704631,50000.0,5.0,250000.0,-794.7608416761577,-394.7608416761578
2026-01-02,PFIZER,SHORT,A_MOD_BREAK_C1_LOW,MODERATE,2026-01-02 12:45:00+05:30,2026-01-02 13:00:00+05:30,4880.0238,4913.207961839999,4836.1035858,2026-01-02 15:30:00+05:30,4890.2001953125,EOD,-1.8426583690534524,-1.0426583690534525,30.879833221435547,27.913455963134766,9.566038131713867,1.755428284949535,2.253119263200473,0.003215093442685925,0.6303974481877017,0.0,4913.207961839999,-0.36853167381069046,-0.2085316738106905,50000.0,5.0,250000.0,-921.3291845267262,-521.3291845267262
2026-01-02,CARERATING,LONG,B_HUGE_GREEN_PULLBACK_HOLD_THEN_BREAK,HUGE,2026-01-02 12:45:00+05:30,2026-01-02 13:45:00+05:30,1685.337,1675.5620454,1703.875707,2026-01-02 15:30:00+05:30,1684.0,EOD,-1.196656573729761,-0.39665657372976115,29.829919815063477,82.43527221679688,97.40435028076172,2.376883655602158,4.301284367848788,0.006993603492850688,8.528737786397128,0.0,1675.5620454,-0.2393313147459522,-0.07933131474595223,100000.0,5.0,500000.0,-1196.656573729761,-396.65657372976113
2026-01-02,PRUDENT,LONG,B_HUGE_C1_CLOSE_RECLAIM_BREAK,HUGE,2026-01-02 13:15:00+05:30,2026-01-02 13:45:00+05:30,2602.7203911621095,2587.6246128933694,2631.3503154648924,2026-01-02 15:30:00+05:30,2596.699951171875,EOD,-1.9565668003904213,-1.1565668003904215,31.8485050201416,74.85782623291016,93.0650634765625,4.037106549589284,3.6634629874839613,0.004627961798329069,9.567094666730638,0.0,2587.6246128933694,-0.39131336007808426,-0.2313133600780843,100000.0,5.0,500000.0,-1956.5668003904213,-1156.5668003904216
2026-01-02,TAJGVK,SHORT,A_MOD_BREAK_C1_LOW,MODERATE,2026-01-02 13:30:00+05:30,2026-01-02 13:45:00+05:30,421.86562220458984,424.734308435581,418.06883160474854,2026-01-02 15:17:00+05:30,418.06883160474854,TARGET,3.699999999999992,4.499999999999992,24.352222442626953,35.74348068237305,10.732784271240234,2.2931471281480076,1.5483490030199574,0.0066519953063313994,0.5527007867904021,0.0,424.734308435581,0.7399999999999984,0.8999999999999984,50000.0,5.0,250000.0,1849.9999999999961,2249.999999999996
2026-01-02,SHALPAINTS,LONG,B_HUGE_GREEN_PULLBACK_HOLD_THEN_BREAK,HUGE,2026-01-02 13:15:00+05:30,2026-01-02 14:15:00+05:30,70.99999694824218,70.58819696594237,71.78099691467284,2026-01-02 14:16:00+05:30,71.78099691467284,TARGET,4.699999999999944,5.499999999999944,43.03129196166992,80.8971939086914,84.19750213623047,3.6478649962146865,5.009817047457212,0.010122166180012522,11.289013252075737,0.0,70.58819696594237,0.9399999999999888,1.0999999999999888,100000.0,5.0,500000.0,4699.999999999944,5499.9999999999445
2026-01-02,MANORAMA,LONG,B_HUGE_C1_CLOSE_RECLAIM_BREAK,HUGE,2026-01-02 14:00:00+05:30,2026-01-02 14:30:00+05:30,1377.7755,1369.7844020999999,1392.9310305,2026-01-02 14:32:00+05:30,1392.9310305,TARGET,4.69999999999998,5.49999999999998,23.53837013244629,77.6005859375,85.75184631347656,4.589118189124238,4.115639046423913,0.003925340794391944,10.5922894440931,0.0,1369.7844020999999,0.939999999999996,1.0999999999999959,100000.0,5.0,500000.0,4699.999999999979,5499.99999999998
2026-01-05,NUVAMA,LONG,B_HUGE_C1_CLOSE_RECLAIM_BREAK,HUGE,2026-01-05 10:15:00+05:30,2026-01-05 10:45:00+05:30,1497.0994088378907,1488.416232266631,1513.5675023351073,2026-01-05 11:40:00+05:30,1488.416232266631,SL,-3.699999999999999,-2.8999999999999995,35.0831298828125,71.9119644165039,74.58850860595703,1.1373677434835185,3.1422795535441885,0.005172935630054219,6.429318316363229,0.0,1488.416232266631,-0.7399999999999998,-0.5799999999999998,100000.0,5.0,500000.0,-3699.9999999999986,-2899.9999999999995
2026-01-06,HSCL,SHORT,A_MOD_BREAK_C1_LOW,MODERATE,2026-01-06 10:15:00+05:30,2026-01-06 10:30:00+05:30,481.3537222045899,484.62692751558103,477.02153870474854,2026-01-06 15:30:00+05:30,481.0,EOD,-0.432575600568921,0.36742439943107885,27.747838973999023,25.658126831054688,4.259847164154053,1.171408338858759,2.4889839974960952,0.0053302708473858835,0.4812140439102682,0.0,484.62692751558103,-0.0865151201137842,0.07348487988621577,50000.0,5.0,250000.0,-216.2878002844605,183.71219971553944
2026-01-06,TIMETECHNO,SHORT,A_MOD_BREAK_C1_LOW,MODERATE,2026-01-06 10:15:00+05:30,2026-01-06 10:30:00+05:30,184.5500061035156,185.8049461450195,182.88905604858397,2026-01-06 12:05:00+05:30,185.8049461450195,SL,-4.199999999999946,-3.3999999999999457,43.532958984375,22.258399963378906,4.132419109344482,1.2639736818867402,3.1794058446122095,0.005295453291423034,0.7341897790958045,0.0,185.8049461450195,-0.8399999999999892,-0.6799999999999892,50000.0,5.0,250000.0,-2099.999999999973,-1699.999999999973
2026-01-07,ASHAPURMIN,LONG,A_MOD_CLOSE_CONTINUATION_BREAK,MODERATE,2026-01-07 10:00:00+05:30,2026-01-07 10:15:00+05:30,920.6341022094726,915.2944244166576,930.7610773337767,2026-01-07 11:19:00+05:30,915.2944244166576,SL,-3.70000000000003,-2.9000000000000297,22.62099266052246,68.67646026611328,88.5248794555664,1.0038370935831475,2.878754685310802,0.007313969075974362,4.9738069910171685,0.0,915.2944244166576,-0.740000000000006,-0.580000000000006,100000.0,5.0,500000.0,-3700.00000000003,-2900.0000000000296
2026-01-08,GMDCLTD,SHORT,A_MOD_BREAK_C1_LOW,MODERATE,2026-01-08 10:00:00+05:30,2026-01-08 10:15:00+05:30,588.5822722045898,592.584631655581,583.2850317547485,2026-01-08 10:44:00+05:30,583.2850317547485,TARGET,3.69999999999999,4.49999999999999,29.93306541442871,19.1607608795166,6.216122627258301,1.640006410545639,4.052034014470161,0.008091399363152394,0.5959971030619173,0.0,592.584631655581,0.739999999999998,0.899999999999998,50000.0,5.0,250000.0,1849.9999999999948,2249.999999999995
2026-01-08,KRSNAA,LONG,B_HUGE_C1_CLOSE_RECLAIM_BREAK,HUGE,2026-01-08 10:00:00+05:30,2026-01-08 10:30:00+05:30,765.90315,761.4609117299999,774.3280846499999,2026-01-08 10:36:00+05:30,774.3280846499999,TARGET,4.699999999999971,5.499999999999971,33.63106155395508,74.05717468261719,59.01521682739258,2.0155590398042715,3.1330613358153276,0.0050090901259304925,7.230884839513092,0.0,761.4609117299999,0.9399999999999942,1.099999999999994,100000.0,5.0,500000.0,4699.999999999971,5499.99999999997
2026-01-08,MUKANDLTD,SHORT,A_MOD_BREAK_C1_LOW,MODERATE,2026-01-08 10:30:00+05:30,2026-01-08 10:45:00+05:30,135.0000030517578,135.91800307250975,133.78500302429197,2026-01-08 11:24:00+05:30,133.78500302429197,TARGET,3.700000000000051,4.500000000000051,24.89398193359375,28.521867752075195,10.623382568359375,1.379792316041904,3.2301105318260777,0.005410299934885212,0.47487338431123943,0.0,135.91800307250975,0.7400000000000102,0.9000000000000101,50000.0,5.0,250000.0,1850.0000000000255,2250.0000000000255
2026-01-08,SARDAEN,SHORT,A_MOD_BREAK_C1_LOW,MODERATE,2026-01-08 10:30:00+05:30,2026-01-08 10:45:00+05:30,497.4005,500.7828234,492.9238955,2026-01-08 11:16:00+05:30,492.9238955,TARGET,3.7000000000000077,4.500000000000007,23.2496395111084,29.290781021118164,7.593151092529297,1.3366185781883344,2.7958963564271833,0.005874771531391048,0.4426528438495844,0.0,500.7828234,0.7400000000000015,0.9000000000000015,50000.0,5.0,250000.0,1850.0000000000039,2250.0000000000036
2026-01-08,EMSLIMITED,SHORT,A_PULLBACK_C2_THEN_BREAK_C2_LOW,MODERATE,2026-01-08 10:30:00+05:30,2026-01-08 11:00:00+05:30,415.5668638977051,418.39271857220945,411.8267621226258,2026-01-08 11:27:00+05:30,411.8267621226258,TARGET,3.6999999999999744,4.499999999999974,20.725879669189453,35.71114730834961,16.673791885375977,1.5512532651294193,2.020769357723974,0.006034649765945096,0.4423575164354901,0.0,418.39271857220945,0.7399999999999949,0.8999999999999949,50000.0,5.0,250000.0,1849.9999999999873,2249.9999999999873
2026-01-08,AEROFLEX,SHORT,A_MOD_BREAK_C1_LOW,MODERATE,2026-01-08 10:45:00+05:30,2026-01-08 11:00:00+05:30,195.45,196.77905999999996,193.69095,2026-01-08 11:04:00+05:30,193.69095,TARGET,3.7000000000000055,4.500000000000005,23.226839065551758,36.591278076171875,15.2496919631958,1.3633248329866445,1.8238519517015994,0.006177046521555479,0.4381770293410191,0.0,196.77905999999996,0.7400000000000011,0.9000000000000011,50000.0,5.0,250000.0,1850.0000000000027,2250.0000000000027
2026-01-08,JINDALSAW,SHORT,A_MOD_BREAK_C1_LOW,MODERATE,2026-01-08 10:45:00+05:30,2026-01-08 11:00:00+05:30,165.56000061035155,166.68580861450192,164.06996060485838,2026-01-08 12:03:00+05:30,164.06996060485838,TARGET,3.700000000000021,4.50000000000002,25.978574752807617,21.921913146972656,5.475009441375732,2.4200914859482436,3.6257062144732033,0.004701871285710826,0.5996786212921141,0.0,166.68580861450192,0.7400000000000042,0.9000000000000041,50000.0,5.0,250000.0,1850.0000000000105,2250.0000000000105
2026-01-08,KIOCL,SHORT,A_MOD_BREAK_C1_LOW,MODERATE,2026-01-08 10:45:00+05:30,2026-01-08 11:00:00+05:30,379.924,382.50748319999997,376.504684,2026-01-08 11:12:00+05:30,376.504684,TARGET,3.6999999999999744,4.499999999999974,37.66134262084961,25.837825775146484,7.0343194007873535,1.825889458368307,3.0575907713275203,0.007949016647096817,0.7444507945271976,0.0,382.50748319999997,0.7399999999999949,0.8999999999999949,50000.0,5.0,250000.0,1849.9999999999873,2249.9999999999873
2026-01-08,LXCHEM,SHORT,A_MOD_BREAK_C1_LOW,MODERATE,2026-01-08 10:45:00+05:30,2026-01-08 11:00:00+05:30,159.47000427246093,160.55440030151365,158.03477423400878,2026-01-08 11:26:00+05:30,158.03477423400878,TARGET,3.6999999999999966,4.4999999999999964,40.88953399658203,28.561437606811523,9.016619682312012,1.6880728343793332,2.2873007602163815,0.0035371872877203335,0.7687557559651137,0.0,160.55440030151365,0.7399999999999993,0.8999999999999992,50000.0,5.0,250000.0,1849.9999999999984,2249.999999999998
2026-01-08,NESCO,SHORT,A_MOD_BREAK_C1_LOW,MODERATE,2026-01-08 10:45:00+05:30,2026-01-08 11:00:00+05:30,1217.2565,1225.5338441999997,1206.3011915,2026-01-08 11:09:00+05:30,1206.3011915,TARGET,3.700000000000001,4.500000000000001,23.911476135253906,18.303312301635742,11.44836139678955,1.7701646419876869,3.7130132898310806,0.003945782119806051,0.5284509543766538,0.0,1225.5338441999997,0.7400000000000002,0.9000000000000001,50000.0,5.0,250000.0,1850.0000000000005,2250.0000000000005
2026-01-08,PILANIINVS,SHORT,A_MOD_BREAK_C1_LOW,MODERATE,2026-01-08 10:45:00+05:30,2026-01-08 11:00:00+05:30,5055.9886,5090.369322479999,5010.4847026,2026-01-08 11:24:00+05:30,5010.4847026,TARGET,3.699999999999992,4.499999999999992,29.595239639282227,38.14160919189453,0.0,1.0869812170262407,2.010956199658957,0.0023517614300127957,0.49415030756882555,0.0,5090.369322479999,0.7399999999999984,0.8999999999999984,50000.0,5.0,250000.0,1849.9999999999961,2249.999999999996
2026-01-08,RAMKY,SHORT,A_MOD_BREAK_C1_LOW,MODERATE,2026-01-08 10:45:00+05:30,2026-01-08 11:00:00+05:30,529.894,533.4972792,525.124954,2026-01-08 11:01:00+05:30,525.124954,TARGET,3.7000000000000033,4.500000000000003,37.478702545166016,36.49542236328125,33.33333206176758,0.9165528817293461,1.6328253111811408,0.003989231361533111,0.564218558039183,0.0,533.4972792,0.7400000000000007,0.9000000000000006,50000.0,5.0,250000.0,1850.0000000000016,2250.0000000000014
2026-01-08,TI,SHORT,A_MOD_BREAK_C1_LOW,MODERATE,2026-01-08 10:45:00+05:30,2026-01-08 11:00:00+05:30,445.16095,448.18804445999996,441.15450145,2026-01-08 11:34:00+05:30,441.15450145,TARGET,3.700000000000018,4.500000000000018,20.33595085144043,29.04367446899414,4.0165300369262695,1.690553315116438,2.6727915617421627,0.00395802306914958,0.46088609291698307,0.0,448.18804445999996,0.7400000000000035,0.9000000000000036,50000.0,5.0,250000.0,1850.0000000000089,2250.000000000009
2026-01-08,BALMLAWRIE,SHORT,A_MOD_BREAK_C1_LOW,MODERATE,2026-01-08 11:00:00+05:30,2026-01-08 11:15:00+05:30,180.14000244140624,181.3649544580078,178.51874241943358,2026-01-08 13:36:00+05:30,178.51874241943358,TARGET,3.700000000000009,4.500000000000009,30.30914306640625,29.85719871520996,14.213175773620605,1.4651267435257838,2.530259789314643,0.0040354199685458435,0.5710343261131059,0.0,181.3649544580078,0.7400000000000018,0.9000000000000018,50000.0,5.0,250000.0,1850.0000000000043,2250.0000000000045
2026-01-08,BANKINDIA,SHORT,A_MOD_BREAK_C1_LOW,MODERATE,2026-01-08 11:00:00+05:30,2026-01-08 11:15:00+05:30,148.64000244140624,149.65075445800778,147.30224241943358,2026-01-08 11:16:00+05:30,147.30224241943358,TARGET,3.7,4.5,25.732349395751953,32.416664123535156,15.639144897460938,1.7527463505539023,2.2544662362645673,0.005047155150636168,0.5527158522832121,0.0,149.65075445800778,0.74,0.8999999999999999,50000.0,5.0,250000.0,1850.0,2250.0
2026-01-08,CENTRALBK,SHORT,A_MOD_BREAK_C1_LOW,MODERATE,2026-01-08 11:00:00+05:30,2026-01-08 11:15:00+05:30,37.709998321533206,37.96642631011963,37.37060833663941,2026-01-08 14:31:00+05:30,37.37060833663941,TARGET,3.7000000000000046,4.5000000000000036,22.832775115966797,28.9709415435791,8.571516036987305,1.9540536306860328,2.3907023626495048,0.0041760989967699206,0.5444510121095576,0.0,37.96642631011963,0.7400000000000009,0.9000000000000008,50000.0,5.0,250000.0,1850.0000000000023,2250.000000000002
2026-01-08,DYNAMATECH,SHORT,A_MOD_BREAK_C1_LOW,MODERATE,2026-01-08 11:00:00+05:30,2026-01-08 11:15:00+05:30,8965.7065,9026.6733042,8885.0151415,2026-01-08 11:31:00+05:30,8885.0151415,TARGET,3.700000000000011,4.500000000000011,25.52069854736328,27.568185806274414,7.903779983520508,1.1588207457867286,1.8755508814102564,0.004349038193476443,0.4393816527936395,0.0,9026.6733042,0.7400000000000022,0.9000000000000021,50000.0,5.0,250000.0,1850.0000000000055,2250.0000000000055
2026-01-08,HINDALCO,SHORT,A_MOD_BREAK_C1_LOW,MODERATE,2026-01-08 11:00:00+05:30,2026-01-08 11:15:00+05:30,907.4184555908203,913.5889010888378,899.2516894905028,2026-01-08 11:59:00+05:30,899.2516894905028,TARGET,3.7000000000000277,4.5000000000000275,48.80794143676758,13.771114349365234,5.667043685913086,2.0104395413326195,4.1249935341239174,0.005379564178949807,0.9421191215515137,0.0,913.5889010888378,0.7400000000000055,0.9000000000000055,50000.0,5.0,250000.0,1850.0000000000139,2250.0000000000136
2026-01-08,INDIANB,SHORT,A_MOD_BREAK_C1_LOW,MODERATE,2026-01-08 11:00:00+05:30,2026-01-08 11:15:00+05:30,839.3321,845.0395582799999,831.7781110999999,2026-01-08 11:32:00+05:30,831.7781110999999,TARGET,3.700000000000021,4.500000000000021,22.43303680419922,29.48918342590332,5.321467399597168,1.916229230807181,2.795606278423817,0.005387305348781148,0.531835667454245,0.0,845.0395582799999,0.7400000000000042,0.9000000000000042,50000.0,5.0,250000.0,1850.0000000000105,2250.0000000000105
2026-01-08,IOB,SHORT,A_MOD_BREAK_C1_LOW,MODERATE,2026-01-08 11:00:00+05:30,2026-01-08 11:15:00+05:30,35.970000457763675,36.214596460876464,35.6462704536438,2026-01-08 11:24:00+05:30,35.6462704536438,TARGET,3.7000000000000077,4.500000000000007,25.261911392211914,28.48328399658203,8.310012817382812,2.0591760481244643,2.4868084791100964,0.004416030833107892,0.5889286708831787,0.0,36.214596460876464,0.7400000000000015,0.9000000000000015,50000.0,5.0,250000.0,1850.0000000000039,2250.0000000000036
2026-01-08,IOLCP,SHORT,A_MOD_BREAK_C1_LOW,MODERATE,2026-01-08 11:00:00+05:30,2026-01-08 11:15:00+05:30,80.85000152587891,81.39978153625488,80.122351512146,2026-01-08 13:44:00+05:30,80.122351512146,TARGET,3.7000000000000135,4.500000000000012,23.311033248901367,29.64571189880371,3.5298054218292236,1.4032099730611716,2.1015114160688992,0.004361634266495972,0.4552272440192255,0.0,81.39978153625488,0.7400000000000027,0.9000000000000026,50000.0,5.0,250000.0,1850.0000000000066,2250.0000000000064
2026-01-08,IRCTC,SHORT,A_MOD_BREAK_C1_LOW,MODERATE,2026-01-08 11:00:00+05:30,2026-01-08 11:15:00+05:30,663.4672555908203,667.9788329288378,657.4960502905029,2026-01-08 13:30:00+05:30,657.4960502905029,TARGET,3.699999999999987,4.499999999999987,23.912765502929688,30.562049865722656,11.238238334655762,1.422320144565043,2.205776874376934,0.0035512575770951034,0.4675975078428279,0.0,667.9788329288378,0.7399999999999973,0.8999999999999974,50000.0,5.0,250000.0,1849.9999999999934,2249.999999999993
2026-01-08,KTKBANK,SHORT,A_MOD_BREAK_C1_LOW,MODERATE,2026-01-08 11:00:00+05:30,2026-01-08 11:15:00+05:30,195.7,197.03075999999996,193.93869999999998,2026-01-08 12:53:00+05:30,193.93869999999998,TARGET,3.7000000000000144,4.500000000000014,38.34356689453125,32.636722564697266,8.47048282623291,1.4567288942091066,1.9706596747434122,0.0053781141824412225,0.6886140436417332,0.0,197.03075999999996,0.7400000000000029,0.9000000000000029,50000.0,5.0,250000.0,1850.0000000000073,2250.0000000000073
2026-01-08,PARADEEP,SHORT,A_MOD_BREAK_C1_LOW,MODERATE,2026-01-08 11:00:00+05:30,2026-01-08 11:15:00+05:30,154.45999450683593,155.5103224694824,153.0698545562744,2026-01-08 11:59:00+05:30,153.0698545562744,TARGET,3.6999999999999855,4.499999999999986,25.10611915588379,23.6765193939209,4.165220260620117,1.696291925995921,2.579819892921936,0.005690285885363027,0.533442874387543,0.0,155.5103224694824,0.7399999999999971,0.8999999999999971,50000.0,5.0,250000.0,1849.9999999999927,2249.9999999999927
2026-01-08,PTC,SHORT,A_MOD_BREAK_C1_LOW,MODERATE,2026-01-08 11:00:00+05:30,2026-01-08 11:15:00+05:30,163.95,165.06485999999998,162.47445,2026-01-08 11:32:00+05:30,162.47445,TARGET,3.6999999999999957,4.499999999999995,24.718875885009766,31.598045349121094,12.577237129211426,1.3103551841206647,1.445478286114361,0.004260044883755259,0.43236920980198085,0.0,165.06485999999998,0.7399999999999991,0.899999999999999,50000.0,5.0,250000.0,1849.9999999999977,2249.9999999999977
2026-01-08,TATVA,SHORT,A_MOD_BREAK_C1_LOW,MODERATE,2026-01-08 11:00:00+05:30,2026-01-08 11:15:00+05:30,1299.8399555908204,1308.6788672888379,1288.141395990503,2026-01-08 12:20:00+05:30,1288.141395990503,TARGET,3.699999999999993,4.499999999999994,36.061588287353516,28.449373245239258,11.364295959472656,1.8333461982716028,2.66544669070692,0.00575381182964539,0.7217594090078332,0.0,1308.6788672888379,0.7399999999999987,0.8999999999999987,50000.0,5.0,250000.0,1849.9999999999966,2249.999999999997
2026-01-08,VAIBHAVGBL,SHORT,A_MOD_BREAK_C1_LOW,MODERATE,2026-01-08 11:00:00+05:30,2026-01-08 11:15:00+05:30,230.34999389648436,231.91637385498043,228.276843951416,2026-01-08 12:03:00+05:30,228.276843951416,TARGET,3.7000000000000135,4.500000000000013,22.97028350830078,28.119619369506836,3.739396095275879,1.5751184900272397,2.632224086315776,0.0063219334354624205,0.48019998837927863,0.0,231.91637385498043,0.7400000000000027,0.9000000000000027,50000.0,5.0,250000.0,1850.0000000000066,2250.000000000007
2026-01-08,ADANIENSOL,SHORT,A_MOD_BREAK_C1_LOW,MODERATE,2026-01-08 11:15:00+05:30,2026-01-08 11:30:00+05:30,1008.9981722045899,1015.859359775581,999.9171886547485,2026-01-08 11:59:00+05:30,999.9171886547485,TARGET,3.7000000000000135,4.500000000000012,37.77353286743164,22.883071899414062,5.2214765548706055,1.8305870949249998,2.9486463388930333,0.0055326151976635915,0.7469557346233495,0.0,1015.859359775581,0.7400000000000027,0.9000000000000026,50000.0,5.0,250000.0,1850.0000000000066,2250.0000000000064
2026-01-08,ADANIENT,SHORT,A_MOD_BREAK_C1_LOW,MODERATE,2026-01-08 11:15:00+05:30,2026-01-08 11:30:00+05:30,2233.453122363281,2248.6406035953514,2213.3520442620115,2026-01-08 12:00:00+05:30,2213.3520442620115,TARGET,3.700000000000027,4.500000000000027,22.696714401245117,29.397188186645508,6.582127571105957,1.745664448896048,2.433384978415178,0.004516023384885544,0.505941994575485,0.0,2248.6406035953514,0.7400000000000053,0.9000000000000054,50000.0,5.0,250000.0,1850.0000000000134,2250.000000000013
2026-01-08,ARKADE,SHORT,A_MOD_BREAK_C1_LOW,MODERATE,2026-01-08 11:15:00+05:30,2026-01-08 11:30:00+05:30,131.95,132.84725999999998,130.76245,2026-01-08 12:04:00+05:30,130.76245,TARGET,3.699999999999953,4.499999999999953,21.089393615722656,26.33681297302246,6.501030921936035,1.4856687757229348,1.6806693066049376,0.00491546961006856,0.42036640531760033,0.0,132.84725999999998,0.7399999999999907,0.8999999999999906,50000.0,5.0,250000.0,1849.9999999999766,2249.9999999999764
2026-01-08,ASKAUTOLTD,SHORT,A_MOD_BREAK_C1_LOW,MODERATE,2026-01-08 11:15:00+05:30,2026-01-08 11:30:00+05:30,463.95717779541013,467.1120866044189,459.78156319525147,2026-01-08 15:13:00+05:30,467.1120866044189,SL,-4.199999999999968,-3.399999999999968,28.69879150390625,26.901399612426758,1.1203490495681763,1.7945799510044154,2.239104166754079,0.00410208642490558,0.6045333639843664,0.0,467.1120866044189,-0.8399999999999936,-0.6799999999999936,50000.0,5.0,250000.0,-2099.999999999984,-1699.999999999984
2026-01-08,BHEL,SHORT,A_MOD_BREAK_C1_LOW,MODERATE,2026-01-08 11:15:00+05:30,2026-01-08 11:30:00+05:30,294.3411138977051,296.34263347220946,291.69204387262573,2026-01-08 14:30:00+05:30,291.69204387262573,TARGET,3.7000000000000375,4.500000000000038,27.05647087097168,27.27736473083496,5.8947038650512695,2.4676498247156102,3.0609454536977445,0.006106873302767093,0.6158470630645752,0.0,296.34263347220946,0.7400000000000075,0.9000000000000076,50000.0,5.0,250000.0,1850.0000000000189,2250.000000000019
2026-01-08,CHEMCON,SHORT,A_MOD_BREAK_C1_LOW,MODERATE,2026-01-08 11:15:00+05:30,2026-01-08 11:30:00+05:30,198.39999694824218,199.7491169274902,196.614396975708,2026-01-08 12:19:00+05:30,196.614396975708,TARGET,3.7000000000000166,4.500000000000016,34.453556060791016,31.729373931884766,16.606531143188477,1.4753752963646833,2.1100562869020676,0.004380381303842593,0.6349940177756848,0.0,199.7491169274902,0.7400000000000033,0.9000000000000032,50000.0,5.0,250000.0,1850.0000000000084,2250.000000000008
2026-01-08,GENUSPOWER,SHORT,A_MOD_BREAK_C1_LOW,MODERATE,2026-01-08 11:15:00+05:30,2026-01-08 11:30:00+05:30,284.0431861022949,285.97467976779046,281.48679742737426,2026-01-08 11:32:00+05:30,281.48679742737426,TARGET,3.6999999999999766,4.499999999999976,21.329914093017578,27.683603286743164,8.720752716064453,2.231554757926448,2.2180816918912862,0.005638439816550078,0.5299487113952637,0.0,285.97467976779046,0.7399999999999953,0.8999999999999952,50000.0,5.0,250000.0,1849.9999999999884,2249.999999999988
2026-01-08,GICHSGFIN,SHORT,A_MOD_BREAK_C1_LOW,MODERATE,2026-01-08 11:15:00+05:30,2026-01-08 11:30:00+05:30,174.36000366210936,175.54565168701168,172.79076362915038,2026-01-08 12:02:00+05:30,172.79076362915038,TARGET,3.700000000000009,4.500000000000009,26.594118118286133,27.44427490234375,1.2003566026687622,1.6361364884333467,2.613383020432442,0.006352012966339677,0.5452356572501276,0.0,175.54565168701168,0.7400000000000018,0.9000000000000017,50000.0,5.0,250000.0,1850.0000000000043,2250.000000000004
2026-01-08,GIPCL,SHORT,A_MOD_BREAK_C1_LOW,MODERATE,2026-01-08 11:15:00+05:30,2026-01-08 11:30:00+05:30,154.5500061035156,155.60094614501952,153.15905604858398,2026-01-08 15:30:00+05:30,153.60000610351562,EOD,2.273438895122692,3.073438895122692,24.267168045043945,25.438201904296875,9.50216293334961,1.9574415402312146,2.3481972974723786,0.0055686608854778755,0.5665597902161217,0.0,155.60094614501952,0.45468777902453844,0.6146877790245384,50000.0,5.0,250000.0,1136.719447561346,1536.719447561346
2026-01-08,GRASIM,SHORT,A_MOD_BREAK_C1_LOW,MODERATE,2026-01-08 11:15:00+05:30,2026-01-08 11:30:00+05:30,2799.3399223632814,2818.3754338353515,2774.145863062012,2026-01-08 15:30:00+05:30,2787.10009765625,EOD,1.3861983622014364,2.1861983622014365,31.27322769165039,29.040842056274414,8.427043914794922,1.5000264154866494,2.7152466367713006,0.0033431837959657265,0.5916030380849195,0.0,2818.3754338353515,0.2772396724402873,0.4372396724402873,50000.0,5.0,250000.0,693.0991811007183,1093.0991811007182
2026-01-08,IGARASHI,SHORT,A_MOD_BREAK_C1_LOW,MODERATE,2026-01-08 11:15:00+05:30,2026-01-08 11:30:00+05:30,444.911,447.93639479999996,440.906801,2026-01-08 11:32:00+05:30,440.906801,TARGET,3.700000000000032,4.500000000000032,31.87980842590332,26.010705947875977,4.2358574867248535,2.053883184772463,2.6759340799867366,0.005609968271148339,0.6881971263885498,0.0,447.93639479999996,0.7400000000000064,0.9000000000000064,50000.0,5.0,250000.0,1850.0000000000161,2250.000000000016
2026-01-08,INDIAMART,SHORT,A_MOD_BREAK_C1_LOW,MODERATE,2026-01-08 11:15:00+05:30,2026-01-08 11:30:00+05:30,2144.571,2159.1540827999997,2125.2698609999998,2026-01-08 13:59:00+05:30,2159.1540827999997,SL,-4.19999999999996,-3.3999999999999604,29.515302658081055,31.109848022460938,8.850661277770996,1.2577935024505844,2.083972959836122,0.0036723026198660653,0.5228434028000681,0.0,2159.1540827999997,-0.8399999999999921,-0.679999999999992,50000.0,5.0,250000.0,-2099.9999999999804,-1699.9999999999802
2026-01-08,JAYNECOIND,SHORT,A_MOD_BREAK_C1_LOW,MODERATE,2026-01-08 11:15:00+05:30,2026-01-08 11:30:00+05:30,86.75000305175782,87.33990307250976,85.96925302429199,2026-01-08 13:33:00+05:30,87.33990307250976,SL,-4.199999999999928,-3.399999999999928,29.822324752807617,31.10260581970215,29.860366821289062,1.1212062000794325,2.2204744251913264,0.010336824623796016,0.503545956306015,0.0,87.33990307250976,-0.8399999999999856,-0.6799999999999856,50000.0,5.0,250000.0,-2099.9999999999645,-1699.999999999964
2026-01-08,KSL,SHORT,A_MOD_BREAK_C1_LOW,MODERATE,2026-01-08 11:15:00+05:30,2026-01-08 11:30:00+05:30,726.8546,731.7972112799999,720.3129086,2026-01-08 12:15:00+05:30,720.3129086,TARGET,3.699999999999993,4.499999999999994,24.456401824951172,28.644987106323242,11.451210021972656,1.7446288752772685,2.044712948846172,0.0048585256159387556,0.5321560805477896,0.0,731.7972112799999,0.7399999999999987,0.8999999999999987,50000.0,5.0,250000.0,1849.9999999999966,2249.999999999997
2026-01-08,LICI,SHORT,A_MOD_BREAK_C1_LOW,MODERATE,2026-01-08 11:15:00+05:30,2026-01-08 11:30:00+05:30,840.6318277954101,846.3481242244188,833.0661413452514,2026-01-08 15:30:00+05:30,837.4000244140625,EOD,1.122246621224864,1.922246621224864,20.711915969848633,30.40094566345215,6.584074020385742,1.8209931574486578,2.5764743506181573,0.0031425227166356146,0.4893525421012445,0.0,846.3481242244188,0.22444932424497283,0.3844493242449728,50000.0,5.0,250000.0,561.1233106124321,961.123310612432
2026-01-08,MOIL,SHORT,A_MOD_BREAK_C1_LOW,MODERATE,2026-01-08 11:15:00+05:30,2026-01-08 11:30:00+05:30,353.12937220458986,355.53065193558103,349.95120785474853,2026-01-08 12:06:00+05:30,349.95120785474853,TARGET,3.7000000000000224,4.500000000000022,43.345947265625,10.611927032470703,1.9423766136169434,3.114703838816033,5.085537271165563,0.007990380968881996,0.860189208984375,0.0,355.53065193558103,0.7400000000000044,0.9000000000000045,50000.0,5.0,250000.0,1850.0000000000111,2250.000000000011
2026-01-08,ONGC,SHORT,A_MOD_BREAK_C1_LOW,MODERATE,2026-01-08 11:15:00+05:30,2026-01-08 11:30:00+05:30,228.89999694824218,230.4565169274902,226.839896975708,2026-01-08 13:07:00+05:30,226.839896975708,TARGET,3.69999999999999,4.49999999999999,36.53475570678711,18.527050018310547,5.042266368865967,2.4038879306118695,4.030685920270217,0.003055425589161744,0.7580213356018066,0.0,230.4565169274902,0.739999999999998,0.899999999999998,50000.0,5.0,250000.0,1849.9999999999948,2249.999999999995
2026-01-08,ONMOBILE,SHORT,A_MOD_BREAK_C1_LOW,MODERATE,2026-01-08 11:15:00+05:30,2026-01-08 11:30:00+05:30,57.88999862670899,58.283650617370604,57.368988639068604,2026-01-08 11:31:00+05:30,57.368988639068604,TARGET,3.700000000000019,4.500000000000019,20.192867279052734,31.4071102142334,10.993158340454102,1.7533600480239884,2.278619349504209,0.004248760126788041,0.469731017589989,0.0,58.283650617370604,0.7400000000000038,0.9000000000000038,50000.0,5.0,250000.0,1850.0000000000093,2250.0000000000095
2026-01-08,PARACABLES,SHORT,A_MOD_BREAK_C1_LOW,MODERATE,2026-01-08 11:15:00+05:30,2026-01-08 11:30:00+05:30,36.85000152587891,37.100581536254886,36.518351512146,2026-01-08 11:54:00+05:30,37.100581536254886,SL,-4.200000000000003,-3.4000000000000026,28.69981575012207,25.140600204467773,3.144315481185913,1.7521683001685284,2.82653869296892,0.006794413942087315,0.5971266887813236,0.0,37.100581536254886,-0.8400000000000005,-0.6800000000000005,50000.0,5.0,250000.0,-2100.0000000000014,-1700.0000000000011
2026-01-08,PPL,SHORT,A_MOD_BREAK_C1_LOW,MODERATE,2026-01-08 11:15:00+05:30,2026-01-08 11:30:00+05:30,228.95,230.50685999999996,226.88944999999998,2026-01-08 11:35:00+05:30,226.88944999999998,TARGET,3.7000000000000144,4.500000000000014,23.331546783447266,25.294132232666016,7.8911027908325195,1.744994919557464,2.393180959032553,0.006406540734836882,0.5153473126742651,0.0,230.50685999999996,0.7400000000000029,0.9000000000000029,50000.0,5.0,250000.0,1850.0000000000073,2250.0000000000073
2026-01-08,UNIONBANK,SHORT,A_MOD_BREAK_C1_LOW,MODERATE,2026-01-08 11:15:00+05:30,2026-01-08 11:30:00+05:30,161.5800048828125,162.6787489160156,160.12578483886716,2026-01-08 15:30:00+05:30,161.27000427246094,EOD,0.15927899796878392,0.9592789979687838,27.358287811279297,27.781612396240234,3.499060869216919,2.3161964772174284,2.6510478349083697,0.005874763811947755,0.6203743171691893,0.0,162.6787489160156,0.031855799593756784,0.19185579959375676,50000.0,5.0,250000.0,79.63949898439196,479.63949898439193
2026-01-08,YATHARTH,SHORT,A_MOD_BREAK_C1_LOW,MODERATE,2026-01-08 11:15:00+05:30,2026-01-08 11:30:00+05:30,673.8652,678.4474833599999,667.8004132,2026-01-08 15:01:00+05:30,667.8004132,TARGET,3.6999999999999855,4.499999999999985,30.659013748168945,19.33921241760254,3.0203521251678467,2.108908310846633,3.240273293117718,0.005139474914709079,0.6698852062225342,0.0,678.4474833599999,0.7399999999999971,0.899999999999997,50000.0,5.0,250000.0,1849.9999999999927,2249.9999999999923
2026-01-08,FUSION,SHORT,A_MOD_BREAK_C1_LOW,MODERATE,2026-01-08 11:30:00+05:30,2026-01-08 11:45:00+05:30,170.95,172.11245999999997,169.41144999999997,2026-01-08 11:55:00+05:30,169.41144999999997,TARGET,3.7000000000000446,4.500000000000044,33.82024002075195,23.496166229248047,2.8609724044799805,1.7527244845334862,2.8891682986231353,0.0079582917879171,0.6740303851046394,0.0,172.11245999999997,0.7400000000000089,0.9000000000000088,50000.0,5.0,250000.0,1850.0000000000223,2250.000000000022
2026-01-08,JYOTHYLAB,SHORT,A_MOD_BREAK_C1_LOW,MODERATE,2026-01-08 11:30:00+05:30,2026-01-08 11:45:00+05:30,271.5456861022949,273.3921967677905,269.10177492737427,2026-01-08 12:45:00+05:30,269.10177492737427,TARGET,3.699999999999953,4.499999999999954,44.64365768432617,17.650646209716797,4.428079605102539,2.4137251886036193,3.482440357509911,0.0037068291452910717,0.8796548652648926,0.0,273.3921967677905,0.7399999999999907,0.8999999999999907,50000.0,5.0,250000.0,1849.9999999999766,2249.999999999977
2026-01-08,GPTHEALTH,SHORT,A_MOD_BREAK_C1_LOW,MODERATE,2026-01-08 11:45:00+05:30,2026-01-08 12:00:00+05:30,137.3000061035156,138.23364614501952,136.06430604858397,2026-01-08 15:30:00+05:30,136.5,EOD,2.1133505752084933,2.913350575208493,21.522905349731445,25.6279296875,2.916632652282715,1.7495631420077176,2.6235000327907576,0.005684118691793583,0.48901713009732223,0.0,138.23364614501952,0.42267011504169866,0.5826701150416986,50000.0,5.0,250000.0,1056.6752876042467,1456.6752876042465
2026-01-08,GRWRHITECH,SHORT,A_MOD_BREAK_C1_LOW,MODERATE,2026-01-08 12:00:00+05:30,2026-01-08 12:15:00+05:30,3002.3994,3022.8157159199995,2975.3778054,2026-01-08 12:44:00+05:30,2975.3778054,TARGET,3.6999999999999744,4.499999999999974,27.042356491088867,16.727617263793945,2.737776041030884,2.9825626780537013,3.3876909964312323,0.010627767686142193,0.615635347366333,0.0,3022.8157159199995,0.7399999999999949,0.8999999999999949,50000.0,5.0,250000.0,1849.9999999999873,2249.9999999999873
2026-01-08,JYOTICNC,SHORT,A_MOD_BREAK_C1_LOW,MODERATE,2026-01-08 12:00:00+05:30,2026-01-08 12:15:00+05:30,938.4622944091797,944.843838011162,930.016133759497,2026-01-08 13:48:00+05:30,944.843838011162,SL,-4.199999999999958,-3.3999999999999586,26.750869750976562,23.667234420776367,3.021390438079834,2.6273969980252008,2.8266582102335325,0.006426788355540125,0.6112630462646484,0.0,944.843838011162,-0.8399999999999916,-0.6799999999999917,50000.0,5.0,250000.0,-2099.999999999979,-1699.9999999999793
2026-01-08,KEC,SHORT,A_MOD_BREAK_C1_LOW,MODERATE,2026-01-08 12:00:00+05:30,2026-01-08 12:15:00+05:30,694.3611,699.08275548,688.1118501,2026-01-08 15:02:00+05:30,688.1118501,TARGET,3.6999999999999975,4.499999999999997,45.629146575927734,12.950139045715332,3.318134069442749,3.1487939031034,3.6612066008635424,0.004692359155057925,0.8944371986389159,0.0,699.08275548,0.7399999999999995,0.8999999999999995,50000.0,5.0,250000.0,1849.9999999999989,2249.9999999999986
2026-01-08,YASHO,SHORT,A_MOD_BREAK_C1_LOW,MODERATE,2026-01-08 12:00:00+05:30,2026-01-08 12:15:00+05:30,1224.755,1233.083334,1213.732205,2026-01-08 12:37:00+05:30,1233.083334,SL,-4.199999999999924,-3.3999999999999235,63.12178039550781,9.586525917053223,1.9739024639129639,2.862953349116217,3.855322424062202,0.011384301240059135,0.96,0.0,1233.083334,-0.8399999999999848,-0.6799999999999847,50000.0,5.0,250000.0,-2099.999999999962,-1699.9999999999618
2026-01-08,REMSONSIND,SHORT,A_MOD_BREAK_C1_LOW,MODERATE,2026-01-08 12:45:00+05:30,2026-01-08 13:00:00+05:30,117.49000091552735,118.28893292175292,116.4325909072876,2026-01-08 14:48:00+05:30,118.28893292175292,SL,-4.199999999999932,-3.399999999999932,27.99420928955078,28.498920440673828,1.2658365964889526,2.4304600625140336,2.4943899710573354,0.006769717407008074,0.6299131393432618,0.0,118.28893292175292,-0.8399999999999863,-0.6799999999999864,50000.0,5.0,250000.0,-2099.9999999999654,-1699.9999999999661
2026-01-08,VEEDOL,SHORT,A_MOD_BREAK_C1_LOW,MODERATE,2026-01-08 13:30:00+05:30,2026-01-08 13:45:00+05:30,1591.6816,1602.5050348799998,1577.3564655999999,2026-01-08 15:30:00+05:30,1595.800048828125,EOD,-2.093741420433933,-1.2937414204339333,47.87839889526367,38.54212951660156,13.777850151062012,1.613763746425875,1.6822719840082958,0.00367462964513194,0.8446982382538979,0.0,1602.5050348799998,-0.4187482840867866,-0.25874828408678663,50000.0,5.0,250000.0,-1046.8707102169665,-646.8707102169665
2026-01-09,FINCABLES,SHORT,A_MOD_BREAK_C1_LOW,MODERATE,2026-01-09 11:00:00+05:30,2026-01-09 11:15:00+05:30,773.4952944091797,778.755062411162,766.533836759497,2026-01-09 12:37:00+05:30,766.533836759497,TARGET,3.7000000000000166,4.500000000000017,30.98853874206543,41.943443298339844,60.055015563964844,0.48059180740286234,0.9835126939897993,0.005456532733463024,0.3581072821259723,0.0,778.755062411162,0.7400000000000033,0.9000000000000034,50000.0,5.0,250000.0,1850.0000000000084,2250.0000000000086
2026-01-09,MAPMYINDIA,SHORT,A_MOD_BREAK_C1_LOW,MODERATE,2026-01-09 11:00:00+05:30,2026-01-09 11:15:00+05:30,1619.4760888183594,1630.488526222324,1604.9008040189942,2026-01-09 12:32:00+05:30,1604.9008040189942,TARGET,3.69999999999997,4.49999999999997,36.12989044189453,27.55630874633789,16.15298843383789,0.5530166354669183,2.5769546441421025,0.00571199868683535,0.4987262678351287,0.0,1630.488526222324,0.739999999999994,0.8999999999999939,50000.0,5.0,250000.0,1849.999999999985,2249.9999999999845
2026-01-09,ADANIPORTS,SHORT,A_MOD_BREAK_C1_LOW,MODERATE,2026-01-09 11:30:00+05:30,2026-01-09 11:45:00+05:30,1442.7114,1452.5218375199997,1429.7269973999998,2026-01-09 15:30:00+05:30,1434.0,EOD,2.2191069398910663,3.019106939891066,34.22404479980469,32.34813690185547,23.558155059814453,0.6380935274588727,1.7436808327120155,0.005785335899293561,0.4722110809379738,0.0,1452.5218375199997,0.4438213879782133,0.6038213879782133,50000.0,5.0,250000.0,1109.5534699455334,1509.5534699455334
2026-01-09,ELECON,SHORT,A_MOD_BREAK_C1_LOW,MODERATE,2026-01-09 11:45:00+05:30,2026-01-09 12:00:00+05:30,422.9154,425.79122471999995,419.10916139999995,2026-01-09 12:01:00+05:30,419.10916139999995,TARGET,3.7000000000000344,4.500000000000035,44.0457763671875,19.94548988342285,2.2762231826782227,1.384552318385341,3.3767619921569754,0.026652066933806673,0.7629833012252472,0.0,425.79122471999995,0.7400000000000069,0.9000000000000069,50000.0,5.0,250000.0,1850.0000000000173,2250.0000000000173
2026-01-09,THERMAX,SHORT,A_MOD_BREAK_C1_LOW,MODERATE,2026-01-09 11:45:00+05:30,2026-01-09 12:00:00+05:30,3008.9981776367185,3029.459365244648,2981.917194037988,2026-01-09 13:40:00+05:30,3029.459365244648,SL,-4.199999999999942,-3.3999999999999413,24.136377334594727,33.673988342285156,30.31863784790039,0.7262296327708238,1.773830466115454,0.004883425736841841,0.3378273690595877,0.0,3029.459365244648,-0.8399999999999883,-0.6799999999999883,50000.0,5.0,250000.0,-2099.999999999971,-1699.9999999999707
2026-01-09,POCL,SHORT,A_MOD_BREAK_C1_LOW,MODERATE,2026-01-09 12:00:00+05:30,2026-01-09 12:15:00+05:30,1403.8191555908204,1413.3651258488378,1391.184783190503,2026-01-09 12:28:00+05:30,1391.184783190503,TARGET,3.7000000000000366,4.500000000000036,33.223636627197266,26.810497283935547,9.473902702331543,1.7567345946884614,2.3009747125397233,0.009482476980461889,0.6657831034784396,0.0,1413.3651258488378,0.7400000000000073,0.9000000000000073,50000.0,5.0,250000.0,1850.0000000000182,2250.0000000000186
2026-01-09,SANGHVIMOV,SHORT,A_PULLBACK_C2_THEN_BREAK_C2_LOW,MODERATE,2026-01-09 12:00:00+05:30,2026-01-09 12:30:00+05:30,315.9368,318.08517023999997,313.0933688,2026-01-09 14:33:00+05:30,313.0933688,TARGET,3.6999999999999966,4.4999999999999964,41.89564514160156,30.943708419799805,5.7896647453308105,1.5203083553546937,2.4188543022713263,0.009626886035920572,0.7544886393110948,0.0,318.08517023999997,0.7399999999999993,0.8999999999999992,50000.0,5.0,250000.0,1849.9999999999984,2249.999999999998
2026-01-09,TIINDIA,SHORT,A_PULLBACK_C2_THEN_BREAK_C2_LOW,MODERATE,2026-01-09 12:00:00+05:30,2026-01-09 12:30:00+05:30,2460.5078,2477.2392530399998,2438.3632297999998,2026-01-09 15:30:00+05:30,2450.0,EOD,1.3352909346598825,2.1352909346598823,28.72410774230957,32.20866394042969,40.714420318603516,0.7749148627996375,1.7170684351202783,0.007855045511945134,0.412325138880594,0.0,2477.2392530399998,0.26705818693197647,0.42705818693197645,50000.0,5.0,250000.0,667.6454673299412,1067.645467329941
2026-01-09,VRLLOG,SHORT,A_MOD_BREAK_C1_LOW,MODERATE,2026-01-09 12:15:00+05:30,2026-01-09 12:30:00+05:30,259.39812220458987,261.1620294355811,257.06353910474854,2026-01-09 13:52:00+05:30,257.06353910474854,TARGET,3.7000000000000313,4.50000000000003,31.659141540527344,31.124908447265625,18.07997703552246,1.0397142818580751,1.6203000243083647,0.004431592706081265,0.4978521236484916,0.0,261.1620294355811,0.7400000000000062,0.9000000000000061,50000.0,5.0,250000.0,1850.0000000000155,2250.0000000000155
2026-01-09,AADHARHFC,SHORT,A_MOD_BREAK_C1_LOW,MODERATE,2026-01-09 12:30:00+05:30,2026-01-09 12:45:00+05:30,480.9038,484.17394583999993,476.57566579999997,2026-01-09 13:07:00+05:30,476.57566579999997,TARGET,3.7000000000000233,4.500000000000023,32.364990234375,29.984113693237305,9.248774528503418,1.512611940098727,1.668450959459197,0.005559594293165248,0.5936044910058622,0.0,484.17394583999993,0.7400000000000047,0.9000000000000046,50000.0,5.0,250000.0,1850.0000000000116,2250.0000000000114
2026-01-09,DOLLAR,SHORT,A_MOD_BREAK_C1_LOW,MODERATE,2026-01-09 12:30:00+05:30,2026-01-09 12:45:00+05:30,338.13237220458984,340.431672335581,335.0891808547485,2026-01-09 14:11:00+05:30,335.0891808547485,TARGET,3.700000000000021,4.50000000000002,20.18509864807129,34.07645034790039,62.71253204345703,1.00009787439894,1.6172061925165562,0.006568290034783282,0.3186539173667116,0.0,340.431672335581,0.7400000000000042,0.9000000000000041,50000.0,5.0,250000.0,1850.0000000000105,2250.0000000000105
2026-01-09,NSIL,SHORT,A_MOD_BREAK_C1_LOW,MODERATE,2026-01-09 12:30:00+05:30,2026-01-09 12:45:00+05:30,6218.756,6261.043540799999,6162.787196,2026-01-09 15:30:00+05:30,6259.0,EOD,-4.035695370585346,-3.2356953705853457,35.56061553955078,30.354656219482422,5.531914710998535,1.5994814110221527,2.3537213305208544,0.005454753986125591,0.6733184800221383,0.0,6261.043540799999,-0.8071390741170692,-0.6471390741170692,50000.0,5.0,250000.0,-2017.847685292673,-1617.8476852926728
2026-01-09,CONFIPET,SHORT,A_MOD_BREAK_C1_LOW,MODERATE,2026-01-09 12:45:00+05:30,2026-01-09 13:00:00+05:30,34.26999969482422,34.50303569274902,33.9615696975708,2026-01-09 13:41:00+05:30,34.50303569274902,SL,-4.199999999999954,-3.399999999999954,38.12932205200195,31.34390640258789,21.884145736694336,1.1039303780871839,1.7628463812868875,0.008026618633869671,0.6132699660096308,0.0,34.50303569274902,-0.8399999999999908,-0.6799999999999908,50000.0,5.0,250000.0,-2099.999999999977,-1699.999999999977
2026-01-09,SPENCERS,SHORT,A_MOD_BREAK_C1_LOW,MODERATE,2026-01-09 12:45:00+05:30,2026-01-09 13:00:00+05:30,38.74999923706055,39.01349923187256,38.401249243927005,2026-01-09 14:19:00+05:30,39.01349923187256,SL,-4.199999999999955,-3.399999999999955,47.89114761352539,24.447187423706055,5.477334976196289,1.7681647148766477,2.947644992764415,0.0068027366759541704,0.8877960393062942,0.0,39.01349923187256,-0.839999999999991,-0.6799999999999911,50000.0,5.0,250000.0,-2099.9999999999773,-1699.9999999999775
2026-01-09,NATCOPHARM,SHORT,A_MOD_BREAK_C1_LOW,MODERATE,2026-01-09 13:30:00+05:30,2026-01-09 13:45:00+05:30,894.821,900.9057828,886.767611,2026-01-09 15:24:00+05:30,886.767611,TARGET,3.700000000000021,4.500000000000021,26.750167846679688,26.744041442871094,7.854800224304199,3.3329137755961837,3.204648959857053,0.005337824326327632,0.6112525177001953,0.0,900.9057828,0.7400000000000042,0.9000000000000042,50000.0,5.0,250000.0,1850.0000000000105,2250.0000000000105
2026-01-09,KOLTEPATIL,SHORT,A_MOD_BREAK_C1_LOW,MODERATE,2026-01-09 13:45:00+05:30,2026-01-09 14:00:00+05:30,379.22412779541014,381.8028518644189,375.81111064525146,2026-01-09 15:06:00+05:30,375.81111064525146,TARGET,3.6999999999999855,4.499999999999985,31.816234588623047,33.15090560913086,5.102046966552734,2.1448833466979775,2.0931653353476807,0.003314377272626335,0.6872435188293455,0.0,381.8028518644189,0.7399999999999971,0.899999999999997,50000.0,5.0,250000.0,1849.9999999999927,2249.9999999999923
2026-01-09,ADFFOODS,SHORT,A_MOD_BREAK_C1_LOW,MODERATE,2026-01-09 14:00:00+05:30,2026-01-09 14:15:00+05:30,200.95,202.31645999999998,199.14145,2026-01-09 14:28:00+05:30,199.14145,TARGET,3.699999999999992,4.499999999999992,38.227134704589844,35.3622932434082,15.977997779846191,1.9680502877986,2.221350866950339,0.003024168275482026,0.7778158209336026,0.0,202.31645999999998,0.7399999999999984,0.8999999999999984,50000.0,5.0,250000.0,1849.9999999999961,2249.999999999996
2026-01-09,PPL,SHORT,A_MOD_BREAK_C1_LOW,MODERATE,2026-01-09 14:00:00+05:30,2026-01-09 14:15:00+05:30,220.27000732421874,221.7678433740234,218.28757725830076,2026-01-09 14:47:00+05:30,221.7678433740234,SL,-4.199999999999973,-3.399999999999973,32.12825393676758,30.154382705688477,9.436810493469238,3.2126062261857955,2.9953443290786668,0.004679231010787199,0.6919238090515136,0.0,221.7678433740234,-0.8399999999999945,-0.6799999999999946,50000.0,5.0,250000.0,-2099.9999999999864,-1699.9999999999864
2026-01-09,DOLATALGO,SHORT,A_MOD_BREAK_C1_LOW,MODERATE,2026-01-09 14:15:00+05:30,2026-01-09 14:30:00+05:30,88.56000061035157,89.16220861450195,87.7629606048584,2026-01-09 15:12:00+05:30,87.7629606048584,TARGET,3.69999999999997,4.49999999999997,26.29273223876953,29.4091796875,3.464833974838257,2.4802912907950234,2.6151268858347025,0.0055848855781024005,0.6043909835815429,0.0,89.16220861450195,0.739999999999994,0.899999999999994,50000.0,5.0,250000.0,1849.999999999985,2249.999999999985
2026-01-09,SANDUMA,SHORT,A_MOD_BREAK_C1_LOW,MODERATE,2026-01-09 14:15:00+05:30,2026-01-09 14:30:00+05:30,226.41000671386718,227.94959475952146,224.37231665344237,2026-01-09 14:58:00+05:30,227.94959475952146,SL,-4.199999999999972,-3.399999999999972,41.53630828857422,18.742908477783203,3.379855155944824,4.137297464810487,3.545198152052374,0.008984489640491122,0.8330446243286131,0.0,227.94959475952146,-0.8399999999999943,-0.6799999999999944,50000.0,5.0,250000.0,-2099.9999999999854,-1699.9999999999861
2026-01-09,UNOMINDA,SHORT,A_MOD_BREAK_C1_LOW,MODERATE,2026-01-09 14:15:00+05:30,2026-01-09 14:30:00+05:30,1249.4500111816405,1257.9462712576756,1238.2049610810059,2026-01-09 14:49:00+05:30,1257.9462712576756,SL,-4.199999999999944,-3.3999999999999435,28.598363876342773,32.20949172973633,10.23201847076416,2.0220800800741365,2.296995236399964,0.004221852267419598,0.6389754581451417,0.0,1257.9462712576756,-0.8399999999999888,-0.6799999999999887,50000.0,5.0,250000.0,-2099.999999999972,-1699.9999999999718
2026-01-12,GREENLAM,SHORT,A_MOD_BREAK_C1_LOW,MODERATE,2026-01-12 10:30:00+05:30,2026-01-12 10:45:00+05:30,241.95,243.59525999999997,239.77245,2026-01-12 10:57:00+05:30,239.77245,TARGET,3.699999999999993,4.499999999999993,23.16304588317871,21.502450942993164,7.352905750274658,1.1659071486827697,3.907846063863667,0.006142279825919915,0.4114794392671653,0.0,243.59525999999997,0.7399999999999987,0.8999999999999986,50000.0,5.0,250000.0,1849.9999999999966,2249.9999999999964
2026-01-12,PGHL,SHORT,A_MOD_BREAK_C1_LOW,MODERATE,2026-01-12 10:30:00+05:30,2026-01-12 10:45:00+05:30,5285.9426,5321.88700968,5238.3691166,2026-01-12 11:28:00+05:30,5238.3691166,TARGET,3.700000000000041,4.500000000000041,56.93300247192383,14.010891914367676,3.1598541736602783,1.3107786141448245,4.212118466812066,0.005003646227424955,0.8393862574753443,0.0,5321.88700968,0.7400000000000082,0.9000000000000082,50000.0,5.0,250000.0,1850.0000000000205,2250.0000000000205
2026-01-12,TEJASNET,SHORT,A_MOD_BREAK_C1_LOW,MODERATE,2026-01-12 10:30:00+05:30,2026-01-12 10:45:00+05:30,374.925,377.47449,371.550675,2026-01-12 10:46:00+05:30,371.550675,TARGET,3.699999999999999,4.499999999999999,59.690673828125,16.560922622680664,6.865848064422607,1.1676252438508203,3.96790466716104,0.020425808095069435,0.8143344176738936,0.0,377.47449,0.7399999999999998,0.8999999999999998,50000.0,5.0,250000.0,1849.9999999999993,2249.9999999999995
2026-01-12,GRANULES,SHORT,B_HUGE_RED_FAILED_BOUNCE,HUGE,2026-01-12 10:00:00+05:30,2026-01-12 11:00:00+05:30,585.8828,589.8668030399999,580.6098548,2026-01-12 11:07:00+05:30,580.6098548,TARGET,3.699999999999984,4.499999999999984,20.93074607849121,18.875362396240234,6.3828206062316895,0.9885871789059281,3.730573692588057,0.0063456844537907835,0.38696394748590557,0.0,589.8668030399999,0.7399999999999969,0.8999999999999968,50000.0,5.0,250000.0,1849.9999999999923,2249.999999999992
2026-01-12,RADICO,SHORT,A_PULLBACK_C2_THEN_BREAK_C2_LOW,MODERATE,2026-01-12 10:30:00+05:30,2026-01-12 11:00:00+05:30,2830.4338,2849.6807498399994,2804.9598957999997,2026-01-12 11:16:00+05:30,2804.9598957999997,TARGET,3.700000000000019,4.500000000000019,72.86711120605469,12.980281829833984,0.8869143128395081,1.7244876236150404,4.61768256037955,0.008325584336393571,0.9117853341326321,0.0,2849.6807498399994,0.7400000000000038,0.9000000000000038,50000.0,5.0,250000.0,1850.0000000000093,2250.0000000000095
2026-01-12,BATAINDIA,SHORT,A_MOD_BREAK_C1_LOW,MODERATE,2026-01-12 10:45:00+05:30,2026-01-12 11:00:00+05:30,908.7182444091796,914.897528471162,900.539780209497,2026-01-12 15:30:00+05:30,910.0,EOD,-1.505254680813474,-0.7052546808134741,26.412019729614258,30.97817039489746,7.777133464813232,1.0266396354227634,2.3766047795237397,0.004848886053866731,0.43584223214319745,0.0,914.897528471162,-0.3010509361626948,-0.14105093616269482,50000.0,5.0,250000.0,-752.627340406737,-352.627340406737
2026-01-12,EIMCOELECO,SHORT,A_MOD_BREAK_C1_LOW,MODERATE,2026-01-12 10:45:00+05:30,2026-01-12 11:00:00+05:30,1516.1967,1526.50683756,1502.5509296999999,2026-01-12 11:21:00+05:30,1502.5509296999999,TARGET,3.700000000000032,4.500000000000032,25.798259735107422,22.503881454467773,3.4488043785095215,1.4679209522588899,3.618972596700583,0.014467979672474894,0.503860062671917,0.0,1526.50683756,0.7400000000000064,0.9000000000000064,50000.0,5.0,250000.0,1850.0000000000161,2250.000000000016
2026-01-12,KRN,SHORT,A_MOD_BREAK_C1_LOW,MODERATE,2026-01-12 10:45:00+05:30,2026-01-12 11:00:00+05:30,695.0109944091797,699.737069171162,688.7558954594971,2026-01-12 11:42:00+05:30,688.7558954594971,TARGET,3.700000000000011,4.500000000000011,38.57162094116211,23.478055953979492,13.627155303955078,0.8371075450650338,2.5833528541179964,0.009428362318199258,0.5850681345038125,0.0,699.737069171162,0.7400000000000022,0.9000000000000021,50000.0,5.0,250000.0,1850.0000000000055,2250.0000000000055
2026-01-12,TSFINV,SHORT,A_MOD_BREAK_C1_LOW,MODERATE,2026-01-12 10:45:00+05:30,2026-01-12 11:00:00+05:30,419.0161861022949,421.86549616779047,415.24504042737425,2026-01-12 11:11:00+05:30,415.24504042737425,TARGET,3.7000000000000077,4.500000000000007,43.081024169921875,21.391826629638672,23.818761825561523,0.6211590069574797,2.9181159373115135,0.00996182440174152,0.614918188766387,0.0,421.86549616779047,0.7400000000000015,0.9000000000000015,50000.0,5.0,250000.0,1850.0000000000039,2250.0000000000036
2026-01-12,BCLIND,SHORT,A_MOD_BREAK_C1_LOW,MODERATE,2026-01-12 11:00:00+05:30,2026-01-12 11:15:00+05:30,29.60999984741211,29.81134784637451,29.3435098487854,2026-01-12 11:46:00+05:30,29.3435098487854,TARGET,3.700000000000021,4.50000000000002,43.20994567871094,31.14226722717285,29.896963119506836,0.6060306178395203,1.5409066908048579,0.00852519250009421,0.591249877842823,0.0,29.81134784637451,0.7400000000000042,0.9000000000000041,50000.0,5.0,250000.0,1850.0000000000105,2250.0000000000105
2026-01-12,CUMMINSIND,SHORT,A_MOD_BREAK_C1_LOW,MODERATE,2026-01-12 11:00:00+05:30,2026-01-12 11:15:00+05:30,3952.0094888183594,3978.883153342324,3916.441403418994,2026-01-12 11:49:00+05:30,3916.441403418994,TARGET,3.700000000000018,4.500000000000018,29.259746551513672,17.159887313842773,4.914440155029297,1.3906471681237111,3.2091241124763625,0.008100138730982035,0.5422594526943545,0.0,3978.883153342324,0.7400000000000035,0.9000000000000036,50000.0,5.0,250000.0,1850.0000000000089,2250.000000000009
2026-01-12,GODREJPROP,SHORT,A_MOD_BREAK_C1_LOW,MODERATE,2026-01-12 11:00:00+05:30,2026-01-12 11:15:00+05:30,1936.6126,1949.7815656799999,1919.1830866,2026-01-12 11:22:00+05:30,1919.1830866,TARGET,3.6999999999999753,4.499999999999975,58.209129333496094,27.949644088745117,11.294266700744629,1.0535768898813682,2.756377134684459,0.008440889152719856,0.7943759557292394,0.0,1949.7815656799999,0.7399999999999951,0.899999999999995,50000.0,5.0,250000.0,1849.9999999999877,2249.9999999999877
2026-01-12,LUMAXTECH,SHORT,A_MOD_BREAK_C1_LOW,MODERATE,2026-01-12 11:00:00+05:30,2026-01-12 11:15:00+05:30,1495.0009888183595,1505.1669955423242,1481.5459799189941,2026-01-12 11:21:00+05:30,1481.5459799189941,TARGET,3.7000000000000344,4.500000000000035,61.211936950683594,30.108219146728516,17.794761657714844,1.2589403978273572,2.1437740390024773,0.011429523116596868,0.8303145696197876,0.0,1505.1669955423242,0.7400000000000069,0.9000000000000069,50000.0,5.0,250000.0,1850.0000000000173,2250.0000000000173
2026-01-12,NBCC,SHORT,A_MOD_BREAK_C1_LOW,MODERATE,2026-01-12 11:00:00+05:30,2026-01-12 11:15:00+05:30,105.0499984741211,105.7643384637451,104.104548487854,2026-01-12 11:24:00+05:30,104.104548487854,TARGET,3.7000000000000144,4.500000000000014,48.48176193237305,22.78920555114746,4.510194301605225,1.4632605291916108,2.9435573340960155,0.010064279653709254,0.8432970215941276,0.0,105.7643384637451,0.7400000000000029,0.9000000000000029,50000.0,5.0,250000.0,1850.0000000000073,2250.0000000000073
2026-01-12,SONATSOFTW,SHORT,A_MOD_BREAK_C1_LOW,MODERATE,2026-01-12 11:00:00+05:30,2026-01-12 11:15:00+05:30,344.68105,347.02488114,341.57892055,2026-01-12 11:34:00+05:30,341.57892055,TARGET,3.700000000000009,4.500000000000009,43.05958938598633,33.97261428833008,23.896577835083008,0.5985466783811536,1.952250575442253,0.007922705589889244,0.6082520382786094,0.0,347.02488114,0.7400000000000018,0.9000000000000018,50000.0,5.0,250000.0,1850.0000000000043,2250.0000000000045
2026-01-12,SUDARSCHEM,SHORT,A_MOD_BREAK_C1_LOW,MODERATE,2026-01-12 11:00:00+05:30,2026-01-12 11:15:00+05:30,913.2673222045898,919.477539995581,905.0479163047486,2026-01-12 11:34:00+05:30,905.0479163047486,TARGET,3.6999999999999753,4.499999999999975,56.6220703125,24.999723434448242,21.733566284179688,0.6763759234732332,2.91146150263174,0.00827195315384123,0.7283657866078157,0.0,919.477539995581,0.7399999999999951,0.899999999999995,50000.0,5.0,250000.0,1849.9999999999877,2249.9999999999877
2026-01-12,AHLUCONT,SHORT,A_MOD_BREAK_C1_LOW,MODERATE,2026-01-12 11:15:00+05:30,2026-01-12 11:30:00+05:30,884.5230722045899,890.5378290955811,876.5623645547486,2026-01-12 12:16:00+05:30,890.5378290955811,SL,-4.1999999999999815,-3.3999999999999817,28.913021087646484,21.349031448364258,1.3566950559616089,1.5858712168072682,2.816614329080051,0.008383183318029421,0.5712227792559692,0.0,890.5378290955811,-0.8399999999999963,-0.6799999999999964,50000.0,5.0,250000.0,-2099.999999999991,-1699.999999999991
2026-01-12,APOLLOTYRE,SHORT,A_MOD_BREAK_C1_LOW,MODERATE,2026-01-12 11:15:00+05:30,2026-01-12 11:30:00+05:30,488.60227220458984,491.92476765558104,484.2048517547485,2026-01-12 12:17:00+05:30,491.92476765558104,SL,-4.199999999999987,-3.399999999999987,47.85091018676758,24.05291175842285,7.06367826461792,1.437643467028644,2.9738773188499295,0.008472962601409544,0.8293512595315262,0.0,491.92476765558104,-0.8399999999999974,-0.6799999999999974,50000.0,5.0,250000.0,-2099.999999999993,-1699.9999999999934
2026-01-12,ASHOKA,SHORT,A_MOD_BREAK_C1_LOW,MODERATE,2026-01-12 11:15:00+05:30,2026-01-12 11:30:00+05:30,155.7500030517578,156.80910307250974,154.34825302429198,2026-01-12 12:19:00+05:30,156.80910307250974,SL,-4.199999999999963,-3.3999999999999626,46.521240234375,27.308738708496094,10.848309516906738,1.0036292969517744,2.8240748236634623,0.00860076031713992,0.7334537304821855,0.0,156.80910307250974,-0.8399999999999925,-0.6799999999999925,50000.0,5.0,250000.0,-2099.9999999999814,-1699.9999999999814
2026-01-12,BBTC,SHORT,A_MOD_BREAK_C1_LOW,MODERATE,2026-01-12 11:15:00+05:30,2026-01-12 11:30:00+05:30,1781.7435555908203,1793.8594117688376,1765.707863590503,2026-01-12 12:42:00+05:30,1793.8594117688376,SL,-4.199999999999933,-3.399999999999933,50.67301559448242,29.33310317993164,14.905009269714355,1.004249934057803,2.1223011017500832,0.005930028505254895,0.7857437384601156,0.0,1793.8594117688376,-0.8399999999999865,-0.6799999999999866,50000.0,5.0,250000.0,-2099.9999999999663,-1699.9999999999666
2026-01-12,BSOFT,SHORT,A_MOD_BREAK_C1_LOW,MODERATE,2026-01-12 11:15:00+05:30,2026-01-12 11:30:00+05:30,409.1181722045898,411.900175775581,405.4361086547485,2026-01-12 12:18:00+05:30,411.900175775581,SL,-4.1999999999999265,-3.3999999999999266,37.47810363769531,28.771272659301758,13.638151168823242,1.0440547225030794,2.4805569910123184,0.008918768043569551,0.6048811310034685,0.0,411.900175775581,-0.8399999999999852,-0.6799999999999853,50000.0,5.0,250000.0,-2099.999999999963,-1699.9999999999632
2026-01-12,DATAPATTNS,SHORT,A_MOD_BREAK_C1_LOW,MODERATE,2026-01-12 11:15:00+05:30,2026-01-12 11:30:00+05:30,2579.484,2597.0244912,2556.2686439999998,2026-01-12 11:40:00+05:30,2556.2686439999998,TARGET,3.70000000000003,4.50000000000003,26.86089324951172,34.477745056152344,26.0894718170166,1.0348308501309418,1.9534599226862066,0.011278636028364633,0.44168179364990096,0.0,2597.0244912,0.740000000000006,0.900000000000006,50000.0,5.0,250000.0,1850.000000000015,2250.000000000015
2026-01-12,ICRA,SHORT,A_MOD_BREAK_C1_LOW,MODERATE,2026-01-12 11:15:00+05:30,2026-01-12 11:30:00+05:30,5993.801,6034.5588468,5939.856791,2026-01-12 15:30:00+05:30,6008.0,EOD,-1.9844737588051065,-1.1844737588051066,68.96659088134766,25.078567504882812,16.159730911254883,0.7575359948880297,2.340073156759796,0.00522459187638869,0.7425687991054051,0.0,6034.5588468,-0.3968947517610213,-0.23689475176102132,50000.0,5.0,250000.0,-992.2368794025532,-592.2368794025533
2026-01-12,IOLCP,SHORT,A_MOD_BREAK_C1_LOW,MODERATE,2026-01-12 11:15:00+05:30,2026-01-12 11:30:00+05:30,75.64999694824219,76.16441692749024,74.96914697570801,2026-01-12 11:59:00+05:30,74.96914697570801,TARGET,3.6999999999999766,4.499999999999976,39.74346923828125,26.49331283569336,18.95047950744629,0.8171354276943539,2.2685003608379284,0.009618666178668507,0.5991507384207306,0.0,76.16441692749024,0.7399999999999953,0.8999999999999952,50000.0,5.0,250000.0,1849.9999999999884,2249.999999999988
2026-01-12,JBMA,SHORT,A_MOD_BREAK_C1_LOW,MODERATE,2026-01-12 11:15:00+05:30,2026-01-12 11:30:00+05:30,590.9817555908203,595.0004315288378,585.6629197905029,2026-01-12 11:45:00+05:30,585.6629197905029,TARGET,3.7000000000000166,4.500000000000016,53.8483772277832,24.648963928222656,8.927621841430664,1.3343580601664922,2.699148994751706,0.01125406558379147,0.8435126605291361,0.0,595.0004315288378,0.7400000000000033,0.9000000000000032,50000.0,5.0,250000.0,1850.0000000000084,2250.000000000008
2026-01-12,MANINFRA,SHORT,A_MOD_BREAK_C1_LOW,MODERATE,2026-01-12 11:15:00+05:30,2026-01-12 11:30:00+05:30,116.45,117.24185999999999,115.40195,2026-01-12 12:21:00+05:30,117.24185999999999,SL,-4.199999999999937,-3.3999999999999373,38.79236602783203,29.45619773864746,14.234724044799805,1.4076277959478094,2.581592074462704,0.007782854423908486,0.6882203547083472,0.0,117.24185999999999,-0.8399999999999874,-0.6799999999999875,50000.0,5.0,250000.0,-2099.9999999999686,-1699.9999999999686
2026-01-12,NAVA,SHORT,A_MOD_BREAK_C1_LOW,MODERATE,2026-01-12 11:15:00+05:30,2026-01-12 11:30:00+05:30,566.6866277954101,570.5400968644188,561.5864481452514,2026-01-12 12:18:00+05:30,570.5400968644188,SL,-4.199999999999944,-3.3999999999999435,38.0733528137207,32.43250274658203,28.10329818725586,0.6080097543479316,1.7397221723334781,0.01010961465314162,0.5244881078333725,0.0,570.5400968644188,-0.8399999999999888,-0.6799999999999887,50000.0,5.0,250000.0,-2099.999999999972,-1699.9999999999718
2026-01-12,SHAREINDIA,SHORT,A_MOD_BREAK_C1_LOW,MODERATE,2026-01-12 11:15:00+05:30,2026-01-12 11:30:00+05:30,150.31000061035155,151.33210861450192,148.95721060485837,2026-01-12 12:32:00+05:30,151.33210861450192,SL,-4.1999999999999265,-3.3999999999999257,29.080551147460938,35.66130828857422,9.222970962524414,0.8159322902233533,1.5642568605490723,0.010274615535625682,0.4172092610284545,0.0,151.33210861450192,-0.8399999999999852,-0.6799999999999852,50000.0,5.0,250000.0,-2099.999999999963,-1699.999999999963
2026-01-12,SWANCORP,SHORT,A_MOD_BREAK_C1_LOW,MODERATE,2026-01-12 11:15:00+05:30,2026-01-12 11:30:00+05:30,422.21552779541014,425.0865933844189,418.41558804525147,2026-01-12 11:33:00+05:30,418.41558804525147,TARGET,3.6999999999999766,4.499999999999976,40.4631462097168,23.382266998291016,2.0226917266845703,1.4592602857471118,2.6735384384853464,0.009046833846290432,0.7223177431514964,0.0,425.0865933844189,0.7399999999999953,0.8999999999999952,50000.0,5.0,250000.0,1849.9999999999884,2249.999999999988
2026-01-12,TVSSCS-BE,SHORT,A_MOD_BREAK_C1_LOW,MODERATE,2026-01-12 11:15:00+05:30,2026-01-12 11:30:00+05:30,105.21000213623047,105.92543015075682,104.2631121170044,2026-01-12 11:41:00+05:30,104.2631121170044,TARGET,3.700000000000002,4.500000000000003,37.12788772583008,36.17148971557617,31.750043869018555,0.3788721735661504,1.377308525569979,0.009048973130983151,0.4520863725400264,0.0,105.92543015075682,0.7400000000000004,0.9000000000000005,50000.0,5.0,250000.0,1850.0000000000011,2250.000000000001
2026-01-12,VINCOFE,SHORT,A_MOD_BREAK_C1_LOW,MODERATE,2026-01-12 11:15:00+05:30,2026-01-12 11:30:00+05:30,158.14999694824218,159.22541692749022,156.726646975708,2026-01-12 11:31:00+05:30,156.726646975708,TARGET,3.6999999999999655,4.499999999999965,44.79036331176758,25.335660934448242,4.028286933898926,1.2435897147132269,2.9233432959325456,0.012475591502784433,0.7494836497513284,0.0,159.22541692749022,0.7399999999999931,0.8999999999999931,50000.0,5.0,250000.0,1849.9999999999827,2249.9999999999827
2026-01-12,VPRPL,SHORT,A_MOD_BREAK_C1_LOW,MODERATE,2026-01-12 11:15:00+05:30,2026-01-12 11:30:00+05:30,48.650000762939456,48.98082076812744,48.212150756073,2026-01-12 12:15:00+05:30,48.98082076812744,SL,-4.199999999999923,-3.399999999999923,27.037057876586914,36.61162185668945,10.5735445022583,1.0311006845730817,1.4339558142528417,0.011542966787146867,0.4176962786617351,0.0,48.98082076812744,-0.8399999999999845,-0.6799999999999846,50000.0,5.0,250000.0,-2099.9999999999613,-1699.9999999999616
2026-01-12,ACE,SHORT,A_MOD_BREAK_C1_LOW,MODERATE,2026-01-12 11:30:00+05:30,2026-01-12 11:45:00+05:30,877.8244,883.7936059199999,869.9239804,2026-01-12 12:18:00+05:30,883.7936059199999,SL,-4.199999999999956,-3.399999999999956,38.86274719238281,24.152894973754883,4.234671592712402,1.6264946567677012,2.4369393399034314,0.009060682352711522,0.7275777728200898,0.0,883.7936059199999,-0.8399999999999912,-0.6799999999999912,50000.0,5.0,250000.0,-2099.999999999978,-1699.999999999978
2026-01-12,ADANIPORTS,SHORT,A_MOD_BREAK_C1_LOW,MODERATE,2026-01-12 11:30:00+05:30,2026-01-12 11:45:00+05:30,1407.3184555908203,1416.8882210888378,1394.652589490503,2026-01-12 12:18:00+05:30,1416.8882210888378,SL,-4.199999999999948,-3.399999999999948,42.60445022583008,27.59113883972168,5.467997074127197,1.1348602547074702,2.2514404297581843,0.00608302225808485,0.6976672979612584,0.0,1416.8882210888378,-0.8399999999999896,-0.6799999999999896,50000.0,5.0,250000.0,-2099.999999999974,-1699.999999999974
2026-01-12,ESABINDIA,SHORT,A_MOD_BREAK_C1_LOW,MODERATE,2026-01-12 11:30:00+05:30,2026-01-12 11:45:00+05:30,5416.9164,5453.75143152,5368.1641524,2026-01-12 12:28:00+05:30,5453.75143152,SL,-4.19999999999996,-3.399999999999961,68.39043426513672,14.720758438110352,1.0276646614074707,2.438600439862899,4.249300494102948,0.0070663922472869655,0.96,0.0,5453.75143152,-0.8399999999999921,-0.6799999999999922,50000.0,5.0,250000.0,-2099.9999999999804,-1699.9999999999804
2026-01-12,ESCORTS,SHORT,A_MOD_BREAK_C1_LOW,MODERATE,2026-01-12 11:30:00+05:30,2026-01-12 11:45:00+05:30,3739.4519111816408,3764.880184177676,3705.796843981006,2026-01-12 12:33:00+05:30,3764.880184177676,SL,-4.199999999999985,-3.3999999999999853,44.941165924072266,30.172327041625977,6.382748126983643,1.1139629411502099,1.9799778590696757,0.007425641515256489,0.7280598965158545,0.0,3764.880184177676,-0.839999999999997,-0.679999999999997,50000.0,5.0,250000.0,-2099.9999999999927,-1699.9999999999925
2026-01-12,FINPIPE,SHORT,A_MOD_BREAK_C1_LOW,MODERATE,2026-01-12 11:30:00+05:30,2026-01-12 11:45:00+05:30,171.95,173.11925999999997,170.40245,2026-01-12 12:19:00+05:30,173.11925999999997,SL,-4.199999999999942,-3.3999999999999417,53.934417724609375,37.63423538208008,53.20022964477539,0.3421012341239089,1.3656439116442063,0.006789876278056655,0.6381499115538942,0.0,173.11925999999997,-0.8399999999999883,-0.6799999999999884,50000.0,5.0,250000.0,-2099.999999999971,-1699.9999999999711
2026-01-12,GSFC,SHORT,A_MOD_BREAK_C1_LOW,MODERATE,2026-01-12 11:30:00+05:30,2026-01-12 11:45:00+05:30,172.66000671386718,173.83409475952146,171.10606665344238,2026-01-12 12:22:00+05:30,173.83409475952146,SL,-4.199999999999972,-3.3999999999999715,36.9885139465332,29.01258659362793,5.931629657745361,1.2789552574263865,2.6598780474863,0.006173809921531779,0.6386448792476156,0.0,173.83409475952146,-0.8399999999999943,-0.6799999999999943,50000.0,5.0,250000.0,-2099.9999999999854,-1699.9999999999857
2026-01-12,GSPL,SHORT,A_MOD_BREAK_C1_LOW,MODERATE,2026-01-12 11:30:00+05:30,2026-01-12 11:45:00+05:30,302.9893777954102,305.04970556441896,300.2624733952515,2026-01-12 13:59:00+05:30,305.04970556441896,SL,-4.199999999999983,-3.3999999999999835,32.072845458984375,19.77600860595703,3.0531787872314453,2.056471731082936,3.1172438235488147,0.005490883990691283,0.6910926818847656,0.0,305.04970556441896,-0.8399999999999967,-0.6799999999999967,50000.0,5.0,250000.0,-2099.9999999999923,-1699.9999999999918
2026-01-12,HFCL,SHORT,A_MOD_BREAK_C1_LOW,MODERATE,2026-01-12 11:30:00+05:30,2026-01-12 11:45:00+05:30,62.900000762939456,63.32772076812744,62.333900756073,2026-01-12 12:11:00+05:30,63.32772076812744,SL,-4.1999999999999815,-3.3999999999999813,32.11670684814453,30.496000289916992,9.856511116027832,0.7383031974850822,1.7332793811790088,0.012097508188277956,0.4576176313410078,0.0,63.32772076812744,-0.8399999999999963,-0.6799999999999963,50000.0,5.0,250000.0,-2099.999999999991,-1699.9999999999907
2026-01-12,IGL,SHORT,A_MOD_BREAK_C1_LOW,MODERATE,2026-01-12 11:30:00+05:30,2026-01-12 11:45:00+05:30,182.2,183.43895999999998,180.56019999999998,2026-01-12 12:23:00+05:30,183.43895999999998,SL,-4.199999999999977,-3.3999999999999773,20.310977935791016,32.927940368652344,8.139488220214844,2.292767535302523,2.1893718748325384,0.006614985912388417,0.5146646690368653,0.0,183.43895999999998,-0.8399999999999954,-0.6799999999999955,50000.0,5.0,250000.0,-2099.9999999999886,-1699.9999999999889
2026-01-12,INNOVACAP,SHORT,A_MOD_BREAK_C1_LOW,MODERATE,2026-01-12 11:30:00+05:30,2026-01-12 11:45:00+05:30,686.8626,691.53326568,680.6808366,2026-01-12 13:43:00+05:30,691.53326568,SL,-4.199999999999968,-3.399999999999968,53.48788833618164,24.593576431274414,8.96917724609375,1.5455825198754811,2.9774185846278516,0.0061395414705012735,0.8804769409782092,0.0,691.53326568,-0.8399999999999936,-0.6799999999999936,50000.0,5.0,250000.0,-2099.999999999984,-1699.999999999984
2026-01-13,IMAGICAA,LONG,B_HUGE_C1_CLOSE_RECLAIM_BREAK,HUGE,2026-01-13 10:30:00+05:30,2026-01-13 11:00:00+05:30,51.52000122070312,51.221185213623045,52.08672123413085,2026-01-13 12:18:00+05:30,51.221185213623045,SL,-3.699999999999992,-2.8999999999999924,23.924575805664062,81.61463928222656,83.13422393798828,0.8891462935389101,4.256246575728608,0.01035276953166458,6.618130878625477,0.0,51.221185213623045,-0.7399999999999984,-0.5799999999999985,100000.0,5.0,500000.0,-3699.9999999999923,-2899.9999999999923
2026-01-14,CESC,SHORT,A_MOD_BREAK_C1_LOW,MODERATE,2026-01-14 10:00:00+05:30,2026-01-14 10:15:00+05:30,157.47000427246093,158.54080030151366,156.05277423400878,2026-01-14 10:17:00+05:30,156.05277423400878,TARGET,3.699999999999993,4.499999999999994,43.91109085083008,22.27890396118164,8.225850105285645,0.9916675866079726,3.5180952401471672,0.004562551797251192,0.6922081904188464,0.0,158.54080030151366,0.7399999999999987,0.8999999999999987,50000.0,5.0,250000.0,1849.9999999999966,2249.999999999997
2026-01-14,SHK,SHORT,A_MOD_BREAK_C1_LOW,MODERATE,2026-01-14 10:00:00+05:30,2026-01-14 10:15:00+05:30,164.17999572753905,165.2964196984863,162.7023757659912,2026-01-14 13:03:00+05:30,165.2964196984863,SL,-4.199999999999918,-3.399999999999917,47.329200744628906,19.659128189086914,8.543858528137207,1.3031097742987936,4.259193746042192,0.0047560957665451755,0.7979822216717225,0.0,165.2964196984863,-0.8399999999999834,-0.6799999999999834,50000.0,5.0,250000.0,-2099.9999999999586,-1699.9999999999584
2026-01-14,TANLA,SHORT,A_MOD_BREAK_C1_LOW,MODERATE,2026-01-14 10:00:00+05:30,2026-01-14 10:15:00+05:30,486.5526638977051,489.86122201220945,482.1736899226257,2026-01-14 15:30:00+05:30,482.1736899226257,TARGET,3.7000000000000166,4.500000000000016,39.22502136230469,21.81842041015625,4.004579544067383,1.3096548310930283,4.204968152685028,0.00482159927004887,0.6775649158758501,0.0,489.86122201220945,0.7400000000000033,0.9000000000000032,50000.0,5.0,250000.0,1850.0000000000084,2250.000000000008
2026-01-14,TI,SHORT,A_MOD_BREAK_C1_LOW,MODERATE,2026-01-14 10:15:00+05:30,2026-01-14 10:30:00+05:30,426.26473610229493,429.16333630779053,422.4283534773743,2026-01-14 11:41:00+05:30,422.4283534773743,TARGET,3.6999999999999886,4.499999999999989,23.574453353881836,32.98909378051758,9.292197227478027,0.7425682332808419,2.1476579594815766,0.005003439326894555,0.3435662411323749,0.0,429.16333630779053,0.7399999999999978,0.8999999999999978,50000.0,5.0,250000.0,1849.9999999999945,2249.9999999999945
2026-01-14,ICICIGI,SHORT,A_MOD_BREAK_C1_LOW,MODERATE,2026-01-14 11:00:00+05:30,2026-01-14 11:15:00+05:30,1852.1295,1864.7239805999998,1835.4603345,2026-01-14 11:16:00+05:30,1835.4603345,TARGET,3.69999999999999,4.49999999999999,25.795045852661133,31.80556297302246,10.492681503295898,1.9149238016178933,1.8569110617813491,0.006605207229266493,0.5748829061621157,0.0,1864.7239805999998,0.739999999999998,0.899999999999998,50000.0,5.0,250000.0,1849.9999999999948,2249.999999999995
2026-01-14,DELTACORP,LONG,B_HUGE_GREEN_PULLBACK_HOLD_THEN_BREAK,HUGE,2026-01-14 10:30:00+05:30,2026-01-14 12:00:00+05:30,72.73000030517578,72.30816630340576,73.5300303085327,2026-01-14 12:04:00+05:30,73.5300303085327,TARGET,4.699999999999928,5.499999999999928,48.454952239990234,74.6413803100586,83.18055725097656,1.3762859633529674,3.1752981320245204,0.010848162360481754,6.83540043605724,0.0,72.30816630340576,0.9399999999999857,1.0999999999999857,100000.0,5.0,500000.0,4699.999999999929,5499.999999999928
2026-01-14,CHOICEIN,LONG,B_HUGE_GREEN_PULLBACK_HOLD_THEN_BREAK,HUGE,2026-01-14 10:45:00+05:30,2026-01-14 12:15:00+05:30,830.0660044189453,825.2516215933155,839.1967304675536,2026-01-14 15:30:00+05:30,831.0,EOD,-0.23739679972289285,0.5626032002771071,24.793094635009766,67.90773010253906,73.32571411132812,2.1045727308660505,2.662015193985078,0.005150151475714714,6.501503851172636,0.0,825.2516215933155,-0.04747935994457857,0.11252064005542141,100000.0,5.0,500000.0,-237.3967997228928,562.603200277107
2026-01-14,JKLAKSHMI,LONG,B_HUGE_GREEN_PULLBACK_HOLD_THEN_BREAK,HUGE,2026-01-14 11:00:00+05:30,2026-01-14 12:15:00+05:30,773.1546,768.6703033199999,781.6593005999998,2026-01-14 15:30:00+05:30,776.1500244140625,EOD,1.1371445336175592,1.937144533617559,22.224109649658203,68.09300231933594,79.02876281738281,2.1773438440979054,2.841254524221428,0.005765078931288823,6.366941033930371,0.0,768.6703033199999,0.22742890672351185,0.3874289067235118,100000.0,5.0,500000.0,1137.1445336175593,1937.144533617559
2026-01-14,PREMIERENE,SHORT,A_MOD_BREAK_C1_LOW,MODERATE,2026-01-14 13:30:00+05:30,2026-01-14 13:45:00+05:30,727.8544,732.80380992,721.3037104,2026-01-14 14:54:00+05:30,732.80380992,SL,-4.199999999999995,-3.399999999999995,20.36285972595215,33.18086242675781,3.4795138835906982,3.6078355058503075,2.2509230898738237,0.005352746955425402,0.5154428958892823,0.0,732.80380992,-0.839999999999999,-0.679999999999999,50000.0,5.0,250000.0,-2099.9999999999973,-1699.9999999999975
2026-01-14,VTL,LONG,B_HUGE_GREEN_PULLBACK_HOLD_THEN_BREAK,HUGE,2026-01-14 11:00:00+05:30,2026-01-14 14:00:00+05:30,422.03440220947266,419.5866026766577,426.67678063377684,2026-01-14 15:20:00+05:30,419.5866026766577,SL,-3.699999999999999,-2.8999999999999986,22.78064727783203,64.30338287353516,73.02497100830078,1.3776304126592513,1.7535946151933146,0.006276538340855438,4.632863242033253,0.0,419.5866026766577,-0.7399999999999998,-0.5799999999999997,100000.0,5.0,500000.0,-3699.9999999999986,-2899.9999999999986
2026-01-14,NEWGEN,SHORT,A_MOD_BREAK_C1_LOW,MODERATE,2026-01-14 14:00:00+05:30,2026-01-14 14:15:00+05:30,768.59625,773.8227045,761.6788837500001,2026-01-14 14:54:00+05:30,773.8227045,SL,-4.199999999999955,-3.399999999999955,31.393272399902344,34.173160552978516,7.008123874664307,2.458146188951854,1.799900572039502,0.003065199473744406,0.6708941146005103,0.0,773.8227045,-0.839999999999991,-0.6799999999999911,50000.0,5.0,250000.0,-2099.9999999999773,-1699.9999999999775
2026-01-16,PAYTM,LONG,B_HUGE_C1_CLOSE_RECLAIM_BREAK,HUGE,2026-01-16 10:30:00+05:30,2026-01-16 11:00:00+05:30,1343.1686044189453,1335.3782265133154,1357.9434590675535,2026-01-16 15:30:00+05:30,1340.0,EOD,-1.979525939081943,-1.1795259390819433,25.04918098449707,72.82060241699219,84.52571868896484,1.4690312510158758,3.3206927045046886,0.005521109481542513,6.006406053860887,0.0,1335.3782265133154,-0.3959051878163886,-0.23590518781638864,100000.0,5.0,500000.0,-1979.525939081943,-1179.525939081943
2026-01-16,SWSOLAR,LONG,B_HUGE_C1_CLOSE_RECLAIM_BREAK,HUGE,2026-01-16 10:30:00+05:30,2026-01-16 11:00:00+05:30,218.57000427246095,217.30229824768068,220.974274319458,2026-01-16 11:01:00+05:30,220.974274319458,TARGET,4.699999999999966,5.499999999999966,31.609737396240234,86.72553253173828,89.9185562133789,1.6346861036633347,4.915862242076344,0.014222304053711048,8.29929061134321,0.0,217.30229824768068,0.9399999999999933,1.0999999999999932,100000.0,5.0,500000.0,4699.999999999966,5499.999999999965
2026-01-16,SURYODAY,LONG,A_MOD_BREAK_C1_HIGH,MODERATE,2026-01-16 10:45:00+05:30,2026-01-16 11:00:00+05:30,144.22999267578126,143.3934587182617,145.81652259521485,2026-01-16 11:01:00+05:30,145.81652259521485,TARGET,4.699999999999979,5.499999999999979,23.935272216796875,70.19281005859375,89.66071319580078,1.939590782579709,2.6137801553121895,0.0061140797858033995,5.931732373648137,0.0,143.3934587182617,0.9399999999999957,1.0999999999999956,100000.0,5.0,500000.0,4699.999999999978,5499.999999999978
2026-01-16,AURIONPRO,SHORT,A_MOD_BREAK_C1_LOW,MODERATE,2026-01-16 11:00:00+05:30,2026-01-16 11:15:00+05:30,1001.4996722045898,1008.309869975581,992.4861751547485,2026-01-16 11:21:00+05:30,992.4861751547485,TARGET,3.700000000000027,4.500000000000027,38.710975646972656,31.0936222076416,18.56060791015625,1.18245353235765,1.7590896195645511,0.005397971267321246,0.6355484838454062,0.0,1008.309869975581,0.7400000000000053,0.9000000000000054,50000.0,5.0,250000.0,1850.0000000000134,2250.000000000013
2026-01-16,KSCL,SHORT,A_MOD_BREAK_C1_LOW,MODERATE,2026-01-16 11:00:00+05:30,2026-01-16 11:15:00+05:30,873.6252277954102,879.5658793444189,865.7626007452515,2026-01-16 12:07:00+05:30,865.7626007452515,TARGET,3.7000000000000166,4.500000000000017,26.818078994750977,27.08086395263672,8.573843002319336,1.258780596423766,2.105525515097006,0.005765776885183234,0.48255778929542364,0.0,879.5658793444189,0.7400000000000033,0.9000000000000034,50000.0,5.0,250000.0,1850.0000000000084,2250.0000000000086
2026-01-16,XPROINDIA,LONG,B_HUGE_GREEN_PULLBACK_HOLD_THEN_BREAK,HUGE,2026-01-16 10:15:00+05:30,2026-01-16 11:30:00+05:30,1065.0130088378905,1058.8359333866308,1076.7281519351072,2026-01-16 11:31:00+05:30,1076.7281519351072,TARGET,4.699999999999953,5.499999999999953,75.68952941894531,77.1888656616211,68.45520782470703,1.7667897159723867,2.5680407636205365,0.024181527673902654,8.036484566938293,0.0,1058.8359333866308,0.9399999999999906,1.0999999999999905,100000.0,5.0,500000.0,4699.999999999954,5499.999999999953
2026-01-16,BBL,SHORT,A_MOD_BREAK_C1_LOW,MODERATE,2026-01-16 11:15:00+05:30,2026-01-16 11:30:00+05:30,2749.45,2768.1462599999995,2724.70495,2026-01-16 15:14:00+05:30,2724.70495,TARGET,3.699999999999999,4.499999999999999,24.52609634399414,37.46984100341797,36.67757034301758,0.8036052685742073,1.1922201104504153,0.0042753209200772375,0.32813337268291914,0.0,2768.1462599999995,0.7399999999999998,0.8999999999999998,50000.0,5.0,250000.0,1849.9999999999993,2249.9999999999995
2026-01-16,IGARASHI,SHORT,A_MOD_BREAK_C1_LOW,MODERATE,2026-01-16 11:15:00+05:30,2026-01-16 11:30:00+05:30,395.4209,398.10976211999997,391.8621119,2026-01-16 11:50:00+05:30,391.8621119,TARGET,3.700000000000019,4.500000000000019,35.73499298095703,23.284997940063477,12.400205612182617,1.5897496539910634,2.6488081420254828,0.008374688900955402,0.6742310841627914,0.0,398.10976211999997,0.7400000000000038,0.9000000000000038,50000.0,5.0,250000.0,1850.0000000000093,2250.0000000000095
2026-01-16,WOCKPHARMA,LONG,B_HUGE_GREEN_PULLBACK_HOLD_THEN_BREAK,HUGE,2026-01-16 10:15:00+05:30,2026-01-16 11:45:00+05:30,1439.9878911621095,1431.6359613933691,1455.8277579648925,2026-01-16 12:23:00+05:30,1455.8277579648925,TARGET,4.6999999999999424,5.499999999999941,25.54825782775879,77.7994613647461,80.25241088867188,2.195822240890983,3.463257789623177,0.005649608289855591,7.400800516592917,0.0,1431.6359613933691,0.9399999999999884,1.0999999999999883,100000.0,5.0,500000.0,4699.999999999942,5499.999999999942
2026-01-16,HCG,SHORT,A_MOD_BREAK_C1_LOW,MODERATE,2026-01-16 11:30:00+05:30,2026-01-16 11:45:00+05:30,640.0219944091797,644.3741439711621,634.2617964594971,2026-01-16 12:43:00+05:30,644.3741439711621,SL,-4.199999999999983,-3.3999999999999835,24.76923942565918,31.006685256958008,18.366567611694336,0.8725750202132311,2.2798886471507362,0.006008056894274629,0.38423921992220317,0.0,644.3741439711621,-0.8399999999999967,-0.6799999999999967,50000.0,5.0,250000.0,-2099.9999999999923,-1699.9999999999918
2026-01-16,GTPL,SHORT,A_MOD_BREAK_C1_LOW,MODERATE,2026-01-16 12:00:00+05:30,2026-01-16 12:15:00+05:30,82.1800033569336,82.73882737976074,81.44038332672119,2026-01-16 14:32:00+05:30,82.73882737976074,SL,-4.199999999999942,-3.3999999999999413,33.506752014160156,23.360517501831055,7.88798189163208,1.7789714269357852,2.535464516556417,0.014706137501112214,0.6739212799261647,0.0,82.73882737976074,-0.8399999999999883,-0.6799999999999883,50000.0,5.0,250000.0,-2099.999999999971,-1699.9999999999707
2026-01-16,HINDWAREAP,SHORT,A_MOD_BREAK_C1_LOW,MODERATE,2026-01-16 12:00:00+05:30,2026-01-16 12:15:00+05:30,230.64999694824218,232.2184169274902,228.574146975708,2026-01-16 12:34:00+05:30,232.2184169274902,SL,-4.199999999999973,-3.399999999999973,33.39158630371094,31.340423583984375,13.584030151367188,0.9495091088139722,1.7658608245002674,0.008520702809956092,0.5153309298231226,0.0,232.2184169274902,-0.8399999999999945,-0.6799999999999946,50000.0,5.0,250000.0,-2099.9999999999864,-1699.9999999999864
2026-01-16,INDGN,SHORT,A_MOD_BREAK_C1_LOW,MODERATE,2026-01-16 12:00:00+05:30,2026-01-16 12:15:00+05:30,498.9501777954102,502.3430390044189,494.4596261952515,2026-01-16 15:28:00+05:30,494.4596261952515,TARGET,3.700000000000019,4.500000000000019,44.638980865478516,24.717832565307617,1.7544423341751099,1.4824748044207041,2.5945141689181925,0.0037786116156521762,0.7890178037558009,0.0,502.3430390044189,0.7400000000000038,0.9000000000000038,50000.0,5.0,250000.0,1850.0000000000093,2250.0000000000095
2026-01-16,PARADEEP,SHORT,A_MOD_BREAK_C1_LOW,MODERATE,2026-01-16 12:15:00+05:30,2026-01-16 12:30:00+05:30,142.59999389648436,143.56967385498044,141.316593951416,2026-01-16 12:58:00+05:30,141.316593951416,TARGET,3.70000000000003,4.50000000000003,32.93903732299805,27.313173294067383,3.1595876216888428,1.90393579756784,2.265078459132317,0.007204376571590178,0.6872743244193427,0.0,143.56967385498044,0.740000000000006,0.900000000000006,50000.0,5.0,250000.0,1850.000000000015,2250.000000000015
2026-01-16,DOLATALGO,SHORT,A_MOD_BREAK_C1_LOW,MODERATE,2026-01-16 12:30:00+05:30,2026-01-16 12:45:00+05:30,86.00000305175782,86.58480307250976,85.226003024292,2026-01-16 15:30:00+05:30,85.80999755859375,EOD,0.3046830605907851,1.104683060590785,20.552719116210938,23.677579879760742,0.8621083498001099,2.4762120970959587,2.655136813506695,0.005710299665178967,0.5182907867431641,0.0,86.58480307250976,0.06093661211815701,0.220936612118157,50000.0,5.0,250000.0,152.34153029539254,552.3415302953924
2026-01-16,MAYURUNIQ,LONG,B_HUGE_C1_CLOSE_RECLAIM_BREAK,HUGE,2026-01-16 12:30:00+05:30,2026-01-16 13:00:00+05:30,491.84835,488.99562956999995,497.25868184999996,2026-01-16 13:03:00+05:30,497.25868184999996,TARGET,4.699999999999978,5.499999999999977,21.303573608398438,63.12736129760742,63.262454986572266,1.1090957258222514,0.9663976617011225,0.00792360378511678,3.908807322857365,0.0,488.99562956999995,0.9399999999999955,1.0999999999999954,100000.0,5.0,500000.0,4699.999999999977,5499.999999999977
2026-01-16,PATANJALI,SHORT,A_PULLBACK_C2_THEN_BREAK_C2_LOW,MODERATE,2026-01-16 12:30:00+05:30,2026-01-16 13:00:00+05:30,533.6932277954102,537.322341744419,528.8899887452515,2026-01-16 13:50:00+05:30,528.8899887452515,TARGET,3.7000000000000166,4.500000000000016,38.19245910644531,22.918949127197266,3.646907091140747,1.9678235110375242,2.4658063845528693,0.003514968518059702,0.7772560010282463,0.0,537.322341744419,0.7400000000000033,0.9000000000000032,50000.0,5.0,250000.0,1850.0000000000084,2250.000000000008
2026-01-16,LXCHEM,SHORT,A_MOD_BREAK_C1_LOW,MODERATE,2026-01-16 12:45:00+05:30,2026-01-16 13:00:00+05:30,147.45,148.45265999999998,146.12294999999997,2026-01-16 15:13:00+05:30,146.12294999999997,TARGET,3.700000000000049,4.500000000000048,20.348541259765625,32.339385986328125,7.831042289733887,1.7533434735607658,1.6712819924721727,0.00673999016626825,0.45562732639322706,0.0,148.45265999999998,0.7400000000000098,0.9000000000000097,50000.0,5.0,250000.0,1850.0000000000243,2250.000000000024
2026-01-16,ASALCBR,SHORT,A_PULLBACK_C2_THEN_BREAK_C2_LOW,MODERATE,2026-01-16 12:45:00+05:30,2026-01-16 13:15:00+05:30,838.9321555908203,844.6368942488378,831.381766190503,2026-01-16 15:30:00+05:30,838.2000122070312,EOD,-0.363645654234412,0.43635434576558785,56.59552001953125,22.037012100219727,6.458302974700928,2.171942386400587,2.3166409856575223,0.00827622577307752,0.96,0.0,844.6368942488378,-0.0727291308468824,0.08727086915311758,50000.0,5.0,250000.0,-181.822827117206,218.17717288279394
2026-01-16,RBLBANK,LONG,B_HUGE_GREEN_PULLBACK_HOLD_THEN_BREAK,HUGE,2026-01-16 10:45:00+05:30,2026-01-16 13:30:00+05:30,326.96537389526367,325.0689747266711,330.56199300811153,2026-01-16 13:59:00+05:30,325.0689747266711,SL,-3.7000000000000344,-2.900000000000035,42.58939743041992,84.12825775146484,92.86184692382812,2.586170099889594,4.214798612883088,0.007785229752560381,9.374046721111483,0.0,325.0689747266711,-0.7400000000000069,-0.580000000000007,100000.0,5.0,500000.0,-3700.0000000000346,-2900.000000000035
2026-01-16,SUMMITSEC,SHORT,A_MOD_BREAK_C1_LOW,MODERATE,2026-01-16 13:15:00+05:30,2026-01-16 13:30:00+05:30,1789.642,1801.8115656,1773.535222,2026-01-16 15:30:00+05:30,1786.0999755859375,EOD,0.18959021247337546,0.9895902124733753,27.201990127563477,37.12541580200195,15.642529487609863,1.38704863625132,1.670846191376229,0.003684681773055663,0.49430567282624455,0.0,1801.8115656,0.03791804249467509,0.19791804249467507,50000.0,5.0,250000.0,94.79510623668773,494.7951062366877
2026-01-16,WENDT,SHORT,A_MOD_BREAK_C1_LOW,MODERATE,2026-01-16 13:45:00+05:30,2026-01-16 14:00:00+05:30,7248.55,7297.840139999999,7183.31305,2026-01-16 15:29:00+05:30,7297.840139999999,SL,-4.199999999999942,-3.3999999999999417,24.071043014526367,30.698413848876953,1.6666666269302368,3.5380823497684037,3.2018380898705825,0.003162561613937904,0.5710656452178955,0.0,7297.840139999999,-0.8399999999999883,-0.6799999999999884,50000.0,5.0,250000.0,-2099.999999999971,-1699.9999999999711
2026-01-16,ESAFSFB,LONG,B_HUGE_C1_CLOSE_RECLAIM_BREAK,HUGE,2026-01-16 13:45:00+05:30,2026-01-16 14:15:00+05:30,28.759999084472657,28.593191089782714,29.076359074401854,2026-01-16 14:16:00+05:30,29.076359074401854,TARGET,4.699999999999955,5.499999999999955,54.16422653198242,87.36280822753906,89.14266204833984,2.3727763573803506,4.418318173494014,0.013360200932308853,9.614638755542257,0.0,28.593191089782714,0.9399999999999911,1.099999999999991,100000.0,5.0,500000.0,4699.999999999955,5499.9999999999545
2026-01-16,NOCIL,SHORT,A_MOD_BREAK_C1_LOW,MODERATE,2026-01-16 14:00:00+05:30,2026-01-16 14:15:00+05:30,135.7,136.62275999999997,134.47869999999998,2026-01-16 14:39:00+05:30,134.47869999999998,TARGET,3.700000000000051,4.500000000000051,40.36530303955078,31.088340759277344,3.5896084308624268,1.991371171958379,2.1549575837855013,0.003998934673780016,0.813969500685978,0.0,136.62275999999997,0.7400000000000102,0.9000000000000101,50000.0,5.0,250000.0,1850.0000000000255,2250.0000000000255
2026-01-16,ZYDUSLIFE,SHORT,A_MOD_BREAK_C1_LOW,MODERATE,2026-01-16 14:00:00+05:30,2026-01-16 14:15:00+05:30,871.8256,877.7540140799999,863.9791696,2026-01-16 15:30:00+05:30,868.0,EOD,1.3940167850083827,2.1940167850083823,23.560699462890625,23.669286727905273,4.501375675201416,3.4462542890851253,2.9835206198454522,0.002972095479351242,0.5634104919433593,0.0,877.7540140799999,0.2788033570016765,0.4388033570016765,50000.0,5.0,250000.0,697.0083925041913,1097.0083925041913
2026-01-16,KAYNES,SHORT,A_MOD_BREAK_C1_LOW,MODERATE,2026-01-16 14:15:00+05:30,2026-01-16 14:30:00+05:30,3610.8777776367187,3635.431746524648,3578.379877637988,2026-01-16 15:30:00+05:30,3610.0,EOD,-0.6784537042273909,0.12154629577260898,26.333585739135742,25.58761978149414,3.613023519515991,4.084243757419705,3.0919467233717928,0.0045300063073602116,0.6050037860870361,0.0,3635.431746524648,-0.1356907408454782,0.024309259154521794,50000.0,5.0,250000.0,-339.2268521136955,60.77314788630449
2026-01-16,MOL,SHORT,A_MOD_BREAK_C1_LOW,MODERATE,2026-01-16 14:15:00+05:30,2026-01-16 14:30:00+05:30,60.24999923706055,60.65969923187256,59.707749243927005,2026-01-16 14:52:00+05:30,60.65969923187256,SL,-4.1999999999999735,-3.3999999999999737,26.557153701782227,28.405364990234375,2.4375736713409424,3.030364114999003,2.4711274295837935,0.002463455662763312,0.6083573055267333,0.0,60.65969923187256,-0.8399999999999948,-0.6799999999999947,50000.0,5.0,250000.0,-2099.999999999987,-1699.9999999999868
2026-01-19,GPTINFRA,SHORT,A_MOD_BREAK_C1_LOW,MODERATE,2026-01-19 10:15:00+05:30,2026-01-19 10:30:00+05:30,104.11999816894532,104.82801415649413,103.18291818542481,2026-01-19 13:49:00+05:30,103.18291818542481,TARGET,3.6999999999999855,4.499999999999986,27.09796142578125,26.055622100830078,4.4186015129089355,0.9973526417535307,2.7603425127547214,0.0061357714394841625,0.4410061336935866,0.0,104.82801415649413,0.7399999999999971,0.8999999999999971,50000.0,5.0,250000.0,1849.9999999999927,2249.9999999999927
2026-01-19,LTF,SHORT,A_MOD_BREAK_C1_LOW,MODERATE,2026-01-19 10:15:00+05:30,2026-01-19 10:30:00+05:30,285.6428722045898,287.585243735581,283.07208635474854,2026-01-19 10:38:00+05:30,283.07208635474854,TARGET,3.699999999999961,4.499999999999961,28.833608627319336,26.606531143188477,29.754661560058594,1.2948964860525667,2.4701638715988037,0.010990924269291068,0.5191110144689892,0.0,287.585243735581,0.7399999999999922,0.8999999999999921,50000.0,5.0,250000.0,1849.9999999999807,2249.9999999999804
2026-01-19,JINDALSAW,LONG,B_HUGE_GREEN_PULLBACK_HOLD_THEN_BREAK,HUGE,2026-01-19 10:00:00+05:30,2026-01-19 11:00:00+05:30,174.05,173.04051,175.96455,2026-01-19 11:25:00+05:30,175.96455,TARGET,4.699999999999975,5.499999999999975,45.75345230102539,83.30950164794922,92.18778991699219,1.4176716756116634,5.232343894589745,0.011962114034168608,8.732988414003447,0.0,173.04051,0.9399999999999951,1.099999999999995,100000.0,5.0,500000.0,4699.999999999975,5499.9999999999745
2026-01-19,KIRLOSENG,SHORT,A_MOD_BREAK_C1_LOW,MODERATE,2026-01-19 10:45:00+05:30,2026-01-19 11:00:00+05:30,1129.2741,1136.95316388,1119.1106331,2026-01-19 12:22:00+05:30,1136.95316388,SL,-4.199999999999925,-3.399999999999925,37.594146728515625,18.300838470458984,5.218670845031738,1.5448573625714543,3.6661787941997614,0.0073673481326970765,0.6942622393777389,0.0,1136.95316388,-0.839999999999985,-0.679999999999985,50000.0,5.0,250000.0,-2099.9999999999627,-1699.9999999999625
2026-01-19,SPENCERS,SHORT,A_MOD_BREAK_C1_LOW,MODERATE,2026-01-19 11:00:00+05:30,2026-01-19 11:15:00+05:30,37.470000457763675,37.72479646087646,37.1327704536438,2026-01-19 11:35:00+05:30,37.72479646087646,SL,-4.199999999999921,-3.399999999999922,27.220251083374023,36.85139083862305,35.18523025512695,1.8352248698725022,2.058913497064013,0.007215193791854787,0.5894681184782982,0.0,37.72479646087646,-0.8399999999999843,-0.6799999999999844,50000.0,5.0,250000.0,-2099.999999999961,-1699.9999999999611
2026-01-19,ATULAUTO,SHORT,A_MOD_BREAK_C1_LOW,MODERATE,2026-01-19 11:15:00+05:30,2026-01-19 11:30:00+05:30,427.2645361022949,430.1699349477905,423.4191552773743,2026-01-19 11:48:00+05:30,423.4191552773743,TARGET,3.699999999999999,4.499999999999999,23.73446273803711,32.684444427490234,14.854154586791992,0.8469105772574794,2.0288968486306054,0.006451726606850262,0.3642262920906156,0.0,430.1699349477905,0.7399999999999998,0.8999999999999998,50000.0,5.0,250000.0,1849.9999999999993,2249.9999999999995
2026-01-19,CAPACITE,SHORT,A_MOD_BREAK_C1_LOW,MODERATE,2026-01-19 11:15:00+05:30,2026-01-19 11:30:00+05:30,232.59999389648436,234.18167385498043,230.506593951416,2026-01-19 13:09:00+05:30,234.18167385498043,SL,-4.199999999999944,-3.3999999999999444,42.30776596069336,22.86266326904297,5.464475631713867,0.7764758685362613,2.2081577001187336,0.0059869304803583665,0.6304997664042462,0.0,234.18167385498043,-0.8399999999999888,-0.6799999999999888,50000.0,5.0,250000.0,-2099.999999999972,-1699.9999999999723
2026-01-19,DYNAMATECH,SHORT,A_MOD_BREAK_C1_LOW,MODERATE,2026-01-19 11:30:00+05:30,2026-01-19 11:45:00+05:30,8762.2472,8821.83048096,8683.3869752,2026-01-19 15:11:00+05:30,8683.3869752,TARGET,3.7000000000000366,4.500000000000036,36.71828842163086,24.02086639404297,13.615172386169434,1.6853989784137644,2.537341322559729,0.005890680806948311,0.7057191475468716,0.0,8821.83048096,0.7400000000000073,0.9000000000000073,50000.0,5.0,250000.0,1850.0000000000182,2250.0000000000186
2026-01-19,JUBLFOOD,SHORT,A_MOD_BREAK_C1_LOW,MODERATE,2026-01-19 11:30:00+05:30,2026-01-19 11:45:00+05:30,520.4958555908203,524.0352274088378,515.8113928905029,2026-01-19 15:30:00+05:30,515.9500122070312,EOD,3.566839173607815,4.366839173607815,28.762714385986328,27.310880661010742,9.446931838989258,0.8772775919015726,1.963868626254958,0.004646321089733094,0.443157725685318,0.0,524.0352274088378,0.7133678347215631,0.873367834721563,50000.0,5.0,250000.0,1783.4195868039076,2183.4195868039074
2026-01-19,TCS,SHORT,A_MOD_BREAK_C1_LOW,MODERATE,2026-01-19 11:30:00+05:30,2026-01-19 11:45:00+05:30,3154.6689888183596,3176.120737942324,3126.276967918994,2026-01-19 15:30:00+05:30,3161.0,EOD,-1.8034350995430117,-1.003435099543012,24.851659774780273,25.569169998168945,4.541005611419678,1.7152533774930543,2.506830673150971,0.003663230009479501,0.5329442376829885,0.0,3176.120737942324,-0.36068701990860236,-0.20068701990860238,50000.0,5.0,250000.0,-901.7175497715059,-501.7175497715059
2026-01-19,MOTILALOFS,SHORT,A_MOD_BREAK_C1_LOW,MODERATE,2026-01-19 11:45:00+05:30,2026-01-19 12:00:00+05:30,828.2343444091797,833.866337951162,820.7802353094971,2026-01-19 15:30:00+05:30,824.3499755859375,EOD,1.5449696631531924,2.344969663153192,37.384273529052734,23.0292911529541,4.60591983795166,1.8578782512791359,2.779508548683281,0.007172567912142924,0.7458927969096398,0.0,833.866337951162,0.30899393263063846,0.46899393263063843,50000.0,5.0,250000.0,772.4848315765961,1172.4848315765962
2026-01-19,FMGOETZE,SHORT,A_PULLBACK_C2_THEN_BREAK_C2_LOW,MODERATE,2026-01-19 12:00:00+05:30,2026-01-19 12:30:00+05:30,436.4127,439.38030635999996,432.4849857,2026-01-19 13:16:00+05:30,432.4849857,TARGET,3.69999999999999,4.49999999999999,33.47511291503906,25.78087043762207,3.028113603591919,1.9893164284565745,2.8295624655209775,0.008768206397114387,0.7102570687054863,0.0,439.38030635999996,0.739999999999998,0.899999999999998,50000.0,5.0,250000.0,1849.9999999999948,2249.999999999995
2026-01-19,KALYANKJIL,SHORT,A_MOD_BREAK_C1_LOW,MODERATE,2026-01-19 12:30:00+05:30,2026-01-19 12:45:00+05:30,448.9102,451.96278935999993,444.8700082,2026-01-19 15:01:00+05:30,451.96278935999993,SL,-4.199999999999951,-3.399999999999952,40.61772537231445,18.23749351501465,2.015650987625122,2.9215113057104025,3.4879035680174804,0.007094352744271455,0.8192658805847166,0.0,451.96278935999993,-0.8399999999999903,-0.6799999999999904,50000.0,5.0,250000.0,-2099.9999999999754,-1699.9999999999761
2026-01-19,AWFIS,SHORT,A_MOD_BREAK_C1_LOW,MODERATE,2026-01-19 13:30:00+05:30,2026-01-19 13:45:00+05:30,442.9114,445.92319752,438.9251974,2026-01-19 15:08:00+05:30,438.9251974,TARGET,3.7000000000000144,4.500000000000014,23.128995895385742,37.124305725097656,24.95599937438965,0.710395469380706,1.5096373458928576,0.0039865985912330695,0.30673601286705254,0.0,445.92319752,0.7400000000000029,0.9000000000000029,50000.0,5.0,250000.0,1850.0000000000073,2250.0000000000073
2026-01-20,SUNTECK,SHORT,B_HUGE_RED_FAILED_BOUNCE,HUGE,2026-01-20 10:00:00+05:30,2026-01-20 11:00:00+05:30,395.7208277954102,398.4117294244189,392.15934034525145,2026-01-20 11:04:00+05:30,392.15934034525145,TARGET,3.700000000000039,4.500000000000038,41.886749267578125,21.441818237304688,12.520074844360352,0.45287183782358936,3.4926927089400928,0.005044876578620974,0.6075538106328,0.0,398.4117294244189,0.7400000000000078,0.9000000000000077,50000.0,5.0,250000.0,1850.0000000000193,2250.0000000000196
2026-01-20,AWFIS,SHORT,A_PULLBACK_C2_THEN_BREAK_C2_LOW,MODERATE,2026-01-20 10:30:00+05:30,2026-01-20 11:00:00+05:30,429.914,432.83741519999995,426.04477399999996,2026-01-20 11:01:00+05:30,426.04477399999996,TARGET,3.70000000000003,4.50000000000003,51.039451599121094,14.800113677978516,5.207320213317871,0.8967349994696687,3.4762129062647196,0.005343252378981447,0.766928624907192,0.0,432.83741519999995,0.740000000000006,0.900000000000006,50000.0,5.0,250000.0,1850.000000000015,2250.000000000015
2026-01-20,FACT,SHORT,A_PULLBACK_C2_THEN_BREAK_C2_LOW,MODERATE,2026-01-20 10:30:00+05:30,2026-01-20 11:00:00+05:30,813.3872777954101,818.9183112844188,806.0667922952514,2026-01-20 13:19:00+05:30,806.0667922952514,TARGET,3.700000000000021,4.50000000000002,30.385149002075195,23.616559982299805,8.964158058166504,1.2886383726747306,2.6782920502348224,0.004654101154545178,0.5412889502492058,0.0,818.9183112844188,0.7400000000000042,0.9000000000000041,50000.0,5.0,250000.0,1850.0000000000105,2250.0000000000105
2026-01-20,EDELWEISS,SHORT,A_MOD_BREAK_C1_LOW,MODERATE,2026-01-20 10:45:00+05:30,2026-01-20 11:00:00+05:30,104.95,105.66366,104.00545,2026-01-20 12:13:00+05:30,104.00545,TARGET,3.700000000000032,4.500000000000032,23.197879791259766,33.12391662597656,13.94070053100586,0.9338645576266618,1.9199320451155322,0.006062808966350223,0.3673910967093389,0.0,105.66366,0.7400000000000064,0.9000000000000064,50000.0,5.0,250000.0,1850.0000000000161,2250.000000000016
2026-01-20,HBLENGINE,SHORT,A_MOD_BREAK_C1_LOW,MODERATE,2026-01-20 10:45:00+05:30,2026-01-20 11:00:00+05:30,738.8522,743.87639496,732.2025302000001,2026-01-20 11:20:00+05:30,732.2025302000001,TARGET,3.699999999999979,4.499999999999979,49.30925369262695,26.34514808654785,14.67101001739502,0.7729765651791523,2.5176830874947433,0.009297456458232581,0.734909704295756,0.0,743.87639496,0.7399999999999958,0.8999999999999958,50000.0,5.0,250000.0,1849.9999999999895,2249.9999999999895
2026-01-20,RAYMONDLSL,SHORT,A_MOD_BREAK_C1_LOW,MODERATE,2026-01-20 10:45:00+05:30,2026-01-20 11:00:00+05:30,919.816,926.0707487999999,911.537656,2026-01-20 11:36:00+05:30,926.0707487999999,SL,-4.199999999999946,-3.399999999999946,25.13007926940918,25.195842742919922,11.188549041748047,1.1972830095256888,1.902556776472643,0.006270564404919842,0.4416035545317654,0.0,926.0707487999999,-0.8399999999999892,-0.6799999999999893,50000.0,5.0,250000.0,-2099.999999999973,-1699.9999999999732
2026-01-20,TVTODAY,SHORT,A_MOD_BREAK_C1_LOW,MODERATE,2026-01-20 10:45:00+05:30,2026-01-20 11:00:00+05:30,127.0499984741211,127.91393846374511,125.90654848785401,2026-01-20 15:30:00+05:30,125.90654848785401,TARGET,3.6999999999999855,4.499999999999986,43.47093963623047,15.175068855285645,5.546630859375,1.2640629312480083,3.0368094398896637,0.007827926919515523,0.7332751075118584,0.0,127.91393846374511,0.7399999999999971,0.8999999999999971,50000.0,5.0,250000.0,1849.9999999999927,2249.9999999999927
2026-01-20,VASCONEQ,SHORT,A_MOD_BREAK_C1_LOW,MODERATE,2026-01-20 10:45:00+05:30,2026-01-20 11:00:00+05:30,41.95,42.23526,41.57245,2026-01-20 11:01:00+05:30,41.57245,TARGET,3.699999999999993,4.499999999999993,46.08588790893555,19.3864688873291,11.04865550994873,1.159994528422835,3.1004893633400696,0.00867349264167604,0.7542873611080294,0.0,42.23526,0.7399999999999987,0.8999999999999986,50000.0,5.0,250000.0,1849.9999999999966,2249.9999999999964
2026-01-20,BCLIND,SHORT,A_MOD_BREAK_C1_LOW,MODERATE,2026-01-20 11:00:00+05:30,2026-01-20 11:15:00+05:30,28.409999084472656,28.603187078247068,28.154309092712403,2026-01-20 15:30:00+05:30,28.399999618530273,EOD,-0.6240150252618757,0.1759849747381242,30.352752685546875,28.964258193969727,17.77784538269043,1.0652204066733586,2.2344648161054943,0.006071563850557121,0.5017048614510409,0.0,28.603187078247068,-0.12480300505237514,0.035196994947624835,50000.0,5.0,250000.0,-312.00751263093787,87.99248736906209
2026-01-20,BSOFT,SHORT,A_MOD_BREAK_C1_LOW,MODERATE,2026-01-20 11:00:00+05:30,2026-01-20 11:15:00+05:30,406.11877220458985,408.880379855581,402.4637032547485,2026-01-20 14:53:00+05:30,402.4637032547485,TARGET,3.7000000000000344,4.500000000000035,36.60566329956055,15.844923973083496,3.082843780517578,2.0632247623223483,4.030664587151202,0.007140232297947026,0.7590849494934082,0.0,408.880379855581,0.7400000000000069,0.9000000000000069,50000.0,5.0,250000.0,1850.0000000000173,2250.0000000000173
2026-01-20,GMRP&UI,SHORT,A_MOD_BREAK_C1_LOW,MODERATE,2026-01-20 11:00:00+05:30,2026-01-20 11:15:00+05:30,100.7,101.38476,99.7937,2026-01-20 11:30:00+05:30,101.38476,SL,-4.199999999999986,-3.3999999999999857,26.89947509765625,25.92897605895996,6.045070171356201,1.3001916291726625,2.5523068655399297,0.007850763345863737,0.4910256615700597,0.0,101.38476,-0.8399999999999972,-0.6799999999999972,50000.0,5.0,250000.0,-2099.9999999999927,-1699.999999999993
2026-01-20,RUPA,SHORT,A_MOD_BREAK_C1_LOW,MODERATE,2026-01-20 11:00:00+05:30,2026-01-20 11:15:00+05:30,152.95999450683593,154.0001224694824,151.5833545562744,2026-01-20 15:30:00+05:30,152.8699951171875,EOD,-0.5058074238999661,0.2941925761000337,31.906261444091797,27.21428680419922,12.115819931030273,1.5067303481171954,2.2544115694977593,0.005041366323458598,0.602271732581886,0.0,154.0001224694824,-0.10116148477999323,0.05883851522000674,50000.0,5.0,250000.0,-252.9037119499831,147.09628805001685
2026-01-20,LTIM,SHORT,A_MOD_BREAK_C1_LOW,MODERATE,2026-01-20 11:30:00+05:30,2026-01-20 11:45:00+05:30,5925.8146,5966.110139279999,5872.4822686,2026-01-20 12:33:00+05:30,5966.110139279999,SL,-4.199999999999958,-3.399999999999958,54.36156463623047,19.088294982910156,2.6727709770202637,1.3212489141858306,3.084151435261367,0.010884067918956405,0.8412185599825204,0.0,5966.110139279999,-0.8399999999999916,-0.6799999999999916,50000.0,5.0,250000.0,-2099.999999999979,-1699.999999999979
2026-01-20,TDPOWERSYS,SHORT,A_MOD_BREAK_C1_LOW,MODERATE,2026-01-20 11:30:00+05:30,2026-01-20 11:45:00+05:30,651.9695555908203,656.4029485688378,646.1018295905029,2026-01-20 11:46:00+05:30,646.1018295905029,TARGET,3.699999999999984,4.499999999999984,30.181194305419922,38.65854263305664,64.66505432128906,0.45700199765591637,1.0899097676185747,0.009256317868225245,0.3471887525520129,0.0,656.4029485688378,0.7399999999999969,0.8999999999999968,50000.0,5.0,250000.0,1849.9999999999923,2249.999999999992
2026-01-20,LODHA,SHORT,A_MOD_BREAK_C1_LOW,MODERATE,2026-01-20 12:00:00+05:30,2026-01-20 12:15:00+05:30,1007.0985277954102,1013.9467977844189,998.0346410452515,2026-01-20 12:24:00+05:30,998.0346410452515,TARGET,3.699999999999978,4.499999999999977,49.955631256103516,24.044431686401367,4.903819561004639,1.4858193872560372,2.5331712976542913,0.0072527509173447675,0.869352861611359,0.0,1013.9467977844189,0.7399999999999956,0.8999999999999955,50000.0,5.0,250000.0,1849.9999999999889,2249.9999999999886
2026-01-20,MAPMYINDIA,SHORT,A_MOD_BREAK_C1_LOW,MODERATE,2026-01-20 12:00:00+05:30,2026-01-20 12:15:00+05:30,1398.0203888183594,1407.526927462324,1385.438205318994,2026-01-20 13:52:00+05:30,1385.438205318994,TARGET,3.700000000000033,4.500000000000034,65.12422943115234,19.67775535583496,4.052927017211914,1.676576761733091,2.704812537554466,0.005984696660723005,0.9034009333032909,0.0,1407.526927462324,0.7400000000000067,0.9000000000000067,50000.0,5.0,250000.0,1850.0000000000166,2250.000000000017
2026-01-20,SOTL,SHORT,A_MOD_BREAK_C1_LOW,MODERATE,2026-01-20 12:00:00+05:30,2026-01-20 12:15:00+05:30,345.9308,348.2831294399999,342.8174228,2026-01-20 15:29:00+05:30,348.2831294399999,SL,-4.1999999999999265,-3.3999999999999257,64.21149444580078,15.488606452941895,11.428688049316406,1.358552291016798,2.2845493385917344,0.004293982004154625,0.8477466509279397,0.0,348.2831294399999,-0.8399999999999852,-0.6799999999999852,50000.0,5.0,250000.0,-2099.999999999963,-1699.999999999963
2026-01-20,VENUSPIPES,SHORT,A_MOD_BREAK_C1_LOW,MODERATE,2026-01-20 12:00:00+05:30,2026-01-20 12:15:00+05:30,1041.7916,1048.8757828799999,1032.4154756,2026-01-20 12:24:00+05:30,1048.8757828799999,SL,-4.199999999999925,-3.3999999999999253,47.79584503173828,21.8980655670166,5.158760070800781,1.478925379527825,2.6531361158398856,0.008842892930512236,0.8357496168934435,0.0,1048.8757828799999,-0.839999999999985,-0.6799999999999851,50000.0,5.0,250000.0,-2099.9999999999627,-1699.9999999999627
2026-01-20,AARTIDRUGS,SHORT,A_MOD_BREAK_C1_LOW,MODERATE,2026-01-20 12:15:00+05:30,2026-01-20 12:30:00+05:30,370.4259,372.94479612,367.0920669,2026-01-20 14:11:00+05:30,372.94479612,SL,-4.199999999999953,-3.3999999999999533,45.0982551574707,30.61452865600586,22.971134185791016,1.2884218775674536,1.8473208702897315,0.006313861301231642,0.7543136994508515,0.0,372.94479612,-0.8399999999999905,-0.6799999999999906,50000.0,5.0,250000.0,-2099.9999999999764,-1699.9999999999766
2026-01-20,DATAPATTNS,SHORT,A_MOD_BREAK_C1_LOW,MODERATE,2026-01-20 12:15:00+05:30,2026-01-20 12:30:00+05:30,2307.5384,2323.22966112,2286.7705544,2026-01-20 12:34:00+05:30,2286.7705544,TARGET,3.6999999999999735,4.499999999999973,58.22838592529297,10.189517974853516,3.6427366733551025,2.4095811298889447,3.66339748083246,0.011489919364426976,0.96,0.0,2323.22966112,0.7399999999999947,0.8999999999999946,50000.0,5.0,250000.0,1849.9999999999866,2249.9999999999864
2026-01-20,SAREGAMA,SHORT,A_MOD_BREAK_C1_LOW,MODERATE,2026-01-20 12:15:00+05:30,2026-01-20 12:30:00+05:30,336.9326,339.22374167999993,333.9002066,2026-01-20 13:44:00+05:30,333.9002066,TARGET,3.6999999999999855,4.499999999999985,42.36738204956055,27.81052589416504,19.39271354675293,1.1292417972900974,2.0768649510566446,0.007233948208133134,0.6931280452691753,0.0,339.22374167999993,0.7399999999999971,0.899999999999997,50000.0,5.0,250000.0,1849.9999999999927,2249.9999999999923
2026-01-20,KEI,SHORT,A_PULLBACK_C2_THEN_BREAK_C2_LOW,MODERATE,2026-01-20 12:15:00+05:30,2026-01-20 12:45:00+05:30,4134.273077636719,4162.386134564648,4097.064619937988,2026-01-20 12:57:00+05:30,4097.064619937988,TARGET,3.7000000000000464,4.500000000000047,33.12295150756836,29.321508407592773,10.337545394897461,1.443071025623487,2.338730424032637,0.009278428909805925,0.6093817020976355,0.0,4162.386134564648,0.7400000000000093,0.9000000000000093,50000.0,5.0,250000.0,1850.0000000000232,2250.000000000023
2026-01-20,ESABINDIA,SHORT,A_MOD_BREAK_C1_LOW,MODERATE,2026-01-20 12:30:00+05:30,2026-01-20 12:45:00+05:30,5669.8658,5708.420887439999,5618.8370078,2026-01-20 13:27:00+05:30,5618.8370078,TARGET,3.6999999999999797,4.49999999999998,40.19275665283203,34.98177719116211,9.938857078552246,0.9109720033741056,1.3528573796208974,0.006278812097002224,0.5899543193639938,0.0,5708.420887439999,0.739999999999996,0.8999999999999959,50000.0,5.0,250000.0,1849.99999999999,2249.99999999999
2026-01-20,MAHLOG,SHORT,A_MOD_BREAK_C1_LOW,MODERATE,2026-01-20 12:30:00+05:30,2026-01-20 12:45:00+05:30,288.5422861022949,290.5043736477905,285.94540552737425,2026-01-20 13:23:00+05:30,285.94540552737425,TARGET,3.6999999999999877,4.499999999999988,46.02537536621094,27.238672256469727,6.730148792266846,1.6214720860609337,1.9774571876295615,0.007521414628690835,0.8330111049353055,0.0,290.5043736477905,0.7399999999999975,0.8999999999999975,50000.0,5.0,250000.0,1849.9999999999939,2249.9999999999936
2026-01-20,MANORAMA,SHORT,A_MOD_BREAK_C1_LOW,MODERATE,2026-01-20 12:30:00+05:30,2026-01-20 12:45:00+05:30,1168.5662888183595,1176.5125395823243,1158.0491922189942,2026-01-20 13:31:00+05:30,1158.0491922189942,TARGET,3.699999999999999,4.499999999999999,74.7731704711914,15.736237525939941,3.168025255203247,2.253035581911552,3.548948083351349,0.00909268776803655,0.96,0.0,1176.5125395823243,0.7399999999999998,0.8999999999999998,50000.0,5.0,250000.0,1849.9999999999993,2249.9999999999995
2026-01-20,RIIL,SHORT,A_MOD_BREAK_C1_LOW,MODERATE,2026-01-20 12:30:00+05:30,2026-01-20 12:45:00+05:30,717.8564,722.7378235199999,711.3956924,2026-01-20 14:26:00+05:30,711.3956924,TARGET,3.6999999999999855,4.499999999999985,58.07590866088867,20.333282470703125,2.228257179260254,1.908155855776,2.0332317980002124,0.005765028982773464,0.9439272747607999,0.0,722.7378235199999,0.7399999999999971,0.899999999999997,50000.0,5.0,250000.0,1849.9999999999927,2249.9999999999923
2026-01-20,RPTECH,SHORT,A_MOD_BREAK_C1_LOW,MODERATE,2026-01-20 12:30:00+05:30,2026-01-20 12:45:00+05:30,357.9284,360.36231311999995,354.70704440000003,2026-01-20 13:10:00+05:30,354.70704440000003,TARGET,3.6999999999999735,4.499999999999973,23.857885360717773,31.791963577270508,30.51407241821289,1.8227213579096193,2.3106350084610647,0.007092986692929401,0.5368445180449499,0.0,360.36231311999995,0.7399999999999947,0.8999999999999947,50000.0,5.0,250000.0,1849.9999999999866,2249.999999999987
2026-01-20,BAJAJFINSV,SHORT,A_MOD_BREAK_C1_LOW,MODERATE,2026-01-20 12:45:00+05:30,2026-01-20 13:00:00+05:30,1974.605,1988.0323139999998,1956.833555,2026-01-20 15:10:00+05:30,1956.833555,TARGET,3.700000000000021,4.500000000000021,32.2464485168457,31.868553161621094,7.848906517028809,1.0934660243750935,1.915741034592193,0.00389394168294034,0.5308403337479366,0.0,1988.0323139999998,0.7400000000000042,0.9000000000000042,50000.0,5.0,250000.0,1850.0000000000105,2250.0000000000105
2026-01-20,LT,SHORT,A_MOD_BREAK_C1_LOW,MODERATE,2026-01-20 12:45:00+05:30,2026-01-20 13:00:00+05:30,3824.235,3850.2397979999996,3789.816885,2026-01-20 15:30:00+05:30,3808.0,EOD,1.3226467515725537,2.1226467515725536,25.90353012084961,35.913841247558594,9.85425853729248,1.6086850748075958,1.5823176389154239,0.003271270929450475,0.5091887218498445,0.0,3850.2397979999996,0.26452935031451075,0.4245293503145107,50000.0,5.0,250000.0,661.3233757862769,1061.3233757862768
2026-01-20,PIDILITIND,SHORT,A_MOD_BREAK_C1_LOW,MODERATE,2026-01-20 12:45:00+05:30,2026-01-20 13:00:00+05:30,1456.1087444091797,1466.010283871162,1443.0037657094972,2026-01-20 14:25:00+05:30,1443.0037657094972,TARGET,3.699999999999971,4.499999999999972,30.20418930053711,31.9399356842041,8.226438522338867,1.2974655637984016,1.9451355329486395,0.003217337202636967,0.5373760898202089,0.0,1466.010283871162,0.7399999999999942,0.8999999999999942,50000.0,5.0,250000.0,1849.9999999999854,2249.9999999999854
2026-01-20,QUICKHEAL,SHORT,A_MOD_BREAK_C1_LOW,MODERATE,2026-01-20 12:45:00+05:30,2026-01-20 13:00:00+05:30,205.5500061035156,206.9477461450195,203.70005604858397,2026-01-20 13:32:00+05:30,203.70005604858397,TARGET,3.6999999999999975,4.499999999999997,66.3116226196289,20.480491638183594,3.425201177597046,2.0214366620189437,2.3062484654755395,0.009566622126320076,0.96,0.0,206.9477461450195,0.7399999999999995,0.8999999999999995,50000.0,5.0,250000.0,1849.9999999999989,2249.9999999999986
2026-01-20,CRISIL,SHORT,A_MOD_BREAK_C1_LOW,MODERATE,2026-01-20 13:00:00+05:30,2026-01-20 13:15:00+05:30,4746.150677636719,4778.424502244648,4703.435321537988,2026-01-20 15:30:00+05:30,4778.424502244648,SL,-4.199999999999914,-3.399999999999914,23.008474349975586,33.70185852050781,12.200440406799316,2.0907566573470096,1.5900798453199239,0.004428635211653823,0.53463110751563,0.0,4778.424502244648,-0.8399999999999828,-0.6799999999999828,50000.0,5.0,250000.0,-2099.999999999957,-1699.9999999999573
2026-01-20,IDEAFORGE,SHORT,A_MOD_BREAK_C1_LOW,MODERATE,2026-01-20 13:00:00+05:30,2026-01-20 13:15:00+05:30,429.8140138977051,432.73674919220946,425.9456877726257,2026-01-20 13:50:00+05:30,425.9456877726257,TARGET,3.700000000000021,4.50000000000002,46.6905632019043,22.162630081176758,2.9006385803222656,2.83443098696102,2.968497210057095,0.006514625948883217,0.9103584480285645,0.0,432.73674919220946,0.7400000000000042,0.9000000000000041,50000.0,5.0,250000.0,1850.0000000000105,2250.0000000000105
2026-01-20,ORCHPHARMA,SHORT,A_MOD_BREAK_C1_LOW,MODERATE,2026-01-20 13:00:00+05:30,2026-01-20 13:15:00+05:30,688.3623,693.04316364,682.1670393,2026-01-20 14:41:00+05:30,693.04316364,SL,-4.199999999999989,-3.399999999999989,34.6605224609375,20.0622501373291,3.117271661758423,1.119156984901985,3.3461190579902436,0.005187266272916773,0.5757603092719099,0.0,693.04316364,-0.8399999999999976,-0.6799999999999977,50000.0,5.0,250000.0,-2099.999999999994,-1699.9999999999943
2026-01-20,HAVELLS,SHORT,A_MOD_BREAK_C1_LOW,MODERATE,2026-01-20 13:15:00+05:30,2026-01-20 13:30:00+05:30,1356.8285555908203,1366.0549897688377,1344.617098590503,2026-01-20 15:18:00+05:30,1344.617098590503,TARGET,3.6999999999999678,4.499999999999967,54.687767028808594,19.63445472717285,5.807662010192871,3.345518196997066,3.2859903909052757,0.007848834863722318,0.96,0.0,1366.0549897688377,0.7399999999999936,0.8999999999999935,50000.0,5.0,250000.0,1849.9999999999839,2249.9999999999836
2026-01-20,NAM-INDIA,SHORT,A_MOD_BREAK_C1_LOW,MODERATE,2026-01-20 13:30:00+05:30,2026-01-20 13:45:00+05:30,850.4798944091797,856.2631576911621,842.8255753594971,2026-01-20 14:39:00+05:30,856.2631576911621,SL,-4.199999999999978,-3.3999999999999786,25.079734802246094,27.998071670532227,6.649903774261475,2.640099366157902,2.865090620531767,0.005195565005166831,0.5861960220336915,0.0,856.2631576911621,-0.8399999999999956,-0.6799999999999957,50000.0,5.0,250000.0,-2099.999999999989,-1699.9999999999893
2026-01-20,RATNAMANI,SHORT,A_MOD_BREAK_C1_LOW,MODERATE,2026-01-20 13:30:00+05:30,2026-01-20 13:45:00+05:30,2081.983422363281,2096.1409096353514,2063.2455715620117,2026-01-20 13:52:00+05:30,2063.2455715620117,TARGET,3.699999999999959,4.499999999999959,21.782119750976562,33.314029693603516,6.65342903137207,3.185095933849023,2.133338975054183,0.0063994533438190854,0.5367317962646485,0.0,2096.1409096353514,0.7399999999999918,0.8999999999999918,50000.0,5.0,250000.0,1849.9999999999795,2249.9999999999795
2026-01-20,GRSE,SHORT,A_MOD_BREAK_C1_LOW,MODERATE,2026-01-20 13:45:00+05:30,2026-01-20 14:00:00+05:30,2284.4429223632815,2299.9771342353515,2263.882936062012,2026-01-20 14:36:00+05:30,2299.9771342353515,SL,-4.199999999999942,-3.3999999999999413,49.64115524291992,13.872248649597168,2.574775457382202,3.8968976872804784,3.2572867990190506,0.005649280047479264,0.9546173286437987,0.0,2299.9771342353515,-0.8399999999999883,-0.6799999999999883,50000.0,5.0,250000.0,-2099.999999999971,-1699.9999999999707
2026-01-20,JSL,SHORT,A_MOD_BREAK_C1_LOW,MODERATE,2026-01-20 13:45:00+05:30,2026-01-20 14:00:00+05:30,770.9957944091797,776.2385658111621,764.056832259497,2026-01-20 14:04:00+05:30,764.056832259497,TARGET,3.7000000000000233,4.500000000000023,44.196937561035156,19.970294952392578,2.837437152862549,3.6291503245580623,3.707337321988632,0.005936969379775681,0.8729540634155273,0.0,776.2385658111621,0.7400000000000047,0.9000000000000046,50000.0,5.0,250000.0,1850.0000000000116,2250.0000000000114
2026-01-20,OLECTRA,SHORT,A_MOD_BREAK_C1_LOW,MODERATE,2026-01-20 13:45:00+05:30,2026-01-20 14:00:00+05:30,1045.7908,1052.9021774399998,1036.3786828,2026-01-20 14:10:00+05:30,1036.3786828,TARGET,3.7000000000000055,4.500000000000005,45.948448181152344,24.693649291992188,7.379397392272949,2.8392291894339814,2.828712565339916,0.0055873942807843375,0.899226722717285,0.0,1052.9021774399998,0.7400000000000011,0.9000000000000011,50000.0,5.0,250000.0,1850.0000000000027,2250.0000000000027
2026-01-20,PREMEXPLN,SHORT,A_MOD_BREAK_C1_LOW,MODERATE,2026-01-20 13:45:00+05:30,2026-01-20 14:00:00+05:30,472.7054277954102,475.91982470441894,468.4510789452515,2026-01-20 14:04:00+05:30,468.4510789452515,TARGET,3.700000000000001,4.500000000000001,71.50395965576172,15.250834465026855,8.821649551391602,3.177374948101559,2.888234749917999,0.007671396525667284,0.96,0.0,475.91982470441894,0.7400000000000002,0.9000000000000001,50000.0,5.0,250000.0,1850.0000000000005,2250.0000000000005
2026-01-20,UNICHEMLAB,SHORT,A_MOD_BREAK_C1_LOW,MODERATE,2026-01-20 13:45:00+05:30,2026-01-20 14:00:00+05:30,390.5218861022949,393.1774349277905,387.00718912737426,2026-01-20 14:01:00+05:30,387.00718912737426,TARGET,3.699999999999981,4.4999999999999805,23.53946304321289,28.697551727294922,4.417701721191406,2.8421536034385735,2.728247286285498,0.0038311157980537975,0.5630919456481933,0.0,393.1774349277905,0.7399999999999962,0.8999999999999961,50000.0,5.0,250000.0,1849.9999999999905,2249.9999999999905
2026-01-20,ADANIENT,SHORT,A_MOD_BREAK_C1_LOW,MODERATE,2026-01-20 14:00:00+05:30,2026-01-20 14:15:00+05:30,2077.3844888183594,2091.510703342324,2058.6880284189942,2026-01-20 15:12:00+05:30,2058.6880284189942,TARGET,3.6999999999999797,4.49999999999998,39.534175872802734,25.730731964111328,8.45580768585205,3.382392797121114,3.3185882056875413,0.0038789136298520454,0.803012638092041,0.0,2091.510703342324,0.739999999999996,0.8999999999999959,50000.0,5.0,250000.0,1849.99999999999,2249.99999999999
2026-01-20,ASHOKA,SHORT,A_MOD_BREAK_C1_LOW,MODERATE,2026-01-20 14:00:00+05:30,2026-01-20 14:15:00+05:30,142.7500030517578,143.72070307250974,141.46525302429197,2026-01-20 14:38:00+05:30,143.72070307250974,SL,-4.199999999999934,-3.399999999999934,45.57138442993164,26.957813262939453,5.143387794494629,3.0135593436454555,2.830772561978388,0.004641871476681034,0.8935707664489745,0.0,143.72070307250974,-0.8399999999999868,-0.6799999999999868,50000.0,5.0,250000.0,-2099.999999999967,-1699.9999999999673
2026-01-20,BAYERCROP,SHORT,A_MOD_BREAK_C1_LOW,MODERATE,2026-01-20 14:00:00+05:30,2026-01-20 14:15:00+05:30,4326.1346,4355.55231528,4287.1993886,2026-01-20 14:22:00+05:30,4287.1993886,TARGET,3.7000000000000344,4.500000000000035,39.40068054199219,33.858154296875,34.35090637207031,1.5204129493161287,1.591401599702381,0.0048532470533857175,0.6966525542453244,0.0,4355.55231528,0.7400000000000069,0.9000000000000069,50000.0,5.0,250000.0,1850.0000000000173,2250.0000000000173
2026-01-20,BOMDYEING,SHORT,A_MOD_BREAK_C1_LOW,MODERATE,2026-01-20 14:00:00+05:30,2026-01-20 14:15:00+05:30,116.85000152587891,117.64458153625488,115.798351512146,2026-01-20 15:30:00+05:30,117.0,EOD,-1.4418419861461043,-0.6418419861461044,57.39714813232422,16.224084854125977,4.046554088592529,3.5298549164794317,3.9634786449383643,0.004943168129369729,0.96,0.0,117.64458153625488,-0.28836839722922086,-0.1283683972292209,50000.0,5.0,250000.0,-720.9209930730522,-320.9209930730522
2026-01-20,DCW,SHORT,A_MOD_BREAK_C1_LOW,MODERATE,2026-01-20 14:00:00+05:30,2026-01-20 14:15:00+05:30,49.03000183105469,49.36340584350586,48.5887318145752,2026-01-20 15:19:00+05:30,48.5887318145752,TARGET,3.7000000000000055,4.500000000000005,52.06982421875,18.75687026977539,8.556336402893066,3.961783471264441,4.053513400542365,0.006388979494098722,0.96,0.0,49.36340584350586,0.7400000000000011,0.900000000000001,50000.0,5.0,250000.0,1850.0000000000027,2250.0000000000023
2026-01-20,HGINFRA,SHORT,A_MOD_BREAK_C1_LOW,MODERATE,2026-01-20 14:00:00+05:30,2026-01-20 14:15:00+05:30,658.3683,662.84520444,652.4429852999999,2026-01-20 14:23:00+05:30,662.84520444,SL,-4.199999999999999,-3.399999999999999,34.836429595947266,18.480154037475586,3.8224077224731445,4.282157446056368,4.678645790478028,0.006054825265407362,0.7325464439392089,0.0,662.84520444,-0.8399999999999999,-0.6799999999999998,50000.0,5.0,250000.0,-2099.9999999999995,-1699.9999999999995
2026-01-20,ITC,SHORT,A_MOD_BREAK_C1_LOW,MODERATE,2026-01-20 14:00:00+05:30,2026-01-20 14:15:00+05:30,322.63547220458986,324.829393415581,319.7317529547486,2026-01-20 15:04:00+05:30,319.7317529547486,TARGET,3.6999999999999678,4.499999999999967,29.761932373046875,36.90546798706055,7.570104122161865,2.247599882907786,1.8131875735141494,0.0027332025198489544,0.6470883642714107,0.0,324.829393415581,0.7399999999999936,0.8999999999999935,50000.0,5.0,250000.0,1849.9999999999839,2249.9999999999836
2026-01-20,KECL,SHORT,A_MOD_BREAK_C1_LOW,MODERATE,2026-01-20 14:00:00+05:30,2026-01-20 14:15:00+05:30,83.95,84.52086,83.19445,2026-01-20 14:24:00+05:30,83.19445,TARGET,3.6999999999999975,4.499999999999997,63.65901184082031,16.898521423339844,5.836139678955078,3.7254956191943,3.7437185396266615,0.006274309740641386,0.96,0.0,84.52086,0.7399999999999995,0.8999999999999995,50000.0,5.0,250000.0,1849.9999999999989,2249.9999999999986
2026-01-20,MANINDS,SHORT,A_MOD_BREAK_C1_LOW,MODERATE,2026-01-20 14:00:00+05:30,2026-01-20 14:15:00+05:30,327.13457220458986,329.35908729558105,324.19036105474856,2026-01-20 14:41:00+05:30,329.35908729558105,SL,-4.199999999999967,-3.3999999999999675,34.106849670410156,21.25395393371582,8.42179012298584,3.422760285141884,3.632897202122906,0.005943286691913168,0.7216027450561524,0.0,329.35908729558105,-0.8399999999999934,-0.6799999999999935,50000.0,5.0,250000.0,-2099.999999999983,-1699.9999999999836
2026-01-20,MONTECARLO,SHORT,A_MOD_BREAK_C1_LOW,MODERATE,2026-01-20 14:00:00+05:30,2026-01-20 14:15:00+05:30,557.9883555908203,561.7826764088379,552.9664603905029,2026-01-20 15:03:00+05:30,552.9664603905029,TARGET,3.7000000000000433,4.500000000000043,49.323707580566406,23.908645629882812,1.847428798675537,3.3368962598985608,3.622898088245036,0.00663516326413178,0.9498556137084961,0.0,561.7826764088379,0.7400000000000087,0.9000000000000086,50000.0,5.0,250000.0,1850.0000000000216,2250.0000000000214
2026-01-20,RPGLIFE,SHORT,A_MOD_BREAK_C1_LOW,MODERATE,2026-01-20 14:00:00+05:30,2026-01-20 14:15:00+05:30,2246.750511181641,2262.028414657676,2226.529756581006,2026-01-20 15:06:00+05:30,2226.529756581006,TARGET,3.7000000000000055,4.500000000000005,24.998598098754883,26.483646392822266,38.99952697753906,2.1715151166627598,2.5644771903173913,0.0057745925055609805,0.5849789714813232,0.0,2262.028414657676,0.7400000000000011,0.900000000000001,50000.0,5.0,250000.0,1850.0000000000027,2250.0000000000023
2026-01-20,UBL,SHORT,A_MOD_BREAK_C1_LOW,MODERATE,2026-01-20 14:00:00+05:30,2026-01-20 14:15:00+05:30,1459.708,1469.6340144,1446.5706280000002,2026-01-20 15:30:00+05:30,1458.0,EOD,-0.21495148344734571,0.5850485165526541,62.14719772338867,18.643892288208008,3.3373231887817383,3.6522842664194584,3.931976279514934,0.004232163439924092,0.96,0.0,1469.6340144,-0.042990296689469146,0.11700970331053083,50000.0,5.0,250000.0,-107.47574172367287,292.5242582763271
2026-01-20,ZEEL,SHORT,A_MOD_BREAK_C1_LOW,MODERATE,2026-01-20 14:00:00+05:30,2026-01-20 14:15:00+05:30,84.64999694824219,85.22561692749024,83.88814697570801,2026-01-20 15:05:00+05:30,83.88814697570801,TARGET,3.6999999999999975,4.499999999999997,56.0953483581543,19.761110305786133,2.8872909545898438,4.003248493609219,3.6788449788078386,0.004197215260305939,0.96,0.0,85.22561692749024,0.7399999999999995,0.8999999999999995,50000.0,5.0,250000.0,1849.9999999999989,2249.9999999999986
2026-01-21,LUMAXIND,SHORT,A_MOD_BREAK_C1_LOW,MODERATE,2026-01-21 10:00:00+05:30,2026-01-21 10:15:00+05:30,5028.994,5063.1911592,4983.733053999999,2026-01-21 10:30:00+05:30,4983.733053999999,TARGET,3.700000000000033,4.500000000000034,53.97002410888672,13.051009178161621,19.16199493408203,1.6171330620536786,4.5714866512011065,0.0067305236646897785,0.8929982858593937,0.0,5063.1911592,0.7400000000000067,0.9000000000000067,50000.0,5.0,250000.0,1850.0000000000166,2250.000000000017
2026-01-21,SAMHI,SHORT,A_MOD_BREAK_C1_LOW,MODERATE,2026-01-21 10:00:00+05:30,2026-01-21 10:15:00+05:30,175.9899932861328,177.1867252404785,174.4060833465576,2026-01-21 10:16:00+05:30,174.4060833465576,TARGET,3.699999999999993,4.499999999999994,26.662864685058594,15.1875638961792,13.071236610412598,1.1448014981455326,3.4876207590802872,0.007201214546969517,0.4602832324513471,0.0,177.1867252404785,0.7399999999999987,0.8999999999999987,50000.0,5.0,250000.0,1849.9999999999966,2249.999999999997
2026-01-21,TRENT,SHORT,A_MOD_BREAK_C1_LOW,MODERATE,2026-01-21 10:00:00+05:30,2026-01-21 10:15:00+05:30,3762.147322363281,3787.729924155351,3728.2879964620115,2026-01-21 10:32:00+05:30,3728.2879964620115,TARGET,3.7000000000000077,4.500000000000007,42.67949676513672,17.70162582397461,3.9330153465270996,1.3771153921946382,3.6767549842782916,0.005146601603212308,0.7411876451111123,0.0,3787.729924155351,0.7400000000000015,0.9000000000000015,50000.0,5.0,250000.0,1850.0000000000039,2250.0000000000036
2026-01-21,EKC,SHORT,A_MOD_BREAK_C1_LOW,MODERATE,2026-01-21 10:15:00+05:30,2026-01-21 10:30:00+05:30,101.60000152587891,102.29088153625487,100.685601512146,2026-01-21 10:45:00+05:30,100.685601512146,TARGET,3.7000000000000277,4.5000000000000275,37.97166442871094,22.912736892700195,14.59460163116455,0.8202193105693146,2.4479031552429533,0.008535170557635356,0.5731133457802942,0.0,102.29088153625487,0.7400000000000055,0.9000000000000055,50000.0,5.0,250000.0,1850.0000000000139,2250.0000000000136
2026-01-21,RPSGVENT,SHORT,A_MOD_BREAK_C1_LOW,MODERATE,2026-01-21 10:15:00+05:30,2026-01-21 10:30:00+05:30,654.9189777954101,659.3724268444189,649.0247069952514,2026-01-21 11:02:00+05:30,659.3724268444189,SL,-4.199999999999995,-3.3999999999999946,27.431577682495117,17.021028518676758,9.621414184570312,1.5570424655372486,4.267665782662921,0.008072596110373819,0.5439560967064452,0.0,659.3724268444189,-0.839999999999999,-0.6799999999999989,50000.0,5.0,250000.0,-2099.9999999999973,-1699.9999999999973
2026-01-21,CHEMCON,SHORT,A_MOD_BREAK_C1_LOW,MODERATE,2026-01-21 10:30:00+05:30,2026-01-21 10:45:00+05:30,170.5000030517578,171.65940307250975,168.965503024292,2026-01-21 10:53:00+05:30,168.965503024292,TARGET,3.699999999999972,4.499999999999972,39.546592712402344,23.570829391479492,5.091865062713623,1.3485837328918568,2.8989739644192505,0.008602411283406839,0.6892010439421101,0.0,171.65940307250975,0.7399999999999944,0.8999999999999944,50000.0,5.0,250000.0,1849.9999999999861,2249.999999999986
2026-01-21,CHOICEIN,SHORT,A_MOD_BREAK_C1_LOW,MODERATE,2026-01-21 10:30:00+05:30,2026-01-21 10:45:00+05:30,783.8931777954101,789.2236514044189,776.8381391952514,2026-01-21 11:45:00+05:30,776.8381391952514,TARGET,3.7000000000000033,4.500000000000003,37.680599212646484,16.10321807861328,6.5032830238342285,1.4295504231302945,3.227168635854297,0.005871661337118019,0.6753803122374986,0.0,789.2236514044189,0.7400000000000007,0.9000000000000006,50000.0,5.0,250000.0,1850.0000000000016,2250.0000000000014
2026-01-21,CSBBANK,SHORT,A_MOD_BREAK_C1_LOW,MODERATE,2026-01-21 10:30:00+05:30,2026-01-21 10:45:00+05:30,475.9048,479.14095263999997,471.62165680000004,2026-01-21 10:50:00+05:30,471.62165680000004,TARGET,3.6999999999999824,4.499999999999982,21.122127532958984,24.229679107666016,19.195829391479492,2.1037804537393026,2.7909770915680774,0.010395752545543882,0.5268319129943848,0.0,479.14095263999997,0.7399999999999964,0.8999999999999965,50000.0,5.0,250000.0,1849.9999999999911,2249.9999999999914
2026-01-21,DWARKESH,SHORT,A_MOD_BREAK_C1_LOW,MODERATE,2026-01-21 10:30:00+05:30,2026-01-21 10:45:00+05:30,32.85999984741211,33.08344784637451,32.564259848785404,2026-01-21 10:46:00+05:30,32.564259848785404,TARGET,3.699999999999981,4.4999999999999805,46.102989196777344,15.90260124206543,7.954501152038574,1.3225525289828686,3.433859852052138,0.005447762681057577,0.7829915305236621,0.0,33.08344784637451,0.7399999999999962,0.8999999999999961,50000.0,5.0,250000.0,1849.9999999999905,2249.9999999999905
2026-01-21,EMIL,SHORT,A_MOD_BREAK_C1_LOW,MODERATE,2026-01-21 10:30:00+05:30,2026-01-21 10:45:00+05:30,87.93999786376953,88.53798984924316,87.14853788299561,2026-01-21 10:57:00+05:30,87.14853788299561,TARGET,3.6999999999999797,4.49999999999998,55.14443588256836,17.995492935180664,21.65894317626953,0.8039599945851665,2.71890021805369,0.009220239818575152,0.750692999052404,0.0,88.53798984924316,0.739999999999996,0.8999999999999959,50000.0,5.0,250000.0,1849.99999999999,2249.99999999999
2026-01-21,FILATEX,SHORT,A_MOD_BREAK_C1_LOW,MODERATE,2026-01-21 10:30:00+05:30,2026-01-21 10:45:00+05:30,42.459998321533206,42.74872631011963,42.07785833663941,2026-01-21 10:55:00+05:30,42.07785833663941,TARGET,3.699999999999981,4.4999999999999805,26.449565887451172,32.84898376464844,32.075565338134766,1.11243677880036,1.5145698057255448,0.006754720822657311,0.4271484148881078,0.0,42.74872631011963,0.7399999999999962,0.8999999999999961,50000.0,5.0,250000.0,1849.9999999999905,2249.9999999999905
2026-01-21,FINCABLES,SHORT,A_MOD_BREAK_C1_LOW,MODERATE,2026-01-21 10:30:00+05:30,2026-01-21 10:45:00+05:30,713.7072055908203,718.5604145888378,707.2838407405029,2026-01-21 10:55:00+05:30,707.2838407405029,TARGET,3.700000000000011,4.500000000000011,79.41358947753906,10.143109321594238,3.9905717372894287,0.8657133933532211,3.3277004235424883,0.006524412835112368,0.7614998438368137,0.0,718.5604145888378,0.7400000000000022,0.9000000000000021,50000.0,5.0,250000.0,1850.0000000000055,2250.0000000000055
2026-01-21,GICHSGFIN,SHORT,A_MOD_BREAK_C1_LOW,MODERATE,2026-01-21 10:30:00+05:30,2026-01-21 10:45:00+05:30,161.45,162.54786,159.99695,2026-01-21 12:10:00+05:30,162.54786,SL,-4.199999999999991,-3.3999999999999915,46.77907943725586,27.032163619995117,24.733989715576172,0.7399419885785309,1.992357300096115,0.0060908626862001825,0.6907939045648865,0.0,162.54786,-0.8399999999999983,-0.6799999999999983,50000.0,5.0,250000.0,-2099.999999999996,-1699.9999999999957
2026-01-21,HIMATSEIDE,SHORT,A_MOD_BREAK_C1_LOW,MODERATE,2026-01-21 10:30:00+05:30,2026-01-21 10:45:00+05:30,95.7999984741211,96.4514384637451,94.93779848785401,2026-01-21 10:51:00+05:30,94.93779848785401,TARGET,3.699999999999981,4.4999999999999805,54.765071868896484,24.807767868041992,36.92565155029297,1.030037290251695,2.3979768398580417,0.009262713995648231,0.7902565257940466,0.0,96.4514384637451,0.7399999999999962,0.8999999999999961,50000.0,5.0,250000.0,1849.9999999999905,2249.9999999999905
2026-01-21,IOLCP,SHORT,A_MOD_BREAK_C1_LOW,MODERATE,2026-01-21 10:30:00+05:30,2026-01-21 10:45:00+05:30,70.45,70.92905999999999,69.81595,2026-01-21 10:46:00+05:30,69.81595,TARGET,3.7000000000000144,4.500000000000014,45.68397521972656,24.01173210144043,18.431873321533203,1.1858035225017833,1.9758169514403623,0.010367509804393363,0.7515660923057286,0.0,70.92905999999999,0.7400000000000029,0.9000000000000029,50000.0,5.0,250000.0,1850.0000000000073,2250.0000000000073
2026-01-21,KSB,SHORT,A_MOD_BREAK_C1_LOW,MODERATE,2026-01-21 10:30:00+05:30,2026-01-21 10:45:00+05:30,687.0125944091797,691.684280051162,680.8294810594971,2026-01-21 10:49:00+05:30,680.8294810594971,TARGET,3.6999999999999664,4.499999999999967,66.12772369384766,12.876324653625488,15.364163398742676,1.1989665605784117,3.078453643676353,0.00762022896240055,0.819819148101222,0.0,691.684280051162,0.7399999999999933,0.8999999999999934,50000.0,5.0,250000.0,1849.9999999999834,2249.999999999983
2026-01-21,MTNL,SHORT,A_MOD_BREAK_C1_LOW,MODERATE,2026-01-21 10:30:00+05:30,2026-01-21 10:45:00+05:30,30.259999465942382,30.465767462310787,29.987659470748902,2026-01-21 10:53:00+05:30,29.987659470748902,TARGET,3.699999999999979,4.499999999999979,74.84420776367188,11.279159545898438,19.346553802490234,1.4450625927528076,2.9600104225924846,0.010769669658978518,0.8628859537317413,0.0,30.465767462310787,0.7399999999999958,0.8999999999999958,50000.0,5.0,250000.0,1849.9999999999895,2249.9999999999895
2026-01-21,MUNJALAU,SHORT,A_MOD_BREAK_C1_LOW,MODERATE,2026-01-21 10:30:00+05:30,2026-01-21 10:45:00+05:30,68.86000366210938,69.32825168701171,68.24026362915039,2026-01-21 11:38:00+05:30,68.24026362915039,TARGET,3.700000000000018,4.500000000000018,35.871646881103516,21.429351806640625,14.297626495361328,1.0331463498635451,2.5264043954445894,0.008530018122299858,0.5788753144426733,0.0,69.32825168701171,0.7400000000000035,0.9000000000000036,50000.0,5.0,250000.0,1850.0000000000089,2250.000000000009
2026-01-21,NH,SHORT,A_MOD_BREAK_C1_LOW,MODERATE,2026-01-21 10:30:00+05:30,2026-01-21 10:45:00+05:30,1778.0443444091798,1790.135045951162,1762.0419453094971,2026-01-21 10:46:00+05:30,1762.0419453094971,TARGET,3.7000000000000055,4.500000000000005,56.82628631591797,21.673810958862305,9.110147476196289,1.1676963832194822,2.6354489458859938,0.006148020877904931,0.8143468670634093,0.0,1790.135045951162,0.7400000000000011,0.900000000000001,50000.0,5.0,250000.0,1850.0000000000027,2250.0000000000023
2026-01-21,POLYPLEX,SHORT,A_MOD_BREAK_C1_LOW,MODERATE,2026-01-21 10:30:00+05:30,2026-01-21 10:45:00+05:30,819.0361722045899,824.6056181755811,811.6648466547485,2026-01-21 10:53:00+05:30,811.6648466547485,TARGET,3.700000000000021,4.500000000000021,37.73563003540039,27.181167602539062,45.76713943481445,0.868647372401573,1.9222498002163895,0.007146335038214513,0.5741602307121005,0.0,824.6056181755811,0.7400000000000042,0.9000000000000042,50000.0,5.0,250000.0,1850.0000000000105,2250.0000000000105
2026-01-21,RPGLIFE,SHORT,A_MOD_BREAK_C1_LOW,MODERATE,2026-01-21 10:30:00+05:30,2026-01-21 10:45:00+05:30,2189.562,2204.4510216,2169.8559419999997,2026-01-21 11:04:00+05:30,2204.4510216,SL,-4.199999999999995,-3.399999999999995,45.00142288208008,18.18342399597168,7.125094413757324,1.0484439086443642,2.947553358515054,0.007778146474959088,0.7184990272439649,0.0,2204.4510216,-0.839999999999999,-0.679999999999999,50000.0,5.0,250000.0,-2099.9999999999973,-1699.9999999999975
2026-01-21,THYROCARE,SHORT,A_MOD_BREAK_C1_LOW,MODERATE,2026-01-21 10:30:00+05:30,2026-01-21 10:45:00+05:30,458.4083,461.52547644,454.2826253,2026-01-21 10:46:00+05:30,454.2826253,TARGET,3.6999999999999886,4.499999999999989,33.12576675415039,22.293901443481445,46.170448303222656,0.8440451226234703,2.4809963796823387,0.010920700356120501,0.5045943977713632,0.0,461.52547644,0.7399999999999978,0.8999999999999978,50000.0,5.0,250000.0,1849.9999999999945,2249.9999999999945
2026-01-21,AEROFLEX,SHORT,A_MOD_BREAK_C1_LOW,MODERATE,2026-01-21 10:45:00+05:30,2026-01-21 11:00:00+05:30,165.34999389648436,166.47437385498046,163.861843951416,2026-01-21 11:10:00+05:30,163.861843951416,TARGET,3.6999999999999957,4.499999999999995,34.680599212646484,23.121442794799805,12.765735626220703,1.2608463183448966,2.1350569632702725,0.010045718229377923,0.6008570939000542,0.0,166.47437385498046,0.7399999999999991,0.899999999999999,50000.0,5.0,250000.0,1849.9999999999977,2249.9999999999977
2026-01-21,AVANTIFEED,SHORT,A_MOD_BREAK_C1_LOW,MODERATE,2026-01-21 10:45:00+05:30,2026-01-21 11:00:00+05:30,745.3509,750.4192861199999,738.6427419,2026-01-21 12:09:00+05:30,750.4192861199999,SL,-4.199999999999933,-3.399999999999933,33.062835693359375,19.366640090942383,3.8394181728363037,1.4558391259296246,3.706572732250139,0.010300434442150936,0.610714382438075,0.0,750.4192861199999,-0.8399999999999865,-0.6799999999999866,50000.0,5.0,250000.0,-2099.9999999999663,-1699.9999999999666
2026-01-21,CERA,SHORT,A_MOD_BREAK_C1_LOW,MODERATE,2026-01-21 10:45:00+05:30,2026-01-21 11:00:00+05:30,4875.0248,4908.17496864,4831.1495768,2026-01-21 11:50:00+05:30,4831.1495768,TARGET,3.69999999999997,4.49999999999997,38.8193359375,21.807170867919922,6.772486686706543,1.4393736702534528,2.7027245074511437,0.0063942928016919205,0.6941804313568543,0.0,4908.17496864,0.739999999999994,0.899999999999994,50000.0,5.0,250000.0,1849.999999999985,2249.999999999985
2026-01-21,DOMS,SHORT,A_MOD_BREAK_C1_LOW,MODERATE,2026-01-21 10:45:00+05:30,2026-01-21 11:00:00+05:30,2352.929222363281,2368.9291410753513,2331.7528593620113,2026-01-21 11:05:00+05:30,2368.9291410753513,SL,-4.19999999999998,-3.399999999999979,51.42412185668945,18.47930145263672,5.237417697906494,1.1325295624847773,3.3830951632950006,0.010016073519650651,0.8081926734348359,0.0,2368.9291410753513,-0.8399999999999959,-0.6799999999999958,50000.0,5.0,250000.0,-2099.9999999999895,-1699.9999999999895
2026-01-21,EPIGRAL,SHORT,A_MOD_BREAK_C1_LOW,MODERATE,2026-01-21 10:45:00+05:30,2026-01-21 11:00:00+05:30,1087.9823111816406,1095.3805908976758,1078.1904703810058,2026-01-21 11:30:00+05:30,1078.1904703810058,TARGET,3.700000000000049,4.500000000000049,56.450565338134766,22.81813621520996,15.120307922363281,1.5224708805668632,2.2407523452206446,0.008414958054733988,0.8764324040992011,0.0,1095.3805908976758,0.7400000000000098,0.9000000000000098,50000.0,5.0,250000.0,1850.0000000000243,2250.0000000000246
2026-01-21,EUREKAFORB,SHORT,A_MOD_BREAK_C1_LOW,MODERATE,2026-01-21 10:45:00+05:30,2026-01-21 11:00:00+05:30,521.7456055908203,525.2934757088378,517.0498951405029,2026-01-21 12:06:00+05:30,525.2934757088378,SL,-4.199999999999924,-3.399999999999924,56.25053405761719,18.047048568725586,3.9016830921173096,1.2470909692164487,3.0863806920308234,0.007179753128956618,0.8282409196128784,0.0,525.2934757088378,-0.8399999999999848,-0.6799999999999848,50000.0,5.0,250000.0,-2099.999999999962,-1699.9999999999623
2026-01-21,GARUDA,SHORT,A_MOD_BREAK_C1_LOW,MODERATE,2026-01-21 10:45:00+05:30,2026-01-21 11:00:00+05:30,168.72999877929686,169.87736277099606,167.21142879028318,2026-01-21 11:05:00+05:30,169.87736277099606,SL,-4.199999999999927,-3.3999999999999275,25.14868927001953,26.889909744262695,31.059045791625977,1.5577830767901548,1.7958816088062886,0.012191433913636139,0.4996364579288845,0.0,169.87736277099606,-0.8399999999999854,-0.6799999999999855,50000.0,5.0,250000.0,-2099.9999999999636,-1699.9999999999636
2026-01-21,GMBREW,SHORT,A_MOD_BREAK_C1_LOW,MODERATE,2026-01-21 10:45:00+05:30,2026-01-21 11:00:00+05:30,942.2115444091797,948.6185829111621,933.7316405094971,2026-01-21 11:07:00+05:30,948.6185829111621,SL,-4.199999999999965,-3.3999999999999653,50.233795166015625,30.88152503967285,42.800811767578125,0.926908273616472,1.34922246997051,0.011251879791497641,0.7396700713814082,0.0,948.6185829111621,-0.839999999999993,-0.679999999999993,50000.0,5.0,250000.0,-2099.9999999999827,-1699.9999999999825
2026-01-21,HEG,SHORT,A_MOD_BREAK_C1_LOW,MODERATE,2026-01-21 10:45:00+05:30,2026-01-21 11:00:00+05:30,550.8898,554.63585064,545.9317918,2026-01-21 11:24:00+05:30,554.63585064,SL,-4.199999999999916,-3.399999999999916,37.803810119628906,30.2089786529541,38.006866455078125,0.8165746118344819,1.8986369240604595,0.009685571642889492,0.5648895550684909,0.0,554.63585064,-0.8399999999999832,-0.6799999999999832,50000.0,5.0,250000.0,-2099.9999999999577,-1699.999999999958
2026-01-21,INDRAMEDCO,SHORT,A_MOD_BREAK_C1_LOW,MODERATE,2026-01-21 10:45:00+05:30,2026-01-21 11:00:00+05:30,378.9741777954101,381.55120220441887,375.56341019525144,2026-01-21 11:11:00+05:30,381.55120220441887,SL,-4.199999999999939,-3.39999999999994,57.43370819091797,25.658897399902344,36.570640563964844,1.0182199833126295,2.178772624702151,0.010204086561879313,0.7881884970797102,0.0,381.55120220441887,-0.8399999999999879,-0.679999999999988,50000.0,5.0,250000.0,-2099.9999999999695,-1699.9999999999698
2026-01-21,JGCHEM,SHORT,A_MOD_BREAK_C1_LOW,MODERATE,2026-01-21 10:45:00+05:30,2026-01-21 11:00:00+05:30,312.7874361022949,314.9143906677905,309.97234917737427,2026-01-21 11:58:00+05:30,309.97234917737427,TARGET,3.699999999999992,4.499999999999992,30.76641845703125,31.377155303955078,2.897425889968872,1.3661939724629497,2.2425204971252417,0.012603043616236853,0.5605802220364848,0.0,314.9143906677905,0.7399999999999984,0.8999999999999984,50000.0,5.0,250000.0,1849.9999999999961,2249.999999999996
2026-01-21,JINDALPOLY,SHORT,A_MOD_BREAK_C1_LOW,MODERATE,2026-01-21 10:45:00+05:30,2026-01-21 11:00:00+05:30,371.02578610229494,373.5487614477905,367.6865540273743,2026-01-21 11:11:00+05:30,373.5487614477905,SL,-4.199999999999967,-3.3999999999999675,43.394622802734375,20.984174728393555,20.708580017089844,2.10541799654853,3.0033139416971144,0.008353542482425255,0.8609193420410155,0.0,373.5487614477905,-0.8399999999999934,-0.6799999999999935,50000.0,5.0,250000.0,-2099.999999999983,-1699.9999999999836
2026-01-21,KELLTONTEC,SHORT,A_MOD_BREAK_C1_LOW,MODERATE,2026-01-21 10:45:00+05:30,2026-01-21 11:00:00+05:30,14.95,15.051659999999998,14.815449999999998,2026-01-21 11:08:00+05:30,15.051659999999998,SL,-4.1999999999999655,-3.3999999999999657,58.91325378417969,21.017032623291016,34.81965637207031,0.8551168484160128,1.7455283261420627,0.012688908061606474,0.7469218647799054,0.0,15.051659999999998,-0.8399999999999932,-0.6799999999999932,50000.0,5.0,250000.0,-2099.999999999983,-1699.999999999983
2026-01-21,KPITTECH,SHORT,A_MOD_BREAK_C1_LOW,MODERATE,2026-01-21 10:45:00+05:30,2026-01-21 11:00:00+05:30,1092.8813555908202,1100.3129488088377,1083.045423390503,2026-01-21 11:14:00+05:30,1100.3129488088377,SL,-4.199999999999963,-3.399999999999963,45.790931701660156,21.44610023498535,4.033029079437256,1.665386939967698,3.234673013184057,0.007512954945593209,0.8383066900192495,0.0,1100.3129488088377,-0.8399999999999925,-0.6799999999999926,50000.0,5.0,250000.0,-2099.9999999999814,-1699.9999999999816
2026-01-21,MAPMYINDIA,SHORT,A_MOD_BREAK_C1_LOW,MODERATE,2026-01-21 10:45:00+05:30,2026-01-21 11:00:00+05:30,1318.8361555908202,1327.8042414488377,1306.9666301905029,2026-01-21 11:01:00+05:30,1306.9666301905029,TARGET,3.6999999999999855,4.499999999999985,78.93130493164062,12.399812698364258,5.379627227783203,0.6978832795714374,3.6105920377644947,0.009453793656424247,0.7321295739250016,0.0,1327.8042414488377,0.7399999999999971,0.899999999999997,50000.0,5.0,250000.0,1849.9999999999927,2249.9999999999923
2026-01-21,NFL,SHORT,A_MOD_BREAK_C1_LOW,MODERATE,2026-01-21 10:45:00+05:30,2026-01-21 11:00:00+05:30,77.99000091552735,78.52033292175292,77.2880909072876,2026-01-21 11:10:00+05:30,78.52033292175292,SL,-4.199999999999948,-3.399999999999948,51.416290283203125,24.170448303222656,20.690879821777344,0.9082567895863727,2.259449617570948,0.008299066853800791,0.7689449381776152,0.0,78.52033292175292,-0.8399999999999896,-0.6799999999999896,50000.0,5.0,250000.0,-2099.999999999974,-1699.999999999974
2026-01-21,NMDC,SHORT,A_MOD_BREAK_C1_LOW,MODERATE,2026-01-21 10:45:00+05:30,2026-01-21 11:00:00+05:30,75.32999725341797,75.84224123474121,74.65202727813721,2026-01-21 12:07:00+05:30,75.84224123474121,SL,-4.199999999999969,-3.3999999999999693,37.24345016479492,27.234386444091797,11.998209953308105,1.732987517326538,2.5570811403380818,0.007174084271751205,0.721924568004068,0.0,75.84224123474121,-0.8399999999999939,-0.6799999999999938,50000.0,5.0,250000.0,-2099.9999999999845,-1699.9999999999845
2026-01-21,PGEL,SHORT,A_MOD_BREAK_C1_LOW,MODERATE,2026-01-21 10:45:00+05:30,2026-01-21 11:00:00+05:30,535.4928555908203,539.1342070088378,530.6734198905029,2026-01-21 11:01:00+05:30,530.6734198905029,TARGET,3.7000000000000153,4.500000000000015,46.09547805786133,23.338987350463867,4.538436412811279,1.9091578599271968,3.2951609279334946,0.008112805500466636,0.8855347963551794,0.0,539.1342070088378,0.7400000000000031,0.900000000000003,50000.0,5.0,250000.0,1850.0000000000077,2250.0000000000077
2026-01-21,POLYCAB,SHORT,A_MOD_BREAK_C1_LOW,MODERATE,2026-01-21 10:45:00+05:30,2026-01-21 11:00:00+05:30,6875.1247,6921.8755479599995,6813.2485777,2026-01-21 12:07:00+05:30,6921.8755479599995,SL,-4.199999999999942,-3.3999999999999413,52.688995361328125,18.048473358154297,6.837433815002441,1.8832627862323772,3.799637644152524,0.006760472607801378,0.9395709875906659,0.0,6921.8755479599995,-0.8399999999999883,-0.6799999999999883,50000.0,5.0,250000.0,-2099.999999999971,-1699.9999999999707
2026-01-21,PRAKASH,SHORT,A_MOD_BREAK_C1_LOW,MODERATE,2026-01-21 10:45:00+05:30,2026-01-21 11:00:00+05:30,117.5499984741211,118.34933846374511,116.492048487854,2026-01-21 11:47:00+05:30,116.492048487854,TARGET,3.700000000000001,4.500000000000001,36.781005859375,22.90968132019043,11.762927055358887,2.086005640953545,2.832672834214347,0.00856537322836064,0.7617150878906249,0.0,118.34933846374511,0.7400000000000002,0.9000000000000001,50000.0,5.0,250000.0,1850.0000000000005,2250.0000000000005
2026-01-21,RIIL,SHORT,A_MOD_BREAK_C1_LOW,MODERATE,2026-01-21 10:45:00+05:30,2026-01-21 11:00:00+05:30,693.3613,698.07615684,687.1210483,2026-01-21 12:07:00+05:30,698.07615684,SL,-4.199999999999946,-3.3999999999999457,76.8956298828125,12.605626106262207,4.761480331420898,2.172923287413789,3.5866193158625195,0.0064663654238177526,0.96,0.0,698.07615684,-0.8399999999999892,-0.6799999999999892,50000.0,5.0,250000.0,-2099.999999999973,-1699.999999999973
2026-01-21,SAKSOFT,SHORT,A_MOD_BREAK_C1_LOW,MODERATE,2026-01-21 10:45:00+05:30,2026-01-21 11:00:00+05:30,169.97000427246093,171.12580030151364,168.44027423400877,2026-01-21 11:25:00+05:30,168.44027423400877,TARGET,3.7000000000000277,4.5000000000000275,63.5771369934082,19.78609848022461,24.090627670288086,1.4203566792271927,2.29896943019013,0.010674674386487962,0.8585624188647587,0.0,171.12580030151364,0.7400000000000055,0.9000000000000055,50000.0,5.0,250000.0,1850.0000000000139,2250.0000000000136
2026-01-21,SPIC,SHORT,A_MOD_BREAK_C1_LOW,MODERATE,2026-01-21 10:45:00+05:30,2026-01-21 11:00:00+05:30,73.92000122070313,74.4226572290039,73.2547212097168,2026-01-21 11:22:00+05:30,73.2547212097168,TARGET,3.69999999999996,4.499999999999959,47.174251556396484,15.19755744934082,7.88592529296875,1.7818736199881442,3.2157973819871097,0.0067374404217745805,0.8794416568438725,0.0,74.4226572290039,0.739999999999992,0.8999999999999919,50000.0,5.0,250000.0,1849.99999999998,2249.99999999998
2026-01-21,SURYAROSNI,SHORT,A_MOD_BREAK_C1_LOW,MODERATE,2026-01-21 10:45:00+05:30,2026-01-21 11:00:00+05:30,243.45,245.10545999999997,241.25895,2026-01-21 11:26:00+05:30,241.25895,TARGET,3.6999999999999797,4.49999999999998,67.42396545410156,16.302108764648438,22.46729278564453,1.4376829738139474,2.6500318710389323,0.00925300487090864,0.8615945204174407,0.0,245.10545999999997,0.739999999999996,0.8999999999999959,50000.0,5.0,250000.0,1849.99999999999,2249.99999999999
2026-01-21,VENKEYS,SHORT,A_MOD_BREAK_C1_LOW,MODERATE,2026-01-21 10:45:00+05:30,2026-01-21 11:00:00+05:30,1446.2107,1456.04493276,1433.1948037,2026-01-21 12:06:00+05:30,1456.04493276,SL,-4.199999999999947,-3.3999999999999475,44.23323059082031,20.813838958740234,22.2735595703125,1.7149687817977293,2.6902197227223903,0.0052046886250258235,0.8236179956769072,0.0,1456.04493276,-0.8399999999999894,-0.6799999999999895,50000.0,5.0,250000.0,-2099.9999999999736,-1699.9999999999736
2026-01-21,VINCOFE,SHORT,A_MOD_BREAK_C1_LOW,MODERATE,2026-01-21 10:45:00+05:30,2026-01-21 11:00:00+05:30,143.9899932861328,144.9691252404785,142.6940833465576,2026-01-21 11:23:00+05:30,142.6940833465576,TARGET,3.7000000000000535,4.500000000000053,49.247047424316406,28.81271743774414,41.19011688232422,0.5739469267080123,1.6076250406168813,0.012966777424020998,0.6795276755694923,0.0,144.9691252404785,0.7400000000000106,0.9000000000000107,50000.0,5.0,250000.0,1850.0000000000266,2250.000000000027
2026-01-21,VTL,SHORT,A_MOD_BREAK_C1_LOW,MODERATE,2026-01-21 10:45:00+05:30,2026-01-21 11:00:00+05:30,399.27013610229494,401.9851730277905,395.6767048773743,2026-01-21 11:01:00+05:30,395.6767048773743,TARGET,3.700000000000012,4.5000000000000115,24.659177780151367,34.88125991821289,15.31064224243164,0.7129493551801658,1.5233347593844124,0.006498383653858933,0.3308205418280202,0.0,401.9851730277905,0.7400000000000024,0.9000000000000024,50000.0,5.0,250000.0,1850.0000000000061,2250.000000000006
2026-01-21,WELCORP,SHORT,A_MOD_BREAK_C1_LOW,MODERATE,2026-01-21 10:45:00+05:30,2026-01-21 11:00:00+05:30,741.8516,746.89619088,735.1749355999999,2026-01-21 11:38:00+05:30,746.89619088,SL,-4.199999999999991,-3.3999999999999915,37.32004928588867,24.39091682434082,4.789434432983398,1.4101262718153211,2.403727523425805,0.009161214258293639,0.6665728368560113,0.0,746.89619088,-0.8399999999999983,-0.6799999999999983,50000.0,5.0,250000.0,-2099.999999999996,-1699.9999999999957
2026-01-21,YATHARTH,SHORT,A_MOD_BREAK_C1_LOW,MODERATE,2026-01-21 10:45:00+05:30,2026-01-21 11:00:00+05:30,580.7838444091797,584.733174551162,575.556789809497,2026-01-21 12:07:00+05:30,584.733174551162,SL,-4.199999999999969,-3.3999999999999697,55.68886184692383,27.30647087097168,16.258880615234375,0.947114576716946,2.5461634261250503,0.007744578297797157,0.7757450509254655,0.0,584.733174551162,-0.8399999999999939,-0.6799999999999939,50000.0,5.0,250000.0,-2099.9999999999845,-1699.999999999985
2026-01-21,LINCOLN,SHORT,A_MOD_BREAK_C1_LOW,MODERATE,2026-01-21 11:00:00+05:30,2026-01-21 11:15:00+05:30,453.95917779541014,457.0461002044189,449.87354519525144,2026-01-21 14:55:00+05:30,449.87354519525144,TARGET,3.7000000000000135,4.500000000000013,30.68964195251465,29.971416473388672,20.189590454101562,0.9334390503102729,1.9265944965403932,0.005403762885368029,0.4800261879190372,0.0,457.0461002044189,0.7400000000000027,0.9000000000000027,50000.0,5.0,250000.0,1850.0000000000066,2250.000000000007
2026-01-21,HAL,SHORT,A_MOD_BREAK_C1_LOW,MODERATE,2026-01-21 14:15:00+05:30,2026-01-21 14:30:00+05:30,4237.1524,4265.96503632,4199.0180284,2026-01-21 15:30:00+05:30,4260.89990234375,EOD,-3.6022950441610337,-2.8022950441610335,45.19059753417969,29.696121215820312,11.866912841796875,2.2945396126412714,2.604500788094514,0.005450591339586142,0.8878589630126952,0.0,4265.96503632,-0.7204590088322067,-0.5604590088322067,50000.0,5.0,250000.0,-1801.1475220805166,-1401.1475220805169
2026-01-21,LICHSGFIN,SHORT,A_MOD_BREAK_C1_LOW,MODERATE,2026-01-21 14:15:00+05:30,2026-01-21 14:30:00+05:30,512.5474944091796,516.0328173711621,507.93456695949703,2026-01-21 15:07:00+05:30,507.93456695949703,TARGET,3.699999999999999,4.499999999999999,27.67231559753418,30.828754425048828,9.054003715515137,2.6554329130266674,2.314750692183323,0.0047693057142564775,0.6250847339630126,0.0,516.0328173711621,0.7399999999999998,0.8999999999999998,50000.0,5.0,250000.0,1849.9999999999993,2249.9999999999995
2026-01-21,MOIL,SHORT,A_MOD_BREAK_C1_LOW,MODERATE,2026-01-21 14:15:00+05:30,2026-01-21 14:30:00+05:30,332.4834777954102,334.7443654444189,329.4911264952515,2026-01-21 15:25:00+05:30,334.7443654444189,SL,-4.199999999999921,-3.3999999999999213,25.728839874267578,37.57147979736328,33.06325149536133,1.9331079281628474,1.810844872691043,0.006109879554204806,0.574768729177064,0.0,334.7443654444189,-0.8399999999999843,-0.6799999999999843,50000.0,5.0,250000.0,-2099.999999999961,-1699.9999999999607
2026-01-22,KEI,SHORT,A_MOD_BREAK_C1_LOW,MODERATE,2026-01-22 10:00:00+05:30,2026-01-22 10:15:00+05:30,3765.2468,3790.8504782399996,3731.3595788,2026-01-22 10:34:00+05:30,3790.8504782399996,SL,-4.199999999999957,-3.3999999999999577,45.86079788208008,25.97943687438965,10.621853828430176,1.4240522019779163,3.0147436877152654,0.012837422121861938,0.7971211035773365,0.0,3790.8504782399996,-0.8399999999999914,-0.6799999999999915,50000.0,5.0,250000.0,-2099.9999999999786,-1699.9999999999786
2026-01-23,LUMAXIND,SHORT,A_MOD_BREAK_C1_LOW,MODERATE,2026-01-23 10:00:00+05:30,2026-01-23 10:15:00+05:30,4807.0384,4839.72626112,4763.7750544,2026-01-23 11:03:00+05:30,4763.7750544,TARGET,3.700000000000033,4.500000000000033,20.438392639160156,34.54480743408203,17.58866310119629,1.3654753804853168,2.743083197101003,0.007068683945129965,0.40553408117233275,0.0,4839.72626112,0.7400000000000067,0.9000000000000066,50000.0,5.0,250000.0,1850.0000000000166,2250.0000000000164
2026-01-23,NUVAMA,SHORT,A_MOD_BREAK_C1_LOW,MODERATE,2026-01-23 10:00:00+05:30,2026-01-23 10:15:00+05:30,1360.7278,1369.9807490399999,1348.4812498,2026-01-23 10:24:00+05:30,1348.4812498,TARGET,3.700000000000001,4.500000000000001,24.75263786315918,30.251949310302734,17.269838333129883,0.8121222239968876,2.511836367092789,0.0055404686626317565,0.373410957146843,0.0,1369.9807490399999,0.7400000000000002,0.9000000000000001,50000.0,5.0,250000.0,1850.0000000000005,2250.0000000000005
2026-01-23,HGINFRA,SHORT,A_MOD_BREAK_C1_LOW,MODERATE,2026-01-23 10:30:00+05:30,2026-01-23 10:45:00+05:30,626.9745555908203,631.2379825688378,621.3317845905029,2026-01-23 10:46:00+05:30,621.3317845905029,TARGET,3.6999999999999655,4.499999999999965,25.443788528442383,23.203384399414062,5.85860013961792,1.8704413108739668,3.6525684267944287,0.009437841456529674,0.5689840573295799,0.0,631.2379825688378,0.7399999999999931,0.899999999999993,50000.0,5.0,250000.0,1849.9999999999827,2249.9999999999823
2026-01-23,IDEAFORGE,SHORT,A_MOD_BREAK_C1_LOW,MODERATE,2026-01-23 10:30:00+05:30,2026-01-23 10:45:00+05:30,416.26673610229494,419.0973499077905,412.52033547737426,2026-01-23 11:48:00+05:30,412.52033547737426,TARGET,3.700000000000033,4.500000000000033,25.98099136352539,31.207979202270508,49.67576599121094,0.5806529953574332,1.7462482593269557,0.011298027993244048,0.33864155760677944,0.0,419.0973499077905,0.7400000000000067,0.9000000000000066,50000.0,5.0,250000.0,1850.0000000000166,2250.0000000000164
2026-01-23,GULFOILLUB,SHORT,A_MOD_BREAK_C1_LOW,MODERATE,2026-01-23 10:45:00+05:30,2026-01-23 11:00:00+05:30,1082.7834,1090.14632712,1073.0383494,2026-01-23 12:10:00+05:30,1073.0383494,TARGET,3.7000000000000055,4.500000000000005,39.8362922668457,25.748332977294922,9.978001594543457,1.013033732178376,2.3931100178907587,0.004478294763538646,0.6348252871339013,0.0,1090.14632712,0.7400000000000011,0.9000000000000011,50000.0,5.0,250000.0,1850.0000000000027,2250.0000000000027
2026-01-23,PARADEEP,SHORT,A_MOD_BREAK_C1_LOW,MODERATE,2026-01-23 10:45:00+05:30,2026-01-23 11:00:00+05:30,130.3699981689453,131.25651415649412,129.19666818542478,2026-01-23 11:06:00+05:30,129.19666818542478,TARGET,3.7000000000000366,4.500000000000036,21.84033966064453,36.39284896850586,3.0718069076538086,1.9458666359129846,2.0164677656698955,0.00876990510297579,0.5281317561944403,0.0,131.25651415649412,0.7400000000000073,0.9000000000000073,50000.0,5.0,250000.0,1850.0000000000182,2250.0000000000186
2026-01-23,PRAKASH,SHORT,A_MOD_BREAK_C1_LOW,MODERATE,2026-01-23 10:45:00+05:30,2026-01-23 11:00:00+05:30,114.45,115.22825999999999,113.41995,2026-01-23 13:16:00+05:30,113.41995,TARGET,3.700000000000012,4.5000000000000115,29.427820205688477,32.49122619628906,43.510536193847656,1.353027392355898,1.7277437415532368,0.008563195559833531,0.5245842838252711,0.0,115.22825999999999,0.7400000000000024,0.9000000000000024,50000.0,5.0,250000.0,1850.0000000000061,2250.000000000006
2026-01-23,EKC,LONG,B_HUGE_C1_CLOSE_RECLAIM_BREAK,HUGE,2026-01-23 10:45:00+05:30,2026-01-23 11:15:00+05:30,110.68999938964843,110.04799739318847,111.90758938293456,2026-01-23 11:16:00+05:30,111.90758938293456,TARGET,4.699999999999967,5.499999999999967,37.088340759277344,82.10162353515625,77.79194641113281,1.5906356490631355,4.089506289590189,0.015210193906193476,7.990463177979555,0.0,110.04799739318847,0.9399999999999935,1.0999999999999934,100000.0,5.0,500000.0,4699.999999999967,5499.999999999966
2026-01-23,INDIGO,SHORT,A_MOD_BREAK_C1_LOW,MODERATE,2026-01-23 11:00:00+05:30,2026-01-23 11:15:00+05:30,4770.0458,4802.482111439999,4727.1153878,2026-01-23 11:33:00+05:30,4802.482111439999,SL,-4.199999999999934,-3.399999999999934,38.764678955078125,23.957069396972656,31.414867401123047,1.2750354839011804,2.467255100386962,0.007303749272310028,0.6646013940088784,0.0,4802.482111439999,-0.8399999999999868,-0.6799999999999868,50000.0,5.0,250000.0,-2099.999999999967,-1699.9999999999673
2026-01-23,ENGINERSIN,SHORT,A_MOD_BREAK_C1_LOW,MODERATE,2026-01-23 11:15:00+05:30,2026-01-23 11:30:00+05:30,170.59999389648436,171.76007385498045,169.06459395141601,2026-01-23 12:09:00+05:30,169.06459395141601,TARGET,3.69999999999997,4.49999999999997,35.2462043762207,19.415002822875977,0.4394039511680603,2.8622889354739973,4.15926666360009,0.005922749426890056,0.7386930656433104,0.0,171.76007385498045,0.739999999999994,0.8999999999999939,50000.0,5.0,250000.0,1849.999999999985,2249.9999999999845
2026-01-23,UDS,SHORT,A_MOD_BREAK_C1_LOW,MODERATE,2026-01-23 11:30:00+05:30,2026-01-23 11:45:00+05:30,154.47000427246093,155.52040030151366,153.07977423400877,2026-01-23 12:14:00+05:30,155.52040030151366,SL,-4.2,-3.400000000000001,27.936721801757812,30.998889923095703,5.501463890075684,1.5669218597966246,1.866416650341815,0.010264826713523472,0.5465829850078672,0.0,155.52040030151366,-0.8400000000000001,-0.6800000000000002,50000.0,5.0,250000.0,-2100.0000000000005,-1700.0000000000002
2026-01-23,HONAUT,SHORT,A_MOD_BREAK_C1_LOW,MODERATE,2026-01-23 11:45:00+05:30,2026-01-23 12:00:00+05:30,31273.744,31486.405459199996,30992.280304,2026-01-23 15:30:00+05:30,31400.0,EOD,-2.818562280231002,-2.0185622802310017,46.57981872558594,8.57304573059082,1.0664085149765015,2.9064966619636046,5.0116379227665036,0.005089000665341703,0.908697280883789,0.0,31486.405459199996,-0.5637124560462003,-0.4037124560462004,50000.0,5.0,250000.0,-1409.2811401155009,-1009.2811401155009
2026-01-23,CIEINDIA,LONG,B_HUGE_C1_CLOSE_RECLAIM_BREAK,HUGE,2026-01-23 11:45:00+05:30,2026-01-23 12:15:00+05:30,421.7843522094727,419.3380029666577,426.4239800837768,2026-01-23 13:16:00+05:30,419.3380029666577,SL,-3.7000000000000224,-2.9000000000000226,43.092498779296875,79.41104125976562,83.30330657958984,1.383515901597958,3.8939270640143824,0.005970730381438597,7.544956832982571,0.0,419.3380029666577,-0.7400000000000044,-0.5800000000000045,100000.0,5.0,500000.0,-3700.0000000000223,-2900.0000000000223
2026-01-23,AXISBANK,SHORT,A_MOD_BREAK_C1_LOW,MODERATE,2026-01-23 12:00:00+05:30,2026-01-23 12:15:00+05:30,1273.7452,1282.40666736,1262.2814932,2026-01-23 13:56:00+05:30,1262.2814932,TARGET,3.6999999999999824,4.499999999999982,21.78371810913086,30.445669174194336,9.096927642822266,1.7592780396436403,1.8978783663641556,0.0044250830253096795,0.4895233468928077,0.0,1282.40666736,0.7399999999999964,0.8999999999999965,50000.0,5.0,250000.0,1849.9999999999911,2249.9999999999914
2026-01-23,PPLPHARMA,SHORT,A_MOD_BREAK_C1_LOW,MODERATE,2026-01-23 12:15:00+05:30,2026-01-23 12:30:00+05:30,152.37999267578124,153.41617662597653,151.0085727416992,2026-01-23 13:33:00+05:30,151.0085727416992,TARGET,3.700000000000033,4.500000000000034,28.189083099365234,25.21202278137207,3.58953595161438,2.8332039321490083,2.846109701037084,0.005346016742204931,0.6328362464904784,0.0,153.41617662597653,0.7400000000000067,0.9000000000000067,50000.0,5.0,250000.0,1850.0000000000166,2250.000000000017
2026-01-23,IXIGO,SHORT,A_MOD_BREAK_C1_LOW,MODERATE,2026-01-23 12:45:00+05:30,2026-01-23 13:00:00+05:30,212.95,214.39805999999996,211.03345,2026-01-23 13:01:00+05:30,211.03345,TARGET,3.700000000000002,4.500000000000003,30.77287483215332,22.01399803161621,1.617494821548462,3.645875804749508,2.801972528274915,0.022272339759514346,0.6715931224822997,0.0,214.39805999999996,0.7400000000000004,0.9000000000000005,50000.0,5.0,250000.0,1850.0000000000011,2250.000000000001
2026-01-23,TATVA,SHORT,A_MOD_BREAK_C1_LOW,MODERATE,2026-01-23 13:00:00+05:30,2026-01-23 13:15:00+05:30,1164.767,1172.6874156,1154.284097,2026-01-23 13:18:00+05:30,1154.284097,TARGET,3.700000000000033,4.500000000000034,26.914989471435547,17.171098709106445,2.601412296295166,3.442153296401092,4.199020906371578,0.01357980912177949,0.6137248420715331,0.0,1172.6874156,0.7400000000000067,0.9000000000000067,50000.0,5.0,250000.0,1850.0000000000166,2250.000000000017
2026-01-23,KKCL,SHORT,A_PULLBACK_C2_THEN_BREAK_C2_LOW,MODERATE,2026-01-23 13:00:00+05:30,2026-01-23 13:30:00+05:30,450.80981389770506,453.8753206322094,446.7525255726257,2026-01-23 14:09:00+05:30,453.8753206322094,SL,-4.199999999999971,-3.39999999999997,26.832672119140625,25.843740463256836,0.0,2.5768715119808494,3.400108923691116,0.005456130943382923,0.6124900817871093,0.0,453.8753206322094,-0.8399999999999941,-0.679999999999994,50000.0,5.0,250000.0,-2099.999999999985,-1699.9999999999852
2026-01-23,ALKYLAMINE,SHORT,A_MOD_BREAK_C1_LOW,MODERATE,2026-01-23 13:15:00+05:30,2026-01-23 13:30:00+05:30,1565.6868,1576.3334702399998,1551.5956188,2026-01-23 15:30:00+05:30,1556.0,EOD,2.2934667137769664,3.0934667137769662,27.693498611450195,28.072927474975586,2.059168815612793,3.3579638408540107,3.0243376901725965,0.0033616218834849002,0.625402479171753,0.0,1576.3334702399998,0.45869334275539325,0.6186933427553932,50000.0,5.0,250000.0,1146.7333568884833,1546.733356888483
2026-01-23,INDIAGLYCO,SHORT,A_MOD_BREAK_C1_LOW,MODERATE,2026-01-23 13:15:00+05:30,2026-01-23 13:30:00+05:30,816.1367277954101,821.6864575444189,808.7914972452514,2026-01-23 13:39:00+05:30,808.7914972452514,TARGET,3.7000000000000077,4.500000000000007,39.82597732543945,22.156661987304688,5.615799427032471,3.928235650282449,3.6503493643755656,0.005285174233765026,0.8073896598815917,0.0,821.6864575444189,0.7400000000000015,0.9000000000000015,50000.0,5.0,250000.0,1850.0000000000039,2250.0000000000036
2026-01-23,INDIGOPNTS,SHORT,A_MOD_BREAK_C1_LOW,MODERATE,2026-01-23 13:15:00+05:30,2026-01-23 13:30:00+05:30,1057.7884,1064.9813611199997,1048.2683043999998,2026-01-23 15:07:00+05:30,1048.2683043999998,TARGET,3.70000000000005,4.50000000000005,44.53619384765625,25.123716354370117,5.478103160858154,3.278689435716793,3.1556012569641134,0.0048482245896303506,0.8780429077148437,0.0,1064.9813611199997,0.74000000000001,0.90000000000001,50000.0,5.0,250000.0,1850.000000000025,2250.000000000025
2026-01-23,PENIND,SHORT,A_MOD_BREAK_C1_LOW,MODERATE,2026-01-23 13:15:00+05:30,2026-01-23 13:30:00+05:30,155.95,157.01045999999997,154.54645,2026-01-23 14:00:00+05:30,154.54645,TARGET,3.699999999999987,4.499999999999987,22.195951461791992,23.27238655090332,6.793111801147461,3.570957270268446,2.8332087266902186,0.005533195062155145,0.54293927192688,0.0,157.01045999999997,0.7399999999999973,0.8999999999999974,50000.0,5.0,250000.0,1849.9999999999934,2249.999999999993
2026-01-23,ADANIGREEN,SHORT,A_MOD_BREAK_C1_LOW,MODERATE,2026-01-23 13:30:00+05:30,2026-01-23 13:45:00+05:30,813.7372444091797,819.270657671162,806.413609209497,2026-01-23 13:46:00+05:30,806.413609209497,TARGET,3.6999999999999886,4.499999999999989,44.88121032714844,10.451409339904785,2.635077714920044,2.7791967580813983,6.266950708324742,0.009871529205082535,0.8832181549072264,0.0,819.270657671162,0.7399999999999978,0.8999999999999978,50000.0,5.0,250000.0,1849.9999999999945,2249.9999999999945
2026-01-23,BBL,SHORT,A_MOD_BREAK_C1_LOW,MODERATE,2026-01-23 13:30:00+05:30,2026-01-23 13:45:00+05:30,2451.5096,2468.17986528,2429.4460136,2026-01-23 15:30:00+05:30,2447.0,EOD,0.1197598084053729,0.9197598084053727,23.16164779663086,32.17959976196289,3.0287184715270996,3.0782492894959588,2.6653303927607834,0.00390324402166365,0.5574247169494628,0.0,2468.17986528,0.02395196168107458,0.18395196168107456,50000.0,5.0,250000.0,59.87990420268645,459.87990420268636
2026-01-23,IOLCP,SHORT,A_MOD_BREAK_C1_LOW,MODERATE,2026-01-23 13:30:00+05:30,2026-01-23 13:45:00+05:30,69.95,70.42566,69.32045000000001,2026-01-23 14:55:00+05:30,69.32045000000001,TARGET,3.699999999999962,4.499999999999963,30.00650405883789,29.48611831665039,8.805685997009277,3.6654878223623513,2.435157594325765,0.005185724772886497,0.6600975608825683,0.0,70.42566,0.7399999999999924,0.8999999999999925,50000.0,5.0,250000.0,1849.999999999981,2249.9999999999814
2026-01-23,MANINDS,SHORT,A_MOD_BREAK_C1_LOW,MODERATE,2026-01-23 13:30:00+05:30,2026-01-23 13:45:00+05:30,309.4381,311.54227908,306.65315710000004,2026-01-23 13:47:00+05:30,306.65315710000004,TARGET,3.699999999999961,4.499999999999961,39.09611892700195,19.44685935974121,4.5245232582092285,4.325342528499698,4.462185176718932,0.006392809416442773,0.7964417839050293,0.0,311.54227908,0.7399999999999922,0.8999999999999921,50000.0,5.0,250000.0,1849.9999999999807,2249.9999999999804
2026-01-23,NELCO,SHORT,A_MOD_BREAK_C1_LOW,MODERATE,2026-01-23 13:30:00+05:30,2026-01-23 13:45:00+05:30,608.8782,613.01857176,603.3982962,2026-01-23 14:09:00+05:30,603.3982962,TARGET,3.69999999999999,4.49999999999999,22.592235565185547,34.71860122680664,1.952059030532837,2.7718812838800155,2.1734781275716846,0.004244791844099294,0.5488835334777831,0.0,613.01857176,0.739999999999998,0.899999999999998,50000.0,5.0,250000.0,1849.9999999999948,2249.999999999995
2026-01-23,NHPC,SHORT,A_MOD_BREAK_C1_LOW,MODERATE,2026-01-23 13:30:00+05:30,2026-01-23 13:45:00+05:30,75.81000061035157,76.32550861450196,75.12771060485841,2026-01-23 15:19:00+05:30,75.12771060485841,TARGET,3.69999999999996,4.499999999999959,28.537452697753906,31.380451202392578,10.507286071777344,2.4334055329449176,2.38567703134603,0.0038004939494118797,0.6380617904663086,0.0,76.32550861450196,0.739999999999992,0.8999999999999919,50000.0,5.0,250000.0,1849.99999999998,2249.99999999998
2026-01-23,CGPOWER,SHORT,A_MOD_BREAK_C1_LOW,MODERATE,2026-01-23 13:45:00+05:30,2026-01-23 14:00:00+05:30,551.13975,554.8875003,546.1794922500001,2026-01-23 15:30:00+05:30,551.0,EOD,-0.6732172738402109,0.12678272615978897,34.08041000366211,22.295557022094727,5.786009788513184,3.8592783855773773,3.922782345867665,0.003956763612499911,0.7212061500549316,0.0,554.8875003,-0.13464345476804218,0.025356545231957794,50000.0,5.0,250000.0,-336.6086369201054,63.39136307989448
2026-01-23,DREDGECORP,SHORT,A_MOD_BREAK_C1_LOW,MODERATE,2026-01-23 13:45:00+05:30,2026-01-23 14:00:00+05:30,947.8603777954102,954.3058283644189,939.3296343952514,2026-01-23 14:56:00+05:30,954.3058283644189,SL,-4.199999999999953,-3.3999999999999524,25.158538818359375,24.43648910522461,1.2556078433990479,4.584785868201337,3.7019879764777746,0.008057903274646746,0.5873780822753907,0.0,954.3058283644189,-0.8399999999999905,-0.6799999999999905,50000.0,5.0,250000.0,-2099.9999999999764,-1699.9999999999764
2026-01-23,LATENTVIEW,SHORT,A_MOD_BREAK_C1_LOW,MODERATE,2026-01-23 13:45:00+05:30,2026-01-23 14:00:00+05:30,393.97117779541014,396.6501818044189,390.42543719525145,2026-01-23 14:01:00+05:30,390.42543719525145,TARGET,3.7000000000000046,4.5000000000000036,28.22632598876953,30.12342071533203,5.939071178436279,3.3258321432353637,2.511093586587602,0.0043827897468634944,0.6333948898315429,0.0,396.6501818044189,0.7400000000000009,0.9000000000000008,50000.0,5.0,250000.0,1850.0000000000023,2250.000000000002
2026-01-23,MAZDOCK,SHORT,A_MOD_BREAK_C1_LOW,MODERATE,2026-01-23 13:45:00+05:30,2026-01-23 14:00:00+05:30,2312.1375776367186,2327.8601131646483,2291.3283394379882,2026-01-23 15:30:00+05:30,2305.0,EOD,0.7435019320982663,1.5435019320982661,20.195302963256836,27.551267623901367,6.33778190612793,3.952308285955187,3.0037560816877877,0.0036872232109759207,0.5129295444488524,0.0,2327.8601131646483,0.14870038641965327,0.30870038641965325,50000.0,5.0,250000.0,371.7509660491332,771.7509660491331
2026-01-23,SPENCERS,SHORT,A_MOD_BREAK_C1_LOW,MODERATE,2026-01-23 13:45:00+05:30,2026-01-23 14:00:00+05:30,33.49999923706055,33.72779923187256,33.198499243927,2026-01-23 14:01:00+05:30,33.198499243927,TARGET,3.7000000000000255,4.500000000000026,26.99367904663086,23.103729248046875,7.655188083648682,4.40238253570216,5.418680081927107,0.00534384122442234,0.614905185699463,0.0,33.72779923187256,0.7400000000000051,0.9000000000000051,50000.0,5.0,250000.0,1850.0000000000127,2250.0000000000127
2026-01-23,TIINDIA,SHORT,A_MOD_BREAK_C1_LOW,MODERATE,2026-01-23 13:45:00+05:30,2026-01-23 14:00:00+05:30,2219.4559223632814,2234.5482226353515,2199.480819062012,2026-01-23 14:56:00+05:30,2234.5482226353515,SL,-4.199999999999959,-3.3999999999999595,31.070331573486328,28.62198257446289,6.127892017364502,2.5349717681278343,2.7678974431443946,0.003853528639136512,0.6760549736022949,0.0,2234.5482226353515,-0.8399999999999919,-0.6799999999999919,50000.0,5.0,250000.0,-2099.9999999999795,-1699.99999999998
2026-01-23,TIRUMALCHM,SHORT,A_MOD_BREAK_C1_LOW,MODERATE,2026-01-23 13:45:00+05:30,2026-01-23 14:00:00+05:30,188.94000549316405,190.22479753051755,187.23954544372558,2026-01-23 14:08:00+05:30,187.23954544372558,TARGET,3.699999999999999,4.499999999999999,26.66484260559082,20.0792236328125,4.856052398681641,4.062030206087289,4.0614552494475085,0.005545652285182795,0.6099726390838622,0.0,190.22479753051755,0.7399999999999998,0.8999999999999998,50000.0,5.0,250000.0,1849.9999999999993,2249.9999999999995
2026-01-23,KAYNES,SHORT,A_PULLBACK_C2_THEN_BREAK_C2_LOW,MODERATE,2026-01-23 13:45:00+05:30,2026-01-23 14:15:00+05:30,3411.8175,3435.017859,3381.1111425,2026-01-23 15:07:00+05:30,3381.1111425,TARGET,3.7000000000000286,4.500000000000028,29.014387130737305,26.238929748535156,6.636756896972656,3.8577897939196615,3.0257313215964015,0.005301288469811345,0.6452158069610596,0.0,3435.017859,0.7400000000000058,0.9000000000000057,50000.0,5.0,250000.0,1850.0000000000143,2250.000000000014
2026-01-23,NMDC,SHORT,A_MOD_BREAK_C1_LOW,MODERATE,2026-01-23 14:00:00+05:30,2026-01-23 14:15:00+05:30,74.25000305175782,74.75490307250976,73.581753024292,2026-01-23 15:30:00+05:30,73.83000183105469,EOD,2.02829093226,2.82829093226,45.176666259765625,26.354799270629883,3.2218611240386963,3.751798471880646,3.080182964519718,0.0041524811190189696,0.8876499938964844,0.0,74.75490307250976,0.40565818645199997,0.565658186452,50000.0,5.0,250000.0,1014.1454661299999,1414.14546613
2026-01-23,IBULLSLTD,SHORT,A_MOD_BREAK_C1_LOW,MODERATE,2026-01-23 14:15:00+05:30,2026-01-23 14:30:00+05:30,11.45,11.527859999999999,11.34695,2026-01-23 14:31:00+05:30,11.34695,TARGET,3.6999999999999855,4.499999999999985,25.020973205566406,31.241004943847656,6.196592330932617,3.481348350727757,3.0872098140935655,0.008633536489113518,0.5853145980834962,0.0,11.527859999999999,0.7399999999999971,0.899999999999997,50000.0,5.0,250000.0,1849.9999999999927,2249.9999999999923
2026-01-27,INDRAMEDCO,SHORT,A_MOD_BREAK_C1_LOW,MODERATE,2026-01-27 10:15:00+05:30,2026-01-27 10:30:00+05:30,349.23012779541017,351.6048926644189,346.0870566452515,2026-01-27 10:33:00+05:30,346.0870566452515,TARGET,3.699999999999978,4.499999999999977,55.66718292236328,15.357439041137695,19.131704330444336,0.8002314750945002,3.056032672917697,0.011319069833880849,0.7500405081415376,0.0,351.6048926644189,0.7399999999999956,0.8999999999999955,50000.0,5.0,250000.0,1849.9999999999889,2249.9999999999886
2026-01-27,BHARATWIRE,SHORT,A_MOD_BREAK_C1_LOW,MODERATE,2026-01-27 10:30:00+05:30,2026-01-27 10:45:00+05:30,159.95,161.03766,158.51045,2026-01-27 10:47:00+05:30,158.51045,TARGET,3.6999999999999913,4.499999999999991,38.27015686035156,22.46181297302246,18.730432510375977,1.353171503496698,2.7973310746324316,0.008075884729623794,0.6708573660171955,0.0,161.03766,0.7399999999999982,0.8999999999999982,50000.0,5.0,250000.0,1849.9999999999955,2249.9999999999955
2026-01-27,DBCORP,SHORT,A_MOD_BREAK_C1_LOW,MODERATE,2026-01-27 10:30:00+05:30,2026-01-27 10:45:00+05:30,242.5000030517578,244.14900307250974,240.31750302429197,2026-01-27 11:07:00+05:30,244.14900307250974,SL,-4.199999999999976,-3.3999999999999764,25.862472534179688,20.6231746673584,5.55016565322876,0.9298629687438785,3.2144197346539536,0.009436453812225321,0.410663107542874,0.0,244.14900307250974,-0.8399999999999952,-0.6799999999999953,50000.0,5.0,250000.0,-2099.999999999988,-1699.9999999999882
2026-01-27,DEEPAKNTR,SHORT,A_MOD_BREAK_C1_LOW,MODERATE,2026-01-27 10:30:00+05:30,2026-01-27 10:45:00+05:30,1535.6928,1546.13551104,1521.8715648,2026-01-27 11:43:00+05:30,1546.13551104,SL,-4.199999999999983,-3.3999999999999835,34.328460693359375,19.724843978881836,25.26239776611328,1.1283340969938664,2.839672806496106,0.006426708772778511,0.5723853773743173,0.0,1546.13551104,-0.8399999999999967,-0.6799999999999967,50000.0,5.0,250000.0,-2099.9999999999923,-1699.9999999999918
2026-01-27,MANGLMCEM,SHORT,A_MOD_BREAK_C1_LOW,MODERATE,2026-01-27 10:30:00+05:30,2026-01-27 10:45:00+05:30,734.853,739.8500003999999,728.2393229999999,2026-01-27 10:51:00+05:30,728.2393229999999,TARGET,3.7000000000000366,4.500000000000036,29.025543212890625,44.47858428955078,61.9573974609375,0.4130129816508387,0.637654751271831,0.008794437656421,0.2995431575458477,0.0,739.8500003999999,0.7400000000000073,0.9000000000000072,50000.0,5.0,250000.0,1850.0000000000182,2250.000000000018
2026-01-27,RPTECH,SHORT,A_MOD_BREAK_C1_LOW,MODERATE,2026-01-27 10:30:00+05:30,2026-01-27 10:45:00+05:30,328.9841777954102,331.22127020441894,326.0233201952515,2026-01-27 10:48:00+05:30,326.0233201952515,TARGET,3.700000000000019,4.500000000000019,52.84355926513672,23.49030303955078,28.28826904296875,1.4371515505099333,2.765498169081733,0.010406968059272924,0.8615015213392383,0.0,331.22127020441894,0.7400000000000038,0.9000000000000038,50000.0,5.0,250000.0,1850.0000000000093,2250.0000000000095
2026-01-27,SIGACHI,SHORT,A_MOD_BREAK_C1_LOW,MODERATE,2026-01-27 10:30:00+05:30,2026-01-27 10:45:00+05:30,20.730000686645507,20.870964691314693,20.543430680465697,2026-01-27 10:47:00+05:30,20.543430680465697,TARGET,3.7000000000000135,4.500000000000013,28.970335006713867,17.451221466064453,7.780923843383789,1.3768122886159746,3.968531173067281,0.016254035031300938,0.5354971756085036,0.0,20.870964691314693,0.7400000000000027,0.9000000000000027,50000.0,5.0,250000.0,1850.0000000000066,2250.000000000007
2026-01-27,SYMPHONY,SHORT,A_MOD_BREAK_C1_LOW,MODERATE,2026-01-27 10:30:00+05:30,2026-01-27 10:45:00+05:30,824.835,830.4438779999999,817.4114850000001,2026-01-27 15:29:00+05:30,830.4438779999999,SL,-4.199999999999934,-3.3999999999999337,33.41478729248047,16.558998107910156,6.270013332366943,1.602407250455061,3.716507619974479,0.00580600274107371,0.6416430782168427,0.0,830.4438779999999,-0.8399999999999868,-0.6799999999999867,50000.0,5.0,250000.0,-2099.999999999967,-1699.9999999999668
2026-01-27,TARC,SHORT,A_MOD_BREAK_C1_LOW,MODERATE,2026-01-27 10:30:00+05:30,2026-01-27 10:45:00+05:30,150.7500030517578,151.77510307250975,149.393253024292,2026-01-27 10:58:00+05:30,149.393253024292,TARGET,3.6999999999999575,4.499999999999957,31.62028694152832,18.003807067871094,16.92255210876465,1.345335224111128,2.721242390847312,0.010733233463565948,0.5697379683423722,0.0,151.77510307250975,0.7399999999999916,0.8999999999999915,50000.0,5.0,250000.0,1849.9999999999789,2249.9999999999786
2026-01-27,DCW,SHORT,A_PULLBACK_C2_THEN_BREAK_C2_LOW,MODERATE,2026-01-27 10:30:00+05:30,2026-01-27 11:00:00+05:30,44.45,44.75226,44.04995,2026-01-27 11:05:00+05:30,44.75226,SL,-4.199999999999965,-3.399999999999965,46.9599723815918,17.52422523498535,2.13887095451355,0.970024376169442,3.309986606973301,0.014481363000983051,0.7341538515535293,0.0,44.75226,-0.839999999999993,-0.6799999999999929,50000.0,5.0,250000.0,-2099.9999999999827,-1699.9999999999823
2026-01-27,ADFFOODS,SHORT,A_MOD_BREAK_C1_LOW,MODERATE,2026-01-27 10:45:00+05:30,2026-01-27 11:00:00+05:30,172.47000427246093,173.64280030151366,170.9177742340088,2026-01-27 15:22:00+05:30,173.64280030151366,SL,-4.1999999999999975,-3.3999999999999977,50.918418884277344,24.721508026123047,21.952892303466797,1.0225746740661756,2.650654891976961,0.007970096445813124,0.7889505679615807,0.0,173.64280030151366,-0.8399999999999994,-0.6799999999999995,50000.0,5.0,250000.0,-2099.9999999999986,-1699.9999999999989
2026-01-27,ADSL,SHORT,A_MOD_BREAK_C1_LOW,MODERATE,2026-01-27 10:45:00+05:30,2026-01-27 11:00:00+05:30,116.46999664306641,117.26199262023925,115.42176667327881,2026-01-27 11:06:00+05:30,117.26199262023925,SL,-4.199999999999974,-3.3999999999999755,40.64200210571289,21.567886352539062,23.91699981689453,1.2434062428849584,2.31453613489741,0.01004933705947535,0.687226124090561,0.0,117.26199262023925,-0.839999999999995,-0.679999999999995,50000.0,5.0,250000.0,-2099.9999999999873,-1699.9999999999875
2026-01-27,AIIL,SHORT,A_MOD_BREAK_C1_LOW,MODERATE,2026-01-27 10:45:00+05:30,2026-01-27 11:00:00+05:30,500.8998,504.30591863999996,496.3917018,2026-01-27 11:42:00+05:30,504.30591863999996,SL,-4.199999999999932,-3.3999999999999315,44.014060974121094,16.049362182617188,7.3011016845703125,1.642156566503027,3.337390556380584,0.011985325845005569,0.8075883137498461,0.0,504.30591863999996,-0.8399999999999863,-0.6799999999999863,50000.0,5.0,250000.0,-2099.9999999999654,-1699.9999999999657
2026-01-28,MARICO,SHORT,A_MOD_BREAK_C1_LOW,MODERATE,2026-01-28 10:30:00+05:30,2026-01-28 10:45:00+05:30,726.10475,731.0422623,719.5698072499999,2026-01-28 11:05:00+05:30,731.0422623,SL,-4.199999999999987,-3.399999999999987,27.708559036254883,22.310441970825195,15.415364265441895,2.452241376652705,2.6693004336639823,0.007256348292144924,0.6256283855438232,0.0,731.0422623,-0.8399999999999974,-0.6799999999999974,50000.0,5.0,250000.0,-2099.999999999993,-1699.9999999999934
2026-01-29,MRF,SHORT,A_MOD_BREAK_C1_LOW,MODERATE,2026-01-29 10:00:00+05:30,2026-01-29 10:15:00+05:30,132658.463,133560.54054839996,131464.536833,2026-01-29 12:23:00+05:30,131464.536833,TARGET,3.699999999999992,4.499999999999992,23.510225296020508,18.47574806213379,4.203713893890381,1.80179559268893,3.417263459423319,0.004863278950257866,0.5279676081608704,0.0,133560.54054839996,0.7399999999999984,0.8999999999999984,50000.0,5.0,250000.0,1849.9999999999961,2249.999999999996
2026-01-29,SFL,SHORT,A_MOD_BREAK_C1_LOW,MODERATE,2026-01-29 10:00:00+05:30,2026-01-29 10:15:00+05:30,502.3995,505.81581659999995,497.8779045,2026-01-29 10:19:00+05:30,505.81581659999995,SL,-4.199999999999959,-3.3999999999999595,32.037811279296875,23.752443313598633,24.921512603759766,1.4305425919072277,3.9023100973428813,0.008197544100689083,0.5909121227732179,0.0,505.81581659999995,-0.8399999999999919,-0.6799999999999919,50000.0,5.0,250000.0,-2099.9999999999795,-1699.99999999998
2026-01-29,ALLDIGI,LONG,A_MOD_BREAK_C1_HIGH,MODERATE,2026-01-29 10:15:00+05:30,2026-01-29 10:30:00+05:30,853.2205977905273,848.2719183233422,862.6060243662231,2026-01-29 10:31:00+05:30,862.6060243662231,TARGET,4.699999999999976,5.499999999999976,28.090984344482422,72.66834259033203,92.87830352783203,1.9717885713610064,3.0666000654867025,0.010033584455239476,6.502077171152452,0.0,848.2719183233422,0.9399999999999953,1.0999999999999952,100000.0,5.0,500000.0,4699.999999999976,5499.999999999976
2026-01-29,NEWGEN,SHORT,A_MOD_BREAK_C1_LOW,MODERATE,2026-01-29 10:15:00+05:30,2026-01-29 10:30:00+05:30,584.8330222045898,588.809886755581,579.5695250047485,2026-01-29 12:28:00+05:30,579.5695250047485,TARGET,3.700000000000051,4.500000000000051,38.24720764160156,17.671754837036133,2.502439498901367,2.4258126032412926,3.339289879354937,0.005518912957555217,0.7837081146240235,0.0,588.809886755581,0.7400000000000102,0.9000000000000101,50000.0,5.0,250000.0,1850.0000000000255,2250.0000000000255
2026-01-29,TITAN,SHORT,A_MOD_BREAK_C1_LOW,MODERATE,2026-01-29 10:15:00+05:30,2026-01-29 10:30:00+05:30,3888.322277636719,3914.762869124648,3853.327377137988,2026-01-29 10:35:00+05:30,3853.327377137988,TARGET,3.700000000000024,4.500000000000024,21.994457244873047,18.202709197998047,5.050099849700928,1.49068046684764,4.258107184208559,0.003665304427215548,0.45078594037143266,0.0,3914.762869124648,0.7400000000000049,0.9000000000000048,50000.0,5.0,250000.0,1850.0000000000123,2250.000000000012
2026-01-29,EXIDEIND,SHORT,A_MOD_BREAK_C1_LOW,MODERATE,2026-01-29 10:30:00+05:30,2026-01-29 10:45:00+05:30,314.48707779541013,316.6255899244189,311.65669409525145,2026-01-29 11:39:00+05:30,316.6255899244189,SL,-4.19999999999993,-3.399999999999931,22.749589920043945,21.24210548400879,6.66379451751709,2.501707417887937,3.537212245418561,0.004380600298411864,0.5512438488006592,0.0,316.6255899244189,-0.8399999999999861,-0.6799999999999862,50000.0,5.0,250000.0,-2099.999999999965,-1699.9999999999654
2026-01-29,GANDHAR,SHORT,A_MOD_BREAK_C1_LOW,MODERATE,2026-01-29 10:30:00+05:30,2026-01-29 10:45:00+05:30,150.3000061035156,151.3220461450195,148.94730604858398,2026-01-29 15:30:00+05:30,149.3000030517578,EOD,2.5266899905149454,3.3266899905149447,20.031414031982422,29.523653030395508,7.317122459411621,1.1538510783017553,2.467791837777588,0.006978947610190577,0.3623951491825435,0.0,151.3220461450195,0.5053379981029891,0.665337998102989,50000.0,5.0,250000.0,1263.3449952574726,1663.3449952574726
2026-01-29,GARUDA,SHORT,A_MOD_BREAK_C1_LOW,MODERATE,2026-01-29 10:30:00+05:30,2026-01-29 10:45:00+05:30,155.77000732421874,156.8292433740234,154.36807725830076,2026-01-29 10:58:00+05:30,154.36807725830076,TARGET,3.7000000000000375,4.500000000000038,20.13504981994629,32.4597053527832,7.321896076202393,1.8118921956429386,2.057115621283806,0.008324172252263779,0.4791068815367086,0.0,156.8292433740234,0.7400000000000075,0.9000000000000076,50000.0,5.0,250000.0,1850.0000000000189,2250.000000000019
2026-01-29,AEROFLEX,LONG,B_HUGE_C1_CLOSE_RECLAIM_BREAK,HUGE,2026-01-29 11:30:00+05:30,2026-01-29 12:00:00+05:30,188.12000732421876,187.0289112817383,190.18932740478516,2026-01-29 12:01:00+05:30,190.18932740478516,TARGET,4.699999999999981,5.4999999999999805,48.127952575683594,88.37934112548828,69.37325286865234,1.6675204957335046,4.636214256599403,0.019198784958016628,8.780566984046446,0.0,187.0289112817383,0.9399999999999962,1.099999999999996,100000.0,5.0,500000.0,4699.999999999981,5499.999999999981
2026-01-29,DREDGECORP,LONG,B_HUGE_GREEN_PULLBACK_HOLD_THEN_BREAK,HUGE,2026-01-29 11:30:00+05:30,2026-01-29 12:30:00+05:30,1103.6207044189453,1097.2197043333153,1115.7605321675535,2026-01-29 12:31:00+05:30,1115.7605321675535,TARGET,4.699999999999928,5.499999999999928,42.6312255859375,75.7920150756836,81.2550048828125,2.834373272322873,2.8677413595536487,0.010167702008538842,8.184929997584662,0.0,1097.2197043333153,0.9399999999999857,1.0999999999999857,100000.0,5.0,500000.0,4699.999999999929,5499.999999999928
2026-01-29,ABCAPITAL,SHORT,A_MOD_BREAK_C1_LOW,MODERATE,2026-01-29 12:15:00+05:30,2026-01-29 12:30:00+05:30,337.13257220458985,339.42507369558103,334.09837905474853,2026-01-29 12:45:00+05:30,334.09837905474853,TARGET,3.700000000000009,4.500000000000009,20.028274536132812,24.79205322265625,5.029154300689697,2.5511269603118025,2.6981463591478074,0.007551684790626072,0.5104241180419922,0.0,339.42507369558103,0.7400000000000018,0.9000000000000018,50000.0,5.0,250000.0,1850.0000000000043,2250.0000000000045
2026-01-29,EMUDHRA,SHORT,A_MOD_BREAK_C1_LOW,MODERATE,2026-01-29 12:15:00+05:30,2026-01-29 12:30:00+05:30,500.69982779541016,504.1045866244189,496.1935293452515,2026-01-29 12:32:00+05:30,496.1935293452515,TARGET,3.69999999999999,4.49999999999999,21.27307891845703,21.196332931518555,4.422006607055664,1.4593040200881202,2.4448314952736303,0.008807544395744356,0.43447438729227644,0.0,504.1045866244189,0.739999999999998,0.899999999999998,50000.0,5.0,250000.0,1849.9999999999948,2249.999999999995
2026-01-29,ABB,LONG,B_HUGE_GREEN_PULLBACK_HOLD_THEN_BREAK,HUGE,2026-01-29 11:45:00+05:30,2026-01-29 12:45:00+05:30,5534.6067,5502.50598114,5595.4873737,2026-01-29 12:54:00+05:30,5502.50598114,SL,-3.7000000000000544,-2.900000000000054,57.29492950439453,87.43741607666016,81.8754653930664,1.7911095196755185,6.556621056624373,0.011114728678978891,10.754577304554651,0.0,5502.50598114,-0.7400000000000109,-0.5800000000000108,100000.0,5.0,500000.0,-3700.0000000000546,-2900.000000000054
2026-01-29,DOMS,SHORT,A_MOD_BREAK_C1_LOW,MODERATE,2026-01-29 12:30:00+05:30,2026-01-29 12:45:00+05:30,2276.9444223632813,2292.4276444353513,2256.451922562012,2026-01-29 15:10:00+05:30,2292.4276444353513,SL,-4.199999999999936,-3.399999999999936,23.856884002685547,21.980863571166992,3.2606074810028076,2.615578042848766,2.8690392930711277,0.005736856835176737,0.5678532600402832,0.0,2292.4276444353513,-0.8399999999999872,-0.6799999999999872,50000.0,5.0,250000.0,-2099.999999999968,-1699.999999999968
2026-01-29,GREENPLY,SHORT,A_MOD_BREAK_C1_LOW,MODERATE,2026-01-29 13:15:00+05:30,2026-01-29 13:30:00+05:30,217.39999694824218,218.8783169274902,215.443396975708,2026-01-29 14:02:00+05:30,218.8783169274902,SL,-4.199999999999956,-3.399999999999956,22.2238826751709,30.79424476623535,6.12933874130249,2.0891203336003814,3.012469879174903,0.006150570857401693,0.5433582401275634,0.0,218.8783169274902,-0.8399999999999912,-0.6799999999999912,50000.0,5.0,250000.0,-2099.999999999978,-1699.999999999978
2026-01-29,GRAVITA,LONG,B_HUGE_GREEN_PULLBACK_HOLD_THEN_BREAK,HUGE,2026-01-29 12:30:00+05:30,2026-01-29 14:00:00+05:30,1594.5187911621094,1585.2705821733691,1612.0584978648924,2026-01-29 14:44:00+05:30,1612.0584978648924,TARGET,4.699999999999921,5.49999999999992,38.79933166503906,75.45443725585938,76.74296569824219,3.213383924645445,2.914892348064651,0.007118015247095321,8.53795124207899,0.0,1585.2705821733691,0.9399999999999842,1.099999999999984,100000.0,5.0,500000.0,4699.999999999921,5499.999999999921
2026-01-29,SUNTECK,LONG,B_HUGE_C1_CLOSE_RECLAIM_BREAK,HUGE,2026-01-29 13:30:00+05:30,2026-01-29 14:00:00+05:30,388.27765220947265,386.0256418266577,392.5487063837768,2026-01-29 14:41:00+05:30,392.5487063837768,TARGET,4.699999999999925,5.499999999999924,34.97333526611328,73.09196472167969,73.98623657226562,2.624329849562345,3.959146902417222,0.006504385982927766,8.554173558693748,0.0,386.0256418266577,0.9399999999999848,1.0999999999999848,100000.0,5.0,500000.0,4699.999999999924,5499.9999999999245
2026-01-29,KSL,LONG,B_HUGE_C1_CLOSE_RECLAIM_BREAK,HUGE,2026-01-29 13:45:00+05:30,2026-01-29 14:15:00+05:30,712.0924022094727,707.9622662766577,719.9254186337768,2026-01-29 14:16:00+05:30,719.9254186337768,TARGET,4.6999999999999345,5.499999999999934,54.82277297973633,77.42774963378906,61.55930709838867,3.719764251559564,4.087418395336096,0.0051117227131834645,10.757306145532931,0.0,707.9622662766577,0.9399999999999868,1.0999999999999868,100000.0,5.0,500000.0,4699.9999999999345,5499.999999999934
2026-01-29,MOTHERSON,LONG,B_HUGE_C1_CLOSE_RECLAIM_BREAK,HUGE,2026-01-29 13:45:00+05:30,2026-01-29 14:15:00+05:30,113.36999969482422,112.71245369659424,114.61706969146726,2026-01-29 15:30:00+05:30,114.0,EOD,1.9785141874907584,2.7785141874907584,51.71412658691406,78.41056060791016,88.6722183227539,3.1851749334633217,3.203875865248905,0.004677034261717722,9.168608799610968,0.0,112.71245369659424,0.39570283749815166,0.5557028374981516,100000.0,5.0,500000.0,1978.5141874907583,2778.514187490758
2026-01-29,SANGHVIMOV,LONG,B_HUGE_C1_CLOSE_RECLAIM_BREAK,HUGE,2026-01-29 13:45:00+05:30,2026-01-29 14:15:00+05:30,290.2580522094727,288.5745555066577,293.45089078377686,2026-01-29 14:59:00+05:30,293.45089078377686,TARGET,4.69999999999996,5.499999999999959,35.86238098144531,69.59780883789062,80.24857330322266,2.7294809331770806,2.36095669235575,0.007482522785125342,7.625596178531081,0.0,288.5745555066577,0.939999999999992,1.0999999999999919,100000.0,5.0,500000.0,4699.999999999959,5499.99999999996
2026-01-30,KRBL,LONG,B_HUGE_GREEN_PULLBACK_HOLD_THEN_BREAK,HUGE,2026-01-30 10:00:00+05:30,2026-01-30 11:00:00+05:30,338.36764779052737,336.4051154333423,342.08969191622316,2026-01-30 13:56:00+05:30,342.08969191622316,TARGET,4.6999999999999815,5.499999999999981,29.687795639038086,74.57539367675781,76.47134399414062,1.9955888266019417,3.6048066960020453,0.00676062811350701,7.712291420159513,0.0,336.4051154333423,0.9399999999999964,1.0999999999999963,100000.0,5.0,500000.0,4699.999999999982,5499.999999999982
2026-01-30,SSWL,LONG,B_HUGE_GREEN_PULLBACK_HOLD_THEN_BREAK,HUGE,2026-01-30 10:00:00+05:30,2026-01-30 11:00:00+05:30,200.79000549316407,199.6254234613037,202.99869555358885,2026-01-30 11:08:00+05:30,202.99869555358885,TARGET,4.699999999999918,5.499999999999917,43.29778289794922,81.49124908447266,85.02615356445312,1.5296162100844817,3.3993772632910697,0.011320907653937213,7.4159435149315005,0.0,199.6254234613037,0.9399999999999835,1.0999999999999834,100000.0,5.0,500000.0,4699.999999999918,5499.999999999917
2026-01-30,PRUDENT,LONG,B_HUGE_C1_CLOSE_RECLAIM_BREAK,HUGE,2026-01-30 10:30:00+05:30,2026-01-30 11:00:00+05:30,2412.6823911621095,2398.688833293369,2439.2218974648927,2026-01-30 11:01:00+05:30,2439.2218974648927,TARGET,4.699999999999988,5.499999999999988,42.062679290771484,89.30599975585938,94.19914245605469,2.727045338448235,5.068506165090797,0.0071392996970963945,10.150839355300363,0.0,2398.688833293369,0.9399999999999975,1.0999999999999974,100000.0,5.0,500000.0,4699.999999999987,5499.999999999987
2026-01-30,AARTIIND,LONG,B_HUGE_C1_CLOSE_RECLAIM_BREAK,HUGE,2026-01-30 11:00:00+05:30,2026-01-30 11:30:00+05:30,369.27385220947264,367.1320638666577,373.3358645837768,2026-01-30 11:55:00+05:30,367.1320638666577,SL,-3.700000000000009,-2.900000000000009,22.10997200012207,78.0803451538086,90.91539001464844,1.5357745306187294,4.439920111251766,0.007516246197908306,7.154684785387443,0.0,367.1320638666577,-0.7400000000000018,-0.5800000000000017,100000.0,5.0,500000.0,-3700.0000000000086,-2900.0000000000086
2026-01-30,VTL,LONG,B_HUGE_GREEN_PULLBACK_HOLD_THEN_BREAK,HUGE,2026-01-30 10:30:00+05:30,2026-01-30 11:45:00+05:30,460.0420022094727,457.37375859665775,465.10246423377686,2026-01-30 11:46:00+05:30,465.10246423377686,TARGET,4.699999999999971,5.499999999999971,24.69189453125,81.35569763183594,92.49066925048828,1.3590085452750857,4.659243596241036,0.012762556707551316,7.590143226415705,0.0,457.37375859665775,0.9399999999999942,1.099999999999994,100000.0,5.0,500000.0,4699.999999999971,5499.99999999997
2026-01-30,HUDCO,SHORT,A_MOD_BREAK_C1_LOW,MODERATE,2026-01-30 12:45:00+05:30,2026-01-30 13:00:00+05:30,190.95999450683593,192.2585224694824,189.2413545562744,2026-01-30 13:13:00+05:30,189.2413545562744,TARGET,3.70000000000004,4.500000000000039,47.81159591674805,22.732501983642578,6.890752792358398,1.3262431666035779,2.3223036460994475,0.009832537613290053,0.8092664929068467,0.0,192.2585224694824,0.740000000000008,0.9000000000000079,50000.0,5.0,250000.0,1850.00000000002,2250.0000000000196
2026-01-30,JASH,LONG,B_HUGE_C1_CLOSE_RECLAIM_BREAK,HUGE,2026-01-30 13:00:00+05:30,2026-01-30 13:30:00+05:30,382.67652610473635,380.4570022533289,386.8859678918884,2026-01-30 14:01:00+05:30,386.8859678918884,TARGET,4.699999999999948,5.499999999999947,48.724151611328125,75.38664245605469,88.28213500976562,2.4712651967877117,3.151123046875,0.006860951275807833,8.295832719787832,0.0,380.4570022533289,0.9399999999999895,1.0999999999999894,100000.0,5.0,500000.0,4699.999999999947,5499.999999999946
2026-01-30,AGI,SHORT,A_MOD_BREAK_C1_LOW,MODERATE,2026-01-30 13:45:00+05:30,2026-01-30 14:00:00+05:30,627.4244777954102,631.690964244419,621.7776574952516,2026-01-30 14:06:00+05:30,621.7776574952516,TARGET,3.6999999999999678,4.499999999999967,29.15218162536621,26.65088653564453,4.220143795013428,3.5453160504099244,3.2810240634123793,0.005505426182534351,0.6472827243804931,0.0,631.690964244419,0.7399999999999936,0.8999999999999935,50000.0,5.0,250000.0,1849.9999999999839,2249.9999999999836
2026-01-30,LUXIND,LONG,B_HUGE_GREEN_PULLBACK_HOLD_THEN_BREAK,HUGE,2026-01-30 11:00:00+05:30,2026-01-30 14:15:00+05:30,926.9853477905274,921.6088327733423,937.1821866162231,2026-01-30 15:30:00+05:30,921.6088327733423,SL,-3.699999999999999,-2.8999999999999986,23.430166244506836,77.64437103271484,95.79387664794922,2.174270421781161,3.8582024013629286,0.005783061751651555,7.3473641310851585,0.0,921.6088327733423,-0.7399999999999998,-0.5799999999999997,100000.0,5.0,500000.0,-3699.9999999999986,-2899.9999999999986
2026-01-30,AADHARHFC,LONG,B_HUGE_GREEN_PULLBACK_HOLD_THEN_BREAK,HUGE,2026-01-30 11:30:00+05:30,2026-01-30 14:15:00+05:30,488.7477238952637,485.91298709667115,494.12394885811153,2026-01-30 14:29:00+05:30,485.91298709667115,SL,-3.700000000000001,-2.900000000000001,27.43460464477539,77.60567474365234,91.37825012207031,2.9920218051862886,3.3018833243771684,0.004892372203205009,8.638769068401063,0.0,485.91298709667115,-0.7400000000000002,-0.5800000000000002,100000.0,5.0,500000.0,-3700.000000000001,-2900.000000000001
2026-01-30,KRN,LONG,B_HUGE_C1_CLOSE_RECLAIM_BREAK,HUGE,2026-01-30 14:00:00+05:30,2026-01-30 14:30:00+05:30,639.1278,635.42085876,646.1582057999999,2026-01-30 14:31:00+05:30,646.1582057999999,TARGET,4.699999999999943,5.499999999999943,21.469717025756836,80.49429321289062,87.45458221435547,3.597143205746933,3.4240307584938083,0.007405544483978797,9.238785192705038,0.0,635.42085876,0.9399999999999886,1.0999999999999885,100000.0,5.0,500000.0,4699.999999999943,5499.999999999943
2026-02-01,GALAPREC,LONG,B_HUGE_C1_CLOSE_RECLAIM_BREAK,HUGE,2026-02-01 10:00:00+05:30,2026-02-01 10:30:00+05:30,803.2105977905273,798.5519763233423,812.0459143662231,2026-02-01 10:31:00+05:30,812.0459143662231,TARGET,4.699999999999963,5.499999999999963,43.13101577758789,89.39163208007812,89.08363342285156,1.303370113034657,6.451361972749588,0.014956385286016272,10.100008134007275,0.0,798.5519763233423,0.9399999999999926,1.0999999999999925,100000.0,5.0,500000.0,4699.999999999963,5499.999999999963
2026-02-01,BALMLAWRIE,LONG,A_MOD_BREAK_C1_HIGH,MODERATE,2026-02-01 10:15:00+05:30,2026-02-01 10:30:00+05:30,173.52999572753907,172.52352175231934,175.43882568054198,2026-02-01 11:25:00+05:30,175.43882568054198,TARGET,4.699999999999936,5.499999999999936,20.512149810791016,60.49282455444336,61.75665283203125,1.1122244037539235,1.2308501130329637,0.005027787949521054,3.5281967260052975,0.0,172.52352175231934,0.9399999999999873,1.0999999999999872,100000.0,5.0,500000.0,4699.999999999937,5499.999999999936
2026-02-01,OLECTRA,LONG,B_HUGE_GREEN_PULLBACK_HOLD_THEN_BREAK,HUGE,2026-02-01 10:00:00+05:30,2026-02-01 11:00:00+05:30,1118.4235911621095,1111.9367343333693,1130.7262506648926,2026-02-01 11:02:00+05:30,1130.7262506648926,TARGET,4.699999999999987,5.499999999999986,24.126815795898438,77.73955535888672,91.4745101928711,2.080707481838042,3.635685867455329,0.006590448266310657,7.474574536793938,0.0,1111.9367343333693,0.9399999999999973,1.0999999999999972,100000.0,5.0,500000.0,4699.999999999986,5499.999999999985
2026-02-01,FILATEX,LONG,B_HUGE_C1_CLOSE_RECLAIM_BREAK,HUGE,2026-02-01 10:30:00+05:30,2026-02-01 11:00:00+05:30,46.48999862670898,46.22035663467407,47.00138861160278,2026-02-01 11:44:00+05:30,46.22035663467407,SL,-3.700000000000009,-2.900000000000009,37.083499908447266,67.41258239746094,53.847068786621094,1.1416404156213247,1.4948050551517642,0.007859616420637578,4.8379220704548915,0.0,46.22035663467407,-0.7400000000000018,-0.5800000000000017,100000.0,5.0,500000.0,-3700.0000000000086,-2900.0000000000086
2026-02-01,AFFLE,LONG,A_MOD_BREAK_C1_HIGH,MODERATE,2026-02-01 11:00:00+05:30,2026-02-01 11:15:00+05:30,1612.3224,1602.97093008,1630.0579463999998,2026-02-01 11:16:00+05:30,1630.0579463999998,TARGET,4.699999999999922,5.499999999999922,22.639577865600586,70.28492736816406,82.970458984375,0.5251327019600215,2.02625966168737,0.014378771296801698,3.7552490029519214,0.0,1602.97093008,0.9399999999999844,1.0999999999999843,100000.0,5.0,500000.0,4699.999999999922,5499.999999999922
2026-02-01,HIMATSEIDE,LONG,B_HUGE_GREEN_PULLBACK_HOLD_THEN_BREAK,HUGE,2026-02-01 10:00:00+05:30,2026-02-01 11:30:00+05:30,107.31000213623047,106.68760412384033,108.49041215972899,2026-02-01 11:36:00+05:30,106.68760412384033,SL,-3.6999999999999944,-2.899999999999995,29.751293182373047,72.6303939819336,81.79142761230469,1.079622837940813,3.1893514122757916,0.009245644662981835,5.914517472727539,0.0,106.68760412384033,-0.7399999999999989,-0.579999999999999,100000.0,5.0,500000.0,-3699.9999999999945,-2899.9999999999945
2026-02-01,INDIANB,SHORT,A_MOD_BREAK_C1_LOW,MODERATE,2026-02-01 12:00:00+05:30,2026-02-01 12:15:00+05:30,878.0243722045899,883.994937935581,870.1221528547486,2026-02-01 12:19:00+05:30,870.1221528547486,TARGET,3.6999999999999886,4.4999999999999885,33.16893005371094,27.238954544067383,21.921733856201172,1.8779900870593562,2.700202159740914,0.00890774807768942,0.6861822160410513,0.0,883.994937935581,0.7399999999999978,0.8999999999999977,50000.0,5.0,250000.0,1849.9999999999945,2249.999999999994
2026-02-01,BANKINDIA,SHORT,A_MOD_BREAK_C1_LOW,MODERATE,2026-02-01 12:15:00+05:30,2026-02-01 12:30:00+05:30,154.27000732421874,155.3190433740234,152.88157725830078,2026-02-01 12:31:00+05:30,152.88157725830078,TARGET,3.6999999999999678,4.499999999999967,38.57444381713867,20.240110397338867,7.18445348739624,2.100699118323677,3.317930776998337,0.011445579667822135,0.7886166572570801,0.0,155.3190433740234,0.7399999999999936,0.8999999999999935,50000.0,5.0,250000.0,1849.9999999999839,2249.9999999999836
2026-02-01,DEEPAKFERT,SHORT,A_MOD_BREAK_C1_LOW,MODERATE,2026-02-01 12:15:00+05:30,2026-02-01 12:30:00+05:30,1015.8967555908204,1022.8048535288378,1006.7536847905029,2026-02-01 12:31:00+05:30,1006.7536847905029,TARGET,3.7000000000000313,4.50000000000003,24.249547958374023,32.833316802978516,4.018714427947998,2.16726808942355,2.5484141739222417,0.011090025437616668,0.5737432193756102,0.0,1022.8048535288378,0.7400000000000062,0.9000000000000061,50000.0,5.0,250000.0,1850.0000000000155,2250.0000000000155
2026-02-01,MAHABANK,SHORT,A_MOD_BREAK_C1_LOW,MODERATE,2026-02-01 12:15:00+05:30,2026-02-01 12:30:00+05:30,63.10000152587891,63.52908153625488,62.532101512146,2026-02-01 12:31:00+05:30,62.532101512146,TARGET,3.6999999999999975,4.499999999999997,21.71331787109375,29.01271629333496,9.605545997619629,1.258802073579094,2.1155560160610967,0.007797337067829597,0.40599013094274766,0.0,63.52908153625488,0.7399999999999995,0.8999999999999995,50000.0,5.0,250000.0,1849.9999999999989,2249.9999999999986
2026-02-01,NORTHARC,SHORT,A_MOD_BREAK_C1_LOW,MODERATE,2026-02-01 14:00:00+05:30,2026-02-01 14:15:00+05:30,260.9478,262.72224503999996,258.59926979999995,2026-02-01 14:16:00+05:30,258.59926979999995,TARGET,3.7000000000000535,4.500000000000053,27.420928955078125,33.93229293823242,14.767890930175781,2.4602317804133227,1.966827196230993,0.009431907550164473,0.6196552941377216,0.0,262.72224503999996,0.7400000000000106,0.9000000000000107,50000.0,5.0,250000.0,1850.0000000000266,2250.000000000027
2026-02-01,GABRIEL,SHORT,A_MOD_BREAK_C1_LOW,MODERATE,2026-02-01 14:15:00+05:30,2026-02-01 14:30:00+05:30,900.56985,906.6937249799998,892.46472135,2026-02-01 15:01:00+05:30,906.6937249799998,SL,-4.199999999999927,-3.399999999999927,28.267126083374023,32.94293212890625,11.104958534240723,2.5558092626509685,2.2018921381832475,0.008471557542879801,0.6340068912506103,0.0,906.6937249799998,-0.8399999999999854,-0.6799999999999854,50000.0,5.0,250000.0,-2099.9999999999636,-1699.9999999999634
2026-02-02,IEX,SHORT,A_MOD_BREAK_C1_LOW,MODERATE,2026-02-02 10:00:00+05:30,2026-02-02 10:15:00+05:30,121.7999984741211,122.6282384637451,120.703798487854,2026-02-02 10:16:00+05:30,120.703798487854,TARGET,3.700000000000021,4.500000000000021,40.0098762512207,23.506929397583008,10.963611602783203,1.0615183844393346,3.1888466276066256,0.007409959448117115,0.645913861045194,0.0,122.6282384637451,0.7400000000000042,0.9000000000000042,50000.0,5.0,250000.0,1850.0000000000105,2250.0000000000105
2026-02-02,PRECAM,SHORT,A_PULLBACK_C2_THEN_BREAK_C2_LOW,MODERATE,2026-02-02 10:00:00+05:30,2026-02-02 10:30:00+05:30,141.0000030517578,141.95880307250974,139.731003024292,2026-02-02 10:45:00+05:30,139.731003024292,TARGET,3.6999999999999558,4.499999999999956,25.695676803588867,25.51032829284668,0.653106153011322,0.9234361347405226,3.325882680820818,0.008821599641675393,0.40703647563342443,0.0,141.95880307250974,0.7399999999999911,0.899999999999991,50000.0,5.0,250000.0,1849.9999999999777,2249.9999999999777
2026-02-02,LINDEINDIA,SHORT,A_MOD_BREAK_C1_LOW,MODERATE,2026-02-02 10:15:00+05:30,2026-02-02 10:30:00+05:30,5853.829,5893.635037199999,5801.144539,2026-02-02 14:32:00+05:30,5893.635037199999,SL,-4.199999999999921,-3.399999999999922,23.589679718017578,25.261083602905273,1.9680850505828857,1.2771649630773383,2.900057320495477,0.0038585327533878833,0.4373490643087979,0.0,5893.635037199999,-0.8399999999999843,-0.6799999999999844,50000.0,5.0,250000.0,-2099.999999999961,-1699.9999999999611
2026-02-02,AXISBANK,SHORT,A_MOD_BREAK_C1_LOW,MODERATE,2026-02-02 10:30:00+05:30,2026-02-02 10:45:00+05:30,1327.9343111816406,1336.9642644976757,1315.982902381006,2026-02-02 13:14:00+05:30,1315.982902381006,TARGET,3.699999999999969,4.499999999999968,42.03583526611328,28.944135665893555,10.867176055908203,0.9559174163774197,1.9239055602802413,0.006806809694909673,0.6540183548717597,0.0,1336.9642644976757,0.7399999999999938,0.8999999999999937,50000.0,5.0,250000.0,1849.9999999999845,2249.999999999984
2026-02-02,EIMCOELECO,SHORT,A_MOD_BREAK_C1_LOW,MODERATE,2026-02-02 10:30:00+05:30,2026-02-02 10:45:00+05:30,1666.0667444091796,1677.395998271162,1651.072143709497,2026-02-02 11:03:00+05:30,1677.395998271162,SL,-4.19999999999998,-3.399999999999979,23.90155029296875,33.60518264770508,12.48740291595459,1.196747521002715,2.052785652074484,0.01173512782374397,0.4279540705700064,0.0,1677.395998271162,-0.8399999999999959,-0.6799999999999958,50000.0,5.0,250000.0,-2099.9999999999895,-1699.9999999999895
2026-02-02,HERITGFOOD,SHORT,A_MOD_BREAK_C1_LOW,MODERATE,2026-02-02 10:30:00+05:30,2026-02-02 10:45:00+05:30,347.4305,349.79302739999997,344.3036255,2026-02-02 14:42:00+05:30,344.3036255,TARGET,3.699999999999979,4.499999999999979,44.848087310791016,21.872934341430664,1.9940143823623657,1.5766642550546108,3.278133816023352,0.005383859063575682,0.8086375542964221,0.0,349.79302739999997,0.7399999999999958,0.8999999999999958,50000.0,5.0,250000.0,1849.9999999999895,2249.9999999999895
2026-02-02,HUDCO,SHORT,A_MOD_BREAK_C1_LOW,MODERATE,2026-02-02 10:30:00+05:30,2026-02-02 10:45:00+05:30,184.14999694824218,185.4022169274902,182.492646975708,2026-02-02 10:55:00+05:30,182.492646975708,TARGET,3.6999999999999944,4.499999999999995,29.559093475341797,26.424968719482422,3.0698511600494385,1.0871570719733457,2.8514117922190603,0.012210349703829454,0.4936388897254624,0.0,185.4022169274902,0.7399999999999989,0.8999999999999989,50000.0,5.0,250000.0,1849.9999999999973,2249.9999999999973
2026-02-02,NAUKRI,SHORT,A_MOD_BREAK_C1_LOW,MODERATE,2026-02-02 10:30:00+05:30,2026-02-02 10:45:00+05:30,1235.7528,1244.1559190399998,1224.6310248,2026-02-02 11:04:00+05:30,1224.6310248,TARGET,3.700000000000001,4.500000000000001,22.31656265258789,38.79560089111328,31.904861450195312,0.6493840153189331,1.2193135775875903,0.010200787823111637,0.2693563213490111,0.0,1244.1559190399998,0.7400000000000002,0.9000000000000001,50000.0,5.0,250000.0,1850.0000000000005,2250.0000000000005
2026-02-02,WELCORP,SHORT,A_MOD_BREAK_C1_LOW,MODERATE,2026-02-02 10:30:00+05:30,2026-02-02 10:45:00+05:30,719.8060222045898,724.700703155581,713.3277680047485,2026-02-02 11:01:00+05:30,713.3277680047485,TARGET,3.7000000000000166,4.500000000000016,22.822616577148438,32.214534759521484,9.020064353942871,1.134125184823535,2.448006461907231,0.006766598134312584,0.40081115600134515,0.0,724.700703155581,0.7400000000000033,0.9000000000000032,50000.0,5.0,250000.0,1850.0000000000084,2250.000000000008
2026-02-02,TOLINS,SHORT,A_PULLBACK_C2_THEN_BREAK_C2_LOW,MODERATE,2026-02-02 10:30:00+05:30,2026-02-02 11:00:00+05:30,116.50000305175782,117.29220307250976,115.451503024292,2026-02-02 11:01:00+05:30,115.451503024292,TARGET,3.700000000000001,4.500000000000001,38.305572509765625,27.84463119506836,7.587239742279053,1.1910984541725067,2.5295297192469115,0.007930394455561053,0.643025817126673,0.0,117.29220307250976,0.7400000000000002,0.9000000000000001,50000.0,5.0,250000.0,1850.0000000000005,2250.0000000000005
2026-02-02,ASAL,SHORT,A_MOD_BREAK_C1_LOW,MODERATE,2026-02-02 10:45:00+05:30,2026-02-02 11:00:00+05:30,439.6120722045898,442.601434295581,435.6555635547485,2026-02-02 11:03:00+05:30,435.6555635547485,TARGET,3.7000000000000357,4.5000000000000355,31.60515022277832,24.13347625732422,5.604427337646484,1.6378189222114237,3.5286115694881985,0.006441078631865847,0.6206955647286738,0.0,442.601434295581,0.7400000000000071,0.900000000000007,50000.0,5.0,250000.0,1850.0000000000177,2250.0000000000177
2026-02-02,HDFCLIFE,SHORT,A_MOD_BREAK_C1_LOW,MODERATE,2026-02-02 10:45:00+05:30,2026-02-02 11:00:00+05:30,714.857,719.7180275999999,708.423287,2026-02-02 15:30:00+05:30,718.0,EOD,-2.9983417662553693,-2.1983417662553695,26.84290313720703,36.24705505371094,39.45247268676758,0.5419198451155329,1.2616160211895597,0.0060535266827475235,0.3205603210128017,0.0,719.7180275999999,-0.5996683532510738,-0.4396683532510739,50000.0,5.0,250000.0,-1499.1708831276844,-1099.1708831276846
2026-02-02,ABREL,SHORT,A_MOD_BREAK_C1_LOW,MODERATE,2026-02-02 11:00:00+05:30,2026-02-02 11:15:00+05:30,1205.4588111816406,1213.6559310976756,1194.6096818810058,2026-02-02 11:18:00+05:30,1194.6096818810058,TARGET,3.700000000000009,4.500000000000009,29.610031127929688,32.58793640136719,31.3226261138916,1.086268069313577,2.2208693119305236,0.011858410633071761,0.49424737904882127,0.0,1213.6559310976756,0.7400000000000018,0.9000000000000017,50000.0,5.0,250000.0,1850.0000000000043,2250.000000000004
2026-02-02,DBREALTY,SHORT,A_MOD_BREAK_C1_LOW,MODERATE,2026-02-02 11:00:00+05:30,2026-02-02 11:15:00+05:30,100.95,101.63646,100.04145,2026-02-02 11:16:00+05:30,100.04145,TARGET,3.7000000000000255,4.500000000000026,39.32966232299805,37.8031120300293,46.01202392578125,0.9625450813234031,1.5027711580446161,0.011538523330597246,0.5935288819787969,0.0,101.63646,0.7400000000000051,0.9000000000000051,50000.0,5.0,250000.0,1850.0000000000127,2250.0000000000127
2026-02-02,DHANUKA,SHORT,A_MOD_BREAK_C1_LOW,MODERATE,2026-02-02 11:00:00+05:30,2026-02-02 11:15:00+05:30,1073.8851555908202,1081.1875746488377,1064.2201891905029,2026-02-02 11:35:00+05:30,1081.1875746488377,SL,-4.199999999999941,-3.3999999999999404,35.88215255737305,32.4233512878418,39.54462432861328,0.7530746876367936,1.659821935761959,0.00861131002736646,0.5130114554851326,0.0,1081.1875746488377,-0.8399999999999881,-0.6799999999999881,50000.0,5.0,250000.0,-2099.9999999999704,-1699.9999999999702
2026-02-02,FEDFINA,SHORT,A_MOD_BREAK_C1_LOW,MODERATE,2026-02-02 11:00:00+05:30,2026-02-02 11:15:00+05:30,134.45,135.36425999999997,133.23995,2026-02-02 12:08:00+05:30,133.23995,TARGET,3.6999999999999833,4.499999999999983,34.264530181884766,22.121931076049805,1.4758037328720093,1.6210537874618036,3.3274727508320843,0.01115307347523184,0.6576523655340871,0.0,135.36425999999997,0.7399999999999967,0.8999999999999966,50000.0,5.0,250000.0,1849.9999999999916,2249.999999999992
2026-02-02,GLENMARK,SHORT,A_MOD_BREAK_C1_LOW,MODERATE,2026-02-02 11:00:00+05:30,2026-02-02 11:15:00+05:30,1864.9269888183594,1877.608492342324,1848.142645918994,2026-02-02 11:58:00+05:30,1848.142645918994,TARGET,3.700000000000033,4.500000000000033,46.7439079284668,21.984756469726562,8.702234268188477,1.7127657744093667,3.1123374123735195,0.011308020740172892,0.8608926294486412,0.0,1877.608492342324,0.7400000000000067,0.9000000000000066,50000.0,5.0,250000.0,1850.0000000000166,2250.0000000000164
2026-02-02,J&KBANK,SHORT,A_MOD_BREAK_C1_LOW,MODERATE,2026-02-02 11:00:00+05:30,2026-02-02 11:15:00+05:30,99.21000213623047,99.88463015075683,98.3171121170044,2026-02-02 12:19:00+05:30,99.88463015075683,SL,-4.199999999999976,-3.3999999999999764,62.01520919799805,17.305288314819336,5.425427436828613,1.7843466485754116,3.2815401955694816,0.007083944415846365,0.9222606635006969,0.0,99.88463015075683,-0.8399999999999952,-0.6799999999999953,50000.0,5.0,250000.0,-2099.999999999988,-1699.9999999999882
2026-02-02,LEMONTREE,SHORT,A_MOD_BREAK_C1_LOW,MODERATE,2026-02-02 11:00:00+05:30,2026-02-02 11:15:00+05:30,125.32000274658203,126.17217876525878,124.1921227218628,2026-02-02 13:06:00+05:30,126.17217876525878,SL,-4.199999999999944,-3.3999999999999435,40.078006744384766,29.523929595947266,11.594154357910156,0.9430920465622707,2.453569998105519,0.007226562060437724,0.6262112093141687,0.0,126.17217876525878,-0.8399999999999888,-0.6799999999999887,50000.0,5.0,250000.0,-2099.999999999972,-1699.9999999999718
2026-02-02,LICI,SHORT,A_MOD_BREAK_C1_LOW,MODERATE,2026-02-02 11:00:00+05:30,2026-02-02 11:15:00+05:30,790.8418,796.2195242399999,783.7242238,2026-02-02 14:49:00+05:30,796.2195242399999,SL,-4.199999999999941,-3.399999999999941,56.09169387817383,22.9844913482666,7.6919732093811035,1.7313224828102303,3.2091356825877524,0.004233274676606601,0.9129814344917901,0.0,796.2195242399999,-0.8399999999999881,-0.6799999999999882,50000.0,5.0,250000.0,-2099.9999999999704,-1699.9999999999704
2026-02-02,MOIL,SHORT,A_MOD_BREAK_C1_LOW,MODERATE,2026-02-02 11:00:00+05:30,2026-02-02 11:15:00+05:30,328.9342,331.17095255999993,325.9737922,2026-02-02 11:59:00+05:30,325.9737922,TARGET,3.699999999999978,4.499999999999977,42.56499099731445,20.02006721496582,2.414046287536621,1.819544836940639,3.513253152984395,0.01191019088640843,0.8168952114243286,0.0,331.17095255999993,0.7399999999999956,0.8999999999999955,50000.0,5.0,250000.0,1849.9999999999889,2249.9999999999886
2026-02-02,POLYMED,SHORT,A_MOD_BREAK_C1_LOW,MODERATE,2026-02-02 11:00:00+05:30,2026-02-02 11:15:00+05:30,1453.0093888183594,1462.889852662324,1439.932304318994,2026-02-02 11:34:00+05:30,1462.889852662324,SL,-4.199999999999937,-3.3999999999999373,32.77166748046875,29.23231315612793,1.6820062398910522,1.7406219155135527,3.0369707987507666,0.007952325264998119,0.656183847421903,0.0,1462.889852662324,-0.8399999999999874,-0.6799999999999875,50000.0,5.0,250000.0,-2099.9999999999686,-1699.9999999999686
2026-02-02,PRINCEPIPE,SHORT,A_MOD_BREAK_C1_LOW,MODERATE,2026-02-02 11:00:00+05:30,2026-02-02 11:15:00+05:30,233.95,235.54085999999998,231.84445,2026-02-02 11:27:00+05:30,231.84445,TARGET,3.699999999999987,4.499999999999987,26.83260154724121,30.468896865844727,3.1532106399536133,1.4010527200097909,2.4452375602124268,0.004581805477794419,0.5076732492103315,0.0,235.54085999999998,0.7399999999999973,0.8999999999999974,50000.0,5.0,250000.0,1849.9999999999934,2249.999999999993
2026-02-02,PSB,SHORT,A_MOD_BREAK_C1_LOW,MODERATE,2026-02-02 11:00:00+05:30,2026-02-02 11:15:00+05:30,26.499999237060546,26.680199231872557,26.261499243927002,2026-02-02 11:24:00+05:30,26.261499243927002,TARGET,3.6999999999999886,4.4999999999999885,24.171236038208008,30.014766693115234,9.232571601867676,1.3507087909770776,2.192681244468426,0.0071401619742857015,0.4589425789941087,0.0,26.680199231872557,0.7399999999999978,0.8999999999999977,50000.0,5.0,250000.0,1849.9999999999945,2249.999999999994
2026-02-02,PSPPROJECT,SHORT,A_MOD_BREAK_C1_LOW,MODERATE,2026-02-02 11:00:00+05:30,2026-02-02 11:15:00+05:30,699.4100777954102,704.1660663244189,693.1153870952514,2026-02-02 11:36:00+05:30,704.1660663244189,SL,-4.199999999999959,-3.399999999999959,49.28202819824219,23.231870651245117,1.999650239944458,1.5241183811560006,3.1987718279566857,0.010116026340523146,0.8659511396759327,0.0,704.1660663244189,-0.8399999999999919,-0.6799999999999918,50000.0,5.0,250000.0,-2099.9999999999795,-1699.9999999999795
2026-02-02,SAIL,SHORT,A_MOD_BREAK_C1_LOW,MODERATE,2026-02-02 11:00:00+05:30,2026-02-02 11:15:00+05:30,144.0500061035156,145.0295461450195,142.75355604858396,2026-02-02 11:52:00+05:30,142.75355604858396,TARGET,3.7000000000000464,4.500000000000047,27.717313766479492,34.878387451171875,29.244794845581055,0.6959402978450185,1.9130205231330089,0.010969931111321628,0.39320028477672103,0.0,145.0295461450195,0.7400000000000093,0.9000000000000093,50000.0,5.0,250000.0,1850.0000000000232,2250.000000000023
2026-02-02,SANGHVIMOV,SHORT,A_MOD_BREAK_C1_LOW,MODERATE,2026-02-02 11:00:00+05:30,2026-02-02 11:15:00+05:30,288.29233610229494,290.25272398779055,285.6977050773743,2026-02-02 12:19:00+05:30,290.25272398779055,SL,-4.200000000000001,-3.4000000000000012,24.087217330932617,32.95054626464844,7.466522216796875,1.3636280761283013,2.1373381487839165,0.008503686116926413,0.459943173286442,0.0,290.25272398779055,-0.8400000000000003,-0.6800000000000003,50000.0,5.0,250000.0,-2100.000000000001,-1700.0000000000007
2026-02-02,SAREGAMA,SHORT,A_MOD_BREAK_C1_LOW,MODERATE,2026-02-02 11:00:00+05:30,2026-02-02 11:15:00+05:30,325.23492779541016,327.4465253044189,322.30781344525144,2026-02-02 15:02:00+05:30,327.4465253044189,SL,-4.199999999999947,-3.399999999999947,34.907867431640625,22.18613052368164,1.8260133266448975,1.6956142448187925,2.929515868569642,0.008486670517325974,0.6803505043178981,0.0,327.4465253044189,-0.8399999999999894,-0.6799999999999894,50000.0,5.0,250000.0,-2099.9999999999736,-1699.9999999999734
2026-02-02,TARSONS,SHORT,A_MOD_BREAK_C1_LOW,MODERATE,2026-02-02 11:00:00+05:30,2026-02-02 11:15:00+05:30,190.2500030517578,191.54370307250974,188.537753024292,2026-02-02 11:24:00+05:30,188.537753024292,TARGET,3.6999999999999833,4.499999999999983,23.57569694519043,27.79421615600586,2.6952786445617676,1.9548293585876897,3.0886660536536765,0.00603172812098665,0.5557305919307021,0.0,191.54370307250974,0.7399999999999967,0.8999999999999966,50000.0,5.0,250000.0,1849.9999999999916,2249.999999999992
2026-02-02,VINDHYATEL,SHORT,A_MOD_BREAK_C1_LOW,MODERATE,2026-02-02 11:00:00+05:30,2026-02-02 11:15:00+05:30,1172.7654,1180.7402047199998,1162.2105114,2026-02-02 11:16:00+05:30,1162.2105114,TARGET,3.6999999999999633,4.499999999999964,27.144926071166992,30.18800926208496,4.344150543212891,1.3357773610473553,2.01400239121354,0.009042739868164062,0.5009349292507921,0.0,1180.7402047199998,0.7399999999999927,0.8999999999999927,50000.0,5.0,250000.0,1849.9999999999816,2249.999999999982
2026-02-02,VPRPL,SHORT,A_MOD_BREAK_C1_LOW,MODERATE,2026-02-02 11:00:00+05:30,2026-02-02 11:15:00+05:30,42.959998321533206,43.25212631011963,42.57335833663941,2026-02-02 11:34:00+05:30,43.25212631011963,SL,-4.199999999999959,-3.3999999999999595,20.62055206298828,30.76190185546875,1.731640338897705,1.8054008512108808,2.6738462977105186,0.008536239137624722,0.4852534299067283,0.0,43.25212631011963,-0.8399999999999919,-0.6799999999999919,50000.0,5.0,250000.0,-2099.9999999999795,-1699.99999999998
2026-02-02,ZEEL,SHORT,A_MOD_BREAK_C1_LOW,MODERATE,2026-02-02 11:00:00+05:30,2026-02-02 11:15:00+05:30,80.57000274658203,81.11787876525878,79.8448727218628,2026-02-02 11:59:00+05:30,79.8448727218628,TARGET,3.699999999999978,4.499999999999978,50.002010345458984,35.04487228393555,46.258583068847656,1.4749676304220027,1.9619332847049833,0.0075588478822047915,0.8662159995590997,0.0,81.11787876525878,0.7399999999999956,0.8999999999999956,50000.0,5.0,250000.0,1849.9999999999889,2249.999999999989
2026-02-02,BRIGADE,SHORT,A_MOD_BREAK_C1_LOW,MODERATE,2026-02-02 11:15:00+05:30,2026-02-02 11:30:00+05:30,727.9043777954101,732.8541275644188,721.3532383952514,2026-02-02 12:10:00+05:30,721.3532383952514,TARGET,3.700000000000018,4.500000000000018,32.64128494262695,36.29671859741211,18.813499450683594,0.6930999070319791,1.924238464767565,0.009528716323386342,0.4671236811083789,0.0,732.8541275644188,0.7400000000000035,0.9000000000000036,50000.0,5.0,250000.0,1850.0000000000089,2250.000000000009
2026-02-02,CHOLAHLDNG,SHORT,A_MOD_BREAK_C1_LOW,MODERATE,2026-02-02 11:15:00+05:30,2026-02-02 11:30:00+05:30,1617.1765,1628.1733001999999,1602.6219115000001,2026-02-02 13:12:00+05:30,1628.1733001999999,SL,-4.199999999999946,-3.3999999999999457,28.5753231048584,31.596784591674805,4.9761643409729,1.2510860445321157,2.2562568502474813,0.010810335563176197,0.5075699043659962,0.0,1628.1733001999999,-0.8399999999999892,-0.6799999999999892,50000.0,5.0,250000.0,-2099.999999999973,-1699.999999999973
2026-02-02,DMART,SHORT,A_MOD_BREAK_C1_LOW,MODERATE,2026-02-02 11:15:00+05:30,2026-02-02 11:30:00+05:30,3612.3774776367186,3636.941644484648,3579.866080337988,2026-02-02 13:00:00+05:30,3636.941644484648,SL,-4.199999999999946,-3.399999999999946,44.43327331542969,36.404605865478516,46.26580047607422,0.7318656235313037,1.5016199916642625,0.007026378722267299,0.6296565834326366,0.0,3636.941644484648,-0.8399999999999892,-0.6799999999999893,50000.0,5.0,250000.0,-2099.999999999973,-1699.9999999999732
2026-02-02,JSFB,SHORT,A_MOD_BREAK_C1_LOW,MODERATE,2026-02-02 12:30:00+05:30,2026-02-02 12:45:00+05:30,341.8316138977051,344.15606887220946,338.75512937262573,2026-02-02 13:07:00+05:30,344.15606887220946,SL,-4.199999999999954,-3.3999999999999537,36.803348541259766,23.784099578857422,4.528807640075684,1.9681424025706957,2.5023689272086815,0.010985805277238813,0.7564751485687682,0.0,344.15606887220946,-0.8399999999999908,-0.6799999999999907,50000.0,5.0,250000.0,-2099.999999999977,-1699.9999999999768
2026-02-02,JSL,SHORT,A_MOD_BREAK_C1_LOW,MODERATE,2026-02-02 12:45:00+05:30,2026-02-02 13:00:00+05:30,769.9459555908203,775.1815880888378,763.0164419905029,2026-02-02 13:29:00+05:30,775.1815880888378,SL,-4.199999999999936,-3.3999999999999364,28.294198989868164,33.67348098754883,12.419660568237305,1.4691451405498785,1.8392291159868686,0.008389461215133042,0.5334748402435947,0.0,775.1815880888378,-0.8399999999999872,-0.6799999999999873,50000.0,5.0,250000.0,-2099.999999999968,-1699.9999999999682
2026-02-03,NELCO,LONG,A_MOD_CLOSE_CONTINUATION_BREAK,MODERATE,2026-02-03 10:45:00+05:30,2026-02-03 11:00:00+05:30,651.3302522094726,647.5525367466577,658.4948849837767,2026-02-03 15:30:00+05:30,652.9000244140625,EOD,0.40505089335618416,1.205050893356184,29.653892517089844,70.42635345458984,62.92768859863281,0.622890387920865,2.334558492752808,0.008122365796937576,4.636451242983652,0.0,647.5525367466577,0.08101017867123683,0.2410101786712368,100000.0,5.0,500000.0,405.0508933561842,1205.050893356184
2026-02-03,EKC,LONG,B_HUGE_C1_CLOSE_RECLAIM_BREAK,HUGE,2026-02-03 10:45:00+05:30,2026-02-03 11:15:00+05:30,110.85000305175781,110.20707303405761,112.06935308532714,2026-02-03 15:01:00+05:30,112.06935308532714,TARGET,4.699999999999961,5.499999999999961,36.957725524902344,75.23066711425781,74.85028076171875,0.9544306502821903,3.3599130137220556,0.01151365677076383,6.740381209260609,0.0,110.20707303405761,0.9399999999999922,1.099999999999992,100000.0,5.0,500000.0,4699.999999999961,5499.999999999961
2026-02-03,DBCORP,LONG,A_MOD_BREAK_C1_HIGH,MODERATE,2026-02-03 11:00:00+05:30,2026-02-03 11:15:00+05:30,245.13999633789064,243.71818435913087,247.8365362976074,2026-02-03 11:31:00+05:30,247.8365362976074,TARGET,4.699999999999952,5.499999999999952,40.00865936279297,66.4574966430664,73.40751647949219,0.4520431385005844,1.246152756163286,0.01274635159239477,4.055764962342268,0.0,243.71818435913087,0.9399999999999904,1.0999999999999903,100000.0,5.0,500000.0,4699.999999999952,5499.999999999952
2026-02-03,SHK,LONG,B_HUGE_GREEN_PULLBACK_HOLD_THEN_BREAK,HUGE,2026-02-03 12:00:00+05:30,2026-02-03 13:00:00+05:30,157.27999572753907,156.36777175231936,159.010075680542,2026-02-03 13:05:00+05:30,159.010075680542,TARGET,4.699999999999996,5.499999999999995,54.40895462036133,84.50359344482422,76.0478744506836,3.313713159347381,3.3198123874081005,0.014131802090179222,9.998115485078884,0.0,156.36777175231936,0.9399999999999991,1.099999999999999,100000.0,5.0,500000.0,4699.9999999999945,5499.9999999999945
2026-02-03,CAPACITE,LONG,B_HUGE_C1_CLOSE_RECLAIM_BREAK,HUGE,2026-02-03 13:15:00+05:30,2026-02-03 13:45:00+05:30,236.8,235.42656,239.4048,2026-02-03 13:49:00+05:30,239.4048,TARGET,4.699999999999964,5.499999999999964,51.33580780029297,82.40506744384766,62.56843185424805,2.7710584107680316,5.280306725395816,0.012152652680055644,10.67087075888282,0.0,235.42656,0.9399999999999928,1.0999999999999928,100000.0,5.0,500000.0,4699.9999999999645,5499.9999999999645
2026-02-04,NCLIND,LONG,A_MOD_BREAK_C1_HIGH,MODERATE,2026-02-04 10:00:00+05:30,2026-02-04 10:15:00+05:30,187.54000549316407,186.45227346130372,189.60294555358885,2026-02-04 12:12:00+05:30,189.60294555358885,TARGET,4.699999999999932,5.499999999999932,24.45485496520996,66.3804702758789,81.36554718017578,1.306453173569112,1.9609509515149963,0.006206048530011976,4.3309306864382915,0.0,186.45227346130372,0.9399999999999864,1.0999999999999863,100000.0,5.0,500000.0,4699.999999999932,5499.999999999932
2026-02-04,ADFFOODS,LONG,B_HUGE_C1_CLOSE_RECLAIM_BREAK,HUGE,2026-02-04 10:00:00+05:30,2026-02-04 10:30:00+05:30,217.33999328613282,216.07942132507324,219.73073321228026,2026-02-04 10:31:00+05:30,219.73073321228026,TARGET,4.699999999999935,5.499999999999935,70.25008392333984,95.48584747314453,85.47376251220703,2.84224527930706,4.953746569937241,0.00977298622460441,11.065939821098732,0.0,216.07942132507324,0.9399999999999871,1.099999999999987,100000.0,5.0,500000.0,4699.999999999935,5499.9999999999345
2026-02-04,BIRLACORPN,LONG,B_HUGE_C1_CLOSE_RECLAIM_BREAK,HUGE,2026-02-04 10:00:00+05:30,2026-02-04 10:30:00+05:30,1074.1148044189454,1067.8849385533154,1085.9300672675536,2026-02-04 10:31:00+05:30,1085.9300672675536,TARGET,4.699999999999908,5.499999999999908,31.73277473449707,72.95794677734375,94.85752868652344,1.6463871171280016,2.9100764535128016,0.006578161376204917,6.391790888910718,0.0,1067.8849385533154,0.9399999999999815,1.0999999999999814,100000.0,5.0,500000.0,4699.999999999907,5499.999999999907
2026-02-04,BOMDYEING,LONG,B_HUGE_C1_CLOSE_RECLAIM_BREAK,HUGE,2026-02-04 10:15:00+05:30,2026-02-04 10:45:00+05:30,125.05,124.32471,126.42554999999999,2026-02-04 11:22:00+05:30,124.32471,SL,-3.7000000000000046,-2.900000000000005,52.70193099975586,80.55366516113281,94.95660400390625,1.4141815070328771,4.394021383527681,0.008628570556640625,7.964690817361207,0.0,124.32471,-0.7400000000000009,-0.580000000000001,100000.0,5.0,500000.0,-3700.0000000000045,-2900.000000000005
2026-02-04,DBREALTY,LONG,B_HUGE_C1_CLOSE_RECLAIM_BREAK,HUGE,2026-02-04 10:15:00+05:30,2026-02-04 10:45:00+05:30,116.81000213623047,116.13250412384032,118.09491215972899,2026-02-04 10:48:00+05:30,118.09491215972899,TARGET,4.69999999999996,5.499999999999959,55.03253173828125,83.27098846435547,78.83387756347656,0.6868142581655765,4.897360836864715,0.01084640852433882,7.616386458001402,0.0,116.13250412384032,0.939999999999992,1.0999999999999919,100000.0,5.0,500000.0,4699.999999999959,5499.99999999996
2026-02-04,TECHM,SHORT,A_MOD_BREAK_C1_LOW,MODERATE,2026-02-04 10:30:00+05:30,2026-02-04 10:45:00+05:30,1620.6758,1631.6963954399998,1606.0897178,2026-02-04 11:22:00+05:30,1606.0897178,TARGET,3.6999999999999886,4.499999999999989,40.191070556640625,15.3552885055542,20.268461227416992,0.6696740180756697,4.612627890777527,0.009186189065879135,0.5800590115128517,0.0,1631.6963954399998,0.7399999999999978,0.8999999999999978,50000.0,5.0,250000.0,1849.9999999999945,2249.9999999999945
2026-02-04,VENKEYS,LONG,B_HUGE_C1_CLOSE_RECLAIM_BREAK,HUGE,2026-02-04 10:30:00+05:30,2026-02-04 11:00:00+05:30,1610.322,1600.9821324,1628.0355419999996,2026-02-04 11:21:00+05:30,1600.9821324,SL,-3.6999999999999797,-2.89999999999998,42.6460075378418,77.6378402709961,79.51248168945312,0.7434434628786325,3.635321033995011,0.009236926321657547,6.411012914535133,0.0,1600.9821324,-0.739999999999996,-0.579999999999996,100000.0,5.0,500000.0,-3699.99999999998,-2899.99999999998
2026-02-04,LTIM,SHORT,A_MOD_BREAK_C1_LOW,MODERATE,2026-02-04 10:45:00+05:30,2026-02-04 11:00:00+05:30,5629.8738,5668.1569418399995,5579.2049358,2026-02-04 11:23:00+05:30,5579.2049358,TARGET,3.699999999999993,4.499999999999993,33.58339309692383,19.53998374938965,17.517377853393555,0.669906521930868,4.158723635793337,0.010298236748434173,0.48098453779175937,0.0,5668.1569418399995,0.7399999999999987,0.8999999999999986,50000.0,5.0,250000.0,1849.9999999999966,2249.9999999999964
2026-02-04,IDBI,LONG,A_MOD_BREAK_C1_HIGH,MODERATE,2026-02-04 11:45:00+05:30,2026-02-04 12:00:00+05:30,106.93999938964843,106.31974739318846,108.11633938293456,2026-02-04 12:01:00+05:30,108.11633938293456,TARGET,4.699999999999943,5.499999999999943,51.17380142211914,79.867431640625,94.38903045654297,2.928207045461812,2.7184176246546063,0.009547446797015732,8.215216770586455,0.0,106.31974739318846,0.9399999999999886,1.0999999999999885,100000.0,5.0,500000.0,4699.999999999943,5499.999999999943
2026-02-04,UDS,LONG,B_HUGE_GREEN_PULLBACK_HOLD_THEN_BREAK,HUGE,2026-02-04 10:00:00+05:30,2026-02-04 12:15:00+05:30,154.68999938964845,153.7927973931885,156.39158938293457,2026-02-04 13:05:00+05:30,156.39158938293457,TARGET,4.69999999999996,5.499999999999959,27.654340744018555,70.14578247070312,87.92559814453125,1.9575400013407327,2.8538507207664976,0.006549587588359325,6.516320777929108,0.0,153.7927973931885,0.939999999999992,1.0999999999999919,100000.0,5.0,500000.0,4699.999999999959,5499.99999999996
2026-02-04,COFORGE,SHORT,A_PULLBACK_C2_THEN_BREAK_C2_LOW,MODERATE,2026-02-04 12:30:00+05:30,2026-02-04 13:00:00+05:30,1565.4868888183594,1576.1321996623242,1551.397506818994,2026-02-04 13:13:00+05:30,1576.1321996623242,SL,-4.199999999999989,-3.399999999999989,58.35830307006836,16.05361557006836,2.4391493797302246,1.6787008922264577,2.8627762016615317,0.01145638157137525,0.90377265613963,0.0,1576.1321996623242,-0.8399999999999976,-0.6799999999999977,50000.0,5.0,250000.0,-2099.999999999994,-1699.9999999999943
2026-02-04,KALAMANDIR,LONG,B_HUGE_GREEN_PULLBACK_HOLD_THEN_BREAK,HUGE,2026-02-04 10:00:00+05:30,2026-02-04 13:45:00+05:30,116.55,115.87401,117.83204999999998,2026-02-04 13:58:00+05:30,117.83204999999998,TARGET,4.699999999999932,5.499999999999932,31.914974212646484,73.92193603515625,86.64503479003906,2.9986396129995914,3.631498932267023,0.010519476680012492,8.819197250871136,0.0,115.87401,0.9399999999999864,1.0999999999999863,100000.0,5.0,500000.0,4699.999999999932,5499.999999999932
2026-02-04,CAPACITE,LONG,B_HUGE_GREEN_PULLBACK_HOLD_THEN_BREAK,HUGE,2026-02-04 11:30:00+05:30,2026-02-04 13:45:00+05:30,246.05,244.62291000000002,248.75654999999998,2026-02-04 14:17:00+05:30,248.75654999999998,TARGET,4.699999999999927,5.499999999999927,41.37269973754883,74.08523559570312,66.11802673339844,1.4445671641776436,2.663116153398319,0.016438945855704965,6.077894875933,0.0,244.62291000000002,0.9399999999999855,1.0999999999999854,100000.0,5.0,500000.0,4699.999999999927,5499.999999999927
2026-02-04,PVRINOX,LONG,B_HUGE_C1_CLOSE_RECLAIM_BREAK,HUGE,2026-02-04 13:30:00+05:30,2026-02-04 14:00:00+05:30,1017.1534022094727,1011.2539124766578,1028.3420896337768,2026-02-04 14:16:00+05:30,1028.3420896337768,TARGET,4.699999999999969,5.499999999999968,46.500022888183594,80.17875671386719,79.11360168457031,2.7831358282339225,3.617007991698092,0.004723512399748429,8.889837893098555,0.0,1011.2539124766578,0.9399999999999937,1.0999999999999936,100000.0,5.0,500000.0,4699.999999999969,5499.999999999968
2026-02-04,TVSSCS-BE,LONG,B_HUGE_GREEN_PULLBACK_HOLD_THEN_BREAK,HUGE,2026-02-04 10:15:00+05:30,2026-02-04 14:15:00+05:30,102.35000305175781,101.75637303405762,103.47585308532713,2026-02-04 15:30:00+05:30,102.5,EOD,-0.0672352527125096,0.7327647472874903,51.03419494628906,79.85218048095703,90.76992797851562,2.9119044615847396,3.7020845780485305,0.005111017731927994,9.098509473860043,0.0,101.75637303405762,-0.01344705054250192,0.14655294945749806,100000.0,5.0,500000.0,-67.2352527125096,732.7647472874902
2026-02-04,UGROCAP,LONG,B_HUGE_C1_CLOSE_RECLAIM_BREAK,HUGE,2026-02-04 13:45:00+05:30,2026-02-04 14:15:00+05:30,161.6800048828125,160.7422608544922,163.45848493652343,2026-02-04 14:47:00+05:30,160.7422608544922,SL,-3.699999999999992,-2.899999999999992,43.14373016357422,83.74182891845703,94.44730377197266,2.4180672090187505,5.020242900033886,0.004794917870134426,9.629512849267579,0.0,160.7422608544922,-0.7399999999999984,-0.5799999999999984,100000.0,5.0,500000.0,-3699.9999999999923,-2899.999999999992
2026-02-04,KOTHARIPET,LONG,B_HUGE_GREEN_PULLBACK_HOLD_THEN_BREAK,HUGE,2026-02-04 10:15:00+05:30,2026-02-04 14:30:00+05:30,121.53000335693359,120.82512933746337,122.86683339385985,2026-02-04 15:01:00+05:30,122.86683339385985,TARGET,4.699999999999955,5.499999999999955,35.015560150146484,73.39952087402344,73.42472839355469,2.041300101718302,3.2403348979969206,0.008931508483179314,7.514153022148953,0.0,120.82512933746337,0.9399999999999911,1.099999999999991,100000.0,5.0,500000.0,4699.999999999955,5499.9999999999545
2026-02-04,CONCORDBIO,LONG,B_HUGE_C1_CLOSE_RECLAIM_BREAK,HUGE,2026-02-04 14:00:00+05:30,2026-02-04 14:30:00+05:30,1187.3373955810546,1180.4508386866844,1200.3981069324461,2026-02-04 15:19:00+05:30,1180.4508386866844,SL,-3.70000000000003,-2.9000000000000297,30.00699806213379,69.38711547851562,81.69243621826172,2.044372800472472,2.775774381069804,0.006311894918497936,6.743153135564411,0.0,1180.4508386866844,-0.740000000000006,-0.580000000000006,100000.0,5.0,500000.0,-3700.00000000003,-2900.0000000000296
2026-02-04,POONAWALLA,LONG,B_HUGE_C1_CLOSE_RECLAIM_BREAK,HUGE,2026-02-04 14:00:00+05:30,2026-02-04 14:30:00+05:30,418.4836738952637,416.05646858667114,423.0869943081115,2026-02-04 15:30:00+05:30,420.95001220703125,EOD,2.146755710695702,2.946755710695702,28.792423248291016,76.76570892333984,97.68705749511719,3.9792210965136174,3.5390055391230724,0.005633712011030383,9.899971071577689,0.0,416.05646858667114,0.42935114213914044,0.5893511421391404,100000.0,5.0,500000.0,2146.755710695702,2946.755710695702
2026-02-05,GANECOS,SHORT,A_MOD_BREAK_C1_LOW,MODERATE,2026-02-05 10:00:00+05:30,2026-02-05 10:15:00+05:30,685.8628,690.5266670399999,679.6900348,2026-02-05 15:06:00+05:30,690.5266670399999,SL,-4.199999999999927,-3.399999999999927,20.126317977905273,29.74007797241211,10.701156616210938,1.5359752829013598,2.9527830541863858,0.007131417915629324,0.430690444176317,0.0,690.5266670399999,-0.8399999999999854,-0.6799999999999854,50000.0,5.0,250000.0,-2099.9999999999636,-1699.9999999999634
2026-02-06,DOLATALGO,SHORT,A_MOD_BREAK_C1_LOW,MODERATE,2026-02-06 10:00:00+05:30,2026-02-06 10:15:00+05:30,74.75000305175782,75.25830307250976,74.07725302429199,2026-02-06 11:25:00+05:30,75.25830307250976,SL,-4.199999999999953,-3.3999999999999533,22.997730255126953,26.098724365234375,15.154998779296875,0.968270202137003,2.546099031009483,0.0066418691325138704,0.3744132392008798,0.0,75.25830307250976,-0.8399999999999905,-0.6799999999999906,50000.0,5.0,250000.0,-2099.9999999999764,-1699.9999999999766
2026-02-09,TOLINS,LONG,A_MOD_BREAK_C1_HIGH,MODERATE,2026-02-09 10:00:00+05:30,2026-02-09 10:15:00+05:30,129.54000549316407,128.78867346130372,130.96494555358888,2026-02-09 11:21:00+05:30,130.96494555358888,TARGET,4.69999999999999,5.49999999999999,25.139211654663086,78.25296020507812,90.6235580444336,0.427353061949051,3.6073598573123227,0.00740213673446697,5.443114788948485,0.0,128.78867346130372,0.9399999999999982,1.099999999999998,100000.0,5.0,500000.0,4699.999999999991,5499.99999999999
2026-02-09,JGCHEM,LONG,A_MOD_BREAK_C1_HIGH,MODERATE,2026-02-09 10:30:00+05:30,2026-02-09 10:45:00+05:30,346.31925,344.31059835,350.12876174999997,2026-02-09 10:46:00+05:30,350.12876174999997,TARGET,4.699999999999936,5.499999999999936,41.04672622680664,82.9911880493164,97.68476104736328,1.221055265608934,3.4921352402201515,0.011242914716259237,6.775615441082623,0.0,344.31059835,0.9399999999999873,1.0999999999999872,100000.0,5.0,500000.0,4699.999999999937,5499.999999999936
2026-02-09,GULPOLY,LONG,B_HUGE_GREEN_PULLBACK_HOLD_THEN_BREAK,HUGE,2026-02-09 10:00:00+05:30,2026-02-09 11:00:00+05:30,137.52000122070314,136.72238521362306,139.03272123413086,2026-02-09 11:03:00+05:30,136.72238521362306,SL,-3.7000000000000064,-2.900000000000007,29.36872100830078,83.42195129394531,72.57067108154297,3.3035722618896477,4.254507363375526,0.006465254802384145,10.129308315417218,0.0,136.72238521362306,-0.7400000000000013,-0.5800000000000014,100000.0,5.0,500000.0,-3700.000000000007,-2900.0000000000073
2026-02-09,UFLEX,LONG,B_HUGE_GREEN_PULLBACK_HOLD_THEN_BREAK,HUGE,2026-02-09 10:00:00+05:30,2026-02-09 11:00:00+05:30,498.9997738952637,496.1055752066711,504.4887714081115,2026-02-09 11:13:00+05:30,496.1055752066711,SL,-3.7000000000000233,-2.9000000000000234,22.5625057220459,75.83782958984375,96.15140533447266,1.6006868658527265,4.3610430865444405,0.006106294621406775,7.41619946448441,0.0,496.1055752066711,-0.7400000000000047,-0.5800000000000047,100000.0,5.0,500000.0,-3700.000000000023,-2900.0000000000236
2026-02-09,PATELENG,LONG,B_HUGE_C1_CLOSE_RECLAIM_BREAK,HUGE,2026-02-09 10:30:00+05:30,2026-02-09 11:00:00+05:30,29.730000305175782,29.55756630340576,30.057030308532713,2026-02-09 11:01:00+05:30,30.057030308532713,TARGET,4.699999999999962,5.499999999999962,32.54175567626953,77.69840240478516,87.22075653076172,1.0751674571106746,4.421992703713573,0.006281292237361052,7.724379202690192,0.0,29.55756630340576,0.9399999999999924,1.0999999999999923,100000.0,5.0,500000.0,4699.999999999962,5499.999999999962
2026-02-09,AEGISLOG,LONG,B_HUGE_GREEN_PULLBACK_HOLD_THEN_BREAK,HUGE,2026-02-09 10:45:00+05:30,2026-02-09 11:45:00+05:30,711.5423044189453,707.4153590533153,719.3692697675536,2026-02-09 11:46:00+05:30,719.3692697675536,TARGET,4.6999999999999895,5.499999999999989,32.638484954833984,81.6999282836914,69.62675476074219,2.7114507392213567,3.184413162163488,0.005981031873775844,8.679405266894076,0.0,707.4153590533153,0.939999999999998,1.0999999999999979,100000.0,5.0,500000.0,4699.99999999999,5499.999999999989
2026-02-09,ELECON,LONG,B_HUGE_GREEN_PULLBACK_HOLD_THEN_BREAK,HUGE,2026-02-09 10:45:00+05:30,2026-02-09 11:45:00+05:30,487.2974522094727,484.47112698665774,492.65772418377685,2026-02-09 11:51:00+05:30,484.47112698665774,SL,-3.700000000000002,-2.9000000000000026,26.519119262695312,81.47150421142578,77.70574951171875,1.8428947761544854,5.378477136789556,0.009861072072519057,8.830379479513315,0.0,484.47112698665774,-0.7400000000000004,-0.5800000000000005,100000.0,5.0,500000.0,-3700.0000000000023,-2900.0000000000023
2026-02-09,VAIBHAVGBL,LONG,B_HUGE_C1_CLOSE_RECLAIM_BREAK,HUGE,2026-02-09 11:15:00+05:30,2026-02-09 11:45:00+05:30,257.2314286743164,255.7394863880054,260.0609743897339,2026-02-09 11:46:00+05:30,260.0609743897339,TARGET,4.699999999999946,5.499999999999946,41.66926193237305,88.1370620727539,94.83259582519531,1.4954505997486216,3.952040640774598,0.018008505404594654,7.976245711566072,0.0,255.7394863880054,0.9399999999999893,1.0999999999999892,100000.0,5.0,500000.0,4699.999999999946,5499.999999999946
2026-02-09,SPORTKING,LONG,B_HUGE_C1_CLOSE_RECLAIM_BREAK,HUGE,2026-02-09 11:30:00+05:30,2026-02-09 12:00:00+05:30,115.05,114.38270999999999,116.31554999999999,2026-02-09 12:36:00+05:30,114.38270999999999,SL,-3.7000000000000366,-2.9000000000000363,47.36498260498047,85.06329345703125,84.12126159667969,1.3716370371021425,3.7879645110764217,0.021192548585974653,7.862713922036052,0.0,114.38270999999999,-0.7400000000000073,-0.5800000000000073,100000.0,5.0,500000.0,-3700.0000000000364,-2900.0000000000364
2026-02-09,HPL,LONG,B_HUGE_GREEN_PULLBACK_HOLD_THEN_BREAK,HUGE,2026-02-09 10:00:00+05:30,2026-02-09 12:30:00+05:30,345.069,343.0675998,348.864759,2026-02-09 12:44:00+05:30,348.864759,TARGET,4.699999999999964,5.499999999999964,41.94235610961914,87.91185760498047,93.65912628173828,1.1872009896051336,4.8721868856331145,0.012122247460967127,8.260480753405698,0.0,343.0675998,0.9399999999999928,1.0999999999999928,100000.0,5.0,500000.0,4699.9999999999645,5499.9999999999645
2026-02-09,ABFRL,LONG,B_HUGE_C1_CLOSE_RECLAIM_BREAK,HUGE,2026-02-09 12:15:00+05:30,2026-02-09 12:45:00+05:30,73.67999725341797,73.25265326934814,74.49047722320556,2026-02-09 12:51:00+05:30,74.49047722320556,TARGET,4.699999999999971,5.499999999999971,43.67380142211914,80.4483871459961,86.19599914550781,2.105936701345581,3.6909455634275243,0.0123687940059255,8.398101775315702,0.0,73.25265326934814,0.9399999999999942,1.099999999999994,100000.0,5.0,500000.0,4699.999999999971,5499.99999999997
2026-02-09,ROTO,LONG,B_HUGE_GREEN_PULLBACK_HOLD_THEN_BREAK,HUGE,2026-02-09 11:15:00+05:30,2026-02-09 13:45:00+05:30,61.89999847412109,61.540978482971184,62.58089845733642,2026-02-09 13:49:00+05:30,62.58089845733642,TARGET,4.699999999999953,5.499999999999953,32.62223434448242,86.79588317871094,94.71240997314453,2.364913285949675,4.0435316238694865,0.008468877155285378,8.788206319139496,0.0,61.540978482971184,0.9399999999999906,1.0999999999999905,100000.0,5.0,500000.0,4699.999999999954,5499.999999999953
2026-02-09,ENGINERSIN,LONG,B_HUGE_C1_CLOSE_RECLAIM_BREAK,HUGE,2026-02-09 13:45:00+05:30,2026-02-09 14:15:00+05:30,178.35000305175782,177.31557303405762,180.31185308532713,2026-02-09 15:03:00+05:30,180.31185308532713,TARGET,4.699999999999916,5.499999999999915,52.453643798828125,78.00708770751953,88.22647857666016,3.3053764577920393,3.2608457208926347,0.004110257674237953,9.346532287246196,0.0,177.31557303405762,0.9399999999999831,1.099999999999983,100000.0,5.0,500000.0,4699.999999999915,5499.9999999999145
2026-02-09,NEULANDLAB,LONG,B_HUGE_GREEN_PULLBACK_HOLD_THEN_BREAK,HUGE,2026-02-09 10:45:00+05:30,2026-02-09 14:30:00+05:30,13635.7266,13556.63938572,13785.719592599999,2026-02-09 15:04:00+05:30,13556.63938572,SL,-3.6999999999999966,-2.8999999999999964,24.31825828552246,80.00330352783203,92.61016082763672,290.96902113367685,3.947313052874275,0.007098131829642898,354.80696166086597,0.0,13556.63938572,-0.7399999999999993,-0.5799999999999993,100000.0,5.0,500000.0,-3699.999999999997,-2899.9999999999964
2026-02-09,GRSE,LONG,B_HUGE_C1_CLOSE_RECLAIM_BREAK,HUGE,2026-02-09 14:00:00+05:30,2026-02-09 14:30:00+05:30,2516.0031,2501.4102820199996,2543.6791341,2026-02-09 15:30:00+05:30,2517.0,EOD,-0.601888161425537,0.19811183857446285,46.002437591552734,76.3680648803711,92.24647521972656,2.902049878563802,3.663184894501713,0.005457590171769987,8.958625903422856,0.0,2501.4102820199996,-0.12037763228510741,0.03962236771489257,100000.0,5.0,500000.0,-601.8881614255371,198.11183857446284
2026-02-10,DELTACORP,LONG,B_HUGE_C1_CLOSE_RECLAIM_BREAK,HUGE,2026-02-10 10:00:00+05:30,2026-02-10 10:30:00+05:30,70.28999786376953,69.88231587615967,71.06318784027098,2026-02-10 10:31:00+05:30,71.06318784027098,TARGET,4.699999999999937,5.499999999999937,62.17497634887695,82.60884094238281,95.23307037353516,1.6508063037175194,4.319969973124007,0.007352346867109173,8.366203339102807,0.0,69.88231587615967,0.9399999999999875,1.0999999999999874,100000.0,5.0,500000.0,4699.999999999938,5499.999999999937
2026-02-10,GABRIEL,LONG,B_HUGE_C1_CLOSE_RECLAIM_BREAK,HUGE,2026-02-10 10:00:00+05:30,2026-02-10 10:30:00+05:30,993.8487544189453,988.0844316433154,1004.7810907175536,2026-02-10 10:48:00+05:30,1004.7810907175536,TARGET,4.699999999999967,5.499999999999967,22.507963180541992,75.42310333251953,86.85369873046875,0.39489485643359007,3.499214907220251,0.007080667633007989,5.374950541704518,0.0,988.0844316433154,0.9399999999999935,1.0999999999999934,100000.0,5.0,500000.0,4699.999999999967,5499.999999999966
2026-02-10,BAYERCROP,LONG,B_HUGE_GREEN_PULLBACK_HOLD_THEN_BREAK,HUGE,2026-02-10 10:00:00+05:30,2026-02-10 11:15:00+05:30,4715.842882324218,4688.490993606738,4767.717154029784,2026-02-10 15:23:00+05:30,4688.490993606738,SL,-3.7000000000000046,-2.9000000000000044,45.29539108276367,75.69369506835938,90.03250885009766,1.8741020779669124,3.236597464060299,0.005931593306521152,7.196594324671815,0.0,4688.490993606738,-0.7400000000000009,-0.5800000000000008,100000.0,5.0,500000.0,-3700.0000000000045,-2900.000000000004
2026-02-10,VLSFINANCE,LONG,B_HUGE_GREEN_PULLBACK_HOLD_THEN_BREAK,HUGE,2026-02-10 10:00:00+05:30,2026-02-10 11:30:00+05:30,277.80555,276.19427780999996,280.86141104999996,2026-02-10 15:30:00+05:30,277.29998779296875,EOD,-1.7099209987547628,-0.909920998754763,33.55442810058594,66.20865631103516,74.58009338378906,0.9757880788823169,1.8542236161781018,0.005106665753670947,4.604398516434269,0.0,276.19427780999996,-0.34198419975095257,-0.1819841997509526,100000.0,5.0,500000.0,-1709.9209987547629,-909.920998754763
2026-02-10,VEDL,LONG,B_HUGE_GREEN_PULLBACK_HOLD_THEN_BREAK,HUGE,2026-02-10 10:30:00+05:30,2026-02-10 12:15:00+05:30,689.0878022094727,685.0910929566577,696.6677680337768,2026-02-10 15:30:00+05:30,687.2999877929688,EOD,-2.0972326681531146,-1.2972326681531148,35.29391098022461,72.14929962158203,78.92435455322266,1.4673596322845688,2.569146402211216,0.0050301874265364765,5.815221251311236,0.0,685.0910929566577,-0.41944653363062295,-0.259446533630623,100000.0,5.0,500000.0,-2097.232668153115,-1297.232668153115
2026-02-10,RPGLIFE,LONG,B_HUGE_GREEN_PULLBACK_HOLD_THEN_BREAK,HUGE,2026-02-10 12:45:00+05:30,2026-02-10 14:30:00+05:30,2055.411,2043.4896162,2078.020521,2026-02-10 14:31:00+05:30,2078.020521,TARGET,4.699999999999966,5.499999999999966,41.592899322509766,82.6108627319336,78.74215698242188,3.1562191250421208,2.8617174619624097,0.006321487841625066,8.76301764471813,0.0,2043.4896162,0.9399999999999933,1.0999999999999932,100000.0,5.0,500000.0,4699.999999999966,5499.999999999965
2026-02-10,TATACOMM,LONG,B_HUGE_GREEN_PULLBACK_HOLD_THEN_BREAK,HUGE,2026-02-10 13:30:00+05:30,2026-02-10 14:30:00+05:30,1645.329,1635.7860918,1663.4276189999998,2026-02-10 14:46:00+05:30,1663.4276189999998,TARGET,4.699999999999962,5.499999999999962,43.20429611206055,76.1531753540039,87.26463317871094,3.1951733922919323,3.1751813357616103,0.006837794226506194,8.52617763276781,0.0,1635.7860918,0.9399999999999924,1.0999999999999923,100000.0,5.0,500000.0,4699.999999999962,5499.999999999962
2026-02-10,AAVAS,LONG,B_HUGE_C1_CLOSE_RECLAIM_BREAK,HUGE,2026-02-10 14:00:00+05:30,2026-02-10 14:30:00+05:30,1351.8702955810547,1344.0294478666847,1366.7408688324463,2026-02-10 14:32:00+05:30,1344.0294478666847,SL,-3.699999999999978,-2.8999999999999777,26.859907150268555,75.52438354492188,81.82491302490234,3.1474613397987508,3.8096978481830868,0.003646471820980939,9.071523714918252,0.0,1344.0294478666847,-0.7399999999999956,-0.5799999999999955,100000.0,5.0,500000.0,-3699.9999999999777,-2899.9999999999777
2026-02-10,BHEL,LONG,B_HUGE_C1_CLOSE_RECLAIM_BREAK,HUGE,2026-02-10 14:00:00+05:30,2026-02-10 14:30:00+05:30,275.055,273.459681,278.080605,2026-02-10 15:30:00+05:30,275.6499938964844,EOD,0.2815907663637604,1.0815907663637603,34.4981689453125,68.5237808227539,88.19478607177734,2.611425554852822,2.1617367882725844,0.0028571586175398394,6.980620695806689,0.0,273.459681,0.05631815327275208,0.21631815327275206,100000.0,5.0,500000.0,281.5907663637604,1081.5907663637604
2026-02-10,AUROPHARMA,SHORT,A_MOD_BREAK_C1_LOW,MODERATE,2026-02-10 14:15:00+05:30,2026-02-10 14:30:00+05:30,1122.8753555908204,1130.510908008838,1112.769477390503,2026-02-10 14:37:00+05:30,1112.769477390503,TARGET,3.7000000000000166,4.500000000000016,39.16201400756836,13.865212440490723,3.1392059326171875,3.9419109194995756,4.029647430212356,0.009199985928005642,0.7974302101135253,0.0,1130.510908008838,0.7400000000000033,0.9000000000000032,50000.0,5.0,250000.0,1850.0000000000084,2250.000000000008
2026-02-11,LICI,SHORT,A_MOD_BREAK_C1_LOW,MODERATE,2026-02-11 10:00:00+05:30,2026-02-11 10:15:00+05:30,870.5258722045899,876.445448135581,862.6911393547485,2026-02-11 11:58:00+05:30,876.445448135581,SL,-4.199999999999986,-3.3999999999999857,28.862499237060547,19.65179443359375,5.813755035400391,1.621623870150493,4.595829589388047,0.003938883808998026,0.5767216658322445,0.0,876.445448135581,-0.8399999999999972,-0.6799999999999972,50000.0,5.0,250000.0,-2099.9999999999927,-1699.999999999993
2026-02-12,IGL,SHORT,A_MOD_BREAK_C1_LOW,MODERATE,2026-02-12 10:00:00+05:30,2026-02-12 10:15:00+05:30,169.47000427246093,170.62240030151364,167.94477423400878,2026-02-12 10:20:00+05:30,170.62240030151364,SL,-4.199999999999928,-3.399999999999928,22.046457290649414,12.596769332885742,0.7896945476531982,1.606555525460123,4.721324098958111,0.006340313462364519,0.47184407631526265,0.0,170.62240030151364,-0.8399999999999856,-0.6799999999999856,50000.0,5.0,250000.0,-2099.9999999999645,-1699.999999999964
2026-02-13,AURIONPRO,SHORT,A_MOD_BREAK_C1_LOW,MODERATE,2026-02-13 10:00:00+05:30,2026-02-13 10:15:00+05:30,924.4150555908203,930.7010779688378,916.0953200905029,2026-02-13 10:33:00+05:30,930.7010779688378,SL,-4.199999999999954,-3.3999999999999537,25.70800018310547,19.810483932495117,6.272153377532959,1.6274968183328173,4.6794994595372685,0.007810325713268367,0.530431945954825,0.0,930.7010779688378,-0.8399999999999908,-0.6799999999999907,50000.0,5.0,250000.0,-2099.999999999977,-1699.9999999999768
2026-02-16,ROHLTD,SHORT,A_MOD_BREAK_C1_LOW,MODERATE,2026-02-16 10:15:00+05:30,2026-02-16 10:30:00+05:30,366.9266,369.42170088,363.6242606,2026-02-16 10:34:00+05:30,363.6242606,TARGET,3.699999999999992,4.499999999999992,24.5653133392334,30.106796264648438,25.745201110839844,0.5054358646667005,2.5135962666810214,0.00672770489394446,0.3169309764051736,0.0,369.42170088,0.7399999999999984,0.8999999999999984,50000.0,5.0,250000.0,1849.9999999999961,2249.999999999996
2026-02-16,RANEHOLDIN,SHORT,A_MOD_BREAK_C1_LOW,MODERATE,2026-02-16 10:30:00+05:30,2026-02-16 10:45:00+05:30,1329.8339555908203,1338.8768264888379,1317.8654499905028,2026-02-16 10:55:00+05:30,1317.8654499905028,TARGET,3.700000000000039,4.500000000000038,38.30321502685547,19.196273803710938,15.311163902282715,0.7316453471965619,3.927315722527982,0.015368475269162792,0.5625861611622303,0.0,1338.8768264888379,0.7400000000000078,0.9000000000000077,50000.0,5.0,250000.0,1850.0000000000193,2250.0000000000196
2026-02-16,LXCHEM,SHORT,A_PULLBACK_C2_THEN_BREAK_C2_LOW,MODERATE,2026-02-16 10:45:00+05:30,2026-02-16 11:15:00+05:30,141.5000030517578,142.46220307250974,140.226503024292,2026-02-16 15:17:00+05:30,140.226503024292,TARGET,3.699999999999981,4.4999999999999805,41.565269470214844,18.424333572387695,0.8069447875022888,1.5735186898979479,4.393438850026047,0.005960789795447766,0.7588448127853635,0.0,142.46220307250974,0.7399999999999962,0.8999999999999961,50000.0,5.0,250000.0,1849.9999999999905,2249.9999999999905
2026-02-16,GTPL,SHORT,A_MOD_BREAK_C1_LOW,MODERATE,2026-02-16 11:00:00+05:30,2026-02-16 11:15:00+05:30,74.50000305175782,75.00660307250976,73.829503024292,2026-02-16 13:31:00+05:30,73.829503024292,TARGET,3.700000000000001,4.500000000000001,27.930330276489258,18.013734817504883,2.735604763031006,2.5060285256959243,5.989750715977254,0.0055188290129692535,0.6289549541473389,0.0,75.00660307250976,0.7400000000000002,0.9000000000000001,50000.0,5.0,250000.0,1850.0000000000005,2250.0000000000005
2026-02-16,KNRCON,SHORT,A_PULLBACK_C2_THEN_BREAK_C2_LOW,MODERATE,2026-02-16 11:00:00+05:30,2026-02-16 11:30:00+05:30,137.22000427246093,138.15310030151366,135.9850242340088,2026-02-16 15:30:00+05:30,137.99000549316406,EOD,-3.6057178134692345,-2.805717813469235,51.321285247802734,21.462018966674805,2.311047315597534,1.6402788382427664,2.931066933427365,0.007331200304453303,0.897048796692484,0.0,138.15310030151366,-0.7211435626938469,-0.561143562693847,50000.0,5.0,250000.0,-1802.8589067346174,-1402.8589067346177
2026-02-16,RPGLIFE,SHORT,A_MOD_BREAK_C1_LOW,MODERATE,2026-02-16 11:15:00+05:30,2026-02-16 11:30:00+05:30,1965.0069444091796,1978.3689916311619,1947.321881909497,2026-02-16 13:45:00+05:30,1947.321881909497,TARGET,3.699999999999981,4.499999999999981,46.19363784790039,28.897130966186523,39.817413330078125,0.9149015324563473,1.819862401844179,0.005088018364054113,0.7040054559905755,0.0,1978.3689916311619,0.7399999999999962,0.8999999999999962,50000.0,5.0,250000.0,1849.9999999999905,2249.999999999991
2026-02-16,AHLUCONT,SHORT,A_MOD_BREAK_C1_LOW,MODERATE,2026-02-16 11:30:00+05:30,2026-02-16 11:45:00+05:30,813.7372444091797,819.270657671162,806.413609209497,2026-02-16 11:50:00+05:30,806.413609209497,TARGET,3.6999999999999886,4.499999999999989,34.86500549316406,23.886810302734375,7.413746356964111,1.5649440614044452,3.0347586331788214,0.018253287297386702,0.6568402931432389,0.0,819.270657671162,0.7399999999999978,0.8999999999999978,50000.0,5.0,250000.0,1849.9999999999945,2249.9999999999945
2026-02-16,TARSONS,SHORT,A_MOD_BREAK_C1_LOW,MODERATE,2026-02-16 11:30:00+05:30,2026-02-16 11:45:00+05:30,197.0000030517578,198.33960307250973,195.22700302429197,2026-02-16 15:11:00+05:30,198.33960307250973,SL,-4.199999999999944,-3.3999999999999435,20.78558921813965,34.445648193359375,7.9217424392700195,0.815491980621534,1.687128834215161,0.005961137585452818,0.29885137659162125,0.0,198.33960307250973,-0.8399999999999888,-0.6799999999999887,50000.0,5.0,250000.0,-2099.999999999972,-1699.9999999999718
2026-02-16,SIS,SHORT,A_PULLBACK_C2_THEN_BREAK_C2_LOW,MODERATE,2026-02-16 11:30:00+05:30,2026-02-16 12:00:00+05:30,319.03618610229495,321.20563216779055,316.16486042737426,2026-02-16 12:47:00+05:30,316.16486042737426,TARGET,3.7000000000000455,4.500000000000045,76.52932739257812,14.370033264160156,6.7441558837890625,1.269655958679301,2.7784838971205486,0.006659340858101489,0.8321897927688777,0.0,321.20563216779055,0.7400000000000091,0.9000000000000091,50000.0,5.0,250000.0,1850.0000000000227,2250.0000000000227
2026-02-16,JKLAKSHMI,SHORT,A_MOD_BREAK_C1_LOW,MODERATE,2026-02-16 11:45:00+05:30,2026-02-16 12:00:00+05:30,690.2619444091797,694.9557256311621,684.0495869094971,2026-02-16 13:19:00+05:30,694.9557256311621,SL,-4.199999999999957,-3.399999999999957,34.34620666503906,23.39796257019043,9.303897857666016,1.5157725569386584,2.7414924399885887,0.006501496224705474,0.6404532974398511,0.0,694.9557256311621,-0.8399999999999914,-0.6799999999999914,50000.0,5.0,250000.0,-2099.9999999999786,-1699.9999999999784
2026-02-17,DELTACORP,LONG,A_MOD_BREAK_C1_HIGH,MODERATE,2026-02-17 10:15:00+05:30,2026-02-17 10:30:00+05:30,68.32999877929687,67.93368478637694,69.08162876586913,2026-02-17 12:32:00+05:30,67.93368478637694,SL,-3.70000000000005,-2.9000000000000496,27.82021713256836,65.13902282714844,82.07762908935547,1.1533138635800397,1.5044082994652646,0.0062726190935247905,3.865840067860447,0.0,67.93368478637694,-0.74000000000001,-0.58000000000001,100000.0,5.0,500000.0,-3700.00000000005,-2900.0000000000496
2026-02-18,AFFLE,SHORT,A_MOD_BREAK_C1_LOW,MODERATE,2026-02-18 10:15:00+05:30,2026-02-18 10:30:00+05:30,1534.693,1545.1289123999998,1520.880763,2026-02-18 10:48:00+05:30,1520.880763,TARGET,3.7000000000000313,4.50000000000003,25.817745208740234,19.186933517456055,2.9845056533813477,1.4900226092106101,3.157914792962834,0.005253654106490851,0.5080201347429603,0.0,1545.1289123999998,0.7400000000000062,0.9000000000000061,50000.0,5.0,250000.0,1850.0000000000155,2250.0000000000155
2026-02-18,HERANBA,LONG,A_MOD_BREAK_C1_HIGH,MODERATE,2026-02-18 10:15:00+05:30,2026-02-18 10:30:00+05:30,216.85000305175782,215.59227303405763,219.23535308532715,2026-02-18 10:31:00+05:30,219.23535308532715,TARGET,4.699999999999972,5.499999999999972,26.978641510009766,70.6444091796875,86.99775695800781,1.7126680088617787,2.355721787529859,0.00853979872457499,5.26233862622931,0.0,215.59227303405763,0.9399999999999944,1.0999999999999943,100000.0,5.0,500000.0,4699.999999999972,5499.999999999972
2026-02-18,AMBIKCO,SHORT,A_PULLBACK_C2_THEN_BREAK_C2_LOW,MODERATE,2026-02-18 10:15:00+05:30,2026-02-18 10:45:00+05:30,1362.7274,1371.9939463199998,1350.4628534,2026-02-18 15:30:00+05:30,1352.0,EOD,3.136003635063033,3.9360036350630323,25.736711502075195,27.56877326965332,12.244719505310059,0.9143689241228664,3.2690978764314167,0.003422082213907669,0.4060652342526296,0.0,1371.9939463199998,0.6272007270126065,0.7872007270126065,50000.0,5.0,250000.0,1568.0018175315163,1968.001817531516
2026-02-18,GANECOS,SHORT,A_MOD_BREAK_C1_LOW,MODERATE,2026-02-18 10:30:00+05:30,2026-02-18 10:45:00+05:30,783.3932777954102,788.7203520844189,776.3427382952515,2026-02-18 10:49:00+05:30,776.3427382952515,TARGET,3.700000000000018,4.500000000000018,25.789030075073242,30.855886459350586,8.713444709777832,1.276630651360601,2.1926474058667336,0.006764087486620444,0.47024581511420377,0.0,788.7203520844189,0.7400000000000035,0.9000000000000036,50000.0,5.0,250000.0,1850.0000000000089,2250.000000000009
2026-02-18,RGL,SHORT,A_PULLBACK_C2_THEN_BREAK_C2_LOW,MODERATE,2026-02-18 10:30:00+05:30,2026-02-18 11:00:00+05:30,111.1800033569336,111.93602737976073,110.1793833267212,2026-02-18 11:01:00+05:30,110.1793833267212,TARGET,3.700000000000002,4.500000000000003,25.499950408935547,19.840913772583008,2.520895004272461,2.155702501524639,3.935943992563524,0.006976291737748903,0.5924992561340332,0.0,111.93602737976073,0.7400000000000004,0.9000000000000005,50000.0,5.0,250000.0,1850.0000000000011,2250.000000000001
2026-02-18,KRN,LONG,B_HUGE_GREEN_PULLBACK_HOLD_THEN_BREAK,HUGE,2026-02-18 10:30:00+05:30,2026-02-18 12:00:00+05:30,784.1568,779.6086905599999,792.7825247999999,2026-02-18 12:22:00+05:30,792.7825247999999,TARGET,4.699999999999964,5.499999999999964,42.2197265625,82.32942199707031,74.89759063720703,1.5828234473063771,4.181856303593496,0.008836187669596035,8.273840922562371,0.0,779.6086905599999,0.9399999999999928,1.0999999999999928,100000.0,5.0,500000.0,4699.9999999999645,5499.9999999999645
2026-02-18,SUNPHARMA,LONG,A_MOD_BREAK_C1_HIGH,MODERATE,2026-02-18 11:45:00+05:30,2026-02-18 12:00:00+05:30,1724.9448955810547,1714.9402151866846,1743.919289432446,2026-02-18 15:30:00+05:30,1725.5,EOD,-0.6390950283781793,0.16090497162182058,29.973634719848633,64.06392669677734,61.73712921142578,1.2980681832438927,1.14617473181556,0.0023867574574032123,3.8587785572494164,0.0,1714.9402151866846,-0.12781900567563587,0.032180994324364116,100000.0,5.0,500000.0,-639.0950283781793,160.90497162182058
2026-02-18,VOLTAMP,LONG,B_HUGE_GREEN_PULLBACK_HOLD_THEN_BREAK,HUGE,2026-02-18 11:00:00+05:30,2026-02-18 12:15:00+05:30,8542.7082,8493.160492439998,8636.677990199998,2026-02-18 12:16:00+05:30,8636.677990199998,TARGET,4.699999999999936,5.499999999999936,33.33859634399414,76.81224822998047,72.96028900146484,2.0214013132907533,3.4971216466963617,0.0069910773054146485,7.573244692256189,0.0,8493.160492439998,0.9399999999999873,1.0999999999999872,100000.0,5.0,500000.0,4699.999999999937,5499.999999999936
2026-02-18,CGPOWER,LONG,B_HUGE_C1_CLOSE_RECLAIM_BREAK,HUGE,2026-02-18 11:45:00+05:30,2026-02-18 12:15:00+05:30,703.0406044189453,698.9629689133154,710.7740510675537,2026-02-18 14:16:00+05:30,710.7740510675537,TARGET,4.699999999999987,5.499999999999986,30.760818481445312,78.89188385009766,95.12734985351562,2.2953417819756408,3.1454381535101734,0.005040352768798246,7.783135767990432,0.0,698.9629689133154,0.9399999999999973,1.0999999999999972,100000.0,5.0,500000.0,4699.999999999986,5499.999999999985
2026-02-18,APOLLO,LONG,B_HUGE_C1_CLOSE_RECLAIM_BREAK,HUGE,2026-02-18 13:30:00+05:30,2026-02-18 14:00:00+05:30,236.8,235.42656,239.4048,2026-02-18 15:30:00+05:30,236.0,EOD,-2.489189189189213,-1.689189189189213,28.28270721435547,71.4128646850586,73.13434600830078,1.9302005047921729,3.19174255470277,0.0042540324653214615,7.093065588233527,0.0,235.42656,-0.4978378378378426,-0.3378378378378426,100000.0,5.0,500000.0,-2489.1891891892133,-1689.1891891892128
2026-02-18,SOLARINDS,LONG,B_HUGE_C1_CLOSE_RECLAIM_BREAK,HUGE,2026-02-18 13:30:00+05:30,2026-02-18 14:00:00+05:30,13412.682,13334.8884444,13560.221501999999,2026-02-18 15:30:00+05:30,13350.0,EOD,-3.136669131498111,-2.336669131498111,25.525184631347656,70.04180145263672,83.25193786621094,532.2638359787715,2.6991722470238093,0.003131991051454139,642.7338086326673,0.0,13334.8884444,-0.6273338262996222,-0.4673338262996222,100000.0,5.0,500000.0,-3136.669131498111,-2336.669131498111
2026-02-19,PNGJL,LONG,B_HUGE_C1_CLOSE_RECLAIM_BREAK,HUGE,2026-02-19 10:00:00+05:30,2026-02-19 10:30:00+05:30,577.2153955810547,573.8675462866846,583.5647649324462,2026-02-19 12:15:00+05:30,573.8675462866846,SL,-3.7000000000000033,-2.900000000000003,32.40340042114258,70.84680938720703,60.989646911621094,0.4477088357976097,2.4210347218159995,0.006801249475024658,4.421295100990986,0.0,573.8675462866846,-0.7400000000000007,-0.5800000000000006,100000.0,5.0,500000.0,-3700.000000000003,-2900.000000000003
2026-02-20,RATEGAIN,SHORT,A_PULLBACK_C2_THEN_BREAK_C2_LOW,MODERATE,2026-02-20 10:00:00+05:30,2026-02-20 10:30:00+05:30,536.6926277954102,540.3421376644189,531.8623941452515,2026-02-20 11:00:00+05:30,540.3421376644189,SL,-4.199999999999953,-3.3999999999999533,42.18182373046875,25.335193634033203,14.18669605255127,0.5732804968359088,2.5249444941662142,0.005360457361960898,0.5930514429033154,0.0,540.3421376644189,-0.8399999999999905,-0.6799999999999906,50000.0,5.0,250000.0,-2099.9999999999764,-1699.9999999999766
2026-02-23,CIGNITITEC,SHORT,A_MOD_BREAK_C1_LOW,MODERATE,2026-02-23 10:00:00+05:30,2026-02-23 10:15:00+05:30,1293.0413888183593,1301.834070262324,1281.404016318994,2026-02-23 10:36:00+05:30,1281.404016318994,TARGET,3.700000000000009,4.500000000000009,35.60047149658203,25.182903289794922,20.98133087158203,1.067542019967887,3.126734555242314,0.006900157707538383,0.5808269259431107,0.0,1301.834070262324,0.7400000000000018,0.9000000000000017,50000.0,5.0,250000.0,1850.0000000000043,2250.000000000004
2026-02-23,TBOTEK,SHORT,A_MOD_BREAK_C1_LOW,MODERATE,2026-02-23 10:00:00+05:30,2026-02-23 10:15:00+05:30,1329.2341,1338.2728918799999,1317.2709931,2026-02-23 10:39:00+05:30,1317.2709931,TARGET,3.699999999999984,4.499999999999984,20.659515380859375,24.44341468811035,4.347401142120361,2.163605755832008,3.7374760457010874,0.004754747919410456,0.5198927307128907,0.0,1338.2728918799999,0.7399999999999969,0.8999999999999968,50000.0,5.0,250000.0,1849.9999999999923,2249.999999999992
2026-02-23,COFORGE,SHORT,A_MOD_BREAK_C1_LOW,MODERATE,2026-02-23 10:15:00+05:30,2026-02-23 10:30:00+05:30,1304.739,1313.6112252,1292.996349,2026-02-23 10:42:00+05:30,1292.996349,TARGET,3.700000000000009,4.500000000000009,34.83296585083008,21.12091064453125,9.456679344177246,1.426885559358968,3.2129972820725388,0.00799846539678037,0.6321994606502706,0.0,1313.6112252,0.7400000000000018,0.9000000000000018,50000.0,5.0,250000.0,1850.0000000000043,2250.0000000000045
2026-02-23,PENIND,SHORT,A_MOD_BREAK_C1_LOW,MODERATE,2026-02-23 10:15:00+05:30,2026-02-23 10:30:00+05:30,146.2500030517578,147.24450307250973,144.93375302429197,2026-02-23 11:02:00+05:30,144.93375302429197,TARGET,3.700000000000024,4.500000000000024,27.369949340820312,29.329608917236328,17.119487762451172,1.523048763777446,2.5808102269220456,0.008571044678359025,0.5370827737733577,0.0,147.24450307250973,0.7400000000000049,0.9000000000000048,50000.0,5.0,250000.0,1850.0000000000123,2250.000000000012
2026-02-23,EXICOM,SHORT,A_MOD_BREAK_C1_LOW,MODERATE,2026-02-23 10:30:00+05:30,2026-02-23 10:45:00+05:30,94.25000305175782,94.89090307250976,93.40175302429199,2026-02-23 12:48:00+05:30,94.89090307250976,SL,-4.199999999999944,-3.3999999999999444,33.34071350097656,29.415790557861328,12.286796569824219,1.9088449996166674,2.168868325037378,0.006567089374381592,0.6941585774475652,0.0,94.89090307250976,-0.8399999999999888,-0.6799999999999888,50000.0,5.0,250000.0,-2099.999999999972,-1699.9999999999723
2026-02-23,OFSS,SHORT,A_MOD_BREAK_C1_LOW,MODERATE,2026-02-23 10:30:00+05:30,2026-02-23 10:45:00+05:30,6587.6822,6632.47843896,6528.3930602,2026-02-23 11:55:00+05:30,6632.47843896,SL,-4.1999999999999815,-3.3999999999999813,22.940853118896484,33.786136627197266,20.851688385009766,1.093458338643036,1.7127016129032258,0.00470302662519912,0.38110308669113985,0.0,6632.47843896,-0.8399999999999963,-0.6799999999999963,50000.0,5.0,250000.0,-2099.999999999991,-1699.9999999999907
2026-02-23,WIPRO,SHORT,A_MOD_BREAK_C1_LOW,MODERATE,2026-02-23 10:30:00+05:30,2026-02-23 10:45:00+05:30,205.47000427246093,206.86720030151363,203.62077423400876,2026-02-23 15:30:00+05:30,205.92999267578125,EOD,-1.9193565818745055,-1.1193565818745057,25.93145179748535,17.475509643554688,4.297231197357178,2.5253200721466387,3.692409519740398,0.004478832979540999,0.5989717769622802,0.0,206.86720030151363,-0.38387131637490113,-0.22387131637490112,50000.0,5.0,250000.0,-959.6782909372529,-559.6782909372528
2026-02-23,LATENTVIEW,SHORT,A_MOD_BREAK_C1_LOW,MODERATE,2026-02-23 10:45:00+05:30,2026-02-23 11:00:00+05:30,354.2791361022949,356.6882342277905,351.09062387737424,2026-02-23 12:43:00+05:30,351.09062387737424,TARGET,3.7000000000000055,4.500000000000005,51.621299743652344,16.22669792175293,6.587194442749023,2.3700218265535997,3.8901773184630506,0.007568591448456168,0.96,0.0,356.6882342277905,0.7400000000000011,0.900000000000001,50000.0,5.0,250000.0,1850.0000000000027,2250.0000000000023
2026-02-23,TATAELXSI,SHORT,A_MOD_BREAK_C1_LOW,MODERATE,2026-02-23 10:45:00+05:30,2026-02-23 11:00:00+05:30,4763.5471,4795.939220279999,4720.6751761,2026-02-23 12:25:00+05:30,4720.6751761,TARGET,3.7000000000000197,4.5000000000000195,29.14719581604004,30.68613052368164,5.880826950073242,1.6634954261782242,2.475075390119975,0.005933651164914918,0.5883196368217898,0.0,4795.939220279999,0.740000000000004,0.9000000000000039,50000.0,5.0,250000.0,1850.00000000001,2250.00000000001
2026-02-23,UGROCAP,SHORT,A_MOD_BREAK_C1_LOW,MODERATE,2026-02-23 10:45:00+05:30,2026-02-23 11:00:00+05:30,114.2999984741211,115.0772384637451,113.27129848785401,2026-02-23 11:09:00+05:30,113.27129848785401,TARGET,3.699999999999981,4.4999999999999805,63.53375244140625,7.931044101715088,3.3701906204223633,1.9755421718363422,4.101043020980788,0.009500905444345351,0.9557198800713598,0.0,115.0772384637451,0.7399999999999962,0.8999999999999961,50000.0,5.0,250000.0,1849.9999999999905,2249.9999999999905
2026-02-23,DOLATALGO,SHORT,A_PULLBACK_C2_THEN_BREAK_C2_LOW,MODERATE,2026-02-23 10:45:00+05:30,2026-02-23 11:15:00+05:30,74.75000305175782,75.25830307250976,74.07725302429199,2026-02-23 15:06:00+05:30,75.25830307250976,SL,-4.199999999999953,-3.3999999999999533,23.592967987060547,36.6800651550293,6.633395195007324,0.8697725140173697,1.820525972470081,0.005265542809585772,0.35713100838245193,0.0,75.25830307250976,-0.8399999999999905,-0.6799999999999906,50000.0,5.0,250000.0,-2099.9999999999764,-1699.9999999999766
2026-02-23,RELIGARE,SHORT,A_MOD_BREAK_C1_LOW,MODERATE,2026-02-23 11:15:00+05:30,2026-02-23 11:30:00+05:30,214.91000671386718,216.37139475952145,212.97581665344237,2026-02-23 12:48:00+05:30,212.97581665344237,TARGET,3.7000000000000153,4.500000000000015,20.10762596130371,21.505550384521484,3.6794121265411377,2.3215617316273263,3.8044544381493295,0.005950724726842146,0.5116143894195557,0.0,216.37139475952145,0.7400000000000031,0.900000000000003,50000.0,5.0,250000.0,1850.0000000000077,2250.0000000000077
2026-02-23,ORIENTCEM,SHORT,A_PULLBACK_C2_THEN_BREAK_C2_LOW,MODERATE,2026-02-23 11:30:00+05:30,2026-02-23 12:00:00+05:30,157.00999755859374,158.07766554199216,155.59690758056638,2026-02-23 15:30:00+05:30,157.5,EOD,-2.3604179639051326,-1.5604179639051328,20.21453094482422,32.784759521484375,9.521319389343262,1.4229064467734966,1.585507075755315,0.005708096877681052,0.39150194614549094,0.0,158.07766554199216,-0.4720835927810265,-0.31208359278102654,50000.0,5.0,250000.0,-1180.2089819525663,-780.2089819525663
2026-02-23,ADOR,SHORT,A_MOD_BREAK_C1_LOW,MODERATE,2026-02-23 12:15:00+05:30,2026-02-23 12:30:00+05:30,1077.7844,1085.1133339199998,1068.0843404,2026-02-23 12:41:00+05:30,1068.0843404,TARGET,3.7000000000000144,4.500000000000014,24.022201538085938,38.34721374511719,19.026065826416016,1.4367801709930856,1.270623165409934,0.00851979843436622,0.43530071126557573,0.0,1085.1133339199998,0.7400000000000029,0.9000000000000029,50000.0,5.0,250000.0,1850.0000000000073,2250.0000000000073
2026-02-23,JBCHEPHARM,LONG,B_HUGE_GREEN_PULLBACK_HOLD_THEN_BREAK,HUGE,2026-02-23 10:00:00+05:30,2026-02-23 13:30:00+05:30,2036.9073,2025.09323766,2059.3132803,2026-02-23 15:30:00+05:30,2051.0,EOD,2.6593375947938136,3.459337594793813,21.515153884887695,75.61067199707031,83.69225311279297,1.6718048416733662,3.6475274827554776,0.0032942702130573554,7.282450773812519,0.0,2025.09323766,0.5318675189587627,0.6918675189587626,100000.0,5.0,500000.0,2659.3375947938134,3459.337594793813
2026-02-23,GODIGIT,LONG,B_HUGE_C1_CLOSE_RECLAIM_BREAK,HUGE,2026-02-23 13:15:00+05:30,2026-02-23 13:45:00+05:30,338.61769779052736,336.6537151433423,342.3424924662231,2026-02-23 14:37:00+05:30,336.6537151433423,SL,-3.699999999999984,-2.899999999999985,25.641498565673828,70.11351013183594,78.09799194335938,1.7711909136302209,2.6528199325288973,0.004261869404772443,6.197097960470203,0.0,336.6537151433423,-0.7399999999999969,-0.579999999999997,100000.0,5.0,500000.0,-3699.9999999999845,-2899.9999999999845
2026-02-23,NAM-INDIA,LONG,B_HUGE_C1_CLOSE_RECLAIM_BREAK,HUGE,2026-02-23 13:15:00+05:30,2026-02-23 13:45:00+05:30,980.196,974.5108632,990.9781559999999,2026-02-23 15:30:00+05:30,987.0,EOD,2.6707344245436495,3.470734424543649,34.38864517211914,79.32554626464844,84.34012603759766,2.5032946758229726,3.693863792867959,0.004438772980047732,8.396525114031935,0.0,974.5108632,0.5341468849087299,0.6941468849087298,100000.0,5.0,500000.0,2670.7344245436493,3470.734424543649
2026-02-23,MAZDOCK,SHORT,A_MOD_BREAK_C1_LOW,MODERATE,2026-02-23 14:15:00+05:30,2026-02-23 14:30:00+05:30,2284.9428223632813,2300.4804335553513,2264.378336962012,2026-02-23 15:30:00+05:30,2284.10009765625,EOD,-0.6155917297397294,0.1844082702602704,36.449928283691406,23.804866790771484,4.382053375244141,3.2359925246407273,2.745975954329803,0.004152239745602302,0.7567489242553711,0.0,2300.4804335553513,-0.12311834594794589,0.03688165405205408,50000.0,5.0,250000.0,-307.7958648698647,92.2041351301352
2026-02-24,CIGNITITEC,SHORT,A_MOD_BREAK_C1_LOW,MODERATE,2026-02-24 10:00:00+05:30,2026-02-24 10:15:00+05:30,1216.1567444091797,1224.426610271162,1205.211333709497,2026-02-24 10:18:00+05:30,1205.211333709497,TARGET,3.7000000000000446,4.500000000000044,46.501747131347656,15.57632064819336,4.687480449676514,1.7009500545337486,5.348675013056194,0.007361668207373781,0.8551924665136208,0.0,1224.426610271162,0.7400000000000089,0.9000000000000088,50000.0,5.0,250000.0,1850.0000000000223,2250.000000000022
2026-02-24,YATRA,SHORT,A_MOD_BREAK_C1_LOW,MODERATE,2026-02-24 10:15:00+05:30,2026-02-24 10:30:00+05:30,129.0500061035156,129.9275461450195,127.88855604858398,2026-02-24 10:31:00+05:30,127.88855604858398,TARGET,3.699999999999978,4.499999999999977,34.30581283569336,9.7034912109375,8.21834659576416,2.159844660418286,5.417490460848242,0.015615489475299976,0.7245871925354004,0.0,129.9275461450195,0.7399999999999956,0.8999999999999955,50000.0,5.0,250000.0,1849.9999999999889,2249.9999999999886
2026-02-24,MAHABANK,LONG,B_HUGE_C1_CLOSE_RECLAIM_BREAK,HUGE,2026-02-24 10:15:00+05:30,2026-02-24 10:45:00+05:30,71.41000061035156,70.99582260681152,72.19551061706542,2026-02-24 11:12:00+05:30,72.19551061706542,TARGET,4.699999999999975,5.499999999999975,27.23638153076172,77.52252197265625,82.21233367919922,1.7601061506015745,3.6096413309236595,0.005875620523103188,7.622561774196169,0.0,70.99582260681152,0.9399999999999951,1.099999999999995,100000.0,5.0,500000.0,4699.999999999975,5499.9999999999745
2026-02-24,JKCEMENT,SHORT,A_MOD_BREAK_C1_LOW,MODERATE,2026-02-24 10:30:00+05:30,2026-02-24 10:45:00+05:30,5673.865,5712.447281999999,5622.800214999999,2026-02-24 11:44:00+05:30,5622.800214999999,TARGET,3.7000000000000433,4.500000000000043,20.503921508789062,32.64033508300781,6.394464492797852,1.5923525502225035,2.557388537565187,0.0044835434275641494,0.446220518920774,0.0,5712.447281999999,0.7400000000000087,0.9000000000000086,50000.0,5.0,250000.0,1850.0000000000216,2250.0000000000214
2026-02-24,GMMPFAUDLR,SHORT,A_MOD_BREAK_C1_LOW,MODERATE,2026-02-24 10:45:00+05:30,2026-02-24 11:00:00+05:30,949.81,956.2687079999998,941.26171,2026-02-24 12:05:00+05:30,941.26171,TARGET,3.6999999999999744,4.499999999999974,33.00235366821289,19.664514541625977,5.403416633605957,2.068344502917301,3.417983783054272,0.004515036532753393,0.7050353050231932,0.0,956.2687079999998,0.7399999999999949,0.8999999999999949,50000.0,5.0,250000.0,1849.9999999999873,2249.9999999999873
2026-02-24,LTIM,SHORT,A_MOD_BREAK_C1_LOW,MODERATE,2026-02-24 10:45:00+05:30,2026-02-24 11:00:00+05:30,4686.0626,4717.92782568,4643.8880366,2026-02-24 11:03:00+05:30,4643.8880366,TARGET,3.6999999999999886,4.499999999999989,29.991849899291992,26.50371742248535,11.915210723876953,1.0493685563555855,2.7793894998960904,0.006588367796523862,0.49351724585160733,0.0,4717.92782568,0.7399999999999978,0.8999999999999978,50000.0,5.0,250000.0,1849.9999999999945,2249.9999999999945
2026-02-24,THANGAMAYL,LONG,B_HUGE_C1_CLOSE_RECLAIM_BREAK,HUGE,2026-02-24 11:00:00+05:30,2026-02-24 11:30:00+05:30,3720.844117675781,3699.2632217932614,3761.773402970214,2026-02-24 11:31:00+05:30,3761.773402970214,TARGET,4.6999999999999424,5.499999999999941,20.65334129333496,75.5114517211914,74.46053314208984,1.9024392565477881,3.6203460163211005,0.007847330222647634,7.233172083450848,0.0,3699.2632217932614,0.9399999999999884,1.0999999999999883,100000.0,5.0,500000.0,4699.999999999942,5499.999999999942
2026-02-24,LTTS,SHORT,A_MOD_BREAK_C1_LOW,MODERATE,2026-02-24 11:15:00+05:30,2026-02-24 11:30:00+05:30,3257.3484,3279.4983691199996,3228.0322644,2026-02-24 13:10:00+05:30,3228.0322644,TARGET,3.700000000000009,4.500000000000009,27.87588119506836,28.083248138427734,8.753547668457031,1.2301594682392083,2.6130377938015243,0.008987153192588837,0.49341612486788683,0.0,3279.4983691199996,0.7400000000000018,0.9000000000000017,50000.0,5.0,250000.0,1850.0000000000043,2250.000000000004
2026-02-24,AGARIND,SHORT,A_MOD_BREAK_C1_LOW,MODERATE,2026-02-24 11:30:00+05:30,2026-02-24 11:45:00+05:30,568.6862277954101,572.5532941444188,563.5680517452514,2026-02-24 12:10:00+05:30,563.5680517452514,TARGET,3.7000000000000046,4.5000000000000036,45.167240142822266,26.957962036132812,7.330012321472168,0.990017406358839,2.570862766064766,0.007038648940163333,0.7107616482551307,0.0,572.5532941444188,0.7400000000000009,0.9000000000000008,50000.0,5.0,250000.0,1850.0000000000023,2250.000000000002
2026-02-24,INDIANHUME,SHORT,A_MOD_BREAK_C1_LOW,MODERATE,2026-02-24 11:30:00+05:30,2026-02-24 11:45:00+05:30,350.5798638977051,352.96380697220945,347.42464512262575,2026-02-24 12:04:00+05:30,347.42464512262575,TARGET,3.6999999999999833,4.499999999999983,45.233917236328125,28.98178482055664,10.8877592086792,0.8533215855978229,2.497340730414244,0.004736102374422535,0.6878400360245409,0.0,352.96380697220945,0.7399999999999967,0.8999999999999966,50000.0,5.0,250000.0,1849.9999999999916,2249.999999999992
2026-02-24,NYKAA,SHORT,A_MOD_BREAK_C1_LOW,MODERATE,2026-02-24 11:30:00+05:30,2026-02-24 11:45:00+05:30,259.4680850158691,261.232467993977,257.1328722507263,2026-02-24 15:15:00+05:30,261.232467993977,SL,-4.199999999999987,-3.3999999999999875,33.667869567871094,27.0418758392334,2.8439249992370605,1.4659891542459633,2.7509381441416374,0.004878412295115789,0.6215661455111099,0.0,261.232467993977,-0.8399999999999974,-0.6799999999999975,50000.0,5.0,250000.0,-2099.999999999993,-1699.9999999999939
2026-02-24,ABREL,SHORT,A_MOD_BREAK_C1_LOW,MODERATE,2026-02-24 11:45:00+05:30,2026-02-24 12:00:00+05:30,1277.8443555908202,1286.5336972088378,1266.343756390503,2026-02-24 12:42:00+05:30,1266.343756390503,TARGET,3.699999999999972,4.499999999999972,21.12588119506836,33.97101593017578,3.930734634399414,1.072952575777396,1.8243860177037672,0.004807691074710241,0.355874219572258,0.0,1286.5336972088378,0.7399999999999944,0.8999999999999944,50000.0,5.0,250000.0,1849.9999999999861,2249.999999999986
2026-02-24,TECHM,SHORT,A_MOD_BREAK_C1_LOW,MODERATE,2026-02-24 11:45:00+05:30,2026-02-24 12:00:00+05:30,1366.7266,1376.0203408799998,1354.4260606,2026-02-24 12:13:00+05:30,1354.4260606,TARGET,3.6999999999999766,4.499999999999976,41.8624267578125,12.482892036437988,2.678572654724121,2.445451306558479,3.8293676314568943,0.007476722365842528,0.8379364013671875,0.0,1376.0203408799998,0.7399999999999953,0.8999999999999952,50000.0,5.0,250000.0,1849.9999999999884,2249.999999999988
2026-02-24,HCLTECH,SHORT,A_MOD_BREAK_C1_LOW,MODERATE,2026-02-24 12:00:00+05:30,2026-02-24 12:15:00+05:30,1349.1301444091796,1358.304229391162,1336.987973109497,2026-02-24 12:42:00+05:30,1336.987973109497,TARGET,3.699999999999979,4.499999999999979,51.051578521728516,14.013261795043945,1.6499691009521484,1.7449877899936894,3.2994183344899657,0.007676123578972949,0.9153728632488956,0.0,1358.304229391162,0.7399999999999958,0.8999999999999958,50000.0,5.0,250000.0,1849.9999999999895,2249.9999999999895
2026-02-24,HUDCO,SHORT,A_MOD_BREAK_C1_LOW,MODERATE,2026-02-24 12:00:00+05:30,2026-02-24 12:15:00+05:30,190.66000671386718,191.95649475952146,188.94406665344238,2026-02-24 13:32:00+05:30,188.94406665344238,TARGET,3.6999999999999855,4.499999999999986,30.4532470703125,31.671592712402344,24.565649032592773,1.0683602307000128,2.1103178404678027,0.0046233925814655775,0.5037617464271897,0.0,191.95649475952146,0.7399999999999971,0.8999999999999971,50000.0,5.0,250000.0,1849.9999999999927,2249.9999999999927
2026-02-24,INFY,SHORT,A_MOD_BREAK_C1_LOW,MODERATE,2026-02-24 12:00:00+05:30,2026-02-24 12:15:00+05:30,1274.0451888183593,1282.708696102324,1262.578782118994,2026-02-24 15:30:00+05:30,1280.4000244140625,EOD,-3.293960046109956,-2.4939600461099563,52.72886276245117,17.864540100097656,3.3521571159362793,1.1775493058013424,2.864438649262978,0.005826330371931488,0.8160711285152349,0.0,1282.708696102324,-0.6587920092219912,-0.4987920092219913,50000.0,5.0,250000.0,-1646.980023054978,-1246.9800230549783
2026-02-24,POCL,SHORT,A_MOD_BREAK_C1_LOW,MODERATE,2026-02-24 12:00:00+05:30,2026-02-24 12:15:00+05:30,1109.778,1117.3244903999998,1099.789998,2026-02-24 12:16:00+05:30,1099.789998,TARGET,3.7000000000000233,4.500000000000023,22.199050903320312,27.9123592376709,2.5649349689483643,2.112017406424494,2.846972864432063,0.0070496879608524955,0.5429857635498048,0.0,1117.3244903999998,0.7400000000000047,0.9000000000000046,50000.0,5.0,250000.0,1850.0000000000116,2250.0000000000114
2026-02-24,RPSGVENT,SHORT,A_MOD_BREAK_C1_LOW,MODERATE,2026-02-24 12:00:00+05:30,2026-02-24 12:15:00+05:30,674.865,679.454082,668.791215,2026-02-24 14:51:00+05:30,668.791215,TARGET,3.700000000000032,4.500000000000032,60.09818649291992,24.566410064697266,8.105563163757324,1.4294855333765362,2.833179614517456,0.0054603018584074795,0.8601599683408938,0.0,679.454082,0.7400000000000064,0.9000000000000064,50000.0,5.0,250000.0,1850.0000000000161,2250.000000000016
2026-02-24,TCS,SHORT,A_MOD_BREAK_C1_LOW,MODERATE,2026-02-24 12:00:00+05:30,2026-02-24 12:15:00+05:30,2586.4826,2604.07068168,2563.2042566,2026-02-24 13:26:00+05:30,2563.2042566,TARGET,3.6999999999999647,4.4999999999999645,30.078737258911133,26.52964973449707,14.991473197937012,0.8264175419323814,2.300988690288523,0.005835965121688169,0.4558041287218337,0.0,2604.07068168,0.7399999999999929,0.8999999999999928,50000.0,5.0,250000.0,1849.9999999999823,2249.9999999999823
2026-02-24,LXCHEM,SHORT,A_MOD_BREAK_C1_LOW,MODERATE,2026-02-24 12:15:00+05:30,2026-02-24 12:30:00+05:30,131.8699981689453,132.76671415649412,130.6831681854248,2026-02-24 15:22:00+05:30,132.76671415649412,SL,-4.199999999999956,-3.399999999999956,41.459259033203125,18.909107208251953,1.584306001663208,2.291566577650203,2.9616808669079937,0.0049849025595904446,0.8318888854980468,0.0,132.76671415649412,-0.8399999999999912,-0.6799999999999912,50000.0,5.0,250000.0,-2099.999999999978,-1699.999999999978
2026-02-24,MAYURUNIQ,SHORT,A_MOD_BREAK_C1_LOW,MODERATE,2026-02-24 12:15:00+05:30,2026-02-24 12:30:00+05:30,543.9911555908203,547.6902954488379,539.0952351905029,2026-02-24 12:33:00+05:30,539.0952351905029,TARGET,3.700000000000049,4.500000000000049,46.73965072631836,25.61496925354004,2.1422715187072754,2.1842073436245864,3.225771214818631,0.0067169228825000446,0.9110947608947753,0.0,547.6902954488379,0.7400000000000098,0.9000000000000098,50000.0,5.0,250000.0,1850.0000000000243,2250.0000000000246
2026-02-24,SBICARD,SHORT,A_MOD_BREAK_C1_LOW,MODERATE,2026-02-24 12:15:00+05:30,2026-02-24 12:30:00+05:30,765.2469444091797,770.4506236311621,758.3597219094971,2026-02-24 14:42:00+05:30,770.4506236311621,SL,-4.199999999999974,-3.3999999999999755,29.48335838317871,28.64130973815918,11.734305381774902,1.1533020021938452,2.2667918126683766,0.0052965415675708585,0.5040782261316035,0.0,770.4506236311621,-0.839999999999995,-0.679999999999995,50000.0,5.0,250000.0,-2099.9999999999873,-1699.9999999999875
2026-02-24,TATATECH,SHORT,A_MOD_BREAK_C1_LOW,MODERATE,2026-02-24 12:30:00+05:30,2026-02-24 12:45:00+05:30,574.4350777954102,578.3412363244189,569.2651620952515,2026-02-24 14:06:00+05:30,569.2651620952515,TARGET,3.6999999999999558,4.499999999999956,44.02748107910156,18.972667694091797,2.3988354206085205,2.4129451778865176,3.4842371286894935,0.0065607242263287955,0.8704122161865233,0.0,578.3412363244189,0.7399999999999911,0.899999999999991,50000.0,5.0,250000.0,1849.9999999999777,2249.9999999999777
2026-02-24,CELLO,SHORT,A_PULLBACK_C2_THEN_BREAK_C2_LOW,MODERATE,2026-02-24 12:30:00+05:30,2026-02-24 13:00:00+05:30,428.9142,431.83081655999996,425.0539722,2026-02-24 15:30:00+05:30,428.0,EOD,0.26571430836283116,1.065714308362831,38.26710891723633,24.908550262451172,8.714739799499512,0.8049278085619629,1.9487934560327198,0.005652687766335227,0.5723086730585243,0.0,431.83081655999996,0.05314286167256624,0.21314286167256621,50000.0,5.0,250000.0,132.8571541814156,532.8571541814156
2026-02-24,CAMS,SHORT,A_MOD_BREAK_C1_LOW,MODERATE,2026-02-24 12:45:00+05:30,2026-02-24 13:00:00+05:30,706.4086777954102,711.212256804419,700.0509996952514,2026-02-24 15:22:00+05:30,711.212256804419,SL,-4.1999999999999975,-3.3999999999999977,37.41448211669922,28.671737670898438,7.229222297668457,1.6125395073183022,2.0377868912550268,0.0041687003533441664,0.7034116455311912,0.0,711.212256804419,-0.8399999999999994,-0.6799999999999995,50000.0,5.0,250000.0,-2099.9999999999986,-1699.9999999999989
2026-02-24,GREAVESCOT,SHORT,A_MOD_BREAK_C1_LOW,MODERATE,2026-02-24 12:45:00+05:30,2026-02-24 13:00:00+05:30,155.5500061035156,156.60774614501952,154.15005604858396,2026-02-24 13:32:00+05:30,154.15005604858396,TARGET,3.700000000000033,4.500000000000034,24.7430362701416,24.644155502319336,2.5670340061187744,1.8423979686576284,2.4222833073966954,0.005463798641678643,0.553565188567209,0.0,156.60774614501952,0.7400000000000067,0.9000000000000067,50000.0,5.0,250000.0,1850.0000000000166,2250.000000000017
2026-02-24,KALAMANDIR,SHORT,A_MOD_BREAK_C1_LOW,MODERATE,2026-02-24 12:45:00+05:30,2026-02-24 13:00:00+05:30,111.40999908447266,112.16758707824707,110.40730909271241,2026-02-24 13:23:00+05:30,112.16758707824707,SL,-4.199999999999972,-3.3999999999999715,22.933500289916992,34.749961853027344,33.659515380859375,0.9939501249061357,1.8163748712667354,0.004650851536224776,0.3687625197706654,0.0,112.16758707824707,-0.8399999999999943,-0.6799999999999943,50000.0,5.0,250000.0,-2099.9999999999854,-1699.9999999999857
2026-02-24,PHOENIXLTD,SHORT,A_MOD_BREAK_C1_LOW,MODERATE,2026-02-24 13:00:00+05:30,2026-02-24 13:15:00+05:30,1690.4618888183593,1701.957029662324,1675.247731818994,2026-02-24 13:37:00+05:30,1675.247731818994,TARGET,3.7000000000000153,4.500000000000015,27.188636779785156,36.34202194213867,16.315147399902344,1.352915954666334,1.7941146822781375,0.004653502173089713,0.49429557787729267,0.0,1701.957029662324,0.7400000000000031,0.900000000000003,50000.0,5.0,250000.0,1850.0000000000077,2250.0000000000077
2026-02-24,UTKARSHBNK,LONG,B_HUGE_GREEN_PULLBACK_HOLD_THEN_BREAK,HUGE,2026-02-24 12:15:00+05:30,2026-02-24 14:15:00+05:30,15.150000381469727,15.062130379257203,15.316650385665893,2026-02-24 14:17:00+05:30,15.316650385665893,TARGET,4.699999999999962,5.499999999999962,21.402698516845703,82.46289825439453,90.8083267211914,1.6043387048380797,4.948713510382202,0.012349801264261506,8.643312920005013,0.0,15.062130379257203,0.9399999999999924,1.0999999999999923,100000.0,5.0,500000.0,4699.999999999962,5499.999999999962
2026-02-24,ECLERX,SHORT,A_PULLBACK_C2_THEN_BREAK_C2_LOW,MODERATE,2026-02-24 14:00:00+05:30,2026-02-24 14:30:00+05:30,3345.5307111816405,3368.2803200176754,3315.4209347810056,2026-02-24 15:30:00+05:30,3350.0,EOD,-1.467949154288427,-0.667949154288427,57.357025146484375,19.01910972595215,6.412367820739746,3.7784106814552247,3.694506460733768,0.00383978188306842,0.96,0.0,3368.2803200176754,-0.2935898308576854,-0.13358983085768542,50000.0,5.0,250000.0,-733.9745771442135,-333.9745771442136
2026-02-25,CHALET,SHORT,A_MOD_BREAK_C1_LOW,MODERATE,2026-02-25 10:00:00+05:30,2026-02-25 10:15:00+05:30,835.8328,841.51646304,828.3103048,2026-02-25 10:24:00+05:30,828.3103048,TARGET,3.6999999999999886,4.4999999999999885,57.21104049682617,28.541677474975586,15.214115142822266,1.292989143246413,2.39719869171106,0.004532642626876466,0.8362731000681223,0.0,841.51646304,0.7399999999999978,0.8999999999999977,50000.0,5.0,250000.0,1849.9999999999945,2249.999999999994
2026-02-25,CELLO,SHORT,A_MOD_BREAK_C1_LOW,MODERATE,2026-02-25 10:15:00+05:30,2026-02-25 10:30:00+05:30,418.66625,421.5131805,414.89825375,2026-02-25 13:28:00+05:30,414.89825375,TARGET,3.700000000000012,4.5000000000000115,49.563690185546875,13.36297607421875,6.918520927429199,1.471279555354204,4.447717210083294,0.004199685692147407,0.8609292749701887,0.0,421.5131805,0.7400000000000024,0.9000000000000024,50000.0,5.0,250000.0,1850.0000000000061,2250.000000000006
2026-02-25,GANESHHOU,SHORT,A_MOD_BREAK_C1_LOW,MODERATE,2026-02-25 10:45:00+05:30,2026-02-25 11:00:00+05:30,664.8170222045899,669.337777955581,658.8336690047486,2026-02-25 11:51:00+05:30,669.337777955581,SL,-4.199999999999959,-3.399999999999959,32.29026412963867,14.504678726196289,8.578420639038086,2.71717473833622,4.529083098164403,0.0070037499170456105,0.69435396194458,0.0,669.337777955581,-0.8399999999999919,-0.6799999999999918,50000.0,5.0,250000.0,-2099.9999999999795,-1699.9999999999795
2026-02-25,GRAPHITE,LONG,A_MOD_BREAK_C1_HIGH,MODERATE,2026-02-25 10:45:00+05:30,2026-02-25 11:00:00+05:30,702.0404044189453,697.9685700733154,709.7628488675537,2026-02-25 11:01:00+05:30,709.7628488675537,TARGET,4.699999999999981,5.4999999999999805,24.415422439575195,69.86579895019531,89.8853988647461,1.1917919955425327,2.599029416723249,0.006614407562063224,5.249485317189794,0.0,697.9685700733154,0.9399999999999962,1.099999999999996,100000.0,5.0,500000.0,4699.999999999981,5499.999999999981
2026-02-25,LICHSGFIN,LONG,B_HUGE_GREEN_PULLBACK_HOLD_THEN_BREAK,HUGE,2026-02-25 10:30:00+05:30,2026-02-25 11:45:00+05:30,548.7096955810547,545.5271793466845,554.7455022324463,2026-02-25 12:36:00+05:30,545.5271793466845,SL,-3.7000000000000344,-2.900000000000035,28.759117126464844,84.64390563964844,93.66085815429688,2.2456474160199917,4.541539248928411,0.004718666485467093,8.795497159450704,0.0,545.5271793466845,-0.7400000000000069,-0.580000000000007,100000.0,5.0,500000.0,-3700.0000000000346,-2900.000000000035
2026-02-25,JINDALPOLY,LONG,B_HUGE_GREEN_PULLBACK_HOLD_THEN_BREAK,HUGE,2026-02-25 10:45:00+05:30,2026-02-25 11:45:00+05:30,614.5229044189454,610.9586715733154,621.2826563675537,2026-02-25 12:13:00+05:30,610.9586715733154,SL,-3.700000000000039,-2.9000000000000385,54.61096954345703,89.51913452148438,97.06800079345703,1.6535666817448493,5.579490861845829,0.014010233083971476,9.886443569386888,0.0,610.9586715733154,-0.7400000000000078,-0.5800000000000077,100000.0,5.0,500000.0,-3700.0000000000387,-2900.0000000000387
2026-02-25,FOSECOIND,LONG,B_HUGE_C1_CLOSE_RECLAIM_BREAK,HUGE,2026-02-25 11:30:00+05:30,2026-02-25 12:00:00+05:30,4890.877882324219,4862.510790606739,4944.677539029785,2026-02-25 12:01:00+05:30,4862.510790606739,SL,-3.6999999999999966,-2.8999999999999964,41.38180160522461,75.99281311035156,88.48735046386719,1.7258031460079526,3.4860185729703184,0.0077258359491198525,7.789796638956892,0.0,4862.510790606739,-0.7399999999999993,-0.5799999999999993,100000.0,5.0,500000.0,-3699.999999999997,-2899.9999999999964
2026-02-26,DREDGECORP,LONG,B_HUGE_C1_CLOSE_RECLAIM_BREAK,HUGE,2026-02-26 10:00:00+05:30,2026-02-26 10:30:00+05:30,955.7910955810547,950.2475072266845,966.3047976324463,2026-02-26 10:33:00+05:30,966.3047976324463,TARGET,4.699999999999964,5.499999999999964,25.7299747467041,66.67414855957031,70.93317413330078,1.5761477432954074,2.2635710914844513,0.00896220551462487,5.60042004771041,0.0,950.2475072266845,0.9399999999999928,1.0999999999999928,100000.0,5.0,500000.0,4699.9999999999645,5499.9999999999645
2026-02-26,HLEGLAS,LONG,B_HUGE_C1_CLOSE_RECLAIM_BREAK,HUGE,2026-02-26 10:00:00+05:30,2026-02-26 10:30:00+05:30,326.11519779052736,324.22372964334227,329.70246496622315,2026-02-26 10:31:00+05:30,329.70246496622315,TARGET,4.699999999999976,5.499999999999976,25.462247848510742,75.50263977050781,89.58646392822266,2.078065057920449,3.7744982516212096,0.006309284147491119,7.721216276514397,0.0,324.22372964334227,0.9399999999999953,1.0999999999999952,100000.0,5.0,500000.0,4699.999999999976,5499.999999999976
2026-02-26,JSWENERGY,LONG,B_HUGE_C1_CLOSE_RECLAIM_BREAK,HUGE,2026-02-26 10:00:00+05:30,2026-02-26 10:30:00+05:30,500.40004779052737,497.4977275133423,505.9044483162231,2026-02-26 10:45:00+05:30,505.9044483162231,TARGET,4.699999999999957,5.499999999999956,31.39853286743164,74.04771423339844,85.7549057006836,1.5520816549417542,3.344231407535908,0.005104080601512886,6.584874002461762,0.0,497.4977275133423,0.9399999999999913,1.0999999999999912,100000.0,5.0,500000.0,4699.999999999957,5499.999999999956
2026-02-26,MUKANDLTD,LONG,B_HUGE_C1_CLOSE_RECLAIM_BREAK,HUGE,2026-02-26 10:15:00+05:30,2026-02-26 10:45:00+05:30,134.05,133.27251,135.52455,2026-02-26 10:46:00+05:30,135.52455,TARGET,4.699999999999975,5.499999999999975,24.15064239501953,73.44686126708984,90.97138977050781,0.41341092756971826,4.308115291850956,0.008097008093079524,5.6272675822822,0.0,133.27251,0.9399999999999951,1.099999999999995,100000.0,5.0,500000.0,4699.999999999975,5499.9999999999745
2026-02-26,IGPL,SHORT,A_MOD_BREAK_C1_LOW,MODERATE,2026-02-26 11:00:00+05:30,2026-02-26 11:15:00+05:30,364.927,367.4085036,361.64265700000004,2026-02-26 13:59:00+05:30,361.64265700000004,TARGET,3.69999999999997,4.49999999999997,35.4743766784668,32.640174865722656,14.000041007995605,1.2042526893825038,2.5126925715711343,0.002681031945633562,0.6028598708189401,0.0,367.4085036,0.739999999999994,0.899999999999994,50000.0,5.0,250000.0,1849.999999999985,2249.999999999985
2026-02-26,MUTHOOTFIN,SHORT,A_MOD_BREAK_C1_LOW,MODERATE,2026-02-26 12:00:00+05:30,2026-02-26 12:15:00+05:30,3449.4100776367186,3472.866066164648,3418.365386937988,2026-02-26 12:42:00+05:30,3418.365386937988,TARGET,3.6999999999999886,4.499999999999989,25.588247299194336,31.481464385986328,12.664485931396484,1.847095427868672,2.0865443732972944,0.0043008969515742615,0.5670654093649325,0.0,3472.866066164648,0.7399999999999978,0.8999999999999978,50000.0,5.0,250000.0,1849.9999999999945,2249.9999999999945
2026-02-26,TRENT,SHORT,A_MOD_BREAK_C1_LOW,MODERATE,2026-02-26 12:00:00+05:30,2026-02-26 12:15:00+05:30,3859.827977636719,3886.074807884648,3825.0895258379883,2026-02-26 15:30:00+05:30,3861.0,EOD,-0.9518231343561884,-0.15182313435618855,28.559398651123047,26.111351013183594,11.638484954833984,2.310052140048234,2.7703407324159697,0.004463703670296883,0.6383909797668457,0.0,3886.074807884648,-0.19036462687123767,-0.03036462687123771,50000.0,5.0,250000.0,-475.9115671780942,-75.91156717809427
2026-02-26,REMSONSIND,SHORT,A_MOD_BREAK_C1_LOW,MODERATE,2026-02-26 12:15:00+05:30,2026-02-26 12:30:00+05:30,111.45,112.20786,110.44695,2026-02-26 14:43:00+05:30,112.20786,SL,-4.199999999999972,-3.399999999999972,27.183650970458984,38.84334945678711,28.217853546142578,1.3289888515209873,1.5056748862730565,0.006681609581404202,0.47561155788671033,0.0,112.20786,-0.8399999999999943,-0.6799999999999944,50000.0,5.0,250000.0,-2099.9999999999854,-1699.9999999999861
2026-02-26,ASIANPAINT,SHORT,A_PULLBACK_C2_THEN_BREAK_C2_LOW,MODERATE,2026-02-26 12:30:00+05:30,2026-02-26 13:00:00+05:30,2387.9222223632814,2404.1600934753515,2366.430922362012,2026-02-26 15:30:00+05:30,2394.89990234375,EOD,-2.2610358568468967,-1.4610358568468969,26.03199005126953,33.00267028808594,8.518280029296875,1.9246080060482567,1.937391758977878,0.0031266468201951777,0.5841558397763817,0.0,2404.1600934753515,-0.4522071713693793,-0.29220717136937935,50000.0,5.0,250000.0,-1130.5179284234482,-730.5179284234483
2026-02-26,ARVINDFASN,SHORT,A_MOD_BREAK_C1_LOW,MODERATE,2026-02-26 13:15:00+05:30,2026-02-26 13:30:00+05:30,434.51308610229495,437.4677750877905,430.6024683273743,2026-02-26 13:44:00+05:30,437.4677750877905,SL,-4.199999999999969,-3.3999999999999697,39.5435791015625,27.852920532226562,3.0439023971557617,2.902380128699249,2.5188553679994796,0.003368884739164048,0.8031536865234374,0.0,437.4677750877905,-0.8399999999999939,-0.6799999999999939,50000.0,5.0,250000.0,-2099.9999999999845,-1699.999999999985
2026-02-27,CAMS,SHORT,A_MOD_BREAK_C1_LOW,MODERATE,2026-02-27 10:00:00+05:30,2026-02-27 10:15:00+05:30,684.863,689.5200684,678.699233,2026-02-27 15:07:00+05:30,678.699233,TARGET,3.7000000000000055,4.500000000000005,23.30950164794922,20.51534080505371,1.3683865070343018,1.6743852278956795,4.366995937735886,0.005650497156674029,0.5026599396009821,0.0,689.5200684,0.7400000000000011,0.900000000000001,50000.0,5.0,250000.0,1850.0000000000027,2250.0000000000023
2026-02-27,SSDL,SHORT,A_MOD_BREAK_C1_LOW,MODERATE,2026-02-27 10:00:00+05:30,2026-02-27 10:15:00+05:30,62.60000152587891,63.02568153625488,62.036601512146,2026-02-27 15:01:00+05:30,62.036601512146,TARGET,3.6999999999999957,4.499999999999995,31.669517517089844,45.285037994384766,26.19046974182129,0.9045233665007947,0.6003269654266735,0.00998746059110331,0.42335070016532045,0.0,63.02568153625488,0.7399999999999991,0.899999999999999,50000.0,5.0,250000.0,1849.9999999999977,2249.9999999999977
2026-02-27,EMAMILTD,SHORT,A_MOD_BREAK_C1_LOW,MODERATE,2026-02-27 10:15:00+05:30,2026-02-27 10:30:00+05:30,467.35652220458985,470.534546555581,463.1503135047485,2026-02-27 15:02:00+05:30,463.1503135047485,TARGET,3.7000000000000344,4.500000000000035,28.60915756225586,26.207033157348633,6.4885382652282715,1.9163404182120707,3.4053198760787393,0.0037577961956569623,0.6244969366209503,0.0,470.534546555581,0.7400000000000069,0.9000000000000069,50000.0,5.0,250000.0,1850.0000000000173,2250.0000000000173
2026-02-27,SBFC,SHORT,A_PULLBACK_C2_THEN_BREAK_C2_LOW,MODERATE,2026-02-27 10:15:00+05:30,2026-02-27 10:45:00+05:30,94.61000366210938,95.25335168701172,93.75851362915039,2026-02-27 12:47:00+05:30,95.25335168701172,SL,-4.199999999999967,-3.3999999999999675,33.574058532714844,29.028047561645508,9.080376625061035,1.3720277971871677,3.273690652260586,0.004596135073496498,0.6037157424984769,0.0,95.25335168701172,-0.8399999999999934,-0.6799999999999935,50000.0,5.0,250000.0,-2099.999999999983,-1699.9999999999836
2026-02-27,KARURVYSYA,SHORT,A_MOD_BREAK_C1_LOW,MODERATE,2026-02-27 10:45:00+05:30,2026-02-27 11:00:00+05:30,328.0843638977051,330.31533757220944,325.13160462262573,2026-02-27 11:21:00+05:30,325.13160462262573,TARGET,3.7000000000000197,4.5000000000000195,42.3077507019043,19.92306137084961,12.020485877990723,1.5100681102186941,2.905120066875307,0.007374540290358927,0.7588781798168358,0.0,330.31533757220944,0.740000000000004,0.9000000000000039,50000.0,5.0,250000.0,1850.00000000001,2250.00000000001
2026-02-27,APEX,SHORT,A_MOD_BREAK_C1_LOW,MODERATE,2026-02-27 11:00:00+05:30,2026-02-27 11:15:00+05:30,405.01898610229495,407.7731152077905,401.3738152273743,2026-02-27 11:39:00+05:30,401.3738152273743,TARGET,3.7000000000000144,4.500000000000014,22.28774642944336,25.50792694091797,9.44980525970459,1.9302008678413647,3.020439072303112,0.008499644793316899,0.5321013483138892,0.0,407.7731152077905,0.7400000000000029,0.9000000000000029,50000.0,5.0,250000.0,1850.0000000000073,2250.0000000000073
2026-02-27,CREDITACC,SHORT,A_MOD_BREAK_C1_LOW,MODERATE,2026-02-27 11:00:00+05:30,2026-02-27 11:15:00+05:30,1267.7464,1276.3670755199998,1256.3366824,2026-02-27 11:21:00+05:30,1256.3366824,TARGET,3.700000000000009,4.500000000000009,41.77212142944336,19.798837661743164,1.1118195056915283,2.2879355286596805,3.9485216627261766,0.007970918992340377,0.8365818214416503,0.0,1276.3670755199998,0.7400000000000018,0.9000000000000017,50000.0,5.0,250000.0,1850.0000000000043,2250.000000000004
2026-02-27,SRHHYPOLTD,SHORT,A_MOD_BREAK_C1_LOW,MODERATE,2026-02-27 11:00:00+05:30,2026-02-27 11:15:00+05:30,471.9056,475.11455807999994,467.6584496,2026-02-27 14:06:00+05:30,467.6584496,TARGET,3.70000000000001,4.50000000000001,23.80891227722168,40.52915954589844,15.296717643737793,0.497932739575303,1.4253779335947583,0.004933410276800899,0.2755408102637411,0.0,475.11455807999994,0.740000000000002,0.900000000000002,50000.0,5.0,250000.0,1850.000000000005,2250.000000000005
2026-02-27,JKTYRE,SHORT,A_MOD_BREAK_C1_LOW,MODERATE,2026-02-27 11:45:00+05:30,2026-02-27 12:00:00+05:30,508.8982,512.3587077599999,504.31811619999996,2026-02-27 14:33:00+05:30,504.31811619999996,TARGET,3.700000000000011,4.500000000000011,37.578025817871094,24.193578720092773,4.666368007659912,1.9908634490632802,2.8126600994164668,0.00814204900954086,0.7720714908541404,0.0,512.3587077599999,0.7400000000000022,0.9000000000000021,50000.0,5.0,250000.0,1850.0000000000055,2250.0000000000055
2026-02-27,RAMKY,SHORT,A_MOD_BREAK_C1_LOW,MODERATE,2026-02-27 11:45:00+05:30,2026-02-27 12:00:00+05:30,458.45827779541014,461.5757940844189,454.33215329525143,2026-02-27 15:30:00+05:30,458.95001220703125,EOD,-1.3362913436591377,-0.5362913436591381,24.486440658569336,38.60409927368164,15.322912216186523,0.89969108106672,1.4803149993710076,0.004648746492873831,0.3587582990337664,0.0,461.5757940844189,-0.26725826873182756,-0.10725826873182762,50000.0,5.0,250000.0,-668.145671829569,-268.14567182956904
2026-02-27,SAFARI,SHORT,A_PULLBACK_C2_THEN_BREAK_C2_LOW,MODERATE,2026-02-27 12:45:00+05:30,2026-02-27 13:15:00+05:30,1821.6356,1834.02272208,1805.2408796,2026-02-27 13:16:00+05:30,1805.2408796,TARGET,3.700000000000027,4.500000000000027,38.75407409667969,30.00260353088379,21.924135208129883,1.1188608838765275,1.7817563549015394,0.004870310106973235,0.6261995838736647,0.0,1834.02272208,0.7400000000000053,0.9000000000000054,50000.0,5.0,250000.0,1850.0000000000134,2250.000000000013
2026-02-27,NAVINFLUOR,SHORT,A_MOD_BREAK_C1_LOW,MODERATE,2026-02-27 13:15:00+05:30,2026-02-27 13:30:00+05:30,6238.752,6281.1755136,6182.603232,2026-02-27 13:40:00+05:30,6182.603232,TARGET,3.700000000000001,4.500000000000001,47.95878601074219,24.501388549804688,2.925084114074707,2.9518152062376646,3.634001714038589,0.003627209707312838,0.9293817901611328,0.0,6281.1755136,0.7400000000000002,0.9000000000000002,50000.0,5.0,250000.0,1850.0000000000005,2250.000000000001
2026-02-27,BHARATWIRE,LONG,B_HUGE_C1_CLOSE_RECLAIM_BREAK,HUGE,2026-02-27 13:15:00+05:30,2026-02-27 13:45:00+05:30,179.8800018310547,178.83669782043458,181.85868185119628,2026-02-27 15:03:00+05:30,178.83669782043458,SL,-3.7000000000000046,-2.900000000000005,33.26339340209961,65.345947265625,73.52165222167969,2.410204440689808,2.624713306798912,0.004273863457597614,7.085886366112602,0.0,178.83669782043458,-0.7400000000000009,-0.580000000000001,100000.0,5.0,500000.0,-3700.0000000000045,-2900.000000000005
2026-02-27,KDDL,LONG,B_HUGE_GREEN_PULLBACK_HOLD_THEN_BREAK,HUGE,2026-02-27 12:00:00+05:30,2026-02-27 14:00:00+05:30,2455.491,2441.2491522,2482.5014009999995,2026-02-27 14:41:00+05:30,2441.2491522,SL,-3.699999999999992,-2.899999999999992,33.11375427246094,82.91314697265625,68.4300308227539,2.2061296175865537,3.878157661288245,0.00937652581650353,8.667961733000672,0.0,2441.2491522,-0.7399999999999984,-0.5799999999999984,100000.0,5.0,500000.0,-3699.9999999999923,-2899.999999999992
2026-03-02,ROHLTD,SHORT,A_MOD_BREAK_C1_LOW,MODERATE,2026-03-02 10:15:00+05:30,2026-03-02 10:30:00+05:30,350.9298,353.31612263999995,347.7714318,2026-03-02 10:39:00+05:30,347.7714318,TARGET,3.699999999999978,4.499999999999977,28.055889129638672,23.528982162475586,16.33333396911621,0.6517212551940326,3.1815372482192843,0.007647257329432205,0.3948895566035358,0.0,353.31612263999995,0.7399999999999956,0.8999999999999955,50000.0,5.0,250000.0,1849.9999999999889,2249.9999999999886
2026-03-02,JTLIND,SHORT,A_MOD_BREAK_C1_LOW,MODERATE,2026-03-02 10:30:00+05:30,2026-03-02 10:45:00+05:30,60.0499984741211,60.458338463745115,59.509548487854005,2026-03-02 10:49:00+05:30,59.509548487854005,TARGET,3.7000000000000153,4.500000000000015,34.299591064453125,14.614631652832031,29.097227096557617,0.43956065312570364,3.6876861627192614,0.009998814169833743,0.451416980263795,0.0,60.458338463745115,0.7400000000000031,0.900000000000003,50000.0,5.0,250000.0,1850.0000000000077,2250.0000000000077
2026-03-02,GHCL,SHORT,A_MOD_BREAK_C1_LOW,MODERATE,2026-03-02 10:45:00+05:30,2026-03-02 11:00:00+05:30,469.0061861022949,472.1954281677905,464.78513042737427,2026-03-02 12:23:00+05:30,464.78513042737427,TARGET,3.6999999999999944,4.499999999999995,46.939334869384766,17.428321838378906,6.200181007385254,1.8187581940594815,3.4139091564877555,0.005489244899918154,0.8823727070011806,0.0,472.1954281677905,0.7399999999999989,0.8999999999999989,50000.0,5.0,250000.0,1849.9999999999973,2249.9999999999973
2026-03-02,SANSERA,SHORT,A_MOD_BREAK_C1_LOW,MODERATE,2026-03-02 11:00:00+05:30,2026-03-02 11:15:00+05:30,2258.1483776367186,2273.503786604648,2237.825042237988,2026-03-02 11:55:00+05:30,2237.825042237988,TARGET,3.7000000000000535,4.500000000000053,37.87452697753906,37.50625991821289,66.35555267333984,0.0693204778173508,1.2681152006137084,0.014670738351759386,0.40365474831180775,0.0,2273.503786604648,0.7400000000000106,0.9000000000000106,50000.0,5.0,250000.0,1850.0000000000266,2250.0000000000264
2026-03-02,VPRPL,SHORT,A_MOD_BREAK_C1_LOW,MODERATE,2026-03-02 11:00:00+05:30,2026-03-02 11:15:00+05:30,42.26000137329102,42.54736938262939,41.8796613609314,2026-03-02 13:26:00+05:30,41.8796613609314,TARGET,3.6999999999999824,4.499999999999982,52.06700134277344,16.79656410217285,30.89134407043457,0.671950742840616,3.266732760256783,0.008471724422166909,0.7275913799971077,0.0,42.54736938262939,0.7399999999999964,0.8999999999999965,50000.0,5.0,250000.0,1849.9999999999911,2249.9999999999914
2026-03-02,GRAPHITE,SHORT,A_MOD_BREAK_C1_LOW,MODERATE,2026-03-02 11:15:00+05:30,2026-03-02 11:30:00+05:30,700.3099222045898,705.072029675581,694.0071329047486,2026-03-02 12:15:00+05:30,694.0071329047486,TARGET,3.69999999999997,4.49999999999997,41.51069259643555,29.475435256958008,45.84761428833008,0.6603076417592363,1.8263013282554874,0.013468845874044443,0.589529292667174,0.0,705.072029675581,0.739999999999994,0.8999999999999939,50000.0,5.0,250000.0,1849.999999999985,2249.9999999999845
2026-03-02,IRMENERGY,SHORT,A_MOD_BREAK_C1_LOW,MODERATE,2026-03-02 11:15:00+05:30,2026-03-02 11:30:00+05:30,228.0500061035156,229.6007461450195,225.99755604858396,2026-03-02 13:54:00+05:30,225.99755604858396,TARGET,3.70000000000003,4.50000000000003,30.38310432434082,38.89954376220703,27.24038314819336,0.5510727037863833,1.3386694254463192,0.013958168865472879,0.3791177593000453,0.0,229.6007461450195,0.740000000000006,0.900000000000006,50000.0,5.0,250000.0,1850.000000000015,2250.000000000015
2026-03-02,JAGRAN,SHORT,A_MOD_BREAK_C1_LOW,MODERATE,2026-03-02 11:15:00+05:30,2026-03-02 11:30:00+05:30,62.400000762939456,62.824320768127436,61.838400756073,2026-03-02 14:46:00+05:30,62.824320768127436,SL,-4.19999999999993,-3.39999999999993,30.47749900817871,33.831485748291016,29.980276107788086,0.5426696136669462,1.7156999975462335,0.005192729387914269,0.39791466739170794,0.0,62.824320768127436,-0.8399999999999861,-0.6799999999999861,50000.0,5.0,250000.0,-2099.999999999965,-1699.9999999999652
2026-03-02,LATENTVIEW,SHORT,A_MOD_BREAK_C1_LOW,MODERATE,2026-03-02 11:15:00+05:30,2026-03-02 11:30:00+05:30,323.23532779541017,325.4333280244189,320.32620984525147,2026-03-02 12:11:00+05:30,320.32620984525147,TARGET,3.7000000000000166,4.500000000000016,42.25672912597656,21.50941276550293,36.223854064941406,0.8864235200677543,2.5317372336956705,0.01069773551669703,0.6489750529015055,0.0,325.4333280244189,0.7400000000000033,0.9000000000000032,50000.0,5.0,250000.0,1850.0000000000084,2250.000000000008
2026-03-02,APOLLO,SHORT,A_MOD_BREAK_C1_LOW,MODERATE,2026-03-02 11:30:00+05:30,2026-03-02 11:45:00+05:30,224.11000366210936,225.6339516870117,222.0930136291504,2026-03-02 11:46:00+05:30,222.0930136291504,TARGET,3.6999999999999735,4.499999999999973,59.33936309814453,18.036001205444336,5.60429048538208,2.4971935565083125,2.9289772917854626,0.013632598011007972,0.96,0.0,225.6339516870117,0.7399999999999947,0.8999999999999947,50000.0,5.0,250000.0,1849.9999999999866,2249.999999999987
2026-03-02,AWL,SHORT,A_MOD_BREAK_C1_LOW,MODERATE,2026-03-02 11:30:00+05:30,2026-03-02 11:45:00+05:30,180.84999389648436,182.07977385498043,179.222343951416,2026-03-02 12:31:00+05:30,179.222343951416,TARGET,3.6999999999999913,4.499999999999991,42.20178985595703,17.489721298217773,16.803844451904297,1.4485787883567864,3.325367691868759,0.007216682155902612,0.746528135801793,0.0,182.07977385498043,0.7399999999999982,0.8999999999999982,50000.0,5.0,250000.0,1849.9999999999955,2249.9999999999955
2026-03-02,KECL,SHORT,A_MOD_BREAK_C1_LOW,MODERATE,2026-03-02 11:30:00+05:30,2026-03-02 11:45:00+05:30,85.56000061035157,86.14180861450195,84.78996060485841,2026-03-02 12:16:00+05:30,84.78996060485841,TARGET,3.6999999999999633,4.499999999999964,36.91316604614258,25.37223243713379,38.0107536315918,0.942881353365078,2.387638288429876,0.010195743768600047,0.5787017275310273,0.0,86.14180861450195,0.7399999999999927,0.8999999999999927,50000.0,5.0,250000.0,1849.9999999999816,2249.999999999982
2026-03-02,SUNTECK,SHORT,A_MOD_BREAK_C1_LOW,MODERATE,2026-03-02 11:30:00+05:30,2026-03-02 11:45:00+05:30,390.5218861022949,393.1774349277905,387.00718912737426,2026-03-02 12:20:00+05:30,387.00718912737426,TARGET,3.699999999999981,4.4999999999999805,36.51936340332031,27.220909118652344,55.71428680419922,1.019569668236719,2.004832786655323,0.010685949672711288,0.5862151429912306,0.0,393.1774349277905,0.7399999999999962,0.8999999999999961,50000.0,5.0,250000.0,1849.9999999999905,2249.9999999999905
2026-03-02,IRCON,SHORT,A_PULLBACK_C2_THEN_BREAK_C2_LOW,MODERATE,2026-03-02 11:30:00+05:30,2026-03-02 12:00:00+05:30,137.0500061035156,137.98194614501952,135.81655604858398,2026-03-02 13:16:00+05:30,135.81655604858398,TARGET,3.6999999999999886,4.4999999999999885,51.70866394042969,20.254037857055664,22.119834899902344,1.1767471119097848,2.730572903776658,0.009288251384456889,0.8159307445842123,0.0,137.98194614501952,0.7399999999999978,0.8999999999999977,50000.0,5.0,250000.0,1849.9999999999945,2249.999999999994
2026-03-02,IREDA,SHORT,A_PULLBACK_C2_THEN_BREAK_C2_LOW,MODERATE,2026-03-02 11:30:00+05:30,2026-03-02 12:00:00+05:30,116.21000213623047,117.00023015075683,115.1641121170044,2026-03-02 13:32:00+05:30,115.1641121170044,TARGET,3.700000000000018,4.500000000000018,43.93974685668945,19.780105590820312,20.196840286254883,1.2827769534346956,3.076616611595183,0.009579860944959415,0.7435821697014136,0.0,117.00023015075683,0.7400000000000035,0.9000000000000036,50000.0,5.0,250000.0,1850.0000000000089,2250.000000000009
2026-03-02,IXIGO,SHORT,A_PULLBACK_C2_THEN_BREAK_C2_LOW,MODERATE,2026-03-02 11:30:00+05:30,2026-03-02 12:00:00+05:30,163.7500030517578,164.86350307250973,162.27625302429198,2026-03-02 14:05:00+05:30,164.86350307250973,SL,-4.199999999999924,-3.399999999999924,44.301979064941406,23.067081451416016,32.43134307861328,0.9628525575248364,2.482584932609393,0.009062557794035576,0.6930288835409675,0.0,164.86350307250973,-0.8399999999999848,-0.6799999999999848,50000.0,5.0,250000.0,-2099.999999999962,-1699.9999999999623
2026-03-02,KPITTECH,SHORT,A_PULLBACK_C2_THEN_BREAK_C2_LOW,MODERATE,2026-03-02 11:30:00+05:30,2026-03-02 12:00:00+05:30,751.1497277954102,756.2575459444189,744.3893802452515,2026-03-02 13:25:00+05:30,744.3893802452515,TARGET,3.7000000000000144,4.500000000000014,32.24635696411133,35.126136779785156,49.15578842163086,0.5032140606788807,1.7135793486560977,0.01131537957482137,0.4174367825132789,0.0,756.2575459444189,0.7400000000000029,0.9000000000000029,50000.0,5.0,250000.0,1850.0000000000073,2250.0000000000073
2026-03-02,MOIL,SHORT,A_PULLBACK_C2_THEN_BREAK_C2_LOW,MODERATE,2026-03-02 11:30:00+05:30,2026-03-02 12:00:00+05:30,297.99037779541015,300.01671236441894,295.30846439525146,2026-03-02 12:21:00+05:30,295.30846439525146,TARGET,3.700000000000001,4.500000000000001,22.044898986816406,30.354591369628906,31.623931884765625,1.1161681433106208,2.135728629960508,0.007142860086718996,0.38600290988160474,0.0,300.01671236441894,0.7400000000000002,0.9000000000000001,50000.0,5.0,250000.0,1850.0000000000005,2250.0000000000005
2026-03-02,PFS,SHORT,A_PULLBACK_C2_THEN_BREAK_C2_LOW,MODERATE,2026-03-02 11:30:00+05:30,2026-03-02 12:00:00+05:30,29.749999237060546,29.952299231872555,29.482249243927,2026-03-02 12:03:00+05:30,29.482249243927,TARGET,3.700000000000009,4.500000000000009,27.583372116088867,28.857027053833008,26.817047119140625,0.8937765186256404,1.8286336013097462,0.00930532384843669,0.42159315256630736,0.0,29.952299231872555,0.7400000000000018,0.9000000000000017,50000.0,5.0,250000.0,1850.0000000000043,2250.000000000004
2026-03-02,SWSOLAR,SHORT,A_PULLBACK_C2_THEN_BREAK_C2_LOW,MODERATE,2026-03-02 11:30:00+05:30,2026-03-02 12:00:00+05:30,189.3699981689453,190.6577141564941,187.66566818542478,2026-03-02 13:33:00+05:30,187.66566818542478,TARGET,3.700000000000041,4.500000000000041,38.64653778076172,26.382272720336914,41.431846618652344,0.7466343568847987,2.088361043621365,0.012658406147913972,0.5703590791662656,0.0,190.6577141564941,0.7400000000000082,0.9000000000000082,50000.0,5.0,250000.0,1850.0000000000205,2250.0000000000205
2026-03-02,CONFIPET,SHORT,A_MOD_BREAK_C1_LOW,MODERATE,2026-03-02 11:45:00+05:30,2026-03-02 12:00:00+05:30,30.210000228881835,30.41542823043823,29.938110226821898,2026-03-02 12:04:00+05:30,29.938110226821898,TARGET,3.700000000000009,4.500000000000009,40.49540710449219,22.884078979492188,26.388877868652344,0.7485696441290124,2.1694457796385653,0.010961808859930483,0.59843079428996,0.0,30.41542823043823,0.7400000000000018,0.9000000000000018,50000.0,5.0,250000.0,1850.0000000000043,2250.0000000000045
2026-03-02,GHCLTEXTIL,SHORT,A_MOD_BREAK_C1_LOW,MODERATE,2026-03-02 11:45:00+05:30,2026-03-02 12:00:00+05:30,73.92000122070313,74.4226572290039,73.2547212097168,2026-03-02 13:34:00+05:30,73.2547212097168,TARGET,3.69999999999996,4.499999999999959,22.997732162475586,31.322345733642578,11.181421279907227,1.0870992112449278,1.9912810907937222,0.008681122656052418,0.39477239894468225,0.0,74.4226572290039,0.739999999999992,0.8999999999999919,50000.0,5.0,250000.0,1849.99999999998,2249.99999999998
2026-03-02,GNFC,SHORT,A_MOD_BREAK_C1_LOW,MODERATE,2026-03-02 11:45:00+05:30,2026-03-02 12:00:00+05:30,442.66145,445.67154786,438.67749695,2026-03-02 13:56:00+05:30,438.67749695,TARGET,3.7000000000000286,4.500000000000028,37.69133758544922,24.640275955200195,40.376766204833984,0.8093881202811745,1.8602351407685116,0.007265287950112775,0.5600247418693693,0.0,445.67154786,0.7400000000000058,0.9000000000000057,50000.0,5.0,250000.0,1850.0000000000143,2250.000000000014
2026-03-02,NUVAMA,SHORT,A_MOD_BREAK_C1_LOW,MODERATE,2026-03-02 11:45:00+05:30,2026-03-02 12:00:00+05:30,1205.7588,1213.95795984,1194.9069708,2026-03-02 13:42:00+05:30,1194.9069708,TARGET,3.7000000000000455,4.500000000000045,56.58246994018555,19.883865356445312,35.11808395385742,1.056694554967278,2.3108311094952936,0.008936719234783796,0.7949215471192737,0.0,1213.95795984,0.7400000000000091,0.9000000000000091,50000.0,5.0,250000.0,1850.0000000000227,2250.0000000000227
2026-03-02,VRAJ,SHORT,A_MOD_BREAK_C1_LOW,MODERATE,2026-03-02 11:45:00+05:30,2026-03-02 12:00:00+05:30,122.32999725341797,123.1618412347412,121.22902727813721,2026-03-02 12:29:00+05:30,121.22902727813721,TARGET,3.700000000000001,4.500000000000001,29.812122344970703,38.79872512817383,48.45977020263672,0.6774497931223238,1.4251482751133961,0.010745215645421045,0.396992962726637,0.0,123.1618412347412,0.7400000000000002,0.9000000000000002,50000.0,5.0,250000.0,1850.0000000000005,2250.000000000001
2026-03-02,AZAD,SHORT,A_MOD_BREAK_C1_LOW,MODERATE,2026-03-02 12:00:00+05:30,2026-03-02 12:15:00+05:30,1651.8695111816405,1663.1022238576754,1637.0026855810058,2026-03-02 12:51:00+05:30,1637.0026855810058,TARGET,3.6999999999999753,4.499999999999975,47.474449157714844,18.730554580688477,38.540679931640625,1.2789307823913907,2.230437238047209,0.009774431342870916,0.795929624284216,0.0,1663.1022238576754,0.7399999999999951,0.899999999999995,50000.0,5.0,250000.0,1849.9999999999877,2249.9999999999877
2026-03-02,HFCL,SHORT,A_MOD_BREAK_C1_LOW,MODERATE,2026-03-02 12:00:00+05:30,2026-03-02 12:15:00+05:30,65.85000152587891,66.29778153625487,65.257351512146,2026-03-02 12:53:00+05:30,65.257351512146,TARGET,3.699999999999978,4.499999999999977,27.57476806640625,25.06588363647461,20.380956649780273,1.5746137847490422,2.4690504574561056,0.010340332021922641,0.5491789333271762,0.0,66.29778153625487,0.7399999999999956,0.8999999999999955,50000.0,5.0,250000.0,1849.9999999999889,2249.9999999999886
2026-03-02,IEX,SHORT,A_MOD_BREAK_C1_LOW,MODERATE,2026-03-02 12:00:00+05:30,2026-03-02 12:15:00+05:30,121.46000213623047,122.28593015075683,120.3668621170044,2026-03-02 15:30:00+05:30,121.80000305175781,EOD,-2.199641485046218,-1.399641485046218,50.66740036010742,20.724700927734375,4.710146903991699,1.8381239753901912,2.930703754119289,0.006960039791081049,0.9316716956932833,0.0,122.28593015075683,-0.4399282970092436,-0.2799282970092436,50000.0,5.0,250000.0,-1099.820742523109,-699.820742523109
2026-03-02,JINDRILL,LONG,A_MOD_BREAK_C1_HIGH,MODERATE,2026-03-02 12:00:00+05:30,2026-03-02 12:15:00+05:30,489.8979477905273,487.05653969334224,495.28682521622306,2026-03-02 12:16:00+05:30,495.28682521622306,TARGET,4.699999999999937,5.499999999999937,41.229026794433594,75.27074432373047,85.22721099853516,1.1797879042934125,1.860853547538655,0.02306388043555528,5.310207894716221,0.0,487.05653969334224,0.9399999999999875,1.0999999999999874,100000.0,5.0,500000.0,4699.999999999938,5499.999999999937
2026-03-02,JIOFIN,SHORT,A_MOD_BREAK_C1_LOW,MODERATE,2026-03-02 12:00:00+05:30,2026-03-02 12:15:00+05:30,246.09999389648436,247.77347385498044,243.885093951416,2026-03-02 13:56:00+05:30,243.885093951416,TARGET,3.7000000000000166,4.500000000000017,50.641727447509766,20.58773422241211,5.10419225692749,1.7799295692059107,2.9049071513235876,0.007382153254475085,0.9214876746110343,0.0,247.77347385498044,0.7400000000000033,0.9000000000000034,50000.0,5.0,250000.0,1850.0000000000084,2250.0000000000086
2026-03-02,ADANIENT,SHORT,A_MOD_BREAK_C1_LOW,MODERATE,2026-03-02 12:15:00+05:30,2026-03-02 12:30:00+05:30,2088.5822,2102.7845589599997,2069.7849601999997,2026-03-02 14:14:00+05:30,2102.7845589599997,SL,-4.1999999999999655,-3.3999999999999657,51.747859954833984,25.562820434570312,16.795421600341797,0.6902627003276214,1.9599859143569918,0.009205243049049362,0.7287952682751833,0.0,2102.7845589599997,-0.8399999999999932,-0.6799999999999932,50000.0,5.0,250000.0,-2099.999999999983,-1699.999999999983
2026-03-02,ADANIGREEN,SHORT,A_MOD_BREAK_C1_LOW,MODERATE,2026-03-02 12:15:00+05:30,2026-03-02 12:30:00+05:30,895.4208555908203,901.5097174088378,887.362067890503,2026-03-02 12:46:00+05:30,887.362067890503,TARGET,3.6999999999999753,4.499999999999975,55.00247573852539,16.651662826538086,2.862443685531616,1.674078108243253,2.9377875716336153,0.009285755710088498,0.9029636689425693,0.0,901.5097174088378,0.7399999999999951,0.899999999999995,50000.0,5.0,250000.0,1849.9999999999877,2249.9999999999877
2026-03-02,CEMPRO,SHORT,A_MOD_BREAK_C1_LOW,MODERATE,2026-03-02 12:15:00+05:30,2026-03-02 12:30:00+05:30,560.7878444091797,564.6012017511621,555.740753809497,2026-03-02 13:21:00+05:30,555.740753809497,TARGET,3.7000000000000144,4.500000000000014,47.73818588256836,27.420772552490234,59.76393127441406,0.6770415426381526,1.4288259145348008,0.012645495601040111,0.6659963539269422,0.0,564.6012017511621,0.7400000000000029,0.9000000000000029,50000.0,5.0,250000.0,1850.0000000000073,2250.0000000000073
2026-03-02,ETERNAL,SHORT,A_MOD_BREAK_C1_LOW,MODERATE,2026-03-02 12:15:00+05:30,2026-03-02 12:30:00+05:30,239.5500061035156,241.1789461450195,237.39405604858396,2026-03-02 13:18:00+05:30,241.1789461450195,SL,-4.199999999999948,-3.399999999999948,40.136783599853516,29.886127471923828,47.130638122558594,0.6572440502926914,1.662100852237227,0.010744679522147586,0.5601745054108851,0.0,241.1789461450195,-0.8399999999999896,-0.6799999999999896,50000.0,5.0,250000.0,-2099.999999999974,-1699.999999999974
2026-03-02,HARSHA,SHORT,A_MOD_BREAK_C1_LOW,MODERATE,2026-03-02 12:15:00+05:30,2026-03-02 12:30:00+05:30,359.928,362.37551039999994,356.688648,2026-03-02 13:38:00+05:30,356.688648,TARGET,3.6999999999999957,4.499999999999995,53.03855895996094,28.737733840942383,40.97825241088867,0.5458474374026859,1.6790586951951867,0.0069940487543741865,0.6894762363052294,0.0,362.37551039999994,0.7399999999999991,0.899999999999999,50000.0,5.0,250000.0,1849.9999999999977,2249.9999999999977
2026-03-02,KAMATHOTEL,SHORT,A_MOD_BREAK_C1_LOW,MODERATE,2026-03-02 12:15:00+05:30,2026-03-02 12:30:00+05:30,181.36000366210936,182.5932516870117,179.7277636291504,2026-03-02 14:45:00+05:30,182.5932516870117,SL,-4.199999999999983,-3.3999999999999835,28.388151168823242,34.935630798339844,20.667524337768555,1.223041262444147,1.8138188162616051,0.010127022466612935,0.49054542927315464,0.0,182.5932516870117,-0.8399999999999967,-0.6799999999999967,50000.0,5.0,250000.0,-2099.9999999999923,-1699.9999999999918
2026-03-02,ORIENTCEM,SHORT,A_PULLBACK_C2_THEN_BREAK_C2_LOW,MODERATE,2026-03-02 12:15:00+05:30,2026-03-02 12:45:00+05:30,149.59999389648436,150.61727385498045,148.253593951416,2026-03-02 14:38:00+05:30,150.61727385498045,SL,-4.199999999999987,-3.3999999999999875,57.54876708984375,19.943819046020508,14.815567016601562,1.0736172331939289,2.173220391190513,0.007111832137356229,0.7978830158089376,0.0,150.61727385498045,-0.8399999999999974,-0.6799999999999975,50000.0,5.0,250000.0,-2099.999999999993,-1699.9999999999939
2026-03-02,LT,SHORT,A_MOD_BREAK_C1_LOW,MODERATE,2026-03-02 12:30:00+05:30,2026-03-02 12:45:00+05:30,3995.7007,4022.8714647599995,3959.7393936999997,2026-03-02 14:09:00+05:30,4022.8714647599995,SL,-4.199999999999957,-3.3999999999999577,55.921295166015625,8.94158935546875,1.843557357788086,1.8695806587776238,2.9271191376593984,0.009180899293778987,0.9371766152860841,0.0,4022.8714647599995,-0.8399999999999914,-0.6799999999999915,50000.0,5.0,250000.0,-2099.9999999999786,-1699.9999999999786
2026-03-02,ABREL,SHORT,A_MOD_BREAK_C1_LOW,MODERATE,2026-03-02 12:45:00+05:30,2026-03-02 13:00:00+05:30,1249.75,1258.2483,1238.50225,2026-03-02 13:49:00+05:30,1238.50225,TARGET,3.699999999999999,4.499999999999999,37.336917877197266,34.671653747558594,58.99657440185547,1.1679496556896454,1.5763832788069032,0.011045244842878022,0.603264121843992,0.0,1258.2483,0.7399999999999998,0.8999999999999998,50000.0,5.0,250000.0,1849.9999999999993,2249.9999999999995
2026-03-02,ADOR,SHORT,A_MOD_BREAK_C1_LOW,MODERATE,2026-03-02 12:45:00+05:30,2026-03-02 13:00:00+05:30,1018.1963444091797,1025.120079551162,1009.032577309497,2026-03-02 13:39:00+05:30,1025.120079551162,SL,-4.1999999999999496,-3.3999999999999497,37.42336654663086,29.146326065063477,13.610881805419922,1.715657591947423,2.3771052782661037,0.00910453370643832,0.721590576790262,0.0,1025.120079551162,-0.8399999999999899,-0.67999999999999,50000.0,5.0,250000.0,-2099.9999999999745,-1699.999999999975
2026-03-02,LINDEINDIA,SHORT,A_MOD_BREAK_C1_LOW,MODERATE,2026-03-02 12:45:00+05:30,2026-03-02 13:00:00+05:30,6659.1679,6704.45024172,6599.2353889000005,2026-03-02 13:56:00+05:30,6599.2353889000005,TARGET,3.699999999999987,4.499999999999987,29.554431915283203,31.664325714111328,55.09720230102539,1.287862381598642,1.637749888176447,0.008537984032100307,0.5105798899178328,0.0,6704.45024172,0.7399999999999973,0.8999999999999974,50000.0,5.0,250000.0,1849.9999999999934,2249.999999999993
2026-03-02,IOB,SHORT,A_MOD_BREAK_C1_LOW,MODERATE,2026-03-02 13:15:00+05:30,2026-03-02 13:30:00+05:30,35.01000137329102,35.248069382629396,34.6949113609314,2026-03-02 14:48:00+05:30,35.248069382629396,SL,-4.199999999999977,-3.3999999999999773,49.07106018066406,23.6059627532959,17.658878326416016,1.622834716225835,3.023256023148366,0.004437568756819627,0.880061978049482,0.0,35.248069382629396,-0.8399999999999954,-0.6799999999999955,50000.0,5.0,250000.0,-2099.9999999999886,-1699.9999999999889
2026-03-02,IONEXCHANG,SHORT,A_MOD_BREAK_C1_LOW,MODERATE,2026-03-02 13:30:00+05:30,2026-03-02 13:45:00+05:30,347.98037779541016,350.3466443644189,344.8485543952515,2026-03-02 14:37:00+05:30,350.3466443644189,SL,-4.199999999999955,-3.399999999999955,50.10157012939453,24.25069808959961,6.705955982208252,2.251091893957676,2.736792780176589,0.00637425719579973,0.96,0.0,350.3466443644189,-0.839999999999991,-0.6799999999999911,50000.0,5.0,250000.0,-2099.9999999999773,-1699.9999999999775
2026-03-02,JBMA,SHORT,A_MOD_BREAK_C1_LOW,MODERATE,2026-03-02 13:30:00+05:30,2026-03-02 13:45:00+05:30,520.2459055908203,523.7835777488378,515.5636924405029,2026-03-02 14:15:00+05:30,523.7835777488378,SL,-4.200000000000007,-3.4000000000000075,57.0700798034668,16.940244674682617,5.131435871124268,3.177786506218177,4.2137003678984115,0.005118704437636963,0.96,0.0,523.7835777488378,-0.8400000000000014,-0.6800000000000015,50000.0,5.0,250000.0,-2100.000000000003,-1700.0000000000039
2026-03-02,JSWINFRA,SHORT,A_MOD_BREAK_C1_LOW,MODERATE,2026-03-02 13:30:00+05:30,2026-03-02 13:45:00+05:30,250.14995694885255,251.85097665610473,247.89860733631286,2026-03-02 15:20:00+05:30,251.85097665610473,SL,-4.199999999999977,-3.3999999999999773,28.93178367614746,34.79580307006836,25.38134765625,0.6288014452797266,2.1660921483709528,0.004022136285821745,0.4040170080661641,0.0,251.85097665610473,-0.8399999999999954,-0.6799999999999955,50000.0,5.0,250000.0,-2099.9999999999886,-1699.9999999999889
2026-03-02,KANSAINER,SHORT,A_MOD_BREAK_C1_LOW,MODERATE,2026-03-02 13:30:00+05:30,2026-03-02 13:45:00+05:30,195.2,196.52735999999996,193.4432,2026-03-02 13:54:00+05:30,193.4432,TARGET,3.6999999999999966,4.4999999999999964,43.934181213378906,26.846790313720703,3.479853391647339,3.0234772904380933,3.798534412162732,0.0030620082850340235,0.8690127182006835,0.0,196.52735999999996,0.7399999999999993,0.8999999999999992,50000.0,5.0,250000.0,1849.9999999999984,2249.999999999998
2026-03-02,ROUTE,SHORT,A_MOD_BREAK_C1_LOW,MODERATE,2026-03-02 13:30:00+05:30,2026-03-02 13:45:00+05:30,486.20272779541017,489.5089063444189,481.82690324525146,2026-03-02 14:35:00+05:30,489.5089063444189,SL,-4.199999999999944,-3.3999999999999435,45.010009765625,27.45342254638672,6.416275501251221,2.437529428709615,3.4601563213591344,0.004208161077090429,0.885150146484375,0.0,489.5089063444189,-0.8399999999999888,-0.6799999999999887,50000.0,5.0,250000.0,-2099.999999999972,-1699.9999999999718
2026-03-02,NAM-INDIA,SHORT,A_MOD_BREAK_C1_LOW,MODERATE,2026-03-02 13:45:00+05:30,2026-03-02 14:00:00+05:30,895.7708222045899,901.862063795581,887.7088848047485,2026-03-02 14:06:00+05:30,901.862063795581,SL,-4.199999999999939,-3.39999999999994,47.0577278137207,22.392593383789062,3.0607149600982666,3.69851816667844,4.082906746480726,0.004474486379292445,0.9158659172058106,0.0,901.862063795581,-0.8399999999999879,-0.679999999999988,50000.0,5.0,250000.0,-2099.9999999999695,-1699.9999999999698
2026-03-04,UNITDSPR,SHORT,A_MOD_BREAK_C1_LOW,MODERATE,2026-03-04 10:30:00+05:30,2026-03-04 10:45:00+05:30,1336.1327444091796,1345.218447071162,1324.107549709497,2026-03-04 12:00:00+05:30,1332.9869999999999,BE,0.528388530294138,1.1771825899569495,37.00352478027344,26.842945098876953,6.581923484802246,0.984590103952613,2.645454819602346,0.005867767098680141,0.5873561398958089,0.0,1345.218447071162,0.1056777060588276,0.2354365179913899,50000.0,5.0,250000.0,264.194265147069,588.5912949784748
2026-03-04,GPIL,SHORT,A_MOD_BREAK_C1_LOW,MODERATE,2026-03-04 10:45:00+05:30,2026-03-04 11:00:00+05:30,245.34999389648436,247.01837385498044,243.141843951416,2026-03-04 11:45:00+05:30,247.01837385498044,SL,-4.054747373686762,-3.3999999999999626,64.08931732177734,26.526437759399414,14.50625228881836,1.0659269400987161,2.5956861393695885,0.013268420315467936,0.7965372145172753,0.0,247.01837385498044,-0.8109494747373525,-0.6799999999999925,50000.0,5.0,250000.0,-2027.3736868433812,-1699.9999999999814
2026-03-05,LATENTVIEW,SHORT,A_MOD_BREAK_C1_LOW,MODERATE,2026-03-05 10:00:00+05:30,2026-03-05 10:15:00+05:30,305.08896389770507,307.16356885220944,302.3431632226257,2026-03-05 10:30:00+05:30,302.65524999999997,BE,3.3433940420481805,3.9885315198112457,36.899967193603516,23.937240600585938,6.26398229598999,1.4775291696957484,3.214681343689731,0.00881026363758356,0.6720671126008086,0.0,307.16356885220944,0.6686788084096361,0.7977063039622492,50000.0,5.0,250000.0,1671.6970210240902,1994.265759905623
2026-03-05,EPL,SHORT,A_MOD_BREAK_C1_LOW,MODERATE,2026-03-05 10:15:00+05:30,2026-03-05 10:30:00+05:30,197.0000030517578,198.33960307250973,195.22700302429197,2026-03-05 10:45:00+05:30,195.82572550964355,BE,2.333951102308741,2.9803998069120228,51.77672576904297,16.655160903930664,3.5339624881744385,1.672771690097208,3.771024161965767,0.00885109675687834,0.9027350457670114,0.0,198.33960307250973,0.4667902204617482,0.5960799613824046,50000.0,5.0,250000.0,1166.9755511543704,1490.1999034560115
2026-03-05,NIITMTS,SHORT,A_MOD_BREAK_C1_LOW,MODERATE,2026-03-05 10:15:00+05:30,2026-03-05 10:30:00+05:30,317.9364,320.09836751999995,315.0749724,2026-03-05 11:30:00+05:30,314.8918622436523,BE,4.143868951981316,4.787966644189947,30.902048110961914,25.53105354309082,8.690838813781738,0.9742078463334695,2.5460284902143537,0.009364555851621999,0.4940170947727858,0.0,320.09836751999995,0.8287737903962632,0.9575933288379894,50000.0,5.0,250000.0,2071.934475990658,2393.9833220949736
2026-03-05,MUTHOOTFIN,SHORT,A_MOD_BREAK_C1_LOW,MODERATE,2026-03-05 11:30:00+05:30,2026-03-05 11:45:00+05:30,3264.347,3286.5445596,3234.967877,2026-03-05 12:00:00+05:30,3249.92055102539,BE,1.5622479401189835,2.2096990569032853,22.907079696655273,23.869436264038086,4.9227728843688965,2.3110490836494177,2.880681935425574,0.0061916124010582265,0.553606195449829,0.0,3286.5445596,0.3124495880237967,0.4419398113806571,50000.0,5.0,250000.0,781.1239700594917,1104.8495284516428
2026-03-05,TBOTEK,SHORT,A_MOD_BREAK_C1_LOW,MODERATE,2026-03-05 11:30:00+05:30,2026-03-05 11:45:00+05:30,1097.7804,1105.24530672,1087.9003764000001,2026-03-05 12:00:00+05:30,1091.4645510253906,BE,2.230061336226754,2.876644989566893,29.80588150024414,26.034427642822266,7.30621337890625,1.7748449546521803,2.9737191758032546,0.009003382997217509,0.6176860895677936,0.0,1105.24530672,0.4460122672453508,0.5753289979133787,50000.0,5.0,250000.0,1115.030668113377,1438.3224947834465
2026-03-05,GPIL,SHORT,A_MOD_BREAK_C1_LOW,MODERATE,2026-03-05 11:45:00+05:30,2026-03-05 12:00:00+05:30,241.7500030517578,243.39390307250974,239.57425302429198,2026-03-05 13:00:00+05:30,243.39390307250974,SL,-4.054747373686722,-3.3999999999999786,36.04007339477539,31.08426284790039,0.5747126340866089,2.1450566050262294,2.4491989068943063,0.007365748708647309,0.7506011009216307,0.0,243.39390307250974,-0.8109494747373445,-0.6799999999999957,50000.0,5.0,250000.0,-2027.3736868433612,-1699.9999999999893
2026-03-05,KPRMILL,SHORT,A_MOD_BREAK_C1_LOW,MODERATE,2026-03-05 11:45:00+05:30,2026-03-05 12:00:00+05:30,832.3335,837.9933677999999,824.8424984999999,2026-03-05 13:45:00+05:30,829.2803877563475,BE,1.1861281791891756,1.8340678608108623,23.069589614868164,28.204378128051758,4.0724873542785645,2.0087669809337694,2.808773351380601,0.005346218981208537,0.5560438442230224,0.0,837.9933677999999,0.2372256358378351,0.3668135721621725,50000.0,5.0,250000.0,593.0640895945877,917.0339304054312
2026-03-05,PNBHOUSING,SHORT,A_MOD_BREAK_C1_LOW,MODERATE,2026-03-05 13:45:00+05:30,2026-03-05 14:00:00+05:30,778.59425,783.8886908999999,771.58690175,2026-03-05 14:15:00+05:30,774.6670255126952,BE,1.8749519205151057,2.521996847077142,25.394695281982422,38.660308837890625,23.64450454711914,1.8652612235148938,1.884408840604229,0.004016395739504041,0.5615615853750542,0.0,783.8886908999999,0.37499038410302116,0.5043993694154284,50000.0,5.0,250000.0,937.4759602575529,1260.998423538571
2026-03-05,AGI,SHORT,A_MOD_BREAK_C1_LOW,MODERATE,2026-03-05 14:00:00+05:30,2026-03-05 14:15:00+05:30,502.8994,506.31911591999994,498.3733054,2026-03-05 14:30:00+05:30,501.7507499999999,BE,0.4931878262950026,1.1420276102935187,27.55348014831543,28.37903594970703,1.8585858345031738,2.7711418397557224,2.7997287219797258,0.004238431237352085,0.6233022022247314,0.0,506.31911591999994,0.09863756525900051,0.22840552205870374,50000.0,5.0,250000.0,246.59391314750127,571.0138051467594
2026-03-05,IGARASHI,SHORT,A_MOD_BREAK_C1_LOW,MODERATE,2026-03-05 14:00:00+05:30,2026-03-05 14:15:00+05:30,328.6342722045898,330.868985255581,325.6765637547485,2026-03-05 14:30:00+05:30,327.83055612182613,BE,0.5740776225413701,1.2228123338629384,33.264373779296875,34.525535583496094,13.406593322753906,2.408210271057967,2.526683623162494,0.005791212095465703,0.708965606689453,0.0,330.868985255581,0.11481552450827402,0.24456246677258767,50000.0,5.0,250000.0,287.0388112706851,611.4061669314692
