trade_date,ticker,side,setup,impulse_type,signal_time_ist,entry_time_ist,entry_price,sl_price,target_price,exit_time_ist,exit_price,outcome,pnl_pct,pnl_pct_gross,adx_signal,rsi_signal,stochk_signal,avwap_dist_atr_signal,ema20_gap_atr_signal,atr_pct_signal,quality_score,india_vix,stop_price,pnl_pct_price,pnl_pct_gross_price,position_size_rs,leverage,notional_exposure_rs,pnl_rs,pnl_rs_gross
2025-08-26,GODIGIT,SHORT,A_MOD_BREAK_C1_LOW,MODERATE,2025-08-26 10:00:00+05:30,2025-08-26 10:15:00+05:30,362.12757220458985,364.9049332366285,357.68379455332797,2025-08-26 12:48:00+05:30,357.68379455332797,TARGET,5.335652173913036,6.135652173913035,29.621471405029297,25.82086944580078,4.94727087020874,1.3638084927834775,3.110931549608685,0.005206797865582035,0.5429885573125479,11.76,364.9049332366285,1.0671304347826072,1.227130434782607,50000.0,5.0,250000.0,2667.826086956518,3067.8260869565174
2025-08-26,RTNINDIA,LONG,A_MOD_BREAK_C1_HIGH,MODERATE,2025-08-26 10:30:00+05:30,2025-08-26 10:45:00+05:30,54.93000106811523,54.50871184253195,55.77257951928179,2025-08-26 10:46:00+05:30,55.77257951928179,TARGET,6.869565217391234,7.669565217391233,41.411888122558594,89.42911529541016,72.20340728759766,1.9453307941615188,3.258399684802689,0.008586543296083554,7.594197908111365,11.76,54.50871184253195,1.3739130434782467,1.5339130434782466,100000.0,5.0,500000.0,6869.565217391234,7669.565217391233
2025-08-26,JSWINFRA,SHORT,A_MOD_BREAK_C1_LOW,MODERATE,2025-08-26 11:30:00+05:30,2025-08-26 11:45:00+05:30,298.24032779541017,300.52770143989324,294.58052996423726,2025-08-26 15:30:00+05:30,296.29998779296875,EOD,2.4529806025636987,3.2529806025636985,42.86796951293945,36.79954528808594,13.74048137664795,1.0677195737910299,2.0814912326621933,0.004992593150486347,0.6898704681075221,11.76,300.52770143989324,0.49059612051273976,0.6505961205127397,50000.0,5.0,250000.0,1226.4903012818495,1626.4903012818493
2025-08-26,METROPOLIS,SHORT,A_PULLBACK_C2_THEN_BREAK_C2_LOW,MODERATE,2025-08-26 11:30:00+05:30,2025-08-26 12:00:00+05:30,2136.7725111816408,2153.1606273108773,2110.551525374862,2025-08-26 13:31:00+05:30,2153.1606273108773,SL,-4.6347826086956445,-3.8347826086956442,41.6338996887207,25.63772964477539,14.756274223327637,1.2555793254660046,2.493551501142543,0.004919628492743465,0.7042348772873612,11.76,2153.1606273108773,-0.9269565217391289,-0.7669565217391289,50000.0,5.0,250000.0,-2317.3913043478224,-1917.3913043478221
2025-08-26,RALLIS,SHORT,A_MOD_BREAK_C1_LOW,MODERATE,2025-08-26 12:45:00+05:30,2025-08-26 13:00:00+05:30,363.9272,366.7183633947826,359.46133856834786,2025-08-26 14:35:00+05:30,366.7183633947826,SL,-4.634782608695621,-3.834782608695621,63.97438430786133,24.443946838378906,3.2163026332855225,2.643904091548523,3.0258578973008143,0.0064578801908560645,0.96,11.76,366.7183633947826,-0.9269565217391242,-0.7669565217391242,50000.0,5.0,250000.0,-2317.3913043478105,-1917.3913043478105
2025-08-26,SWANCORP,SHORT,A_MOD_BREAK_C1_LOW,MODERATE,2025-08-26 12:45:00+05:30,2025-08-26 13:00:00+05:30,464.5070861022949,468.06965349309684,458.8069782770118,2025-08-26 13:47:00+05:30,458.8069782770118,TARGET,5.3356521739130365,6.135652173913036,27.060073852539062,42.39274215698242,6.398364067077637,1.7771651134637612,2.299321896330103,0.007479551486359082,0.5769050026442442,11.76,468.06965349309684,1.0671304347826074,1.2271304347826073,50000.0,5.0,250000.0,2667.8260869565183,3067.8260869565183
2025-08-26,UDS,SHORT,A_MOD_BREAK_C1_LOW,MODERATE,2025-08-26 13:30:00+05:30,2025-08-26 13:45:00+05:30,250.69985,252.6226088495652,247.62343584069566,2025-08-26 14:36:00+05:30,247.62343584069566,TARGET,5.335652173913018,6.135652173913018,27.975566864013672,28.088281631469727,10.319486618041992,3.781717802770256,3.5937787401483137,0.005224052425527195,0.6296335029602051,11.76,252.6226088495652,1.0671304347826036,1.2271304347826035,50000.0,5.0,250000.0,2667.8260869565092,3067.826086956509
2025-08-28,PDSL,LONG,A_MOD_BREAK_C1_HIGH,MODERATE,2025-08-28 10:00:00+05:30,2025-08-28 10:15:00+05:30,331.3662477905273,328.7318861205926,336.6349711303967,2025-08-28 11:49:00+05:30,328.7318861205926,SL,-4.77500000000004,-3.9750000000000405,29.737794876098633,78.43855285644531,85.60650634765625,0.9677168882318505,3.2450296160779626,0.00827908582417453,6.152954201050161,12.19,328.7318861205926,-0.9550000000000081,-0.7950000000000081,100000.0,5.0,500000.0,-4775.000000000041,-3975.000000000041
2025-08-28,FIEMIND,LONG,A_MOD_BREAK_C1_HIGH,MODERATE,2025-08-28 10:30:00+05:30,2025-08-28 10:45:00+05:30,2145.429,2128.37283945,2179.5413211,2025-08-28 10:46:00+05:30,2179.5413211,TARGET,7.14999999999998,7.94999999999998,29.828617095947266,79.1198501586914,94.11538696289062,2.376858287360772,3.7377842388411766,0.009272148006289192,7.9235815271900485,12.19,2128.37283945,1.429999999999996,1.5899999999999959,100000.0,5.0,500000.0,7149.999999999979,7949.99999999998
2025-08-28,ABFRL,SHORT,A_MOD_BREAK_C1_LOW,MODERATE,2025-08-28 12:00:00+05:30,2025-08-28 12:15:00+05:30,79.85000152587891,80.48480903800964,78.83430950646974,2025-08-28 14:17:00+05:30,78.83430950646974,TARGET,5.559999999999955,6.359999999999955,26.87228775024414,30.42933464050293,5.649050712585449,1.9915866798822965,2.6891910817308413,0.008189551902106802,0.6116119852330639,12.19,80.48480903800964,1.111999999999991,1.271999999999991,50000.0,5.0,250000.0,2779.9999999999773,3179.9999999999773
2025-08-28,SHANKARA,SHORT,A_MOD_BREAK_C1_LOW,MODERATE,2025-08-28 12:15:00+05:30,2025-08-28 12:30:00+05:30,943.3113,950.8106248349999,931.312380264,2025-08-28 13:27:00+05:30,931.312380264,TARGET,5.559999999999973,6.359999999999973,64.71965026855469,30.185443878173828,37.650611877441406,0.7632215363460245,1.974633523229655,0.011102881565078984,0.7422954450220371,12.19,950.8106248349999,1.1119999999999945,1.2719999999999945,50000.0,5.0,250000.0,2779.9999999999864,3179.9999999999864
2025-08-28,JAGRAN,SHORT,A_MOD_BREAK_C1_LOW,MODERATE,2025-08-28 13:45:00+05:30,2025-08-28 14:00:00+05:30,70.86000366210938,71.42334069122315,69.95866441552735,2025-08-28 15:30:00+05:30,70.9000015258789,EOD,-1.082231595416331,-0.28223159541633125,25.108257293701172,27.581514358520508,7.592341423034668,2.1078697663918047,3.5391332364406316,0.0031506502409882346,0.5866238594055175,12.19,71.42334069122315,-0.21644631908326623,-0.05644631908326625,50000.0,5.0,250000.0,-541.1157977081656,-141.11579770816562
2025-08-28,INDIASHLTR,LONG,B_HUGE_GREEN_PULLBACK_HOLD_THEN_BREAK,HUGE,2025-08-28 13:30:00+05:30,2025-08-28 14:30:00+05:30,948.1896,940.65149268,963.26581464,2025-08-28 15:30:00+05:30,944.0,EOD,-3.0092627887924737,-2.209262788792474,29.849714279174805,69.42170715332031,76.52066802978516,3.0309663153358555,2.3691605149106003,0.005838861855723152,7.333058821630335,12.19,940.65149268,-0.6018525577584948,-0.4418525577584948,100000.0,5.0,500000.0,-3009.262788792474,-2209.262788792474
2025-08-29,GENUSPOWER,SHORT,A_MOD_BREAK_C1_LOW,MODERATE,2025-08-29 12:15:00+05:30,2025-08-29 12:30:00+05:30,329.3341138977051,331.95017227201424,325.1484204988104,2025-08-29 12:31:00+05:30,325.1484204988104,TARGET,5.554782608695671,6.35478260869567,25.3363094329834,16.434083938598633,2.3549599647521973,2.1881311814654016,3.171795774124318,0.0093360652157174,0.5900446414947509,12.18,331.95017227201424,1.1109565217391342,1.270956521739134,50000.0,5.0,250000.0,2777.391304347835,3177.391304347835
2025-09-01,SSWL,LONG,A_MOD_BREAK_C1_HIGH,MODERATE,2025-09-01 10:00:00+05:30,2025-09-01 10:15:00+05:30,217.83999328613282,216.17067594627713,221.1786279658442,2025-09-01 10:32:00+05:30,221.1786279658442,TARGET,6.863043478260885,7.663043478260885,34.006446838378906,65.3100357055664,57.680091857910156,0.38642394340147806,1.768395530945906,0.00534663749913374,3.6500020001002174,11.75,216.17067594627713,1.372608695652177,1.532608695652177,100000.0,5.0,500000.0,6863.043478260885,7663.0434782608845
2025-09-01,UBL,SHORT,A_MOD_BREAK_C1_LOW,MODERATE,2025-09-01 10:00:00+05:30,2025-09-01 10:15:00+05:30,1813.3372111816407,1827.232893071674,1791.1041201575874,2025-09-01 15:30:00+05:30,1796.0,EOD,3.9804708012204393,4.780470801220439,29.275985717773438,27.427438735961914,7.107885360717773,0.9443106104601587,2.847594012584048,0.005790879491260608,0.46439414259712936,11.75,1827.232893071674,0.7960941602440879,0.9560941602440878,50000.0,5.0,250000.0,1990.2354006102198,2390.2354006102196
2025-09-01,COLPAL,LONG,B_HUGE_GREEN_PULLBACK_HOLD_THEN_BREAK,HUGE,2025-09-01 10:45:00+05:30,2025-09-01 12:15:00+05:30,2369.4738,2351.3164192500003,2405.7885615,2025-09-01 15:30:00+05:30,2358.0,EOD,-3.221170472532806,-2.4211704725328067,32.36802291870117,68.71995544433594,87.978271484375,2.10282368060213,2.812533253218929,0.004621052777265963,6.642849833750825,11.75,2351.3164192500003,-0.6442340945065612,-0.4842340945065613,100000.0,5.0,500000.0,-3221.170472532806,-2421.1704725328063
2025-09-01,CCL,LONG,B_HUGE_GREEN_PULLBACK_HOLD_THEN_BREAK,HUGE,2025-09-01 10:30:00+05:30,2025-09-01 12:45:00+05:30,902.1304022094727,895.2173377142806,915.956531199857,2025-09-01 15:30:00+05:30,909.0,EOD,3.007430596343117,3.807430596343117,39.17194747924805,84.04457092285156,87.7044448852539,2.103400604653024,4.250346170230722,0.005039400717439042,8.859443110986957,11.75,895.2173377142806,0.6014861192686234,0.7614861192686234,100000.0,5.0,500000.0,3007.430596343117,3807.430596343117
2025-09-01,XPROINDIA,LONG,B_HUGE_GREEN_PULLBACK_HOLD_THEN_BREAK,HUGE,2025-09-01 12:15:00+05:30,2025-09-01 13:15:00+05:30,1187.2374,1178.1395481847826,1205.4331036304347,2025-09-01 15:21:00+05:30,1178.1395481847826,SL,-4.631521739130431,-3.8315217391304306,44.967037200927734,79.98824310302734,84.57991790771484,2.302547209649563,3.8849531365251715,0.009485454074407028,8.814693477205862,11.75,1178.1395481847826,-0.9263043478260862,-0.7663043478260861,100000.0,5.0,500000.0,-4631.521739130431,-3831.5217391304304
2025-09-02,AJMERA,LONG,A_MOD_BREAK_C1_HIGH,MODERATE,2025-09-02 10:00:00+05:30,2025-09-02 10:15:00+05:30,186.05,184.68010576086957,188.78978847826087,2025-09-02 11:02:00+05:30,188.78978847826087,TARGET,6.563043478260852,7.363043478260851,28.898176193237305,78.02276611328125,81.60203552246094,0.6171954042926866,4.4331764051629845,0.006568588386178089,6.348098003080439,11.29,184.68010576086957,1.3126086956521703,1.4726086956521702,100000.0,5.0,500000.0,6563.043478260851,7363.043478260851
2025-09-02,FACT,LONG,A_MOD_BREAK_C1_HIGH,MODERATE,2025-09-02 10:00:00+05:30,2025-09-02 10:15:00+05:30,962.8925522094727,955.8027324826608,977.0721916630965,2025-09-02 10:16:00+05:30,977.0721916630965,TARGET,6.563043478260873,7.363043478260872,32.35047149658203,71.95763397216797,84.0997314453125,1.3542484821198522,2.362752460472524,0.007384044597675274,5.34372872053024,11.29,955.8027324826608,1.3126086956521745,1.4726086956521744,100000.0,5.0,500000.0,6563.043478260873,7363.043478260873
2025-09-02,GNA,LONG,B_HUGE_GREEN_PULLBACK_HOLD_THEN_BREAK,HUGE,2025-09-02 10:15:00+05:30,2025-09-02 11:15:00+05:30,311.5623,309.268253238913,316.15039352217394,2025-09-02 11:16:00+05:30,316.15039352217394,TARGET,6.563043478260928,7.363043478260928,36.831695556640625,76.65867614746094,88.71038818359375,2.5855906193153735,3.9626683146017223,0.006113221172835849,8.702197948082482,11.29,309.268253238913,1.3126086956521856,1.4726086956521856,100000.0,5.0,500000.0,6563.043478260928,7363.043478260928
2025-09-02,TVSSCS-BE,LONG,B_HUGE_GREEN_PULLBACK_HOLD_THEN_BREAK,HUGE,2025-09-02 10:30:00+05:30,2025-09-02 11:30:00+05:30,131.80999450683595,130.8394717864128,133.75103994768227,2025-09-02 12:47:00+05:30,130.8394717864128,SL,-4.481521739130444,-3.681521739130444,35.431983947753906,79.94351196289062,92.83739471435547,1.4592397479197183,3.9060164468643515,0.008090240258989084,7.203050360610378,11.29,130.8394717864128,-0.8963043478260888,-0.7363043478260888,100000.0,5.0,500000.0,-4481.521739130444,-3681.521739130444
2025-09-02,ESCORTS,LONG,B_HUGE_GREEN_PULLBACK_HOLD_THEN_BREAK,HUGE,2025-09-02 10:15:00+05:30,2025-09-02 11:45:00+05:30,3690.738,3663.56293563913,3745.088128721739,2025-09-02 14:00:00+05:30,3663.56293563913,SL,-4.481521739130464,-3.6815217391304644,46.64376449584961,72.10457611083984,54.07740020751953,1.3935734981834622,2.031935484744785,0.004982625736709396,5.977216315840593,11.29,3663.56293563913,-0.8963043478260928,-0.7363043478260929,100000.0,5.0,500000.0,-4481.521739130464,-3681.5217391304645
2025-09-02,ACI,LONG,B_HUGE_GREEN_PULLBACK_HOLD_THEN_BREAK,HUGE,2025-09-02 10:15:00+05:30,2025-09-02 12:00:00+05:30,678.4356477905274,673.4402966186436,688.4263501342948,2025-09-02 15:30:00+05:30,673.4402966186436,SL,-4.481521739130432,-3.6815217391304316,54.1558952331543,68.6754379272461,63.043052673339844,0.8906017830515173,2.0812520415462354,0.006491091555586908,5.419116228953497,11.29,673.4402966186436,-0.8963043478260864,-0.7363043478260863,100000.0,5.0,500000.0,-4481.521739130432,-3681.521739130432
2025-09-02,APOLLO,LONG,B_HUGE_GREEN_PULLBACK_HOLD_THEN_BREAK,HUGE,2025-09-02 11:00:00+05:30,2025-09-02 12:15:00+05:30,288.75775220947264,286.6316163252694,293.0100239778791,2025-09-02 12:16:00+05:30,293.0100239778791,TARGET,6.563043478260858,7.363043478260858,34.8928337097168,82.0495376586914,79.19236755371094,2.9092858130065027,3.729710223504461,0.014118896112144676,9.256425436637935,11.29,286.6316163252694,1.3126086956521716,1.4726086956521716,100000.0,5.0,500000.0,6563.043478260858,7363.043478260857
2025-09-02,GENESYS,LONG,B_HUGE_GREEN_PULLBACK_HOLD_THEN_BREAK,HUGE,2025-09-02 10:45:00+05:30,2025-09-02 13:15:00+05:30,630.126,625.4863548652173,639.4052902695652,2025-09-02 13:16:00+05:30,639.4052902695652,TARGET,6.563043478260852,7.363043478260851,33.69108200073242,78.9965591430664,88.29389190673828,3.0899150535116453,4.442992106244613,0.011840115410489684,10.096411545962596,11.29,625.4863548652173,1.3126086956521703,1.4726086956521702,100000.0,5.0,500000.0,6563.043478260851,7363.043478260851
2025-09-02,ABCAPITAL,SHORT,A_PULLBACK_C2_THEN_BREAK_C2_LOW,MODERATE,2025-09-02 13:00:00+05:30,2025-09-02 13:30:00+05:30,275.19495,277.2212223818478,271.9529141890435,2025-09-02 15:30:00+05:30,274.54998779296875,EOD,0.37182783883071946,1.1718278388307193,40.572059631347656,35.34836959838867,22.483732223510742,1.6623160637328538,1.900520653267068,0.004786103722468374,0.7545122382868177,11.29,277.2212223818478,0.07436556776614389,0.23436556776614387,50000.0,5.0,250000.0,185.91391941535971,585.9139194153597
2025-09-02,BHARTIARTL,SHORT,A_MOD_BREAK_C1_LOW,MODERATE,2025-09-02 14:15:00+05:30,2025-09-02 14:30:00+05:30,1879.1241,1892.9601724493477,1856.9863840810435,2025-09-02 15:30:00+05:30,1888.699951171875,EOD,-3.347956032247951,-2.5479560322479506,25.524179458618164,27.563772201538086,3.612001419067383,4.287549432632723,3.413187515486026,0.0022262059601081585,0.5928626918792725,11.29,1892.9601724493477,-0.6695912064495901,-0.5095912064495901,50000.0,5.0,250000.0,-1673.9780161239755,-1273.9780161239753
2025-09-02,EIMCOELECO,SHORT,A_MOD_BREAK_C1_LOW,MODERATE,2025-09-02 14:15:00+05:30,2025-09-02 14:30:00+05:30,2036.1926555908203,2051.185230644051,2012.2045355056512,2025-09-02 14:49:00+05:30,2012.2045355056512,TARGET,5.0904347826087175,5.8904347826087164,42.377262115478516,15.244522094726562,7.027763366699219,3.2572707251995254,5.205649699936347,0.01453768418502247,0.8456589317321777,11.29,2051.185230644051,1.0180869565217434,1.1780869565217433,50000.0,5.0,250000.0,2545.2173913043584,2945.2173913043584
2025-09-03,PPLPHARMA,LONG,B_HUGE_GREEN_PULLBACK_HOLD_THEN_BREAK,HUGE,2025-09-03 10:00:00+05:30,2025-09-03 11:00:00+05:30,195.68999938964845,194.23508678549064,198.5998245979641,2025-09-03 11:09:00+05:30,198.5998245979641,TARGET,6.634782608695678,7.434782608695678,30.89513397216797,78.5765609741211,93.21070861816406,1.6683563439971114,4.470580632772695,0.00666324949328417,8.090915291011761,11.4,194.23508678549064,1.3269565217391357,1.4869565217391356,100000.0,5.0,500000.0,6634.782608695678,7434.782608695678
2025-09-03,SIYSIL,LONG,A_MOD_BREAK_C1_HIGH,MODERATE,2025-09-03 11:00:00+05:30,2025-09-03 11:15:00+05:30,642.0784022094726,637.3046888713066,651.6258288858048,2025-09-03 11:16:00+05:30,651.6258288858048,TARGET,6.6347826086956685,7.434782608695668,45.58176803588867,68.59796905517578,89.1750717163086,1.9176555703386688,2.033890402858374,0.0052210487426586644,6.365520838968493,11.4,637.3046888713066,1.3269565217391337,1.4869565217391336,100000.0,5.0,500000.0,6634.782608695668,7434.7826086956675
2025-09-03,AVANTEL,LONG,B_HUGE_GREEN_PULLBACK_HOLD_THEN_BREAK,HUGE,2025-09-03 10:30:00+05:30,2025-09-03 11:30:00+05:30,161.55,160.34891086956523,163.95217826086957,2025-09-03 15:30:00+05:30,162.25,EOD,1.3665119158155015,2.1665119158155015,49.49552917480469,80.20268249511719,92.81874084472656,1.4294590027711778,3.4918351262371914,0.00945203631206462,7.496047450457745,11.4,160.34891086956523,0.2733023831631003,0.43330238316310027,100000.0,5.0,500000.0,1366.5119158155014,2166.5119158155017
2025-09-03,CIGNITITEC,SHORT,A_MOD_BREAK_C1_LOW,MODERATE,2025-09-03 11:15:00+05:30,2025-09-03 11:30:00+05:30,1627.0745444091797,1639.1714899350043,1607.71943156786,2025-09-03 15:22:00+05:30,1639.1714899350043,SL,-4.517391304347772,-3.717391304347772,29.10861587524414,26.29107666015625,3.3848466873168945,1.5457340746865411,2.5347933745687024,0.004967262736804625,0.5671327011988068,11.4,1639.1714899350043,-0.9034782608695544,-0.7434782608695544,50000.0,5.0,250000.0,-2258.6956521738857,-1858.695652173886
2025-09-03,SCILAL,LONG,B_HUGE_GREEN_PULLBACK_HOLD_THEN_BREAK,HUGE,2025-09-03 11:30:00+05:30,2025-09-03 12:30:00+05:30,51.8,51.414878260869564,52.57024347826087,2025-09-03 12:31:00+05:30,52.57024347826087,TARGET,6.63478260869569,7.43478260869569,41.826751708984375,74.84327697753906,76.15492248535156,1.2623594656017454,2.3391710202081697,0.008741844228490028,6.035469627525349,11.4,51.414878260869564,1.326956521739138,1.4869565217391378,100000.0,5.0,500000.0,6634.78260869569,7434.782608695689
2025-09-03,GLOBUSSPR,SHORT,A_MOD_BREAK_C1_LOW,MODERATE,2025-09-03 12:15:00+05:30,2025-09-03 12:30:00+05:30,1102.7794,1110.9783251043477,1089.6611198330434,2025-09-03 12:49:00+05:30,1089.6611198330434,TARGET,5.147826086956529,5.947826086956529,53.11933898925781,8.470474243164062,4.087658882141113,2.69316169777777,4.3402878651510886,0.011767843800522888,0.96,11.4,1110.9783251043477,1.029565217391306,1.1895652173913058,50000.0,5.0,250000.0,2573.913043478265,2973.9130434782646
2025-09-03,SJS,LONG,B_HUGE_GREEN_PULLBACK_HOLD_THEN_BREAK,HUGE,2025-09-03 10:15:00+05:30,2025-09-03 12:45:00+05:30,1409.1818044189454,1398.704844046961,1430.135725162914,2025-09-03 15:30:00+05:30,1422.0,EOD,3.7480985990803406,4.54809859908034,31.289791107177734,75.37911224365234,88.08977508544922,1.7166164716968428,3.2683385702636585,0.011003572881008134,7.400229137261787,11.4,1398.704844046961,0.7496197198160681,0.909619719816068,100000.0,5.0,500000.0,3748.0985990803406,4548.09859908034
2025-09-03,DELTACORP,LONG,B_HUGE_GREEN_PULLBACK_HOLD_THEN_BREAK,HUGE,2025-09-03 11:15:00+05:30,2025-09-03 13:00:00+05:30,90.8,90.12492173913043,92.15015652173913,2025-09-03 13:01:00+05:30,92.15015652173913,TARGET,6.634782608695691,7.4347826086956905,36.5804443359375,83.1883773803711,88.59127044677734,2.1511830861240644,4.920044377097472,0.009295115531883261,9.352461384836426,11.4,90.12492173913043,1.3269565217391381,1.486956521739138,100000.0,5.0,500000.0,6634.782608695691,7434.78260869569
2025-09-03,LXCHEM,LONG,B_HUGE_GREEN_PULLBACK_HOLD_THEN_BREAK,HUGE,2025-09-03 10:45:00+05:30,2025-09-03 14:15:00+05:30,217.05,215.43628043478262,220.2774391304348,2025-09-03 15:30:00+05:30,217.33999633789062,EOD,-0.13195959942268215,0.6680404005773177,32.54705810546875,72.0178451538086,78.88748931884766,1.7350962573047004,2.8428453351955345,0.008090013099232659,6.731752036931834,11.4,215.43628043478262,-0.02639191988453643,0.13360808011546355,100000.0,5.0,500000.0,-131.95959942268215,668.0404005773177
2025-09-04,ZUARI,SHORT,A_MOD_BREAK_C1_LOW,MODERATE,2025-09-04 10:15:00+05:30,2025-09-04 10:30:00+05:30,312.03758610229494,314.26187141714155,308.4787295985404,2025-09-04 10:38:00+05:30,308.4787295985404,TARGET,4.902608695652226,5.702608695652226,42.803138732910156,33.152076721191406,19.519174575805664,1.1434372785279874,2.099188543977129,0.015737333657508436,0.7021486047360501,10.93,314.26187141714155,0.9805217391304453,1.1405217391304452,50000.0,5.0,250000.0,2451.304347826113,2851.304347826113
2025-09-04,GALAXYSURF,LONG,B_HUGE_GREEN_PULLBACK_HOLD_THEN_BREAK,HUGE,2025-09-04 10:00:00+05:30,2025-09-04 11:15:00+05:30,2365.473,2348.611291376087,2399.196417247826,2025-09-04 15:30:00+05:30,2364.5,EOD,-1.0056671118207556,-0.20566711182075562,47.10771179199219,82.84521484375,89.31568908691406,1.7441725338950638,4.635519077226291,0.004031726331973415,9.030964691371125,10.93,2348.611291376087,-0.2011334223641511,-0.04113342236415112,100000.0,5.0,500000.0,-1005.6671118207556,-205.6671118207556
2025-09-04,SONACOMS,SHORT,A_MOD_BREAK_C1_LOW,MODERATE,2025-09-04 14:15:00+05:30,2025-09-04 14:30:00+05:30,442.11157220458983,445.2630588247178,437.0691936123851,2025-09-04 15:01:00+05:30,437.0691936123851,TARGET,4.9026086956522095,5.702608695652209,27.267465591430664,30.60542869567871,2.7772693634033203,3.9377805724100243,2.5013578285456393,0.004044957491587573,0.6190119838714598,10.93,445.2630588247178,0.9805217391304419,1.1405217391304419,50000.0,5.0,250000.0,2451.3043478261047,2851.3043478261047
2025-09-05,JTEKTINDIA,LONG,B_HUGE_GREEN_PULLBACK_HOLD_THEN_BREAK,HUGE,2025-09-05 10:00:00+05:30,2025-09-05 11:00:00+05:30,151.88999633789064,150.81520951597795,154.039569981716,2025-09-05 11:01:00+05:30,154.039569981716,TARGET,6.276086956521731,7.076086956521731,44.54045486450195,81.31201171875,69.7630386352539,1.6206915763922356,3.814305295500338,0.010037397767795485,7.5654205514107975,10.85,150.81520951597795,1.2552173913043463,1.4152173913043462,100000.0,5.0,500000.0,6276.086956521732,7076.086956521731
2025-09-05,GMDCLTD,LONG,B_HUGE_GREEN_PULLBACK_HOLD_THEN_BREAK,HUGE,2025-09-05 10:00:00+05:30,2025-09-05 11:15:00+05:30,503.6007,500.0371776554348,510.7277446891304,2025-09-05 11:17:00+05:30,510.7277446891304,TARGET,6.276086956521705,7.076086956521705,31.88996696472168,73.94147491455078,80.9886245727539,1.9667115214652826,2.9129209961734666,0.007894342181279733,6.615275952897308,10.85,500.0371776554348,1.255217391304341,1.4152173913043409,100000.0,5.0,500000.0,6276.086956521704,7076.086956521704
2025-09-05,ACE,SHORT,A_MOD_BREAK_C1_LOW,MODERATE,2025-09-05 11:00:00+05:30,2025-09-05 11:15:00+05:30,1050.1899444091796,1057.6211797766837,1038.2999678211731,2025-09-05 12:46:00+05:30,1057.6211797766837,SL,-4.33804347826087,-3.53804347826087,29.016569137573242,26.991655349731445,4.649144649505615,1.9130075267656326,2.860503539173544,0.006288931716989978,0.6300248542475844,10.85,1057.6211797766837,-0.867608695652174,-0.707608695652174,50000.0,5.0,250000.0,-2169.021739130435,-1769.021739130435
2025-09-05,JLHL,SHORT,A_MOD_BREAK_C1_LOW,MODERATE,2025-09-05 11:00:00+05:30,2025-09-05 11:15:00+05:30,1426.2147,1436.3067192358697,1410.0674692226087,2025-09-05 15:30:00+05:30,1426.699951171875,EOD,-0.9701185564399968,-0.17011855643999693,34.457069396972656,32.0909423828125,15.829733848571777,1.1907935312326994,1.8646263740920235,0.0042361534565238,0.5784762276249134,10.85,1436.3067192358697,-0.19402371128799936,-0.034023711287999386,50000.0,5.0,250000.0,-485.0592782199984,-85.05927821999848
2025-09-05,KALAMANDIR,SHORT,A_MOD_BREAK_C1_LOW,MODERATE,2025-09-05 11:45:00+05:30,2025-09-05 12:00:00+05:30,172.0500061035156,173.2674469075742,170.1021008170219,2025-09-05 12:29:00+05:30,170.1021008170219,TARGET,4.860869565217408,5.660869565217408,37.34662628173828,32.96609878540039,40.70513153076172,0.8135298866519061,1.3771706938858788,0.009511076157028031,0.5314256590844517,10.85,173.2674469075742,0.9721739130434817,1.1321739130434816,50000.0,5.0,250000.0,2430.434782608704,2830.434782608704
2025-09-05,ABBOTINDIA,SHORT,A_MOD_BREAK_C1_LOW,MODERATE,2025-09-05 12:00:00+05:30,2025-09-05 12:15:00+05:30,31043.79,31263.458557500006,30692.320308000002,2025-09-05 14:55:00+05:30,31263.458557500006,SL,-4.3380434782609445,-3.5380434782609447,32.004032135009766,17.783905029296875,0.6551390290260315,2.264564689192795,3.6816324961824947,0.0067244471711747165,0.6900604820251464,10.85,31263.458557500006,-0.8676086956521889,-0.707608695652189,50000.0,5.0,250000.0,-2169.0217391304723,-1769.0217391304725
2025-09-05,FINEORG,SHORT,A_MOD_BREAK_C1_LOW,MODERATE,2025-09-05 12:00:00+05:30,2025-09-05 12:15:00+05:30,4786.5425,4820.412490951087,4732.35051447826,2025-09-05 13:49:00+05:30,4820.412490951087,SL,-4.338043478260964,-3.538043478260964,49.886146545410156,22.478525161743164,0.3745318353176117,2.093599415722891,2.4384997220555653,0.0038687101916918243,0.9582921981811523,10.85,4820.412490951087,-0.8676086956521929,-0.7076086956521929,50000.0,5.0,250000.0,-2169.0217391304823,-1769.0217391304823
2025-09-05,GUJGASLTD,SHORT,A_MOD_BREAK_C1_LOW,MODERATE,2025-09-05 12:30:00+05:30,2025-09-05 12:45:00+05:30,435.0129861022949,438.091175819171,430.0878825552933,2025-09-05 15:30:00+05:30,433.79998779296875,EOD,0.5942093087778835,1.3942093087778833,33.195884704589844,23.469158172607422,11.059234619140625,1.4907520065001516,1.799316692243686,0.004826475837176554,0.6087857063185584,10.85,438.091175819171,0.1188418617555767,0.2788418617555767,50000.0,5.0,250000.0,297.10465438894175,697.1046543889418
2025-09-05,CHAMBLFERT,SHORT,A_MOD_BREAK_C1_LOW,MODERATE,2025-09-05 12:45:00+05:30,2025-09-05 13:00:00+05:30,551.9895555908203,555.8954816852728,545.7400738396964,2025-09-05 14:32:00+05:30,555.8954816852728,SL,-4.338043478260952,-3.538043478260952,32.22087860107422,32.748538970947266,9.874882698059082,1.6203981674871109,1.6614096032797312,0.005164852401250088,0.6099533384903442,10.85,555.8954816852728,-0.8676086956521902,-0.7076086956521903,50000.0,5.0,250000.0,-2169.021739130476,-1769.0217391304757
2025-09-05,BSE,LONG,B_HUGE_GREEN_PULLBACK_HOLD_THEN_BREAK,HUGE,2025-09-05 10:00:00+05:30,2025-09-05 14:15:00+05:30,2334.7669088378907,2318.2458951677445,2367.8089361781836,2025-09-05 15:08:00+05:30,2318.2458951677445,SL,-4.338043478260831,-3.538043478260832,27.300485610961914,79.36537170410156,94.48504638671875,3.9287603364714845,4.7855322214120575,0.006994819805823871,11.078810602160075,10.85,2318.2458951677445,-0.8676086956521663,-0.7076086956521663,100000.0,5.0,500000.0,-4338.043478260831,-3538.0434782608318
2025-09-08,ELGIEQUIP,SHORT,A_MOD_BREAK_C1_LOW,MODERATE,2025-09-08 10:15:00+05:30,2025-09-08 10:30:00+05:30,474.4051,477.74037411608697,469.0686614142609,2025-09-08 15:30:00+05:30,474.70001220703125,EOD,-1.110823183636986,-0.31082318363698613,31.363950729370117,40.02167510986328,45.911930084228516,0.8439171937948261,1.1260306354647485,0.00528375818556051,0.4344463016278838,10.78,477.74037411608697,-0.2221646367273972,-0.06216463672739723,50000.0,5.0,250000.0,-555.411591818493,-155.41159181849306
2025-09-08,GRINFRA,SHORT,A_MOD_BREAK_C1_LOW,MODERATE,2025-09-08 10:15:00+05:30,2025-09-08 10:30:00+05:30,1269.8459555908203,1278.773524765561,1255.561844911235,2025-09-08 10:45:00+05:30,1278.773524765561,SL,-4.31521739130436,-3.51521739130436,25.930835723876953,18.22462272644043,9.699615478515625,1.6126966509990404,3.7384478661333267,0.003147142126652127,0.5311844497829863,10.78,1278.773524765561,-0.863043478260872,-0.703043478260872,50000.0,5.0,250000.0,-2157.60869565218,-1757.60869565218
2025-09-08,ERIS,SHORT,A_MOD_BREAK_C1_LOW,MODERATE,2025-09-08 11:00:00+05:30,2025-09-08 11:15:00+05:30,1707.9583888183595,1719.9660788823564,1688.7460847159646,2025-09-08 12:23:00+05:30,1719.9660788823564,SL,-4.315217391304365,-3.5152173913043656,52.99858474731445,28.069236755371094,36.88888931274414,1.1381177035779084,1.8521852405905768,0.005702097799243419,0.8017798601556629,10.78,1719.9660788823564,-0.8630434782608731,-0.7030434782608731,50000.0,5.0,250000.0,-2157.6086956521826,-1757.6086956521826
2025-09-09,BAJAJCON,SHORT,A_MOD_BREAK_C1_LOW,MODERATE,2025-09-09 10:15:00+05:30,2025-09-09 10:30:00+05:30,220.22999877929686,221.7869291184931,217.73891023658285,2025-09-09 11:07:00+05:30,221.7869291184931,SL,-4.334782608695642,-3.534782608695642,38.86564254760742,25.06252098083496,16.274690628051758,1.2148111233347523,2.892965967759601,0.005090932751639012,0.6555765847976929,10.84,221.7869291184931,-0.8669565217391284,-0.7069565217391285,50000.0,5.0,250000.0,-2167.391304347821,-1767.3913043478212
2025-09-09,GSFC,SHORT,A_MOD_BREAK_C1_LOW,MODERATE,2025-09-09 10:15:00+05:30,2025-09-09 10:30:00+05:30,204.06000061035155,205.50261609292735,201.75181583823027,2025-09-09 15:30:00+05:30,203.60000610351562,EOD,0.32710601161438896,1.127106011614389,25.637325286865234,19.84512710571289,4.027324676513672,1.6834107668292813,4.116246847264217,0.005869605720020944,0.5391567634981027,10.84,205.50261609292735,0.06542120232287779,0.22542120232287777,50000.0,5.0,250000.0,163.55300580719447,563.5530058071944
2025-09-09,AFFLE,LONG,B_HUGE_GREEN_PULLBACK_HOLD_THEN_BREAK,HUGE,2025-09-09 11:30:00+05:30,2025-09-09 13:00:00+05:30,2010.402,1996.189331947826,2038.827336104348,2025-09-09 13:04:00+05:30,2038.827336104348,TARGET,6.269565217391332,7.0695652173913315,50.246036529541016,75.30072021484375,42.73316192626953,2.803984588207195,2.491145501508883,0.007027537983914557,8.489666901196365,10.84,1996.189331947826,1.2539130434782664,1.4139130434782663,100000.0,5.0,500000.0,6269.565217391332,7069.565217391331
2025-09-09,ASHAPURMIN,LONG,B_HUGE_GREEN_PULLBACK_HOLD_THEN_BREAK,HUGE,2025-09-09 12:45:00+05:30,2025-09-09 14:15:00+05:30,607.5215044189454,603.226591522488,616.1113302118603,2025-09-09 14:26:00+05:30,616.1113302118603,TARGET,6.26956521739136,7.069565217391359,25.860681533813477,77.26478576660156,82.8384780883789,2.5632152584005414,3.751197533733625,0.009097205967234841,8.08940293069548,10.84,603.226591522488,1.253913043478272,1.4139130434782718,100000.0,5.0,500000.0,6269.5652173913595,7069.5652173913595
2025-09-09,GODREJPROP,SHORT,A_MOD_BREAK_C1_LOW,MODERATE,2025-09-09 14:15:00+05:30,2025-09-09 14:30:00+05:30,1948.8101111816407,1962.5873513589509,1926.7665268979442,2025-09-09 15:30:00+05:30,1950.0,EOD,-1.1052859823366457,-0.3052859823366457,29.03765296936035,36.3942756652832,27.017744064331055,2.1048131712752984,1.7531790822880733,0.0021685008513621794,0.6332237486548089,10.84,1962.5873513589509,-0.22105719646732913,-0.06105719646732914,50000.0,5.0,250000.0,-552.6429911683229,-152.64299116832285
2025-09-10,GREENPANEL,LONG,A_MOD_BREAK_C1_HIGH,MODERATE,2025-09-10 11:15:00+05:30,2025-09-10 11:30:00+05:30,270.45407389526366,268.56853864530257,274.2251443951859,2025-09-10 15:25:00+05:30,274.2251443951859,TARGET,6.1717391304348315,6.97173913043483,35.902259826660156,56.59483337402344,34.53104019165039,0.3061410205105768,0.8148223992851292,0.006069167676857609,2.7309751909157955,10.69,268.56853864530257,1.2343478260869662,1.3943478260869662,100000.0,5.0,500000.0,6171.739130434831,6971.73913043483
2025-09-10,RAYMOND,LONG,B_HUGE_GREEN_PULLBACK_HOLD_THEN_BREAK,HUGE,2025-09-10 10:45:00+05:30,2025-09-10 12:30:00+05:30,629.3258522094726,624.9383565398296,638.1008435487586,2025-09-10 13:17:00+05:30,624.9383565398296,SL,-4.285869565217429,-3.4858695652174294,41.98535919189453,70.33251190185547,71.8688735961914,0.7405839818399219,2.025094057811589,0.006654202469460983,5.22844460355874,10.69,624.9383565398296,-0.8571739130434859,-0.6971739130434859,100000.0,5.0,500000.0,-4285.869565217429,-3485.869565217429
2025-09-10,VRLLOG,LONG,B_HUGE_GREEN_PULLBACK_HOLD_THEN_BREAK,HUGE,2025-09-10 10:30:00+05:30,2025-09-10 12:45:00+05:30,270.4040761047363,268.51888942632786,274.17444946155325,2025-09-10 13:39:00+05:30,268.51888942632786,SL,-4.285869565217373,-3.4858695652173726,37.52846145629883,81.39500427246094,83.7836685180664,1.3001431958973184,3.5693270452057164,0.006038266121930319,7.3872747828868635,10.69,268.51888942632786,-0.8571739130434746,-0.6971739130434745,100000.0,5.0,500000.0,-4285.869565217373,-3485.869565217373
2025-09-11,ENDURANCE,SHORT,A_MOD_BREAK_C1_LOW,MODERATE,2025-09-11 11:00:00+05:30,2025-09-11 11:15:00+05:30,2957.2084888183595,2977.5360828219327,2924.6843384126423,2025-09-11 13:13:00+05:30,2924.6843384126423,TARGET,4.6991304347826235,5.499130434782623,25.570682525634766,29.031368255615234,6.863710403442383,1.771197706664915,2.2921305173903264,0.006155884588086928,0.5535198365508815,10.54,2977.5360828219327,0.9398260869565247,1.0998260869565246,50000.0,5.0,250000.0,2349.5652173913118,2749.5652173913113
2025-09-11,FINOPB,LONG,A_MOD_BREAK_C1_HIGH,MODERATE,2025-09-11 11:00:00+05:30,2025-09-11 11:15:00+05:30,279.60589779052737,277.6839111626716,283.4498710462389,2025-09-11 11:16:00+05:30,283.4498710462389,TARGET,6.073913043478324,6.873913043478323,43.529335021972656,75.62957000732422,86.22052001953125,1.6602350787243327,3.0551105189880183,0.00834613547102952,7.2060038409584415,10.54,277.6839111626716,1.2147826086956648,1.3747826086956647,100000.0,5.0,500000.0,6073.913043478324,6873.913043478324
2025-09-11,NUVAMA,SHORT,A_MOD_BREAK_C1_LOW,MODERATE,2025-09-11 14:00:00+05:30,2025-09-11 14:15:00+05:30,1237.2525,1245.7572660978262,1223.6448742434784,2025-09-11 15:30:00+05:30,1232.5,EOD,1.120586137429528,1.9205861374295279,50.37025833129883,24.637226104736328,9.608159065246582,3.3933557533699377,3.3383197592338765,0.004761904706858625,0.96,10.54,1245.7572660978262,0.22411722748590562,0.3841172274859056,50000.0,5.0,250000.0,560.293068714764,960.293068714764
2025-09-12,METROPOLIS,SHORT,A_MOD_BREAK_C1_LOW,MODERATE,2025-09-12 10:30:00+05:30,2025-09-12 10:45:00+05:30,2091.5816,2105.713416549565,2068.9706935206955,2025-09-12 12:31:00+05:30,2068.9706935206955,TARGET,4.605217391304386,5.405217391304386,33.61182403564453,16.50318145751953,19.21491813659668,0.9552352863896304,3.0881271721963177,0.0038104210027545176,0.5313435356528533,10.36,2105.713416549565,0.9210434782608772,1.081043478260877,50000.0,5.0,250000.0,2302.6086956521926,2702.6086956521926
2025-09-12,TRITURBINE,LONG,A_MOD_BREAK_C1_HIGH,MODERATE,2025-09-12 10:30:00+05:30,2025-09-12 10:45:00+05:30,518.6037,515.0997428269566,525.611614346087,2025-09-12 11:01:00+05:30,525.611614346087,TARGET,5.956521739130455,6.756521739130454,27.13772964477539,67.14163208007812,79.2079086303711,1.581509552170407,1.97697867709323,0.003714045888623261,4.8279208630193065,10.36,515.0997428269566,1.191304347826091,1.3513043478260909,100000.0,5.0,500000.0,5956.521739130455,6756.521739130454
2025-09-12,ORIENTHOT,SHORT,A_MOD_BREAK_C1_LOW,MODERATE,2025-09-12 11:00:00+05:30,2025-09-12 11:15:00+05:30,142.33999938964843,143.30172268987238,140.8012421092901,2025-09-12 15:30:00+05:30,142.5,EOD,-1.362036711527518,-0.5620367115275181,41.244754791259766,28.806316375732422,17.550119400024414,1.7748550337446138,2.9051683497857836,0.006797251515162719,0.7892709527742039,10.36,143.30172268987238,-0.2724073423055036,-0.11240734230550363,50000.0,5.0,250000.0,-681.0183557637591,-281.0183557637591
2025-09-12,MIDHANI,LONG,B_HUGE_GREEN_PULLBACK_HOLD_THEN_BREAK,HUGE,2025-09-12 10:30:00+05:30,2025-09-12 12:00:00+05:30,399.87994779052735,397.1781502302383,405.2835429111054,2025-09-12 15:30:00+05:30,401.20001220703125,EOD,0.8505759088417677,1.6505759088417675,34.274139404296875,70.9491958618164,78.60199737548828,1.088143012210001,2.90061559119687,0.00643637686723124,5.954394428185669,10.36,397.1781502302383,0.17011518176835355,0.3301151817683535,100000.0,5.0,500000.0,850.5759088417678,1650.5759088417678
2025-09-12,GRSE,LONG,B_HUGE_GREEN_PULLBACK_HOLD_THEN_BREAK,HUGE,2025-09-12 10:45:00+05:30,2025-09-12 12:00:00+05:30,2507.5014,2490.5594122800003,2541.38537544,2025-09-12 12:16:00+05:30,2541.38537544,TARGET,5.956521739130452,6.756521739130452,33.22970962524414,84.48892211914062,93.0283432006836,1.8182970794559004,4.358717246148943,0.009110998808192676,8.453513422149047,10.36,2490.5594122800003,1.1913043478260905,1.3513043478260904,100000.0,5.0,500000.0,5956.521739130452,6756.521739130452
2025-09-12,HAL,LONG,B_HUGE_GREEN_PULLBACK_HOLD_THEN_BREAK,HUGE,2025-09-12 10:30:00+05:30,2025-09-12 12:15:00+05:30,4709.541817675781,4677.721696003311,4773.182061020721,2025-09-12 15:30:00+05:30,4744.0,EOD,2.858337016447212,3.6583370164472124,37.95309066772461,80.80770111083984,90.6320571899414,1.9858981590103124,4.696884986941049,0.003956055432704243,8.887558436615215,10.36,4677.721696003311,0.5716674032894424,0.7316674032894425,100000.0,5.0,500000.0,2858.3370164472126,3658.337016447212
2025-09-12,GMRP&UI,LONG,A_MOD_BREAK_C1_HIGH,MODERATE,2025-09-12 13:00:00+05:30,2025-09-12 13:15:00+05:30,117.05,116.25914913043478,118.63170173913043,2025-09-12 14:24:00+05:30,116.25914913043478,SL,-4.178260869565223,-3.3782608695652234,34.304115295410156,65.46128845214844,49.84080505371094,0.8018002215976189,2.1464249516574494,0.005649549571331742,4.432926936227478,10.36,116.25914913043478,-0.8356521739130447,-0.6756521739130447,100000.0,5.0,500000.0,-4178.260869565223,-3378.2608695652234
2025-09-12,SRHHYPOLTD,SHORT,A_MOD_BREAK_C1_LOW,MODERATE,2025-09-12 13:15:00+05:30,2025-09-12 13:30:00+05:30,607.0785722045898,611.1803117750503,600.5157888918529,2025-09-12 15:30:00+05:30,601.0999755859375,EOD,4.1240715225223665,4.924071522522367,27.435331344604492,37.055641174316406,13.715758323669434,1.496223870886062,1.7447490856944363,0.0037860238503036187,0.52060660185885,10.36,611.1803117750503,0.8248143045044734,0.9848143045044734,50000.0,5.0,250000.0,2062.0357612611833,2462.0357612611833
2025-09-12,PUNJABCHEM,LONG,B_HUGE_GREEN_PULLBACK_HOLD_THEN_BREAK,HUGE,2025-09-12 10:00:00+05:30,2025-09-12 13:45:00+05:30,1280.6561044189452,1272.0033236090885,1297.9616660386587,2025-09-12 13:58:00+05:30,1272.0033236090885,SL,-4.178260869565226,-3.378260869565226,38.331478118896484,86.94676208496094,85.05807495117188,1.2272015276770991,5.831934422402287,0.01311494213392136,9.080014780069895,10.36,1272.0033236090885,-0.8356521739130451,-0.6756521739130452,100000.0,5.0,500000.0,-4178.260869565226,-3378.260869565226
2025-09-15,WELCORP,LONG,A_MOD_BREAK_C1_HIGH,MODERATE,2025-09-15 10:15:00+05:30,2025-09-15 10:30:00+05:30,899.92995,893.9904123299999,911.8090253400001,2025-09-15 10:32:00+05:30,911.8090253400001,TARGET,5.800000000000056,6.600000000000056,38.796512603759766,83.07146453857422,91.51988983154297,1.7748848106687063,3.1692631506679785,0.005868341340960364,7.141449203737221,10.12,893.9904123299999,1.1600000000000112,1.3200000000000112,100000.0,5.0,500000.0,5800.000000000056,6600.0000000000555
2025-09-15,KRBL,SHORT,A_MOD_BREAK_C1_LOW,MODERATE,2025-09-15 11:00:00+05:30,2025-09-15 11:15:00+05:30,395.62087220458983,398.2319699611401,391.44311579410936,2025-09-15 11:40:00+05:30,398.2319699611401,SL,-4.1000000000000005,-3.3000000000000007,49.55707931518555,15.4238920211792,23.853971481323242,0.7796029979467458,3.4798708859516143,0.018860452499415828,0.7397867143684638,10.12,398.2319699611401,-0.8200000000000001,-0.6600000000000001,50000.0,5.0,250000.0,-2050.0,-1650.0000000000005
2025-09-15,JBCHEPHARM,SHORT,A_MOD_BREAK_C1_LOW,MODERATE,2025-09-15 11:15:00+05:30,2025-09-15 11:30:00+05:30,1673.2652555908203,1684.3088062777197,1655.5955744917812,2025-09-15 12:31:00+05:30,1684.3088062777197,SL,-4.099999999999991,-3.29999999999999,35.00066375732422,21.126453399658203,8.390847206115723,1.596909020482752,2.4870719759160065,0.0038144122044756878,0.6644690349443447,10.12,1684.3088062777197,-0.8199999999999981,-0.659999999999998,50000.0,5.0,250000.0,-2049.999999999995,-1649.999999999995
2025-09-15,PRUDENT,LONG,B_HUGE_GREEN_PULLBACK_HOLD_THEN_BREAK,HUGE,2025-09-15 12:00:00+05:30,2025-09-15 14:30:00+05:30,2918.6837176757813,2899.420405139121,2957.210342749102,2025-09-15 14:37:00+05:30,2957.210342749102,TARGET,5.800000000000067,6.600000000000067,36.757991790771484,77.8238525390625,94.49077606201172,3.133229952990087,3.3924235087746917,0.0067269467295413094,8.766493888791452,10.12,2899.420405139121,1.1600000000000135,1.3200000000000134,100000.0,5.0,500000.0,5800.000000000067,6600.000000000066
2025-09-15,EXPLEOSOL,SHORT,A_MOD_BREAK_C1_LOW,MODERATE,2025-09-15 14:15:00+05:30,2025-09-15 14:30:00+05:30,984.803,991.3026997999999,974.40348032,2025-09-15 15:30:00+05:30,979.0,EOD,2.146274534094635,2.946274534094635,39.0949821472168,38.319602966308594,41.80077362060547,2.700382854796141,1.9337673624027447,0.0030091215973720494,0.7931131003283891,10.12,991.3026997999999,0.42925490681892703,0.589254906818927,50000.0,5.0,250000.0,1073.1372670473174,1473.1372670473174
2025-09-16,JKTYRE,LONG,A_MOD_BREAK_C1_HIGH,MODERATE,2025-09-16 10:00:00+05:30,2025-09-16 10:15:00+05:30,376.0752,373.5244290782609,381.1767418434782,2025-09-16 15:30:00+05:30,377.5,EOD,1.094301990665703,1.894301990665703,34.30186080932617,74.71247100830078,81.28811645507812,0.7100902585056607,2.4658115939506797,0.004669961535660786,4.7735379503575714,10.4,373.5244290782609,0.21886039813314062,0.3788603981331406,100000.0,5.0,500000.0,1094.3019906657032,1894.301990665703
2025-09-16,AHLUCONT,LONG,A_MOD_BREAK_C1_HIGH,MODERATE,2025-09-16 10:15:00+05:30,2025-09-16 10:30:00+05:30,943.4886477905274,937.0893334837742,956.2872764040336,2025-09-16 12:26:00+05:30,956.2872764040336,TARGET,5.982608695652157,6.782608695652157,28.78879737854004,69.07391357421875,54.36695098876953,1.1782809369453415,1.436591197949204,0.006640812059888345,5.024929671927172,10.4,937.0893334837742,1.1965217391304315,1.3565217391304314,100000.0,5.0,500000.0,5982.608695652158,6782.608695652158
2025-09-16,POCL,LONG,B_HUGE_GREEN_PULLBACK_HOLD_THEN_BREAK,HUGE,2025-09-16 12:15:00+05:30,2025-09-16 14:15:00+05:30,1288.8576955810547,1280.1158781675485,1306.3413304080673,2025-09-16 14:40:00+05:30,1306.3413304080673,TARGET,5.982608695652173,6.782608695652172,25.04426383972168,70.7274398803711,80.04178619384766,2.0798831293578077,2.5822907913247914,0.010054898410503705,6.410278432600726,10.4,1280.1158781675485,1.1965217391304346,1.3565217391304345,100000.0,5.0,500000.0,5982.608695652172,6782.608695652173
2025-09-17,BRITANNIA,SHORT,A_MOD_BREAK_C1_LOW,MODERATE,2025-09-17 10:00:00+05:30,2025-09-17 10:15:00+05:30,6079.2839,6120.001886295436,6014.135121927305,2025-09-17 15:30:00+05:30,6101.5,EOD,-2.6271971144495856,-1.8271971144495853,31.147348403930664,22.079566955566406,9.731690406799316,1.4878087403468876,3.894178850843866,0.003966949818912322,0.5875767556196654,10.27,6120.001886295436,-0.5254394228899171,-0.36543942288991704,50000.0,5.0,250000.0,-1313.5985572247926,-913.5985572247927
2025-09-17,ANTELOPUS,LONG,A_MOD_BREAK_C1_HIGH,MODERATE,2025-09-17 10:15:00+05:30,2025-09-17 10:30:00+05:30,567.1134,563.3149730752173,574.7102538495652,2025-09-17 10:31:00+05:30,574.7102538495652,TARGET,5.897826086956563,6.697826086956563,44.212646484375,83.95452117919922,92.81390380859375,3.0184302766002453,4.800253783123423,0.003992779267364701,10.468945487569423,10.27,563.3149730752173,1.1795652173913127,1.3395652173913126,100000.0,5.0,500000.0,5897.826086956564,6697.826086956563
2025-09-17,SUPRIYA,LONG,A_MOD_BREAK_C1_HIGH,MODERATE,2025-09-17 11:15:00+05:30,2025-09-17 11:30:00+05:30,655.0810022094727,650.6933835838045,663.8562394608092,2025-09-17 12:38:00+05:30,663.8562394608092,TARGET,5.897826086956581,6.697826086956581,34.875770568847656,61.65520477294922,68.03614807128906,1.8459403767852807,1.224201183835237,0.004167999465260634,4.836464649454667,10.27,650.6933835838045,1.1795652173913163,1.3395652173913162,100000.0,5.0,500000.0,5897.826086956581,6697.826086956581
2025-09-17,KALYANKJIL,LONG,A_MOD_BREAK_C1_HIGH,MODERATE,2025-09-17 11:30:00+05:30,2025-09-17 11:45:00+05:30,520.0040044189453,516.5211080328262,526.9697971911835,2025-09-17 11:46:00+05:30,526.9697971911835,TARGET,5.897826086956549,6.697826086956549,42.886436462402344,75.4150619506836,89.18035125732422,2.20125075473922,3.2733692693240997,0.00609320542062366,7.936492860452985,10.27,516.5211080328262,1.1795652173913098,1.3395652173913097,100000.0,5.0,500000.0,5897.826086956549,6697.826086956548
2025-09-18,SOBHA,LONG,A_MOD_BREAK_C1_HIGH,MODERATE,2025-09-18 10:30:00+05:30,2025-09-18 10:45:00+05:30,1638.3276,1627.3757361521739,1660.2313276956522,2025-09-18 15:19:00+05:30,1627.3757361521739,SL,-4.142391304347857,-3.3423913043478573,33.50470733642578,74.86335754394531,89.19139099121094,1.6793171599440497,2.712041300240644,0.004962854064568103,6.355265826339242,10.25,1627.3757361521739,-0.8284782608695713,-0.6684782608695714,100000.0,5.0,500000.0,-4142.391304347856,-3342.391304347857
2025-09-18,KFINTECH,LONG,B_HUGE_GREEN_PULLBACK_HOLD_THEN_BREAK,HUGE,2025-09-18 10:00:00+05:30,2025-09-18 11:15:00+05:30,1144.1288044189453,1136.4805520850578,1159.4253090867203,2025-09-18 13:06:00+05:30,1136.4805520850578,SL,-4.142391304347825,-3.3423913043478253,27.630556106567383,80.48873901367188,83.522705078125,1.3870960238375334,4.432350258554201,0.004355632056570007,7.4891642800528935,10.25,1136.4805520850578,-0.8284782608695651,-0.6684782608695651,100000.0,5.0,500000.0,-4142.391304347825,-3342.391304347825
2025-09-19,FLUOROCHEM,LONG,B_HUGE_GREEN_PULLBACK_HOLD_THEN_BREAK,HUGE,2025-09-19 10:15:00+05:30,2025-09-19 11:15:00+05:30,3836.667082324219,3811.920579643228,3886.1600876862008,2025-09-19 12:00:00+05:30,3811.920579643228,SL,-4.024999999999965,-3.224999999999965,25.595394134521484,80.24107360839844,87.42314910888672,1.5697969841036674,3.643083476863753,0.0057753273157721795,7.251332369568724,9.89,3811.920579643228,-0.804999999999993,-0.644999999999993,100000.0,5.0,500000.0,-4024.9999999999654,-3224.9999999999654
2025-09-19,EXICOM,LONG,A_MOD_BREAK_C1_HIGH,MODERATE,2025-09-19 11:00:00+05:30,2025-09-19 11:15:00+05:30,148.43999938964845,147.48256139358523,150.3548753817749,2025-09-19 11:16:00+05:30,150.3548753817749,TARGET,5.649999999999916,6.449999999999916,32.426021575927734,70.09709930419922,80.51599884033203,1.7529708774471149,2.092316267255776,0.006560891626555661,5.775825354338815,9.89,147.48256139358523,1.1299999999999832,1.2899999999999832,100000.0,5.0,500000.0,5649.999999999916,6449.999999999915
2025-09-19,AARTIDRUGS,LONG,A_MOD_BREAK_C1_HIGH,MODERATE,2025-09-19 11:15:00+05:30,2025-09-19 11:30:00+05:30,525.7551544189453,522.364033672943,532.5373959109496,2025-09-19 11:45:00+05:30,532.5373959109496,TARGET,5.649999999999954,6.449999999999953,27.0949764251709,74.34666442871094,87.51042175292969,1.0247827850984366,1.9906640280510015,0.005334342701892171,4.932265147688807,9.89,522.364033672943,1.1299999999999908,1.2899999999999907,100000.0,5.0,500000.0,5649.999999999954,6449.999999999954
2025-09-19,INDHOTEL,SHORT,A_MOD_BREAK_C1_LOW,MODERATE,2025-09-19 12:00:00+05:30,2025-09-19 12:15:00+05:30,768.6462277954101,773.6039959646906,760.7137987245615,2025-09-19 13:42:00+05:30,773.6039959646906,SL,-4.025000000000059,-3.2250000000000583,32.299678802490234,31.15306854248047,5.928489685058594,1.5353321423673574,2.1467618585489094,0.004286651028458256,0.613178306951641,9.89,773.6039959646906,-0.8050000000000117,-0.6450000000000117,50000.0,5.0,250000.0,-2012.5000000000296,-1612.5000000000293
2025-09-19,ADANIENSOL,LONG,B_HUGE_GREEN_PULLBACK_HOLD_THEN_BREAK,HUGE,2025-09-19 12:45:00+05:30,2025-09-19 13:45:00+05:30,891.8783522094726,886.1257368377215,903.3835829529747,2025-09-19 14:06:00+05:30,886.1257368377215,SL,-4.02499999999998,-3.22499999999998,47.797630310058594,79.57401275634766,67.7998275756836,3.008885957119023,2.9454046715084217,0.010601294781528624,8.770811806403863,9.89,886.1257368377215,-0.8049999999999959,-0.644999999999996,100000.0,5.0,500000.0,-4024.99999999998,-3224.99999999998
2025-09-19,IGARASHI,LONG,B_HUGE_GREEN_PULLBACK_HOLD_THEN_BREAK,HUGE,2025-09-19 13:00:00+05:30,2025-09-19 14:15:00+05:30,541.1082,537.61805211,548.08849578,2025-09-19 15:30:00+05:30,544.0,EOD,1.8721088314684473,2.672108831468447,50.2379264831543,69.00494384765625,76.42179870605469,2.5472623554531646,2.173517738971013,0.0070618055075284325,7.531658168111234,9.89,537.61805211,0.37442176629368945,0.5344217662936894,100000.0,5.0,500000.0,1872.1088314684473,2672.1088314684475
2025-09-22,MPHASIS,SHORT,A_PULLBACK_C2_THEN_BREAK_C2_LOW,MODERATE,2025-09-22 10:15:00+05:30,2025-09-22 10:45:00+05:30,2871.4256,2890.0961086295656,2841.5527861926957,2025-09-22 14:47:00+05:30,2841.5527861926957,TARGET,4.401739130434771,5.20173913043477,33.1065788269043,19.087425231933594,38.53482437133789,0.49955347355359253,3.5855301268391027,0.007867184936602113,0.4440205402754432,9.97,2890.0961086295656,0.8803478260869542,1.040347826086954,50000.0,5.0,250000.0,2200.869565217385,2600.869565217385
2025-09-22,SBICARD,SHORT,A_MOD_BREAK_C1_LOW,MODERATE,2025-09-22 10:45:00+05:30,2025-09-22 11:00:00+05:30,865.8767777954101,871.5068591919016,856.8686475610239,2025-09-22 15:30:00+05:30,871.0999755859375,EOD,-3.8161322745171864,-3.0161322745171866,37.46192932128906,35.6037483215332,40.931175231933594,1.08345987288124,1.857914614567127,0.004803091596979584,0.6044301483019092,9.97,871.5068591919016,-0.7632264549034373,-0.6032264549034373,50000.0,5.0,250000.0,-1908.0661372585932,-1508.066137258593
2025-09-22,LTIM,SHORT,A_MOD_BREAK_C1_LOW,MODERATE,2025-09-22 11:00:00+05:30,2025-09-22 11:15:00+05:30,5274.9448,5309.243408471305,5220.067026445913,2025-09-22 12:19:00+05:30,5309.243408471305,SL,-4.051086956521778,-3.251086956521778,39.85596466064453,19.998319625854492,33.33333206176758,0.5000796661769296,3.0195985216351273,0.008038672371831371,0.5453534114906307,9.97,5309.243408471305,-0.8102173913043555,-0.6502173913043556,50000.0,5.0,250000.0,-2025.5434782608886,-1625.543478260889
2025-09-22,NUVAMA,SHORT,A_MOD_BREAK_C1_LOW,MODERATE,2025-09-22 11:00:00+05:30,2025-09-22 11:15:00+05:30,1256.2487,1264.417047525435,1243.1793439593046,2025-09-22 15:30:00+05:30,1258.0,EOD,-1.4970355471810244,-0.6970355471810242,36.68309020996094,20.35965919494629,2.4265644550323486,2.0984178320557274,3.5725911458333335,0.003581376840429765,0.7602463531494139,9.97,1264.417047525435,-0.29940710943620485,-0.13940710943620485,50000.0,5.0,250000.0,-748.5177735905122,-348.51777359051215
2025-09-22,APTECHT,SHORT,A_MOD_BREAK_C1_LOW,MODERATE,2025-09-22 11:15:00+05:30,2025-09-22 11:30:00+05:30,128.3000061035156,129.13423505624522,126.96523977914826,2025-09-22 15:30:00+05:30,128.25999450683594,EOD,-0.6440701684480287,0.1559298315519712,30.64752197265625,35.67360305786133,4.3484954833984375,1.2939848055541188,1.6841983228041795,0.005831809709343607,0.5303700867020236,9.97,129.13423505624522,-0.12881403368960573,0.03118596631039424,50000.0,5.0,250000.0,-322.03508422401427,77.9649157759856
2025-09-22,ATGL,LONG,B_HUGE_GREEN_PULLBACK_HOLD_THEN_BREAK,HUGE,2025-09-22 11:00:00+05:30,2025-09-22 12:30:00+05:30,765.153,760.177842123913,775.103315752174,2025-09-22 12:39:00+05:30,775.103315752174,TARGET,5.70217391304353,6.50217391304353,45.24049758911133,79.40302276611328,89.2853012084961,2.297588118263109,4.5404896192179605,0.016552622133442794,8.873587860874084,9.97,760.177842123913,1.140434782608706,1.300434782608706,100000.0,5.0,500000.0,5702.17391304353,6502.17391304353
2025-09-22,CONFIPET,SHORT,A_MOD_BREAK_C1_LOW,MODERATE,2025-09-22 12:15:00+05:30,2025-09-22 12:30:00+05:30,47.13999862670899,47.44651109604048,46.6495786757786,2025-09-22 15:22:00+05:30,46.6495786757786,TARGET,4.40173913043478,5.20173913043478,47.4129524230957,29.128841400146484,7.51786470413208,1.854326590524591,1.7840019760483814,0.004358378058031405,0.884901538490658,9.97,47.44651109604048,0.8803478260869562,1.040347826086956,50000.0,5.0,250000.0,2200.8695652173906,2600.86956521739
2025-09-22,CHEMCON,LONG,B_HUGE_GREEN_PULLBACK_HOLD_THEN_BREAK,HUGE,2025-09-22 12:00:00+05:30,2025-09-22 13:15:00+05:30,259.0518,257.367400143913,262.42059971217395,2025-09-22 13:20:00+05:30,262.42059971217395,TARGET,5.702173913043528,6.502173913043528,43.44806671142578,77.15092468261719,79.96710205078125,1.5128951904525851,3.3909590551941178,0.017363084667550807,6.994882708049959,9.97,257.367400143913,1.1404347826087056,1.3004347826087055,100000.0,5.0,500000.0,5702.173913043527,6502.173913043527
2025-09-22,CUMMINSIND,SHORT,A_MOD_BREAK_C1_LOW,MODERATE,2025-09-22 14:15:00+05:30,2025-09-22 14:30:00+05:30,4010.0977223632813,4036.172075162387,3968.3787578847127,2025-09-22 15:30:00+05:30,3999.0,EOD,0.5837221847976581,1.383722184797658,37.21057891845703,23.142728805541992,8.437673568725586,4.278496583050604,3.2927482149152225,0.002840061596393823,0.7681586837768555,9.97,4036.172075162387,0.11674443695953163,0.2767444369595316,50000.0,5.0,250000.0,291.86109239882904,691.861092398829
2025-09-22,SIEMENS,SHORT,A_MOD_BREAK_C1_LOW,MODERATE,2025-09-22 14:15:00+05:30,2025-09-22 14:30:00+05:30,3265.246722363281,3286.4779244210827,3231.2767990707994,2025-09-22 15:30:00+05:30,3240.5,EOD,2.989410796096025,3.7894107960960244,43.27555847167969,25.697250366210938,11.844449043273926,2.3793450590464817,2.2601935097443353,0.0030718386848293242,0.8591333770751952,9.97,3286.4779244210827,0.597882159219205,0.7578821592192049,50000.0,5.0,250000.0,1494.7053980480123,1894.705398048012
2025-09-23,INDHOTEL,SHORT,A_MOD_BREAK_C1_LOW,MODERATE,2025-09-23 10:15:00+05:30,2025-09-23 10:30:00+05:30,753.8492,759.0409266643478,745.5424373370435,2025-09-23 15:30:00+05:30,752.8499755859375,EOD,-0.13725179116559627,0.6627482088344037,33.739036560058594,17.843273162841797,3.223729372024536,1.8327815724875993,4.4201956420784425,0.0040179410365146564,0.6868223235862088,10.56,759.0409266643478,-0.027450358233119254,0.13254964176688072,50000.0,5.0,250000.0,-68.62589558279814,331.3741044172018
2025-09-23,DBL,SHORT,A_MOD_BREAK_C1_LOW,MODERATE,2025-09-23 11:00:00+05:30,2025-09-23 11:15:00+05:30,551.0397944091796,554.8347815150237,544.9678150398291,2025-09-23 11:20:00+05:30,544.9678150398291,TARGET,4.70956521739128,5.509565217391279,33.83121871948242,27.11772346496582,10.263008117675781,1.2450915204757487,2.3473042475020884,0.007296430106582007,0.5853592968754924,10.56,554.8347815150237,0.9419130434782559,1.1019130434782558,50000.0,5.0,250000.0,2354.7826086956397,2754.7826086956393
2025-09-23,KEI,SHORT,A_MOD_BREAK_C1_LOW,MODERATE,2025-09-23 11:00:00+05:30,2025-09-23 11:15:00+05:30,4061.3875111816405,4089.358110389083,4016.634552449733,2025-09-23 12:04:00+05:30,4089.358110389083,SL,-4.243478260869573,-3.443478260869573,40.07849884033203,18.77393913269043,10.116630554199219,1.477448035857294,2.6131382012402793,0.005732540771244256,0.7197308888800069,10.56,4089.358110389083,-0.8486956521739146,-0.6886956521739146,50000.0,5.0,250000.0,-2121.7391304347866,-1721.7391304347866
2025-09-23,SJVN,SHORT,A_MOD_BREAK_C1_LOW,MODERATE,2025-09-23 11:00:00+05:30,2025-09-23 11:15:00+05:30,92.85000152587891,93.48945544943105,91.82687524819548,2025-09-23 15:30:00+05:30,92.9000015258789,EOD,-1.0692514764583028,-0.26925147645830294,25.108285903930664,31.252819061279297,14.431137084960938,1.4612209643874439,2.1754699928078676,0.003913581242866947,0.4923379573267626,10.56,93.48945544943105,-0.21385029529166055,-0.05385029529166059,50000.0,5.0,250000.0,-534.6257382291514,-134.6257382291515
2025-09-23,KRN,SHORT,A_MOD_BREAK_C1_LOW,MODERATE,2025-09-23 11:15:00+05:30,2025-09-23 11:30:00+05:30,862.4774944091797,868.4173394141542,852.9737424012204,2025-09-23 11:55:00+05:30,852.9737424012204,TARGET,4.709565217391335,5.5095652173913345,26.113096237182617,26.33852767944336,5.842104911804199,2.1604976429880516,2.3660594408439675,0.00479997357423752,0.6016964435577392,10.56,868.4173394141542,0.941913043478267,1.101913043478267,50000.0,5.0,250000.0,2354.7826086956675,2754.782608695667
2025-09-23,POWERMECH,SHORT,A_PULLBACK_C2_THEN_BREAK_C2_LOW,MODERATE,2025-09-23 11:15:00+05:30,2025-09-23 11:45:00+05:30,2931.2136888183595,2951.4008300491782,2898.9142628490495,2025-09-23 13:24:00+05:30,2898.9142628490495,TARGET,4.709565217391351,5.50956521739135,26.90688705444336,27.78722381591797,1.9553653001785278,2.4181883886106186,3.1028770793967975,0.005070535535389612,0.6136033058166503,10.56,2951.4008300491782,0.9419130434782701,1.10191304347827,50000.0,5.0,250000.0,2354.782608695675,2754.7826086956748
2025-09-23,CRISIL,SHORT,A_MOD_BREAK_C1_LOW,MODERATE,2025-09-23 12:00:00+05:30,2025-09-23 12:15:00+05:30,4865.0268,4898.532028048695,4811.4184351220865,2025-09-23 15:30:00+05:30,4850.0,EOD,0.7443697041915209,1.5443697041915208,50.74796676635742,16.606548309326172,5.999713897705078,1.5869863752927136,2.309127908402187,0.0036743995890981406,0.8877226156762248,10.56,4898.532028048695,0.1488739408383042,0.30887394083830416,50000.0,5.0,250000.0,372.18485209576045,772.1848520957603
2025-09-23,GODREJCP,SHORT,A_MOD_BREAK_C1_LOW,MODERATE,2025-09-23 13:45:00+05:30,2025-09-23 14:00:00+05:30,1193.7612,1201.982581481739,1180.6069896292172,2025-09-23 15:30:00+05:30,1192.199951171875,EOD,-0.1460799244752982,0.6539200755247017,44.38015365600586,21.135255813598633,6.224196434020996,2.492613853435413,3.0692365052589485,0.003761610329832056,0.8757023048400878,10.56,1201.982581481739,-0.029215984895059638,0.13078401510494034,50000.0,5.0,250000.0,-73.0399622376491,326.96003776235085
2025-09-24,NESCO,SHORT,A_MOD_BREAK_C1_LOW,MODERATE,2025-09-24 11:15:00+05:30,2025-09-24 11:30:00+05:30,1444.8109555908204,1454.827264585123,1428.7848611999364,2025-09-24 14:49:00+05:30,1428.7848611999364,TARGET,4.746086956521786,5.546086956521786,32.315486907958984,31.81128692626953,34.75479507446289,0.7361769448436438,1.630223798122748,0.008231882937373258,0.4550744588731599,10.63,1454.827264585123,0.9492173913043573,1.1092173913043573,50000.0,5.0,250000.0,2373.043478260893,2773.043478260893
2025-09-24,IFBIND,LONG,B_HUGE_GREEN_PULLBACK_HOLD_THEN_BREAK,HUGE,2025-09-24 10:30:00+05:30,2025-09-24 11:45:00+05:30,1843.5685911621094,1830.7878515159878,1869.1300704543528,2025-09-24 11:47:00+05:30,1869.1300704543528,TARGET,6.132608695652177,6.932608695652177,50.910133361816406,76.88776397705078,90.63602447509766,1.714311458291136,3.838264801119557,0.0108989970996838,8.130834449487587,10.63,1830.7878515159878,1.2265217391304355,1.3865217391304354,100000.0,5.0,500000.0,6132.608695652178,6932.608695652178
2025-09-24,GODREJPROP,SHORT,A_MOD_BREAK_C1_LOW,MODERATE,2025-09-24 12:00:00+05:30,2025-09-24 12:15:00+05:30,2043.8911888183593,2058.0606866469284,2021.2199922926488,2025-09-24 14:34:00+05:30,2021.2199922926488,TARGET,4.746086956521747,5.546086956521746,38.435302734375,17.20690155029297,4.129907608032227,3.021819095360919,3.3923939442070914,0.004784250255915883,0.786529541015625,10.63,2058.0606866469284,0.9492173913043493,1.1092173913043493,50000.0,5.0,250000.0,2373.043478260873,2773.043478260873
2025-09-24,VTL,SHORT,A_MOD_BREAK_C1_LOW,MODERATE,2025-09-24 12:15:00+05:30,2025-09-24 12:30:00+05:30,412.56746389770507,415.4276326854655,407.99119383728845,2025-09-24 14:22:00+05:30,415.4276326854655,SL,-4.266304347826111,-3.466304347826111,27.904428482055664,29.539798736572266,9.486238479614258,1.941073936387845,2.2624363100908362,0.004280007859080083,0.6182543660987079,10.63,415.4276326854655,-0.8532608695652222,-0.6932608695652223,50000.0,5.0,250000.0,-2133.1521739130553,-1733.1521739130555
2025-09-24,NSIL,LONG,B_HUGE_GREEN_PULLBACK_HOLD_THEN_BREAK,HUGE,2025-09-24 10:15:00+05:30,2025-09-24 13:15:00+05:30,7634.0265,7581.102781503261,7739.873936993478,2025-09-24 13:50:00+05:30,7581.102781503261,SL,-4.266304347826061,-3.466304347826061,25.662519454956055,87.97083282470703,88.27156066894531,1.3671194337059072,5.490368696085645,0.008908400424691133,8.528397664522636,10.63,7581.102781503261,-0.8532608695652122,-0.6932608695652122,100000.0,5.0,500000.0,-4266.304347826061,-3466.3043478260606
2025-09-24,INNOVACAP,SHORT,A_MOD_BREAK_C1_LOW,MODERATE,2025-09-24 13:00:00+05:30,2025-09-24 13:15:00+05:30,845.8308,851.6946139591305,836.4486976653913,2025-09-24 14:03:00+05:30,851.6946139591305,SL,-4.266304347826148,-3.4663043478261493,28.75071907043457,27.43182945251465,2.9774515628814697,1.919178064176896,2.6611363517748376,0.004544739114273018,0.6271169472874754,10.63,851.6946139591305,-0.8532608695652297,-0.6932608695652298,50000.0,5.0,250000.0,-2133.152173913074,-1733.1521739130744
2025-09-25,KSCL,SHORT,A_MOD_BREAK_C1_LOW,MODERATE,2025-09-25 10:45:00+05:30,2025-09-25 11:00:00+05:30,1119.776,1127.458637078261,1107.4837806747826,2025-09-25 11:46:00+05:30,1107.4837806747826,TARGET,4.688695652173963,5.488695652173963,26.371068954467773,30.814085006713867,11.900860786437988,1.093966102115595,2.39665085995917,0.005295487740395689,0.44701010218724574,10.52,1127.458637078261,0.9377391304347926,1.0977391304347925,50000.0,5.0,250000.0,2344.3478260869815,2744.347826086981
2025-09-25,MANAPPURAM,SHORT,A_MOD_BREAK_C1_LOW,MODERATE,2025-09-25 11:30:00+05:30,2025-09-25 11:45:00+05:30,280.14397220458983,282.06600345736746,277.0687222001457,2025-09-25 13:41:00+05:30,282.06600345736746,SL,-4.230434782608787,-3.4304347826087875,46.09992599487305,18.35797882080078,9.167155265808105,1.2766332531669853,2.7731369492325944,0.006110470013962703,0.774909709227318,10.52,282.06600345736746,-0.8460869565217575,-0.6860869565217576,50000.0,5.0,250000.0,-2115.217391304394,-1715.217391304394
2025-09-25,GRAVITA,SHORT,A_PULLBACK_C2_THEN_BREAK_C2_LOW,MODERATE,2025-09-25 11:45:00+05:30,2025-09-25 12:15:00+05:30,1614.7769555908203,1625.855729660048,1597.0509170800565,2025-09-25 15:17:00+05:30,1597.0509170800565,TARGET,4.688695652173883,5.488695652173883,43.676143646240234,21.27530860900879,2.7890565395355225,1.5238301364803755,2.6331530272708035,0.004481407327353434,0.7818124285776691,10.52,1625.855729660048,0.9377391304347766,1.0977391304347766,50000.0,5.0,250000.0,2344.3478260869415,2744.3478260869415
2025-09-25,EXPLEOSOL,SHORT,A_MOD_BREAK_C1_LOW,MODERATE,2025-09-25 12:00:00+05:30,2025-09-25 12:15:00+05:30,978.8042,985.519647946087,968.059483286261,2025-09-25 12:16:00+05:30,968.059483286261,TARGET,4.688695652173887,5.488695652173887,53.53477478027344,29.585494995117188,16.438411712646484,2.0633865217356138,2.112810290385483,0.005318840385335702,0.96,10.52,985.519647946087,0.9377391304347775,1.0977391304347774,50000.0,5.0,250000.0,2344.3478260869438,2744.3478260869433
2025-09-25,RKFORGE,SHORT,A_MOD_BREAK_C1_LOW,MODERATE,2025-09-25 12:00:00+05:30,2025-09-25 12:15:00+05:30,548.8902,552.6560640678262,542.8648174914783,2025-09-25 14:39:00+05:30,542.8648174914783,TARGET,4.688695652173892,5.488695652173892,26.905818939208984,23.232973098754883,0.0,2.24325421488381,2.909538836143808,0.004605787916478781,0.6135872840881347,10.52,552.6560640678262,0.9377391304347784,1.0977391304347783,50000.0,5.0,250000.0,2344.347826086946,2744.3478260869456
2025-09-25,TCS,SHORT,A_MOD_BREAK_C1_LOW,MODERATE,2025-09-25 12:00:00+05:30,2025-09-25 12:15:00+05:30,2996.4006,3016.9585136817395,2963.5079381092173,2025-09-25 14:05:00+05:30,2963.5079381092173,TARGET,4.688695652173916,5.488695652173915,53.77739334106445,19.014638900756836,3.086244583129883,2.0269281823496756,3.0886394567326176,0.002471347342797815,0.96,10.52,3016.9585136817395,0.9377391304347831,1.097739130434783,50000.0,5.0,250000.0,2344.3478260869574,2744.3478260869574
2025-09-25,MUFTI,SHORT,A_MOD_BREAK_C1_LOW,MODERATE,2025-09-25 12:15:00+05:30,2025-09-25 12:30:00+05:30,111.56000061035157,112.32539922323477,110.33536282973846,2025-09-25 15:19:00+05:30,110.33536282973846,TARGET,4.688695652173898,5.488695652173897,50.42609786987305,16.232892990112305,5.898470401763916,1.6241103178953649,2.3431282557718878,0.004366785506902649,0.8942193056316887,10.52,112.32539922323477,0.9377391304347795,1.0977391304347794,50000.0,5.0,250000.0,2344.3478260869488,2744.3478260869488
2025-09-25,AJANTPHARM,SHORT,A_MOD_BREAK_C1_LOW,MODERATE,2025-09-25 13:45:00+05:30,2025-09-25 14:00:00+05:30,2483.4031223632815,2500.4414272636695,2456.1418345226607,2025-09-25 15:30:00+05:30,2483.0,EOD,-0.7188367044296394,0.08116329557036053,29.66176414489746,27.144630432128906,5.618180274963379,2.49129665808808,2.506986722328521,0.0033902523022342995,0.6549264621734618,10.52,2500.4414272636695,-0.14376734088592788,0.016232659114072106,50000.0,5.0,250000.0,-359.4183522148197,40.581647785180266
2025-09-25,IONEXCHANG,SHORT,A_MOD_BREAK_C1_LOW,MODERATE,2025-09-25 13:45:00+05:30,2025-09-25 14:00:00+05:30,414.7670361022949,417.61269863694463,410.21397604685546,2025-09-25 15:30:00+05:30,411.95001220703125,EOD,2.595911017587358,3.395911017587358,37.427513122558594,23.332839965820312,10.16686725616455,2.4880234386281135,2.592117904851732,0.003546893982681817,0.7714126968383788,10.52,417.61269863694463,0.5191822035174716,0.6791822035174716,50000.0,5.0,250000.0,1297.955508793679,1697.955508793679
2025-09-26,HLEGLAS,SHORT,A_MOD_BREAK_C1_LOW,MODERATE,2025-09-26 10:45:00+05:30,2025-09-26 11:00:00+05:30,489.902,493.34622406086953,484.3912415026087,2025-09-26 11:34:00+05:30,484.3912415026087,TARGET,4.824347826086946,5.624347826086945,28.137311935424805,26.169658660888672,26.78740692138672,1.1798301244015665,3.0376830598008464,0.010738301056129529,0.48852995080164624,10.78,493.34622406086953,0.9648695652173891,1.124869565217389,50000.0,5.0,250000.0,2412.1739130434726,2812.1739130434726
2025-09-26,KRN,SHORT,A_MOD_BREAK_C1_LOW,MODERATE,2025-09-26 11:00:00+05:30,2025-09-26 11:15:00+05:30,833.7332444091796,839.5947516100911,824.3548328877213,2025-09-26 11:22:00+05:30,824.3548328877213,TARGET,4.82434782608694,5.6243478260869395,45.07078552246094,20.44663429260254,5.197507381439209,1.9385104321889097,2.860500080020427,0.005812645529558558,0.8753011084699731,10.78,839.5947516100911,0.964869565217388,1.124869565217388,50000.0,5.0,250000.0,2412.17391304347,2812.17391304347
2025-09-26,ELIN,SHORT,A_PULLBACK_C2_THEN_BREAK_C2_LOW,MODERATE,2025-09-26 11:00:00+05:30,2025-09-26 11:30:00+05:30,207.47000427246093,208.928608606846,205.13623733744478,2025-09-26 11:48:00+05:30,205.13623733744478,TARGET,4.824347826086979,5.624347826086979,39.25177764892578,29.219539642333984,17.581567764282227,1.2385214677688694,2.058077625832369,0.012471444447009305,0.6655179215934388,10.78,208.928608606846,0.9648695652173958,1.1248695652173957,50000.0,5.0,250000.0,2412.1739130434894,2812.1739130434894
2025-09-26,AARTIIND,SHORT,A_MOD_BREAK_C1_LOW,MODERATE,2025-09-26 11:15:00+05:30,2025-09-26 11:30:00+05:30,373.4253,376.05064221782607,369.22475245147825,2025-09-26 15:30:00+05:30,374.29998779296875,EOD,-1.9711683608057045,-1.1711683608057046,26.348163604736328,26.76975440979004,17.122039794921875,1.1027680922537972,2.202409412390669,0.0051307051641613895,0.4482068702154594,10.78,376.05064221782607,-0.3942336721611409,-0.23423367216114094,50000.0,5.0,250000.0,-985.5841804028522,-585.5841804028523
2025-09-26,BOMDYEING,SHORT,A_MOD_BREAK_C1_LOW,MODERATE,2025-09-26 11:15:00+05:30,2025-09-26 11:30:00+05:30,169.34999389648436,170.54059798400877,167.4450273564453,2025-09-26 14:21:00+05:30,167.4450273564453,TARGET,4.824347826086935,5.624347826086935,36.93362045288086,24.463851928710938,12.567119598388672,1.4412049873643273,2.895008003250938,0.0063785317246926355,0.6662151795819702,10.78,170.54059798400877,0.9648695652173871,1.124869565217387,50000.0,5.0,250000.0,2412.1739130434676,2812.1739130434676
2025-09-26,PPLPHARMA,SHORT,A_MOD_BREAK_C1_LOW,MODERATE,2025-09-26 11:15:00+05:30,2025-09-26 11:30:00+05:30,189.2500030517578,190.58051285582167,187.1211873652556,2025-09-26 15:30:00+05:30,187.72999572753906,EOD,3.215871333442022,4.015871333442022,41.319618225097656,29.060558319091797,38.14358139038086,0.8727770664771519,2.4363269506685756,0.008813545250246566,0.6325302600099665,10.78,190.58051285582167,0.6431742666884044,0.8031742666884044,50000.0,5.0,250000.0,1607.9356667210109,2007.935666721011
2025-09-26,VASCONEQ,SHORT,A_MOD_BREAK_C1_LOW,MODERATE,2025-09-26 11:15:00+05:30,2025-09-26 11:30:00+05:30,58.95,59.364444130434784,58.28688939130435,2025-09-26 11:42:00+05:30,58.28688939130435,TARGET,4.824347826086969,5.624347826086968,25.629405975341797,29.855087280273438,32.78235626220703,0.22950757519728482,1.8858376278339897,0.010811148053508694,0.27889679668135126,10.78,59.364444130434784,0.9648695652173938,1.1248695652173937,50000.0,5.0,250000.0,2412.1739130434844,2812.173913043484
2025-09-26,ABCAPITAL,SHORT,A_MOD_BREAK_C1_LOW,MODERATE,2025-09-26 11:30:00+05:30,2025-09-26 11:45:00+05:30,283.19335,285.1843223780435,280.00779419513043,2025-09-26 14:00:00+05:30,280.00779419513043,TARGET,4.824347826086982,5.624347826086982,42.350372314453125,29.856351852416992,27.3583984375,0.7208021998552261,2.050566600638282,0.007156730756807912,0.6213959696914615,10.78,285.1843223780435,0.9648695652173964,1.1248695652173963,50000.0,5.0,250000.0,2412.173913043491,2812.1739130434908
2025-09-26,DEVYANI,SHORT,A_MOD_BREAK_C1_LOW,MODERATE,2025-09-26 11:30:00+05:30,2025-09-26 11:45:00+05:30,168.14999694824218,169.33216453548263,166.25852880865742,2025-09-26 15:00:00+05:30,169.33216453548263,SL,-4.315217391304316,-3.5152173913043154,63.73222351074219,12.178081512451172,2.496326208114624,2.2968984037461575,3.673417077714993,0.005094472579049143,0.96,10.78,169.33216453548263,-0.8630434782608631,-0.7030434782608631,50000.0,5.0,250000.0,-2157.608695652158,-1757.6086956521578
2025-09-26,IEX,SHORT,A_MOD_BREAK_C1_LOW,MODERATE,2025-09-26 11:30:00+05:30,2025-09-26 11:45:00+05:30,138.3000061035156,139.27231527686075,136.74431142616336,2025-09-26 15:30:00+05:30,137.75,EOD,1.1884529256778986,1.9884529256778984,25.284765243530273,27.947200775146484,11.321677207946777,1.3281803966448522,2.096572459730875,0.004687957815314889,0.47170304806580327,10.78,139.27231527686075,0.23769058513557972,0.3976905851355797,50000.0,5.0,250000.0,594.2264628389494,994.2264628389493
2025-09-26,IOLCP,SHORT,A_MOD_BREAK_C1_LOW,MODERATE,2025-09-26 11:30:00+05:30,2025-09-26 11:45:00+05:30,106.75000305175782,107.50050198625648,105.54920475655996,2025-09-26 12:59:00+05:30,105.54920475655996,TARGET,4.824347826086939,5.624347826086939,40.19265365600586,21.13954734802246,5.6233229637146,1.89168418854859,2.801063557835993,0.009685904693643744,0.7939345378360911,10.78,107.50050198625648,0.9648695652173878,1.1248695652173877,50000.0,5.0,250000.0,2412.1739130434694,2812.1739130434694
2025-09-26,LAURUSLABS,SHORT,A_MOD_BREAK_C1_LOW,MODERATE,2025-09-26 11:30:00+05:30,2025-09-26 11:45:00+05:30,849.2301444091797,855.2006015548739,839.6774129760691,2025-09-26 12:02:00+05:30,839.6774129760691,TARGET,4.824347826086965,5.624347826086965,42.95438003540039,22.81435203552246,7.719930648803711,1.7257328959025238,3.37479587225475,0.010572208392073857,0.8063189573139475,10.78,855.2006015548739,0.9648695652173931,1.124869565217393,50000.0,5.0,250000.0,2412.173913043483,2812.1739130434826
2025-09-26,PNCINFRA,SHORT,A_MOD_BREAK_C1_LOW,MODERATE,2025-09-26 11:30:00+05:30,2025-09-26 11:45:00+05:30,293.6412722045898,295.7056980183064,290.33819090264325,2025-09-26 12:55:00+05:30,295.7056980183064,SL,-4.315217391304289,-3.5152173913042892,45.16627502441406,12.284278869628906,1.709572434425354,2.400521759850639,3.3369325303850434,0.004328271987590384,0.887494125366211,10.78,295.7056980183064,-0.8630434782608578,-0.7030434782608579,50000.0,5.0,250000.0,-2157.6086956521444,-1757.6086956521447
2025-09-26,TECHM,SHORT,A_MOD_BREAK_C1_LOW,MODERATE,2025-09-26 11:30:00+05:30,2025-09-26 11:45:00+05:30,1415.9167111816407,1425.871221277209,1399.9894950287314,2025-09-26 15:30:00+05:30,1407.0,EOD,2.348741416505834,3.1487414165058336,49.31437301635742,28.178911209106445,11.025556564331055,1.4008278369940428,2.689901116481861,0.004496430711335672,0.8448604667193187,10.78,1425.871221277209,0.46974828330116675,0.6297482833011667,50000.0,5.0,250000.0,1174.370708252917,1574.370708252917
2025-09-26,PGEL,SHORT,A_PULLBACK_C2_THEN_BREAK_C2_LOW,MODERATE,2025-09-26 11:45:00+05:30,2025-09-26 12:15:00+05:30,521.14575,524.8096312076087,515.2835400678262,2025-09-26 13:33:00+05:30,515.2835400678262,TARGET,4.824347826086914,5.624347826086914,43.761966705322266,18.575176239013672,6.611097812652588,2.334077824481854,3.978208060355734,0.0065644483104755165,0.8664295005798339,10.78,524.8096312076087,0.9648695652173829,1.1248695652173828,50000.0,5.0,250000.0,2412.1739130434576,2812.173913043457
2025-09-26,JYOTICNC,SHORT,A_MOD_BREAK_C1_LOW,MODERATE,2025-09-26 13:30:00+05:30,2025-09-26 13:45:00+05:30,867.9263555908203,874.0282552299088,858.1633161682787,2025-09-26 15:30:00+05:30,866.9000244140625,EOD,-0.2087452407991625,0.5912547592008374,39.97565460205078,31.163360595703125,6.1546125411987305,2.6891851483116094,2.45940848585647,0.0036700611421784817,0.8096348190307616,10.78,874.0282552299088,-0.041749048159832505,0.11825095184016747,50000.0,5.0,250000.0,-104.37262039958127,295.6273796004187
2025-09-26,SAMHI,SHORT,A_MOD_BREAK_C1_LOW,MODERATE,2025-09-26 13:30:00+05:30,2025-09-26 13:45:00+05:30,202.19000549316405,203.61148914047902,199.91563165746007,2025-09-26 15:30:00+05:30,202.0,EOD,-0.3301313418024632,0.4698686581975367,25.1207275390625,32.05076217651367,13.426519393920898,1.8427019985835946,1.776767045641624,0.004551155984088986,0.5481221151201477,10.78,203.61148914047902,-0.06602626836049263,0.09397373163950734,50000.0,5.0,250000.0,-165.06567090123158,234.93432909876836
2025-09-26,DOMS,SHORT,A_MOD_BREAK_C1_LOW,MODERATE,2025-09-26 14:00:00+05:30,2025-09-26 14:15:00+05:30,2479.4039223632813,2496.8352099392005,2451.5138622418103,2025-09-26 15:30:00+05:30,2478.199951171875,EOD,-0.5572055161027029,0.24279448389729705,48.798553466796875,23.7006893157959,5.109143257141113,2.7678350840650183,3.311962890625,0.004030307994838136,0.941978302001953,10.78,2496.8352099392005,-0.11144110322054057,0.04855889677945941,50000.0,5.0,250000.0,-278.60275805135143,121.39724194864853
2025-09-26,KAMDHENU,SHORT,A_MOD_BREAK_C1_LOW,MODERATE,2025-09-26 14:00:00+05:30,2025-09-26 14:15:00+05:30,26.63000030517578,26.81722078558217,26.33044753652556,2025-09-26 15:21:00+05:30,26.33044753652556,TARGET,4.824347826086929,5.624347826086929,38.967323303222656,24.665922164916992,3.901249885559082,2.6993528438957997,3.332185687085284,0.006559212383875498,0.7945098495483398,10.78,26.81722078558217,0.9648695652173858,1.1248695652173857,50000.0,5.0,250000.0,2412.1739130434644,2812.173913043464
2025-09-26,LYKALABS,SHORT,A_MOD_BREAK_C1_LOW,MODERATE,2025-09-26 14:15:00+05:30,2025-09-26 14:30:00+05:30,93.95,94.61050934782608,92.89318504347827,2025-09-26 14:52:00+05:30,94.61050934782608,SL,-4.315217391304302,-3.515217391304302,34.901336669921875,28.556100845336914,1.004338026046753,4.285234585514512,4.65454850257679,0.0033872494645430695,0.7335200500488281,10.78,94.61050934782608,-0.8630434782608605,-0.7030434782608604,50000.0,5.0,250000.0,-2157.608695652151,-1757.608695652151
2025-09-29,TANLA,SHORT,A_MOD_BREAK_C1_LOW,MODERATE,2025-09-29 10:30:00+05:30,2025-09-29 10:45:00+05:30,670.8658,675.8666670178261,662.8644127714783,2025-09-29 11:51:00+05:30,662.8644127714783,TARGET,5.1634782608695415,5.963478260869541,69.8568115234375,13.024662971496582,2.899840831756592,2.3875130699013494,4.112301404135714,0.008001495037639634,0.96,11.43,675.8666670178261,1.0326956521739084,1.1926956521739083,50000.0,5.0,250000.0,2581.739130434771,2981.7391304347707
2025-09-29,GRSE,SHORT,A_MOD_BREAK_C1_LOW,MODERATE,2025-09-29 11:15:00+05:30,2025-09-29 11:30:00+05:30,2533.4932,2552.378739527826,2503.276336755478,2025-09-29 12:47:00+05:30,2503.276336755478,TARGET,5.163478260869587,5.963478260869587,36.79996109008789,21.292766571044922,4.666106224060059,2.9382801721187213,3.3338121810904346,0.009030692346937793,0.7619994163513182,11.43,2552.378739527826,1.0326956521739175,1.1926956521739174,50000.0,5.0,250000.0,2581.7391304347934,2981.7391304347934
2025-09-29,FSL,SHORT,A_MOD_BREAK_C1_LOW,MODERATE,2025-09-29 11:30:00+05:30,2025-09-29 11:45:00+05:30,345.13097220458985,347.7036985169584,341.01461010480017,2025-09-29 11:46:00+05:30,341.01461010480017,TARGET,5.163478260869541,5.9634782608695405,32.51935577392578,35.1639518737793,21.20349884033203,0.8961121647379169,1.9058678153943445,0.008592519459153227,0.49990335620773935,11.43,347.7036985169584,1.0326956521739081,1.192695652173908,50000.0,5.0,250000.0,2581.7391304347702,2981.73913043477
2025-09-29,WHIRLPOOL,SHORT,A_MOD_BREAK_C1_LOW,MODERATE,2025-09-29 11:30:00+05:30,2025-09-29 11:45:00+05:30,1215.8567555908203,1224.9201747536918,1201.3552849302257,2025-09-29 13:03:00+05:30,1201.3552849302257,TARGET,5.163478260869592,5.963478260869591,50.112632751464844,23.491540908813477,11.618453979492188,1.2416802343718427,2.1534677904336195,0.0055879592871591445,0.8272940410150724,11.43,1224.9201747536918,1.0326956521739183,1.1926956521739183,50000.0,5.0,250000.0,2581.7391304347957,2981.7391304347957
2025-09-29,SONATSOFTW,SHORT,A_MOD_BREAK_C1_LOW,MODERATE,2025-09-29 12:00:00+05:30,2025-09-29 12:15:00+05:30,347.48047779541014,350.070718139672,343.33609324459115,2025-09-29 12:58:00+05:30,350.070718139672,SL,-4.527173913043478,-3.7271739130434773,34.38999938964844,24.124454498291016,2.047494888305664,2.249265497037195,2.4681255920369316,0.006930333452239442,0.7258499908447265,11.43,350.070718139672,-0.9054347826086955,-0.7454347826086954,50000.0,5.0,250000.0,-2263.5869565217386,-1863.5869565217386
2025-09-29,COROMANDEL,SHORT,A_MOD_BREAK_C1_LOW,MODERATE,2025-09-29 13:00:00+05:30,2025-09-29 13:15:00+05:30,2151.3696888183595,2167.406746781312,2125.7103960776353,2025-09-29 13:35:00+05:30,2167.406746781312,SL,-4.527173913043483,-3.727173913043483,53.977970123291016,25.876123428344727,11.379691123962402,1.9116048208368264,2.9059151944757513,0.0064572861494207245,0.9445308436464446,11.43,2167.406746781312,-0.9054347826086966,-0.7454347826086967,50000.0,5.0,250000.0,-2263.5869565217413,-1863.5869565217415
2025-09-30,BHEL,LONG,B_HUGE_GREEN_PULLBACK_HOLD_THEN_BREAK,HUGE,2025-09-30 10:00:00+05:30,2025-09-30 11:00:00+05:30,237.29000549316407,235.53044851764847,240.80911944419532,2025-09-30 15:30:00+05:30,238.85000610351562,EOD,2.4871182397871623,3.287118239787162,26.709762573242188,67.67799377441406,61.34143829345703,1.234561367299403,2.0042699963836967,0.0058033278566494715,5.166315724292023,11.37,235.53044851764847,0.4974236479574325,0.6574236479574325,100000.0,5.0,500000.0,2487.118239787162,3287.118239787162
2025-09-30,HDFCAMC,SHORT,A_PULLBACK_C2_THEN_BREAK_C2_LOW,MODERATE,2025-09-30 11:30:00+05:30,2025-09-30 12:00:00+05:30,2764.447,2784.945975471739,2731.6486392452175,2025-09-30 13:44:00+05:30,2731.6486392452175,TARGET,5.132173913043477,5.932173913043477,29.807172775268555,26.974349975585938,8.95961856842041,1.318380957778479,2.4440780549201744,0.004598295063480977,0.5378242592402622,11.37,2784.945975471739,1.0264347826086955,1.1864347826086954,50000.0,5.0,250000.0,2566.0869565217386,2966.086956521738
2025-09-30,CCL,SHORT,A_MOD_BREAK_C1_LOW,MODERATE,2025-09-30 12:00:00+05:30,2025-09-30 12:15:00+05:30,839.8819777954102,846.1098852438017,829.9173258779837,2025-09-30 12:49:00+05:30,846.1098852438017,SL,-4.507608695652124,-3.707608695652124,55.479549407958984,28.774442672729492,7.4973368644714355,1.1577416745936797,2.0069441165851796,0.008234096124077227,0.812604793053894,11.37,846.1098852438017,-0.9015217391304247,-0.7415217391304247,50000.0,5.0,250000.0,-2253.8043478260615,-1853.804347826062
2025-09-30,FIEMIND,SHORT,A_MOD_BREAK_C1_LOW,MODERATE,2025-09-30 12:30:00+05:30,2025-09-30 12:45:00+05:30,1910.9177888183594,1925.087659639358,1888.2459955047616,2025-09-30 13:35:00+05:30,1888.2459955047616,TARGET,5.132173913043438,5.932173913043438,37.55350875854492,32.74589920043945,5.566921710968018,1.7519195866319732,1.7939590441486455,0.00820382469368779,0.7195865112462014,11.37,1925.087659639358,1.0264347826086877,1.1864347826086876,50000.0,5.0,250000.0,2566.0869565217195,2966.086956521719
2025-09-30,DMART,SHORT,A_MOD_BREAK_C1_LOW,MODERATE,2025-09-30 13:00:00+05:30,2025-09-30 13:15:00+05:30,4443.511022363281,4476.460622574761,4390.791662024912,2025-09-30 14:29:00+05:30,4476.460622574761,SL,-4.507608695652108,-3.7076086956521075,25.504695892333984,26.984899520874023,4.538177013397217,2.6076647088323397,2.4896106454025784,0.004141616541783457,0.5925704383850097,11.37,4476.460622574761,-0.9015217391304216,-0.7415217391304215,50000.0,5.0,250000.0,-2253.804347826054,-1853.8043478260538
2025-09-30,CRISIL,SHORT,A_MOD_BREAK_C1_LOW,MODERATE,2025-09-30 13:15:00+05:30,2025-09-30 13:30:00+05:30,4478.1042,4511.310316143912,4424.974414169739,2025-09-30 14:11:00+05:30,4424.974414169739,TARGET,5.13217391304344,5.932173913043439,61.24225616455078,12.82020378112793,6.915826320648193,2.353000765170606,4.135454594128482,0.0037698884791747085,0.96,11.37,4511.310316143912,1.026434782608688,1.1864347826086878,50000.0,5.0,250000.0,2566.08695652172,2966.0869565217195
2025-09-30,BDL,SHORT,A_MOD_BREAK_C1_LOW,MODERATE,2025-09-30 13:30:00+05:30,2025-09-30 13:45:00+05:30,1479.704,1490.6763268347825,1462.148277064348,2025-09-30 14:26:00+05:30,1462.148277064348,TARGET,5.132173913043438,5.932173913043438,25.407268524169922,25.34752655029297,1.388909101486206,3.1636461863656096,3.2758485419590935,0.0033156404624114164,0.5911090278625488,11.37,1490.6763268347825,1.0264347826086877,1.1864347826086876,50000.0,5.0,250000.0,2566.0869565217195,2966.086956521719
2025-09-30,HARIOMPIPE,SHORT,A_MOD_BREAK_C1_LOW,MODERATE,2025-09-30 13:30:00+05:30,2025-09-30 13:45:00+05:30,478.1043722045898,481.6496200602199,472.43197563558164,2025-09-30 15:30:00+05:30,481.6496200602199,SL,-4.507608695652116,-3.707608695652116,38.16960525512695,26.599117279052734,5.921074867248535,2.631837625953697,2.504852837577118,0.006012124175747805,0.7825440788269042,11.37,481.6496200602199,-0.9015217391304231,-0.7415217391304232,50000.0,5.0,250000.0,-2253.804347826058,-1853.8043478260581
2025-10-01,NAVA,SHORT,A_MOD_BREAK_C1_LOW,MODERATE,2025-10-01 11:00:00+05:30,2025-10-01 11:15:00+05:30,639.9719555908204,644.5922748615096,632.5794447577173,2025-10-01 13:30:00+05:30,644.5922748615096,SL,-4.409782608695563,-3.6097826086955633,34.36668014526367,28.0639591217041,15.307829856872559,1.686769415890161,2.268127757161161,0.005774767502506341,0.6706848499597331,11.07,644.5922748615096,-0.8819565217391125,-0.7219565217391126,50000.0,5.0,250000.0,-2204.8913043477814,-1804.8913043477817
2025-10-03,JPPOWER,LONG,A_MOD_BREAK_C1_HIGH,MODERATE,2025-10-03 10:00:00+05:30,2025-10-03 10:15:00+05:30,17.990000534057618,17.869271986995365,18.23145762818212,2025-10-03 12:01:00+05:30,18.23145762818212,TARGET,5.910869565217355,6.7108695652173544,37.19709777832031,74.61954498291016,81.64517974853516,1.2057773542188979,2.510782983698669,0.0052984048813337695,5.883269325547003,10.29,17.869271986995365,1.182173913043471,1.342173913043471,100000.0,5.0,500000.0,5910.869565217355,6710.869565217355
2025-10-03,MOIL,LONG,A_MOD_BREAK_C1_HIGH,MODERATE,2025-10-03 10:00:00+05:30,2025-10-03 10:15:00+05:30,373.1746261047363,370.67029986389866,378.18327858641163,2025-10-03 10:20:00+05:30,378.18327858641163,TARGET,5.910869565217397,6.710869565217397,30.618968963623047,74.58282470703125,78.06285095214844,0.875327277043532,2.6893899214011947,0.006783987778005534,5.2412397678397955,10.29,370.67029986389866,1.1821739130434794,1.3421739130434793,100000.0,5.0,500000.0,5910.869565217397,6710.8695652173965
2025-10-03,BATAINDIA,LONG,B_HUGE_GREEN_PULLBACK_HOLD_THEN_BREAK,HUGE,2025-10-03 10:00:00+05:30,2025-10-03 11:30:00+05:30,1221.2442,1213.048589466522,1237.6354210669565,2025-10-03 13:24:00+05:30,1213.048589466522,SL,-4.155434782608671,-3.355434782608672,40.80628967285156,80.00505828857422,91.48721313476562,2.2566126638521506,4.571017409617442,0.004354690226355038,9.18202115800794,10.29,1213.048589466522,-0.8310869565217343,-0.6710869565217343,100000.0,5.0,500000.0,-4155.434782608671,-3355.4347826086714
2025-10-03,SANDUMA,LONG,B_HUGE_GREEN_PULLBACK_HOLD_THEN_BREAK,HUGE,2025-10-03 10:45:00+05:30,2025-10-03 11:45:00+05:30,196.27999572753907,194.96278627795013,198.91441462671696,2025-10-03 11:54:00+05:30,194.96278627795013,SL,-4.155434782608701,-3.3554347826087016,30.596773147583008,90.70840454101562,90.0179672241211,1.997804545166909,5.863378631058356,0.01376439130343466,10.086746261268654,10.29,194.96278627795013,-0.8310869565217402,-0.6710869565217403,100000.0,5.0,500000.0,-4155.434782608701,-3355.434782608702
2025-10-03,MAXHEALTH,SHORT,A_MOD_BREAK_C1_LOW,MODERATE,2025-10-03 11:45:00+05:30,2025-10-03 12:00:00+05:30,1064.9869111816406,1072.1338994312443,1053.5517299822745,2025-10-03 12:52:00+05:30,1072.1338994312443,SL,-4.15543478260869,-3.35543478260869,42.721744537353516,13.541677474975586,2.663261651992798,2.755757574928643,4.174987983378738,0.0059211489752000615,0.8508261680603026,10.29,1072.1338994312443,-0.831086956521738,-0.671086956521738,50000.0,5.0,250000.0,-2077.717391304345,-1677.717391304345
2025-10-03,ABDL,LONG,B_HUGE_GREEN_PULLBACK_HOLD_THEN_BREAK,HUGE,2025-10-03 10:45:00+05:30,2025-10-03 12:15:00+05:30,550.11,546.4182835434783,557.4934329130435,2025-10-03 15:30:00+05:30,553.0,EOD,1.8267473777971557,2.6267473777971557,55.65422439575195,84.63177490234375,84.41368865966797,2.1227613941665395,3.683721524027902,0.01040403938445006,8.975348784067872,10.29,546.4182835434783,0.36534947555943115,0.5253494755594311,100000.0,5.0,500000.0,1826.7473777971557,2626.7473777971554
2025-10-03,ADSL,LONG,B_HUGE_GREEN_PULLBACK_HOLD_THEN_BREAK,HUGE,2025-10-03 11:15:00+05:30,2025-10-03 12:45:00+05:30,189.05,187.78131010869566,191.5873797826087,2025-10-03 12:56:00+05:30,191.5873797826087,TARGET,5.910869565217391,6.710869565217391,39.55840301513672,74.43050384521484,73.24978637695312,1.7098314052679782,2.333374813121868,0.00978803027282182,6.391579964797583,10.29,187.78131010869566,1.1821739130434783,1.3421739130434782,100000.0,5.0,500000.0,5910.869565217391,6710.869565217392
2025-10-03,TVSHLTD,LONG,B_HUGE_GREEN_PULLBACK_HOLD_THEN_BREAK,HUGE,2025-10-03 12:00:00+05:30,2025-10-03 13:00:00+05:30,13331.6658,13242.19872972913,13510.599940541739,2025-10-03 15:02:00+05:30,13242.19872972913,SL,-4.15543478260871,-3.35543478260871,29.82961082458496,83.11125946044922,70.96785736083984,210.6542418531594,3.326921253460654,0.007306367510198613,258.2279319293186,10.29,13242.19872972913,-0.831086956521742,-0.671086956521742,100000.0,5.0,500000.0,-4155.43478260871,-3355.43478260871
2025-10-03,KSCL,SHORT,A_MOD_BREAK_C1_LOW,MODERATE,2025-10-03 13:00:00+05:30,2025-10-03 13:15:00+05:30,1037.7924,1044.756889432174,1026.6492169085218,2025-10-03 15:02:00+05:30,1044.756889432174,SL,-4.155434782608678,-3.355434782608678,26.251371383666992,34.212032318115234,5.220897197723389,1.5918155262175258,1.87878399431856,0.00517181927992853,0.526277487559,10.29,1044.756889432174,-0.8310869565217356,-0.6710869565217357,50000.0,5.0,250000.0,-2077.717391304339,-1677.7173913043391
2025-10-03,FINOPB,LONG,B_HUGE_GREEN_PULLBACK_HOLD_THEN_BREAK,HUGE,2025-10-03 11:45:00+05:30,2025-10-03 13:30:00+05:30,291.0582,289.10494638391305,294.9647072321739,2025-10-03 15:13:00+05:30,289.10494638391305,SL,-4.155434782608691,-3.3554347826086914,34.54928970336914,83.70641326904297,78.29952239990234,1.708521360100684,4.332105455678837,0.007583899250144101,8.174130516683423,10.29,289.10494638391305,-0.8310869565217383,-0.6710869565217383,100000.0,5.0,500000.0,-4155.4347826086905,-3355.434782608692
2025-10-06,AADHARHFC,LONG,A_MOD_BREAK_C1_HIGH,MODERATE,2025-10-06 10:00:00+05:30,2025-10-06 10:15:00+05:30,520.0540022094726,516.641995734107,526.8780151602039,2025-10-06 10:42:00+05:30,516.641995734107,SL,-4.080434782608684,-3.280434782608684,28.87232208251953,79.83772277832031,93.96469116210938,1.7018852869197851,2.9819695370230734,0.005709887040143648,6.530127326339193,10.06,516.641995734107,-0.8160869565217368,-0.6560869565217369,100000.0,5.0,500000.0,-4080.4347826086837,-3280.4347826086846
2025-10-06,ANUP,LONG,A_MOD_BREAK_C1_HIGH,MODERATE,2025-10-06 10:30:00+05:30,2025-10-06 10:45:00+05:30,2437.4874,2421.4953631017393,2469.471473796522,2025-10-06 10:46:00+05:30,2469.471473796522,TARGET,5.7608695652174235,6.560869565217423,41.05050277709961,80.21863555908203,90.42662811279297,1.5116856498245137,3.385270871823371,0.009822887740111703,7.260858404250067,10.06,2421.4953631017393,1.1521739130434847,1.3121739130434846,100000.0,5.0,500000.0,5760.869565217423,6560.869565217423
2025-10-06,AUBANK,LONG,B_HUGE_GREEN_PULLBACK_HOLD_THEN_BREAK,HUGE,2025-10-06 11:00:00+05:30,2025-10-06 12:30:00+05:30,759.8019544189453,754.8169929006054,769.7718774556253,2025-10-06 15:30:00+05:30,764.4000244140625,EOD,2.225834540418831,3.0258345404188307,40.393863677978516,78.73023223876953,85.13307189941406,1.4961186120500443,3.4877987672110815,0.0049914776957374046,7.456535327721106,10.06,754.8169929006054,0.4451669080837662,0.6051669080837662,100000.0,5.0,500000.0,2225.8345404188312,3025.8345404188312
2025-10-06,GRMOVER,LONG,B_HUGE_GREEN_PULLBACK_HOLD_THEN_BREAK,HUGE,2025-10-06 11:15:00+05:30,2025-10-06 12:30:00+05:30,126.7000015258789,125.86873934195476,128.36252589372717,2025-10-06 15:21:00+05:30,128.36252589372717,TARGET,5.760869565217358,6.560869565217358,51.7238655090332,80.36730194091797,86.24442291259766,1.2290689906328875,3.818428150816778,0.00629337852144327,7.651308964198044,10.06,125.86873934195476,1.1521739130434716,1.3121739130434715,100000.0,5.0,500000.0,5760.869565217358,6560.869565217357
2025-10-07,CMSINFO,SHORT,A_MOD_BREAK_C1_LOW,MODERATE,2025-10-07 10:30:00+05:30,2025-10-07 10:45:00+05:30,365.27693610229494,367.7044395667835,361.3929305591133,2025-10-07 14:41:00+05:30,361.3929305591133,TARGET,4.516521739130429,5.316521739130429,32.55998229980469,21.55829620361328,6.787764072418213,1.2962444695992785,3.7462686772490987,0.004505212317305809,0.5752425166769439,10.19,367.7044395667835,0.9033043478260858,1.0633043478260857,50000.0,5.0,250000.0,2258.2608695652148,2658.2608695652143
2025-10-07,SOTL,SHORT,A_MOD_BREAK_C1_LOW,MODERATE,2025-10-07 12:15:00+05:30,2025-10-07 12:30:00+05:30,399.96997779541016,402.6280391478462,395.71707963151255,2025-10-07 15:30:00+05:30,399.0,EOD,0.4125632538179098,1.2125632538179096,37.993770599365234,39.28035354614258,26.82912826538086,0.8030154066634477,1.3619142346904176,0.0033745935375812867,0.5385299668911028,10.19,402.6280391478462,0.08251265076358197,0.24251265076358194,50000.0,5.0,250000.0,206.28162690895493,606.2816269089549
2025-10-07,TBOTEK,SHORT,A_PULLBACK_C2_THEN_BREAK_C2_LOW,MODERATE,2025-10-07 12:30:00+05:30,2025-10-07 13:00:00+05:30,1556.1887,1566.530588817174,1539.6416778925216,2025-10-07 14:49:00+05:30,1539.6416778925216,TARGET,4.51652173913047,5.3165217391304695,38.25844192504883,25.135591506958008,1.5794737339019775,2.3822398545205727,2.369656048074401,0.005335348419601058,0.7838766288757324,10.19,1566.530588817174,0.903304347826094,1.063304347826094,50000.0,5.0,250000.0,2258.260869565235,2658.2608695652348
2025-10-07,IRCON,LONG,B_HUGE_GREEN_PULLBACK_HOLD_THEN_BREAK,HUGE,2025-10-07 13:15:00+05:30,2025-10-07 14:15:00+05:30,176.58999328613282,175.41643761335956,178.93710463167938,2025-10-07 14:33:00+05:30,178.93710463167938,TARGET,5.845652173913028,6.645652173913028,29.405977249145508,75.50909423828125,62.01238250732422,1.432587465953877,2.925593484862368,0.005453047855746759,6.835434315515993,10.19,175.41643761335956,1.1691304347826057,1.3291304347826056,100000.0,5.0,500000.0,5845.6521739130285,6645.6521739130285
2025-10-08,RKSWAMY,SHORT,A_MOD_BREAK_C1_LOW,MODERATE,2025-10-08 10:15:00+05:30,2025-10-08 10:30:00+05:30,143.66000671386718,144.60160436656784,142.1534504695461,2025-10-08 12:38:00+05:30,142.1534504695461,TARGET,4.4434782608695595,5.243478260869559,37.116912841796875,35.3134651184082,72.93721008300781,0.3664276295713659,1.3704705946942668,0.00510876784544979,0.44940205753665546,10.05,144.60160436656784,0.888695652173912,1.048695652173912,50000.0,5.0,250000.0,2221.7391304347802,2621.73913043478
2025-10-08,JAGSNPHARM,SHORT,A_MOD_BREAK_C1_LOW,MODERATE,2025-10-08 11:15:00+05:30,2025-10-08 11:30:00+05:30,213.14999694824218,214.54705616737033,210.91470219763713,2025-10-08 13:16:00+05:30,214.54705616737033,SL,-4.077173913043478,-3.2771739130434785,25.516021728515625,31.483802795410156,14.63980770111084,1.6711291597973927,1.9970774350163896,0.00474183620370616,0.5350418006430975,10.05,214.54705616737033,-0.8154347826086956,-0.6554347826086957,50000.0,5.0,250000.0,-2038.5869565217392,-1638.5869565217392
2025-10-08,WHEELS,LONG,A_MOD_BREAK_C1_HIGH,MODERATE,2025-10-08 13:00:00+05:30,2025-10-08 13:15:00+05:30,898.4796477905273,892.5906996642481,910.2575440430859,2025-10-08 13:16:00+05:30,910.2575440430859,TARGET,5.75434782608702,6.55434782608702,35.10234832763672,64.96894073486328,73.20362854003906,2.5300644274165944,1.7180771892991347,0.006132799975984496,6.134606752327501,10.05,892.5906996642481,1.1508695652174041,1.310869565217404,100000.0,5.0,500000.0,5754.347826087021,6554.347826087021
2025-10-08,GMBREW,LONG,B_HUGE_GREEN_PULLBACK_HOLD_THEN_BREAK,HUGE,2025-10-08 12:30:00+05:30,2025-10-08 13:30:00+05:30,755.7510955810546,750.7976400306701,765.6580066818237,2025-10-08 14:04:00+05:30,765.6580066818237,TARGET,5.754347826086991,6.554347826086991,45.46626663208008,70.73609161376953,82.55648803710938,1.8551702589719767,2.409101098257271,0.0065545540948309475,6.675642324381954,10.05,750.7976400306701,1.1508695652173981,1.310869565217398,100000.0,5.0,500000.0,5754.347826086991,6554.34782608699
2025-10-09,VINCOFE,SHORT,A_MOD_BREAK_C1_LOW,MODERATE,2025-10-09 11:15:00+05:30,2025-10-09 11:30:00+05:30,137.6199981689453,138.5453430696769,136.1394463277747,2025-10-09 11:37:00+05:30,138.5453430696769,SL,-4.161956521739045,-3.361956521739045,51.01897430419922,18.979501724243164,10.848093032836914,1.6889102819024437,3.1517784505811264,0.009302552079548637,0.9055592993329276,10.31,138.5453430696769,-0.8323913043478091,-0.672391304347809,50000.0,5.0,250000.0,-2080.9782608695227,-1680.9782608695227
2025-10-09,GMBREW,LONG,B_HUGE_GREEN_PULLBACK_HOLD_THEN_BREAK,HUGE,2025-10-09 12:30:00+05:30,2025-10-09 14:30:00+05:30,895.0289455810547,889.0108487795716,907.0651391840208,2025-10-09 14:36:00+05:30,889.0108487795716,SL,-4.161956521739173,-3.3619565217391734,38.36222457885742,87.43904876708984,76.77457427978516,1.2312927019704558,5.878412448566806,0.019632800031741927,8.538897381637915,10.31,889.0108487795716,-0.8323913043478346,-0.6723913043478347,100000.0,5.0,500000.0,-4161.956521739173,-3361.9565217391732
2025-10-10,SBIN,LONG,A_MOD_BREAK_C1_HIGH,MODERATE,2025-10-10 10:00:00+05:30,2025-10-10 10:15:00+05:30,873.2245977905274,867.4613154451098,884.7511624813624,2025-10-10 15:30:00+05:30,880.9500122070312,EOD,3.6234979385893906,4.42349793858939,30.150814056396484,80.19898223876953,93.89108276367188,1.7447789987422966,3.4517804630514326,0.0030885006151404244,7.261189823839128,10.12,867.4613154451098,0.7246995877178781,0.884699587717878,100000.0,5.0,500000.0,3623.4979385893903,4423.49793858939
2025-10-10,LTFOODS,LONG,B_HUGE_GREEN_PULLBACK_HOLD_THEN_BREAK,HUGE,2025-10-10 11:30:00+05:30,2025-10-10 14:30:00+05:30,402.5305022094727,399.8738008948901,407.84390483863774,2025-10-10 15:30:00+05:30,401.5,EOD,-2.0800299652029968,-1.280029965202997,26.091806411743164,75.3226318359375,88.0301284790039,2.3374980125013916,2.9671239429795384,0.007712406313809221,6.746302817969285,10.12,399.8738008948901,-0.4160059930405994,-0.2560059930405994,100000.0,5.0,500000.0,-2080.0299652029967,-1280.029965202997
2025-10-13,KNRCON,SHORT,A_MOD_BREAK_C1_LOW,MODERATE,2025-10-13 10:45:00+05:30,2025-10-13 11:00:00+05:30,190.45,191.70448586956522,188.44282260869565,2025-10-13 15:30:00+05:30,190.5,EOD,-0.9312680493568162,-0.1312680493568164,38.525482177734375,21.628435134887695,15.566680908203125,1.2306095196479188,2.852390584608013,0.0033972666453427687,0.6532388986044013,10.1,191.70448586956522,-0.18625360987136325,-0.02625360987136328,50000.0,5.0,250000.0,-465.63402467840814,-65.63402467840821
2025-10-13,SIEMENS,SHORT,A_MOD_BREAK_C1_LOW,MODERATE,2025-10-13 10:45:00+05:30,2025-10-13 11:00:00+05:30,3041.3916,3061.4251142347825,3009.337977224348,2025-10-13 11:55:00+05:30,3061.4251142347825,SL,-4.093478260869566,-3.2934782608695663,40.95001220703125,12.576982498168945,2.481940746307373,2.0232714499989704,5.175551194947608,0.004754866363575501,0.8242501831054687,10.1,3061.4251142347825,-0.8186956521739133,-0.6586956521739132,50000.0,5.0,250000.0,-2046.7391304347834,-1646.7391304347832
2025-10-13,MINDACORP,SHORT,A_MOD_BREAK_C1_LOW,MODERATE,2025-10-13 11:15:00+05:30,2025-10-13 11:30:00+05:30,564.5870722045898,568.3059827019375,558.6368154088336,2025-10-13 11:34:00+05:30,558.6368154088336,TARGET,4.469565217391321,5.269565217391321,27.646076202392578,23.565967559814453,13.317981719970703,2.1217470170886825,3.3110396875049557,0.008249059187627472,0.6246911430358886,10.1,568.3059827019375,0.8939130434782643,1.0539130434782642,50000.0,5.0,250000.0,2234.7826086956607,2634.78260869566
2025-10-13,KROSS,SHORT,A_PULLBACK_C2_THEN_BREAK_C2_LOW,MODERATE,2025-10-13 11:15:00+05:30,2025-10-13 11:45:00+05:30,184.95,186.16825760869565,183.00078782608693,2025-10-13 15:30:00+05:30,184.9499969482422,EOD,-0.7999917497761526,8.250223847340678e-06,35.369667053222656,25.781259536743164,5.9667463302612305,1.5422655261075338,2.641307084873189,0.006353933892520103,0.6604414728671582,10.1,186.16825760869565,-0.15999834995523052,1.6500447694681356e-06,50000.0,5.0,250000.0,-399.9958748880763,0.004125111923670339
2025-10-13,POLYMED,SHORT,A_PULLBACK_C2_THEN_BREAK_C2_LOW,MODERATE,2025-10-13 11:30:00+05:30,2025-10-13 12:00:00+05:30,1873.1253,1885.4634949108695,1853.3841881426085,2025-10-13 15:30:00+05:30,1864.0,EOD,1.6358487923898966,2.4358487923898964,29.245044708251953,28.8420467376709,16.66666603088379,1.2629242869503732,1.9454811486993075,0.004273898957219161,0.51696147827506,10.1,1885.4634949108695,0.3271697584779793,0.4871697584779793,50000.0,5.0,250000.0,817.9243961949481,1217.9243961949483
2025-10-13,ORCHPHARMA,SHORT,A_MOD_BREAK_C1_LOW,MODERATE,2025-10-13 11:45:00+05:30,2025-10-13 12:00:00+05:30,729.5040944091797,734.3093061614837,721.8157556054935,2025-10-13 15:30:00+05:30,730.9000244140625,EOD,-1.7567663948571193,-0.9567663948571193,34.87110900878906,29.48894691467285,9.271993637084961,1.5768077320592384,2.2440979872521214,0.00554494214164104,0.6590079882422026,10.1,734.3093061614837,-0.3513532789714239,-0.19135327897142387,50000.0,5.0,250000.0,-878.3831974285597,-478.3831974285597
2025-10-13,CHOICEIN,LONG,B_HUGE_GREEN_PULLBACK_HOLD_THEN_BREAK,HUGE,2025-10-13 11:30:00+05:30,2025-10-13 13:00:00+05:30,821.1642,815.7552271173913,831.9821457652174,2025-10-13 15:30:00+05:30,819.5,EOD,-1.8133174339553835,-1.0133174339553834,25.691770553588867,78.36088562011719,92.64848327636719,2.9492240549893927,3.573596520390576,0.004161580539829436,8.238244696801685,10.1,815.7552271173913,-0.3626634867910767,-0.2026634867910767,100000.0,5.0,500000.0,-1813.3174339553834,-1013.3174339553834
2025-10-14,PETRONET,SHORT,A_MOD_BREAK_C1_LOW,MODERATE,2025-10-14 10:00:00+05:30,2025-10-14 10:15:00+05:30,273.4952777954102,275.4590928009716,270.35317378651195,2025-10-14 13:53:00+05:30,270.35317378651195,TARGET,4.944347826086965,5.744347826086964,29.167179107666016,49.662269592285156,45.298851013183594,1.5404628683771613,0.09756050765368358,0.00331496210903569,0.4719667139636776,11.01,275.4590928009716,0.9888695652173929,1.1488695652173928,50000.0,5.0,250000.0,2472.173913043482,2872.173913043482
2025-10-14,BRIGADE,SHORT,A_MOD_BREAK_C1_LOW,MODERATE,2025-10-14 11:00:00+05:30,2025-10-14 11:15:00+05:30,922.7154444091797,929.3409424806656,912.1146474948022,2025-10-14 12:29:00+05:30,912.1146474948022,TARGET,4.944347826086975,5.744347826086975,29.04021644592285,34.60298538208008,33.20109176635742,1.318760327945958,1.6882351830759235,0.004130908552464324,0.5107980632331817,11.01,929.3409424806656,0.9888695652173951,1.148869565217395,50000.0,5.0,250000.0,2472.173913043488,2872.1739130434876
2025-10-14,SCHAEFFLER,SHORT,A_MOD_BREAK_C1_LOW,MODERATE,2025-10-14 11:00:00+05:30,2025-10-14 11:15:00+05:30,3945.2108,3973.5391288530436,3899.88547383513,2025-10-14 12:59:00+05:30,3973.5391288530436,SL,-4.390217391304388,-3.590217391304387,57.3347053527832,14.466755867004395,7.540085315704346,2.0550108435661576,3.351233994871155,0.004180524513306406,0.96,11.01,3973.5391288530436,-0.8780434782608775,-0.7180434782608774,50000.0,5.0,250000.0,-2195.1086956521935,-1795.1086956521935
2025-10-14,PNBHOUSING,SHORT,A_MOD_BREAK_C1_LOW,MODERATE,2025-10-14 11:15:00+05:30,2025-10-14 11:30:00+05:30,841.9815944091797,848.0273883359918,832.3083241262805,2025-10-14 15:30:00+05:30,843.0,EOD,-1.40476713361823,-0.6047671336182301,28.56975746154785,30.939620971679688,9.535496711730957,1.7383587144961672,1.9583606916174217,0.00397179466543092,0.590677171540918,11.01,848.0273883359918,-0.280953426723646,-0.12095342672364601,50000.0,5.0,250000.0,-702.383566809115,-302.38356680911505
2025-10-14,SUNPHARMA,SHORT,A_MOD_BREAK_C1_LOW,MODERATE,2025-10-14 11:30:00+05:30,2025-10-14 11:45:00+05:30,1652.6694,1664.536284843913,1633.682384249739,2025-10-14 15:30:00+05:30,1652.0999755859375,EOD,-0.6277258554970231,0.17227414450297682,26.987977981567383,32.26122283935547,17.226940155029297,1.201311663845755,1.6910308456393128,0.002815001953925541,0.45960075317848353,11.01,1664.536284843913,-0.1255451710994046,0.03445482890059536,50000.0,5.0,250000.0,-313.86292774851154,86.1370722514884
2025-10-14,RPTECH,SHORT,A_MOD_BREAK_C1_LOW,MODERATE,2025-10-14 11:45:00+05:30,2025-10-14 12:00:00+05:30,325.9348,328.2751535747826,322.1902342803478,2025-10-14 14:13:00+05:30,328.2751535747826,SL,-4.390217391304373,-3.5902173913043733,33.50203323364258,23.98171615600586,10.993087768554688,1.9028157962315488,2.500273584898504,0.006741238990036972,0.6955232628451598,11.01,328.2751535747826,-0.8780434782608746,-0.7180434782608747,50000.0,5.0,250000.0,-2195.1086956521863,-1795.1086956521865
2025-10-14,NBCC,SHORT,A_MOD_BREAK_C1_LOW,MODERATE,2025-10-14 12:30:00+05:30,2025-10-14 12:45:00+05:30,109.7999984741211,110.58841020229507,108.53853970904275,2025-10-14 13:34:00+05:30,110.58841020229507,SL,-4.390217391304385,-3.5902173913043853,26.574419021606445,17.89455795288086,3.470850944519043,3.3614796040291663,3.428230773522046,0.004648774885291714,0.6086162853240966,11.01,110.58841020229507,-0.878043478260877,-0.7180434782608771,50000.0,5.0,250000.0,-2195.108695652192,-1795.1086956521929
2025-10-14,NCC,SHORT,A_MOD_BREAK_C1_LOW,MODERATE,2025-10-14 12:30:00+05:30,2025-10-14 12:45:00+05:30,203.84999389648436,205.31372548309326,201.50802335791013,2025-10-14 15:30:00+05:30,203.91000366210938,EOD,-0.9471909919592258,-0.14719099195922591,37.0321044921875,12.588088989257812,6.212298393249512,2.895208819301151,3.2890935350633552,0.0036278070626583584,0.7654815673828124,11.01,205.31372548309326,-0.18943819839184517,-0.029438198391845184,50000.0,5.0,250000.0,-473.5954959796129,-73.59549597961296
2025-10-15,LAOPALA,SHORT,A_MOD_BREAK_C1_LOW,MODERATE,2025-10-15 10:00:00+05:30,2025-10-15 10:15:00+05:30,228.44000549316405,230.1026514461882,225.7797719683254,2025-10-15 15:30:00+05:30,228.0,EOD,0.1630657559610725,0.9630657559610724,40.90507888793945,26.220102310180664,9.770356178283691,1.1387645221245486,2.716353285165359,0.004301826299251122,0.6728599746908879,11.16,230.1026514461882,0.0326131511922145,0.19261315119221448,50000.0,5.0,250000.0,81.53287798053624,481.5328779805362
2025-10-15,OLAELEC,LONG,A_MOD_BREAK_C1_HIGH,MODERATE,2025-10-15 10:00:00+05:30,2025-10-15 10:15:00+05:30,51.7000015258789,51.32371542781664,52.452573722003436,2025-10-15 10:17:00+05:30,52.452573722003436,TARGET,6.478260869565212,7.278260869565212,29.063987731933594,78.47432708740234,85.88105773925781,1.8065533102044424,3.7196340283753924,0.009307154221706505,7.372221478759122,11.16,51.32371542781664,1.2956521739130424,1.4556521739130424,100000.0,5.0,500000.0,6478.260869565212,7278.260869565212
2025-10-15,GRINFRA,SHORT,A_MOD_BREAK_C1_LOW,MODERATE,2025-10-15 11:45:00+05:30,2025-10-15 12:00:00+05:30,1238.9521111816407,1247.9695278517192,1224.524244509515,2025-10-15 15:29:00+05:30,1224.524244509515,TARGET,5.022608695652172,5.822608695652171,45.91706466674805,32.68791961669922,8.052390098571777,0.9236256477097348,1.6997950553926084,0.007028783277401673,0.6953802111200547,11.16,1247.9695278517192,1.0045217391304344,1.1645217391304343,50000.0,5.0,250000.0,2511.304347826086,2911.3043478260856
2025-10-15,TATVA,LONG,B_HUGE_GREEN_PULLBACK_HOLD_THEN_BREAK,HUGE,2025-10-15 11:45:00+05:30,2025-10-15 13:15:00+05:30,1233.8466955810547,1224.8664374575649,1251.8072118280345,2025-10-15 13:22:00+05:30,1251.8072118280345,TARGET,6.478260869565168,7.278260869565168,49.52102279663086,77.998779296875,85.13681030273438,1.4811203323148836,2.9484475741299536,0.019843221127247613,7.071714030347447,11.16,1224.8664374575649,1.2956521739130336,1.4556521739130335,100000.0,5.0,500000.0,6478.260869565168,7278.260869565167
2025-10-15,ONMOBILE,LONG,B_HUGE_GREEN_PULLBACK_HOLD_THEN_BREAK,HUGE,2025-10-15 13:00:00+05:30,2025-10-15 14:00:00+05:30,71.24999694824218,70.73142088349715,72.28714907773224,2025-10-15 14:01:00+05:30,72.28714907773224,TARGET,6.478260869565138,7.278260869565138,26.252531051635742,73.52796173095703,71.77731323242188,2.1713921567764642,2.8757275681100674,0.00743962224875211,7.271658450114927,11.16,70.73142088349715,1.2956521739130276,1.4556521739130275,100000.0,5.0,500000.0,6478.260869565138,7278.260869565138
2025-10-15,GMBREW,LONG,B_HUGE_GREEN_PULLBACK_HOLD_THEN_BREAK,HUGE,2025-10-15 12:30:00+05:30,2025-10-15 14:15:00+05:30,1105.221,1097.1769132434783,1121.3091735130433,2025-10-15 14:16:00+05:30,1121.3091735130433,TARGET,6.47826086956515,7.27826086956515,49.52154541015625,80.6968994140625,91.71568298339844,2.956130080272144,2.727593069159315,0.021306367743208623,8.540888528948948,11.16,1097.1769132434783,1.29565217391303,1.45565217391303,100000.0,5.0,500000.0,6478.260869565151,7278.26086956515
2025-10-15,BLS,SHORT,A_MOD_BREAK_C1_LOW,MODERATE,2025-10-15 14:00:00+05:30,2025-10-15 14:15:00+05:30,280.4938777954101,282.53538541032106,277.22746561155265,2025-10-15 15:21:00+05:30,277.22746561155265,TARGET,5.022608695652132,5.822608695652132,45.064632415771484,24.882295608520508,17.634981155395508,3.382340014583261,3.625165761794839,0.004363310942136063,0.8859694862365721,11.16,282.53538541032106,1.0045217391304264,1.1645217391304263,50000.0,5.0,250000.0,2511.304347826066,2911.3043478260656
2025-10-16,RALLIS,SHORT,A_MOD_BREAK_C1_LOW,MODERATE,2025-10-16 10:00:00+05:30,2025-10-16 10:15:00+05:30,290.7918361022949,292.7888174289191,287.5966659796961,2025-10-16 11:34:00+05:30,287.5966659796961,TARGET,4.693913043478238,5.493913043478238,34.697513580322266,45.849098205566406,32.31275939941406,1.2117092261404643,0.5689491729333023,0.004565539228957134,0.5209592769260802,10.53,292.7888174289191,0.9387826086956477,1.0987826086956476,50000.0,5.0,250000.0,2346.956521739119,2746.956521739119
2025-10-16,FUSION,SHORT,A_MOD_BREAK_C1_LOW,MODERATE,2025-10-16 11:30:00+05:30,2025-10-16 11:45:00+05:30,182.7399932861328,183.99494032698257,180.73207802077317,2025-10-16 11:57:00+05:30,180.73207802077317,TARGET,4.693913043478258,5.493913043478257,30.482664108276367,16.224220275878906,3.5082669258117676,2.4458817814874005,3.937472852155129,0.007033581290740133,0.6672399616241456,10.53,183.99494032698257,0.9387826086956514,1.0987826086956514,50000.0,5.0,250000.0,2346.9565217391287,2746.9565217391287
2025-10-16,PDSL,LONG,A_MOD_BREAK_C1_HIGH,MODERATE,2025-10-16 13:00:00+05:30,2025-10-16 13:15:00+05:30,305.11099779052734,303.0156811774398,309.3016310167024,2025-10-16 13:16:00+05:30,309.3016310167024,TARGET,6.067391304347751,6.867391304347751,26.62652587890625,71.85213470458984,82.41436767578125,3.7915668791010937,2.4158081092673735,0.005957265969597256,8.128818322535407,10.53,303.0156811774398,1.2134782608695502,1.3734782608695502,100000.0,5.0,500000.0,6067.391304347751,6867.3913043477505
2025-10-16,APARINDS,LONG,B_HUGE_GREEN_PULLBACK_HOLD_THEN_BREAK,HUGE,2025-10-16 10:00:00+05:30,2025-10-16 14:15:00+05:30,8851.77,8790.981431673914,8973.347136652174,2025-10-16 14:56:00+05:30,8790.981431673914,SL,-4.233695652173889,-3.4336956521738893,28.385135650634766,84.07740783691406,90.952880859375,2.30570564228946,5.8630115301888175,0.005706075471023034,9.465002958399383,10.53,8790.981431673914,-0.8467391304347778,-0.6867391304347779,100000.0,5.0,500000.0,-4233.695652173888,-3433.6956521738894
2025-10-17,IRCON,SHORT,A_MOD_BREAK_C1_LOW,MODERATE,2025-10-17 10:15:00+05:30,2025-10-17 10:30:00+05:30,169.7,170.9030254347826,167.77515930434782,2025-10-17 15:30:00+05:30,168.89999389648438,EOD,1.5571187493094099,2.35711874930941,30.075361251831055,15.324745178222656,12.73148250579834,1.5931591477834932,4.10623192216671,0.003700758388627913,0.5899332696395772,10.87,170.9030254347826,0.311423749861882,0.47142374986188196,50000.0,5.0,250000.0,778.559374654705,1178.559374654705
2025-10-17,JSWINFRA,SHORT,A_MOD_BREAK_C1_LOW,MODERATE,2025-10-17 11:45:00+05:30,2025-10-17 12:00:00+05:30,296.14077220458984,298.2401527658054,292.7817633066449,2025-10-17 15:18:00+05:30,298.2401527658054,SL,-4.344565217391306,-3.5445652173913063,48.312034606933594,13.853981971740723,8.477646827697754,1.4054780841341752,3.1382943007056063,0.006399305378204281,0.8306391838274845,10.87,298.2401527658054,-0.8689130434782613,-0.7089130434782612,50000.0,5.0,250000.0,-2172.282608695653,-1772.2826086956532
2025-10-17,MONARCH,SHORT,A_MOD_BREAK_C1_LOW,MODERATE,2025-10-17 11:45:00+05:30,2025-10-17 12:00:00+05:30,310.23792779541014,312.43724493136847,306.7190203778768,2025-10-17 15:30:00+05:30,308.29998779296875,EOD,2.3233125108406956,3.1233125108406954,40.82197570800781,31.554052352905273,11.267662048339844,1.7512468470404063,1.9611370111872934,0.0028198658896592317,0.7768546844115529,10.87,312.43724493136847,0.46466250216813915,0.6246625021681391,50000.0,5.0,250000.0,1161.6562554203479,1561.6562554203479
2025-10-17,WIPRO,SHORT,A_MOD_BREAK_C1_LOW,MODERATE,2025-10-17 11:45:00+05:30,2025-10-17 12:00:00+05:30,235.45,237.11913576086957,232.77938278260868,2025-10-17 15:30:00+05:30,234.60000610351562,EOD,1.0050411902407386,1.8050411902407384,51.87434005737305,20.76582908630371,1.989625334739685,1.1844578476627223,3.093938854571156,0.006110321938258102,0.8172801233409763,10.87,237.11913576086957,0.2010082380481477,0.3610082380481477,50000.0,5.0,250000.0,502.5205951203693,902.5205951203692
2025-10-17,SCHAEFFLER,SHORT,A_MOD_BREAK_C1_LOW,MODERATE,2025-10-17 13:15:00+05:30,2025-10-17 13:30:00+05:30,3899.22,3926.862079173913,3854.992673321739,2025-10-17 14:58:00+05:30,3854.992673321739,TARGET,4.871304347826086,5.671304347826085,30.405166625976562,32.389217376708984,3.4391934871673584,2.082422680100914,2.0248808870252897,0.003160359094889156,0.6660774993896483,10.87,3926.862079173913,0.9742608695652171,1.134260869565217,50000.0,5.0,250000.0,2435.6521739130426,2835.6521739130426
2025-10-20,AVANTEL,SHORT,A_MOD_BREAK_C1_LOW,MODERATE,2025-10-20 10:00:00+05:30,2025-10-20 10:15:00+05:30,163.0699951171875,164.3068455801524,161.09103437644362,2025-10-20 10:19:00+05:30,161.09103437644362,TARGET,5.267826086956481,6.06782608695648,42.803802490234375,8.39148235321045,4.7878642082214355,1.3720493475159437,6.68700673861805,0.019581400692748118,0.7421656731688058,11.63,164.3068455801524,1.0535652173912962,1.213565217391296,50000.0,5.0,250000.0,2633.9130434782405,3033.91304347824
2025-10-20,JSFB,SHORT,A_MOD_BREAK_C1_LOW,MODERATE,2025-10-20 10:00:00+05:30,2025-10-20 10:15:00+05:30,421.71562779541017,424.914249154928,416.59783362018175,2025-10-20 10:42:00+05:30,424.914249154928,SL,-4.592391304347832,-3.792391304347833,30.02573013305664,10.436792373657227,6.456893444061279,1.3490903524321307,5.2009521513934045,0.01017264280274016,0.5464767636714725,11.63,424.914249154928,-0.9184782608695665,-0.7584782608695666,50000.0,5.0,250000.0,-2296.1956521739166,-1896.1956521739164
2025-10-20,RICOAUTO,SHORT,A_MOD_BREAK_C1_LOW,MODERATE,2025-10-20 10:00:00+05:30,2025-10-20 10:15:00+05:30,84.31000061035157,84.94947363672009,83.28684376816194,2025-10-20 13:01:00+05:30,84.94947363672009,SL,-4.592391304347862,-3.792391304347862,37.99905776977539,16.35725975036621,6.642327308654785,1.2234945259747338,3.156197577481939,0.0043141355700406225,0.6440974085922093,11.63,84.94947363672009,-0.9184782608695723,-0.7584782608695724,50000.0,5.0,250000.0,-2296.1956521739307,-1896.195652173931
2025-10-20,EQUITASBNK,LONG,B_HUGE_GREEN_PULLBACK_HOLD_THEN_BREAK,HUGE,2025-10-20 10:15:00+05:30,2025-10-20 12:15:00+05:30,57.71999816894531,57.28220453065955,58.59558544551683,2025-10-20 15:21:00+05:30,58.59558544551683,TARGET,6.784782608695652,7.584782608695652,35.13859939575195,85.37310791015625,73.5323715209961,1.257702471922946,3.5181317781099803,0.005123470750862028,6.961748190431262,11.63,57.28220453065955,1.3569565217391304,1.5169565217391303,100000.0,5.0,500000.0,6784.782608695652,7584.782608695651
2025-10-20,PFS,SHORT,A_MOD_BREAK_C1_LOW,MODERATE,2025-10-20 12:00:00+05:30,2025-10-20 12:15:00+05:30,33.67000122070313,33.92538086039668,33.26139379719345,2025-10-20 14:20:00+05:30,33.26139379719345,TARGET,5.267826086956494,6.067826086956494,31.568565368652344,15.969477653503418,3.7166693210601807,2.346566993590551,2.8715715178225727,0.005673647315935496,0.6835284805297852,11.63,33.92538086039668,1.0535652173912988,1.2135652173912987,50000.0,5.0,250000.0,2633.913043478247,3033.913043478247
2025-10-20,SURYODAY,LONG,B_HUGE_GREEN_PULLBACK_HOLD_THEN_BREAK,HUGE,2025-10-20 12:45:00+05:30,2025-10-20 13:45:00+05:30,148.99000244140626,147.85994566201916,151.25011600018047,2025-10-20 15:30:00+05:30,148.50999450683594,EOD,-2.4108729669935336,-1.6108729669935338,40.646976470947266,79.56198120117188,74.71638488769531,2.2587443787661625,2.5276773189232067,0.010226296567416361,7.342634346718507,11.63,147.85994566201916,-0.4821745933987067,-0.32217459339870674,100000.0,5.0,500000.0,-2410.8729669935337,-1610.8729669935337
2025-10-20,GSLSU,LONG,B_HUGE_GREEN_PULLBACK_HOLD_THEN_BREAK,HUGE,2025-10-20 12:45:00+05:30,2025-10-20 14:00:00+05:30,106.03999786376953,105.23570753214628,107.64857852701601,2025-10-20 14:22:00+05:30,107.64857852701601,TARGET,6.784782608695647,7.584782608695646,30.369443893432617,78.7418441772461,75.89891052246094,1.5072405570810743,4.389495576460953,0.017700004577636718,7.59402360928031,11.63,105.23570753214628,1.3569565217391293,1.5169565217391292,100000.0,5.0,500000.0,6784.782608695647,7584.782608695646
2025-10-23,MUTHOOTFIN,SHORT,A_MOD_BREAK_C1_LOW,MODERATE,2025-10-23 11:30:00+05:30,2025-10-23 11:45:00+05:30,3122.0754111816404,3145.0837495379574,3085.2620698115334,2025-10-23 12:39:00+05:30,3145.0837495379574,SL,-4.484782608695661,-3.6847826086956608,41.01839828491211,20.873014450073242,2.84004545211792,1.2000799190988214,3.126152181691466,0.00885939651736522,0.6852899601159754,11.3,3145.0837495379574,-0.8969565217391322,-0.7369565217391322,50000.0,5.0,250000.0,-2242.3913043478306,-1842.3913043478303
2025-10-23,KIRLOSIND,LONG,B_HUGE_GREEN_PULLBACK_HOLD_THEN_BREAK,HUGE,2025-10-23 10:45:00+05:30,2025-10-23 12:00:00+05:30,3960.0919088378905,3930.907753248846,4018.4602200159793,2025-10-23 15:11:00+05:30,3930.907753248846,SL,-4.4847826086956735,-3.6847826086956736,25.4537410736084,70.02864837646484,70.31192779541016,1.4582412742097683,2.5768272081854358,0.004584082591382763,5.613475776801243,11.3,3930.907753248846,-0.8969565217391346,-0.7369565217391347,100000.0,5.0,500000.0,-4484.782608695673,-3684.7826086956734
2025-10-24,CELLO,LONG,A_MOD_BREAK_C1_HIGH,MODERATE,2025-10-24 10:00:00+05:30,2025-10-24 10:15:00+05:30,638.5777022094727,633.6925827875702,648.3479410532777,2025-10-24 11:22:00+05:30,633.6925827875702,SL,-4.624999999999995,-3.8249999999999944,38.932716369628906,66.9804916381836,64.16108703613281,1.0572193008007928,1.5823970436519033,0.008602138757679316,4.327337906478177,11.73,633.6925827875702,-0.9249999999999989,-0.7649999999999989,100000.0,5.0,500000.0,-4624.9999999999945,-3824.9999999999945
2025-10-24,GRAVITA,LONG,A_MOD_BREAK_C1_HIGH,MODERATE,2025-10-24 10:00:00+05:30,2025-10-24 10:15:00+05:30,1662.5323911621094,1649.8140183697192,1687.96913674689,2025-10-24 10:16:00+05:30,1687.96913674689,TARGET,6.850000000000072,7.650000000000071,42.14594268798828,71.2548599243164,70.09163665771484,1.3774058580086481,2.9396292752397692,0.008269593723890118,6.076877589694771,11.73,1649.8140183697192,1.3700000000000143,1.5300000000000142,100000.0,5.0,500000.0,6850.000000000071,7650.000000000071
2025-10-24,AEGISLOG,SHORT,A_MOD_BREAK_C1_LOW,MODERATE,2025-10-24 10:30:00+05:30,2025-10-24 10:45:00+05:30,794.4410555908203,800.51852966609,784.7170970703886,2025-10-24 14:02:00+05:30,784.7170970703886,TARGET,5.320000000000017,6.120000000000017,38.01195526123047,35.5160026550293,43.49486541748047,0.7810547659391676,1.3529813358792826,0.0037220686906572283,0.5345129797517755,11.73,800.51852966609,1.0640000000000034,1.2240000000000033,50000.0,5.0,250000.0,2660.000000000008,3060.0000000000086
2025-10-24,PNBGILTS,SHORT,A_MOD_BREAK_C1_LOW,MODERATE,2025-10-24 10:30:00+05:30,2025-10-24 10:45:00+05:30,90.07000274658203,90.75903826759338,88.96754591296387,2025-10-24 15:30:00+05:30,90.37999725341797,EOD,-2.5208532107416772,-1.720853210741677,31.103471755981445,20.919111251831055,11.736659049987793,1.5622894468456268,3.127523552785612,0.0041271302622474335,0.5999527295377063,11.73,90.75903826759338,-0.5041706421483354,-0.34417064214833537,50000.0,5.0,250000.0,-1260.4266053708386,-860.4266053708384
2025-10-24,VIPIND,SHORT,A_MOD_BREAK_C1_LOW,MODERATE,2025-10-24 12:30:00+05:30,2025-10-24 12:45:00+05:30,424.915,428.16559975,419.7140404,2025-10-24 15:30:00+05:30,428.16559975,SL,-4.62499999999999,-3.8249999999999904,44.20616149902344,27.92966651916504,36.35874557495117,1.270398027018146,1.7228186703276531,0.005736130675731302,0.7315530107299097,11.73,428.16559975,-0.924999999999998,-0.7649999999999981,50000.0,5.0,250000.0,-2312.499999999995,-1912.4999999999955
2025-10-24,NOCIL,LONG,B_HUGE_GREEN_PULLBACK_HOLD_THEN_BREAK,HUGE,2025-10-24 10:15:00+05:30,2025-10-24 13:00:00+05:30,188.79000549316407,187.34576195114136,191.6784925772095,2025-10-24 15:30:00+05:30,187.34576195114136,SL,-4.625000000000035,-3.825000000000035,51.85725784301758,85.94246673583984,91.76016235351562,1.3797026590376584,4.871368253218377,0.005484290030333785,8.34072058150583,11.73,187.34576195114136,-0.9250000000000069,-0.765000000000007,100000.0,5.0,500000.0,-4625.000000000035,-3825.000000000035
2025-10-24,SURYAROSNI,SHORT,A_MOD_BREAK_C1_LOW,MODERATE,2025-10-24 13:30:00+05:30,2025-10-24 13:45:00+05:30,262.5474861022949,264.5559743709774,259.3339048724028,2025-10-24 14:59:00+05:30,264.5559743709774,SL,-4.624999999999945,-3.8249999999999447,30.211885452270508,26.325111389160156,24.34501075744629,2.471522909408398,2.5469167578621774,0.006345282438669654,0.6631782817840575,11.73,264.5559743709774,-0.9249999999999889,-0.7649999999999889,50000.0,5.0,250000.0,-2312.4999999999727,-1912.4999999999725
2025-10-27,BLS,SHORT,A_MOD_BREAK_C1_LOW,MODERATE,2025-10-27 10:00:00+05:30,2025-10-27 10:15:00+05:30,314.0371861022949,316.4108976155072,310.2392476811552,2025-10-27 14:49:00+05:30,316.4108976155072,SL,-4.579347826086881,-3.779347826086881,36.032630920410156,19.61404037475586,4.678697109222412,1.2342935733372906,3.080609889442352,0.004793705924108489,0.6164908391401782,11.59,316.4108976155072,-0.9158695652173763,-0.7558695652173762,50000.0,5.0,250000.0,-2289.6739130434407,-1889.6739130434407
2025-10-27,INDIGOPNTS,SHORT,A_MOD_BREAK_C1_LOW,MODERATE,2025-10-27 10:15:00+05:30,2025-10-27 10:30:00+05:30,1020.9957722045898,1028.7131685088405,1008.6479381177885,2025-10-27 15:21:00+05:30,1008.6479381177885,TARGET,5.246956521739156,6.046956521739155,26.326122283935547,30.31717872619629,4.545218467712402,1.0951561349991996,2.6195807176549355,0.0035602603334365128,0.4465441578838932,11.59,1028.7131685088405,1.0493913043478311,1.209391304347831,50000.0,5.0,250000.0,2623.4782608695778,3023.4782608695778
2025-10-27,FIEMIND,LONG,B_HUGE_GREEN_PULLBACK_HOLD_THEN_BREAK,HUGE,2025-10-27 10:00:00+05:30,2025-10-27 11:15:00+05:30,2080.416,2064.690768626087,2111.8664627478265,2025-10-27 15:30:00+05:30,2088.0,EOD,1.0227123806007627,1.8227123806007626,30.904062271118164,76.38056945800781,79.94465637207031,1.3840818762021636,3.2913341199753505,0.006672187729673687,7.053916490416041,11.59,2064.690768626087,0.20454247612015253,0.3645424761201525,100000.0,5.0,500000.0,1022.7123806007626,1822.7123806007626
2025-10-27,CESC,LONG,B_HUGE_GREEN_PULLBACK_HOLD_THEN_BREAK,HUGE,2025-10-27 11:00:00+05:30,2025-10-27 12:00:00+05:30,181.38999633789064,180.01892456122357,184.13213989122477,2025-10-27 15:04:00+05:30,180.01892456122357,SL,-4.579347826086982,-3.779347826086983,53.61377716064453,74.25933074951172,74.6480941772461,1.587285168276341,2.0913748546410718,0.0063707057130642395,6.172350447460873,11.59,180.01892456122357,-0.9158695652173965,-0.7558695652173966,100000.0,5.0,500000.0,-4579.347826086982,-3779.347826086983
2025-10-27,HAL,SHORT,A_MOD_BREAK_C1_LOW,MODERATE,2025-10-27 12:15:00+05:30,2025-10-27 12:30:00+05:30,4767.0464,4803.079052897391,4709.394155364174,2025-10-27 15:30:00+05:30,4759.0,EOD,0.043960738456434584,0.8439607384564345,25.07581329345703,32.04551696777344,12.883846282958984,1.4115017358975401,2.0360413960133084,0.003020804362972773,0.4831500031839249,11.59,4803.079052897391,0.008792147691286917,0.1687921476912869,50000.0,5.0,250000.0,21.980369228217292,421.9803692282172
2025-10-27,HERITGFOOD,LONG,B_HUGE_GREEN_PULLBACK_HOLD_THEN_BREAK,HUGE,2025-10-27 11:45:00+05:30,2025-10-27 12:45:00+05:30,488.7477238952637,485.0534285996466,496.1363144864977,2025-10-27 12:46:00+05:30,496.1363144864977,TARGET,6.758695652173912,7.5586956521739115,32.4333381652832,66.5855484008789,63.55305480957031,2.5332596850518674,1.710344961981085,0.003740768883559722,6.726588928317031,11.59,485.0534285996466,1.3517391304347823,1.5117391304347823,100000.0,5.0,500000.0,6758.695652173911,7558.695652173911
2025-10-27,COHANCE,SHORT,A_MOD_BREAK_C1_LOW,MODERATE,2025-10-27 14:15:00+05:30,2025-10-27 14:30:00+05:30,851.8296,858.268320693913,841.5276468897391,2025-10-27 15:30:00+05:30,851.0,EOD,-0.31304814953599414,0.48695185046400574,57.53360366821289,17.95005226135254,2.2914886474609375,3.5284241362421653,3.671816802290071,0.002807693839527778,0.96,11.59,858.268320693913,-0.06260962990719883,0.09739037009280115,50000.0,5.0,250000.0,-156.5240747679971,243.47592523200285
2025-10-28,KSB,SHORT,A_MOD_BREAK_C1_LOW,MODERATE,2025-10-28 10:00:00+05:30,2025-10-28 10:15:00+05:30,789.842,795.9512561652175,780.0671901356521,2025-10-28 12:16:00+05:30,795.9512561652175,SL,-4.667391304347905,-3.867391304347905,26.4532527923584,35.16761016845703,28.20484733581543,1.0726193417051513,1.881176724447961,0.005363917682324589,0.43856601290617553,11.86,795.9512561652175,-0.9334782608695811,-0.773478260869581,50000.0,5.0,250000.0,-2333.6956521739526,-1933.6956521739526
2025-10-28,BSE,SHORT,A_MOD_BREAK_C1_LOW,MODERATE,2025-10-28 11:00:00+05:30,2025-10-28 11:15:00+05:30,2429.514,2448.305762634783,2399.447179784348,2025-10-28 15:30:00+05:30,2424.0,EOD,0.33479486020663474,1.1347948602066347,28.06212615966797,23.37019157409668,2.2590789794921875,2.738072065035348,3.629501995638572,0.00512638602237152,0.6309318923950196,11.86,2448.305762634783,0.06695897204132695,0.22695897204132692,50000.0,5.0,250000.0,167.39743010331736,567.3974301033173
2025-10-28,ADANIENSOL,SHORT,A_MOD_BREAK_C1_LOW,MODERATE,2025-10-28 11:15:00+05:30,2025-10-28 11:30:00+05:30,924.3151,931.4644763604349,912.8760978233045,2025-10-28 15:30:00+05:30,923.0,EOD,-0.08860839772063131,0.7113916022793686,29.813892364501953,26.109027862548828,9.239968299865723,1.7622976483765964,2.4828500018275896,0.005400382262182408,0.6156104739334336,11.86,931.4644763604349,-0.017721679544126262,0.1422783204558737,50000.0,5.0,250000.0,-44.30419886031565,355.69580113968425
2025-10-28,PGEL,SHORT,A_PULLBACK_C2_THEN_BREAK_C2_LOW,MODERATE,2025-10-28 13:15:00+05:30,2025-10-28 13:45:00+05:30,565.0369944091797,569.4074327268055,558.0442931009784,2025-10-28 15:30:00+05:30,568.0,EOD,-3.4219571639893607,-2.621957163989361,30.053913116455078,31.04276466369629,6.360386848449707,2.3541057811311292,1.6953521801629132,0.0033734206992361336,0.6455763057549719,11.86,569.4074327268055,-0.6843914327978722,-0.5243914327978721,50000.0,5.0,250000.0,-1710.9785819946806,-1310.9785819946803
2025-10-29,SAMMAANCAP,SHORT,A_MOD_BREAK_C1_LOW,MODERATE,2025-10-29 10:15:00+05:30,2025-10-29 10:30:00+05:30,181.5000030517578,182.9145193798894,179.23677692674718,2025-10-29 10:38:00+05:30,182.9145193798894,SL,-4.69673913043472,-3.89673913043472,29.7402400970459,23.906822204589844,4.214053630828857,1.877229395091862,3.7287609040322582,0.0069638414979970266,0.6346187455967642,11.95,182.9145193798894,-0.9393478260869439,-0.779347826086944,50000.0,5.0,250000.0,-2348.3695652173596,-1948.36956521736
2025-10-29,MOTILALOFS,SHORT,A_MOD_BREAK_C1_LOW,MODERATE,2025-10-29 10:30:00+05:30,2025-10-29 10:45:00+05:30,1004.2991,1012.1260832032608,991.7759268747826,2025-10-29 13:41:00+05:30,1012.1260832032608,SL,-4.696739130434774,-3.896739130434774,45.30936813354492,15.390677452087402,6.24630880355835,1.5252168368209984,4.57036433050926,0.011612294470763772,0.8065534684468485,11.95,1012.1260832032608,-0.9393478260869548,-0.7793478260869547,50000.0,5.0,250000.0,-2348.369565217387,-1948.369565217387
2025-10-30,AIIL,SHORT,A_MOD_BREAK_C1_LOW,MODERATE,2025-10-30 10:15:00+05:30,2025-10-30 10:30:00+05:30,589.4820555908203,594.0838600726174,582.119168419945,2025-10-30 13:04:00+05:30,582.119168419945,TARGET,5.445217391304383,6.245217391304383,26.741289138793945,24.210533142089844,4.135931015014648,1.0075360205295354,2.486297906199287,0.004188866534475553,0.4374381406745778,11.97,594.0838600726174,1.0890434782608767,1.2490434782608766,50000.0,5.0,250000.0,2722.6086956521917,3122.6086956521913
2025-10-30,UBL,SHORT,A_MOD_BREAK_C1_LOW,MODERATE,2025-10-30 10:45:00+05:30,2025-10-30 11:00:00+05:30,1785.8427111816407,1799.783931129148,1763.5367592656294,2025-10-30 15:30:00+05:30,1793.0,EOD,-2.8038967523695235,-2.0038967523695232,34.0694465637207,14.946659088134766,47.61366271972656,0.7106804659555895,2.7313755439638028,0.007110090458530039,0.4954107799980387,11.97,1799.783931129148,-0.5607793504739047,-0.40077935047390467,50000.0,5.0,250000.0,-1401.9483761847619,-1001.9483761847616
2025-10-30,VADILALIND,SHORT,A_MOD_BREAK_C1_LOW,MODERATE,2025-10-30 11:30:00+05:30,2025-10-30 11:45:00+05:30,5425.4147,5467.768317799349,5357.648911521043,2025-10-30 15:30:00+05:30,5403.0,EOD,1.2657130596855821,2.065713059685582,34.031715393066406,37.92609786987305,26.305221557617188,0.8110244408428149,1.3383966161870635,0.004725051888317743,0.4793248388528419,11.97,5467.768317799349,0.2531426119371164,0.4131426119371164,50000.0,5.0,250000.0,632.8565298427909,1032.856529842791
2025-10-30,GREAVESCOT,LONG,B_HUGE_GREEN_PULLBACK_HOLD_THEN_BREAK,HUGE,2025-10-30 11:00:00+05:30,2025-10-30 12:00:00+05:30,236.05,234.20727054347827,239.7354589130435,2025-10-30 12:29:00+05:30,234.20727054347827,SL,-4.703260869565215,-3.903260869565215,31.160215377807617,69.12144470214844,84.30976104736328,1.7555039407239235,2.181393519869451,0.008282239597500308,5.7289444287974725,11.97,234.20727054347827,-0.9406521739130429,-0.780652173913043,100000.0,5.0,500000.0,-4703.260869565215,-3903.2608695652148
2025-10-30,INDIASHLTR,LONG,B_HUGE_GREEN_PULLBACK_HOLD_THEN_BREAK,HUGE,2025-10-30 11:30:00+05:30,2025-10-30 12:30:00+05:30,880.9761477905273,874.0987883411452,894.7308666892916,2025-10-30 14:00:00+05:30,874.0987883411452,SL,-4.703260869565186,-3.9032608695651865,28.575551986694336,65.30496978759766,46.571449279785156,0.8439823589490858,1.8031911978729493,0.005050177425338952,4.407766252538239,11.97,874.0987883411452,-0.9406521739130373,-0.7806521739130373,100000.0,5.0,500000.0,-4703.260869565187,-3903.2608695651866
2025-10-30,ASALCBR,LONG,B_HUGE_GREEN_PULLBACK_HOLD_THEN_BREAK,HUGE,2025-10-30 10:15:00+05:30,2025-10-30 13:30:00+05:30,1165.233,1156.1365832543477,1183.4258334913043,2025-10-30 13:31:00+05:30,1183.4258334913043,TARGET,7.006521739130427,7.806521739130426,35.7330207824707,89.73389434814453,88.56689453125,2.6051871834090856,6.1602910795612145,0.011888786498136693,10.945825129003547,11.97,1156.1365832543477,1.4013043478260854,1.5613043478260853,100000.0,5.0,500000.0,7006.521739130427,7806.521739130427
2025-10-30,WELCORP,LONG,B_HUGE_GREEN_PULLBACK_HOLD_THEN_BREAK,HUGE,2025-10-30 11:45:00+05:30,2025-10-30 14:15:00+05:30,926.1852,918.9549151017392,940.6457697965218,2025-10-30 15:30:00+05:30,928.0,EOD,0.1797176633787667,0.9797176633787665,43.78392028808594,79.35015106201172,66.02005767822266,2.9412167821500104,2.616216100302743,0.006074991565813749,7.958090062279238,11.97,918.9549151017392,0.03594353267575334,0.19594353267575332,100000.0,5.0,500000.0,179.7176633787667,979.7176633787666
2025-10-30,KSCL,SHORT,A_MOD_BREAK_C1_LOW,MODERATE,2025-10-30 14:15:00+05:30,2025-10-30 14:30:00+05:30,1033.7932,1041.8635290895654,1020.8806734566957,2025-10-30 15:30:00+05:30,1034.0,EOD,-0.9000200040007662,-0.10002000400076637,36.012168884277344,28.80928611755371,13.053675651550293,2.88727509900626,2.413134871661269,0.0031893439400233264,0.7501825332641601,11.97,1041.8635290895654,-0.18000400080015325,-0.020004000800153274,50000.0,5.0,250000.0,-450.0100020003831,-50.01000200038319
2025-10-31,CHAMBLFERT,SHORT,A_MOD_BREAK_C1_LOW,MODERATE,2025-10-31 10:30:00+05:30,2025-10-31 10:45:00+05:30,477.4045,481.16250368369566,471.39169410608696,2025-10-31 12:03:00+05:30,481.16250368369566,SL,-4.735869565217417,-3.935869565217417,42.91839599609375,20.17053985595703,7.500412940979004,1.3390405748361989,3.450680410899987,0.0032593239545198336,0.7381080405377409,12.07,481.16250368369566,-0.9471739130434833,-0.7871739130434834,50000.0,5.0,250000.0,-2367.9347826087082,-1967.9347826087085
2025-10-31,MANYAVAR,SHORT,A_MOD_BREAK_C1_LOW,MODERATE,2025-10-31 10:45:00+05:30,2025-10-31 11:00:00+05:30,658.8682,664.0546385917391,650.5698982532174,2025-10-31 12:00:00+05:30,650.5698982532174,TARGET,5.497391304347829,6.297391304347829,48.40941619873047,19.306406021118164,3.5367677211761475,0.7281987452617336,3.105796387797395,0.0063082668958556855,0.7135760234017603,12.07,664.0546385917391,1.099478260869566,1.2594782608695658,50000.0,5.0,250000.0,2748.695652173915,3148.695652173915
2025-10-31,TECHM,SHORT,A_MOD_BREAK_C1_LOW,MODERATE,2025-10-31 10:45:00+05:30,2025-10-31 11:00:00+05:30,1430.4138111816405,1441.6736555518335,1412.398060189332,2025-10-31 15:30:00+05:30,1424.0,EOD,1.4419425523940514,2.2419425523940513,44.04496383666992,35.759979248046875,65.67024993896484,0.5296163008404134,1.1968795250387083,0.0027203874767951245,0.5732012864490565,12.07,1441.6736555518335,0.2883885104788103,0.4483885104788103,50000.0,5.0,250000.0,720.9712761970258,1120.9712761970256
2025-10-31,LATENTVIEW,LONG,A_MOD_BREAK_C1_HIGH,MODERATE,2025-10-31 11:00:00+05:30,2025-10-31 11:15:00+05:30,433.33665,429.9255369355435,440.1588761289131,2025-10-31 12:20:00+05:30,440.1588761289131,TARGET,7.071739130434832,7.871739130434832,36.800865173339844,72.01956176757812,92.44123840332031,1.7813531623475563,3.007950331438068,0.006977903374898791,6.872712697662834,12.07,429.9255369355435,1.4143478260869664,1.5743478260869663,100000.0,5.0,500000.0,7071.739130434832,7871.739130434832
2025-10-31,NH,SHORT,A_MOD_BREAK_C1_LOW,MODERATE,2025-10-31 11:15:00+05:30,2025-10-31 11:30:00+05:30,1745.6508,1759.3921077104346,1723.6647076633044,2025-10-31 14:53:00+05:30,1759.3921077104346,SL,-4.735869565217379,-3.9358695652173785,29.661510467529297,25.541587829589844,3.416154384613037,2.23998533646957,2.601478607093608,0.005903999533868887,0.6549226570129394,12.07,1759.3921077104346,-0.9471739130434758,-0.7871739130434757,50000.0,5.0,250000.0,-2367.9347826086896,-1967.9347826086894
2025-10-31,VISHNU,LONG,B_HUGE_GREEN_PULLBACK_HOLD_THEN_BREAK,HUGE,2025-10-31 11:00:00+05:30,2025-10-31 12:15:00+05:30,513.85275,509.8078352005435,521.9425795989131,2025-10-31 15:30:00+05:30,518.0,EOD,3.2354459521720824,4.035445952172082,27.911970138549805,85.44754028320312,92.25428009033203,1.47153376932368,4.574308843232649,0.0078480433910648,8.113227508663208,12.07,509.8078352005435,0.6470891904344165,0.8070891904344164,100000.0,5.0,500000.0,3235.4459521720823,4035.445952172082
2025-10-31,MUFIN,LONG,B_HUGE_GREEN_PULLBACK_HOLD_THEN_BREAK,HUGE,2025-10-31 11:15:00+05:30,2025-10-31 12:15:00+05:30,104.55,103.72700967391303,106.19598065217392,2025-10-31 12:16:00+05:30,106.19598065217392,TARGET,7.071739130434809,7.8717391304348086,31.42470359802246,69.64669036865234,70.0793685913086,2.5074302714764074,2.1619956059234813,0.009572393063478464,6.737392052453833,12.07,103.72700967391303,1.4143478260869617,1.5743478260869617,100000.0,5.0,500000.0,7071.739130434808,7871.7391304348075
2025-10-31,FORTIS,SHORT,A_MOD_BREAK_C1_LOW,MODERATE,2025-10-31 12:15:00+05:30,2025-10-31 12:30:00+05:30,1029.9939111816407,1038.1017545563989,1017.0213617820277,2025-10-31 15:30:00+05:30,1024.25,EOD,1.9883228819532914,2.7883228819532913,28.607105255126953,27.47964096069336,7.144434928894043,1.3556988240922234,1.8804244291929997,0.0052395741106906505,0.5203750945026934,12.07,1038.1017545563989,0.3976645763906583,0.5576645763906583,50000.0,5.0,250000.0,994.1614409766457,1394.1614409766457
2025-10-31,VRLLOG,LONG,B_HUGE_GREEN_PULLBACK_HOLD_THEN_BREAK,HUGE,2025-10-31 12:45:00+05:30,2025-10-31 14:00:00+05:30,282.8565477905273,280.6299748349849,287.3096937016121,2025-10-31 15:03:00+05:30,280.6299748349849,SL,-4.7358695652174,-3.9358695652174,53.07768249511719,92.15747833251953,85.38448333740234,2.9056869131554843,4.480333887276381,0.007059487174766019,10.585612584806904,12.07,280.6299748349849,-0.94717391304348,-0.78717391304348,100000.0,5.0,500000.0,-4735.8695652174,-3935.8695652173997
2025-11-03,PATANJALI,SHORT,A_MOD_BREAK_C1_LOW,MODERATE,2025-11-03 10:00:00+05:30,2025-11-03 10:15:00+05:30,578.8842,583.4712280630434,571.5449550991303,2025-11-03 10:30:00+05:30,571.5449550991303,TARGET,5.539130434782667,6.339130434782666,35.653587341308594,11.251279830932617,1.9605388641357422,1.9556566827996698,4.911817668011724,0.007142867449034063,0.7370437296095711,12.15,583.4712280630434,1.1078260869565333,1.2678260869565332,50000.0,5.0,250000.0,2769.565217391333,3169.5652173913327
2025-11-03,ANURAS,SHORT,A_MOD_BREAK_C1_LOW,MODERATE,2025-11-03 10:45:00+05:30,2025-11-03 11:00:00+05:30,1069.786,1078.2628912391306,1056.2229740173914,2025-11-03 15:03:00+05:30,1078.2628912391306,SL,-4.761956521739164,-3.961956521739165,27.83571434020996,30.7833309173584,46.67177963256836,0.8332026196419904,1.6441557877581465,0.005232668723119607,0.40555396292840507,12.15,1078.2628912391306,-0.9523913043478329,-0.792391304347833,50000.0,5.0,250000.0,-2380.9782608695823,-1980.9782608695825
2025-11-03,HLEGLAS,LONG,B_HUGE_GREEN_PULLBACK_HOLD_THEN_BREAK,HUGE,2025-11-03 10:30:00+05:30,2025-11-03 11:30:00+05:30,591.2181955810547,586.5334340095483,600.5877187240675,2025-11-03 11:31:00+05:30,600.5877187240675,TARGET,7.123913043478235,7.923913043478235,25.442371368408203,71.25569152832031,86.71429443359375,2.899968834030584,2.841229041369784,0.008337873970235318,7.7651776607147545,12.15,586.5334340095483,1.424782608695647,1.584782608695647,100000.0,5.0,500000.0,7123.913043478235,7923.913043478235
2025-11-03,SHARDACROP,SHORT,A_MOD_BREAK_C1_LOW,MODERATE,2025-11-03 11:15:00+05:30,2025-11-03 11:30:00+05:30,835.8328,842.455866426087,825.2358937182609,2025-11-03 11:53:00+05:30,825.2358937182609,TARGET,5.539130434782631,6.33913043478263,28.974376678466797,26.113187789916992,4.790234088897705,1.6450829719007216,3.1360927502296803,0.008969105272737456,0.5825051702596282,12.15,842.455866426087,1.1078260869565262,1.267826086956526,50000.0,5.0,250000.0,2769.5652173913154,3169.565217391315
2025-11-03,VASCONEQ,LONG,B_HUGE_GREEN_PULLBACK_HOLD_THEN_BREAK,HUGE,2025-11-03 10:30:00+05:30,2025-11-03 12:00:00+05:30,69.18999938964843,68.64174385100654,70.28651046693221,2025-11-03 15:30:00+05:30,69.5,EOD,1.4402125530148855,2.240212553014885,29.882429122924805,73.5693359375,78.83319091796875,1.3557794944385813,2.3619380680706095,0.010578146027680608,5.400324806523019,12.15,68.64174385100654,0.2880425106029771,0.44804251060297706,100000.0,5.0,500000.0,1440.2125530148853,2240.212553014885
2025-11-04,SUPRIYA,LONG,A_MOD_BREAK_C1_HIGH,MODERATE,2025-11-04 10:00:00+05:30,2025-11-04 10:15:00+05:30,817.8635522094727,811.1055101182809,831.3796363918563,2025-11-04 10:25:00+05:30,831.3796363918563,TARGET,7.463043478260908,8.263043478260908,34.329551696777344,80.68354034423828,92.20232391357422,1.7668681505661432,3.9603122854262254,0.008617666693295337,7.539840638561369,12.67,811.1055101182809,1.4926086956521816,1.6526086956521815,100000.0,5.0,500000.0,7463.043478260908,8263.043478260908
2025-11-04,AFFLE,SHORT,A_MOD_BREAK_C1_LOW,MODERATE,2025-11-04 10:15:00+05:30,2025-11-04 10:30:00+05:30,1825.6348,1840.7200997278262,1801.4983204354783,2025-11-04 15:26:00+05:30,1840.7200997278262,SL,-4.931521739130456,-4.1315217391304575,25.695812225341797,20.141172409057617,9.902799606323242,1.378978334857102,4.1086854531514945,0.007600693369087794,0.4867583919801198,12.67,1840.7200997278262,-0.9863043478260913,-0.8263043478260914,50000.0,5.0,250000.0,-2465.7608695652284,-2065.760869565229
2025-11-04,NH,LONG,A_MOD_BREAK_C1_HIGH,MODERATE,2025-11-04 10:15:00+05:30,2025-11-04 10:30:00+05:30,1837.1674088378907,1821.9868146618192,1867.5285971900335,2025-11-04 15:30:00+05:30,1830.5999755859375,EOD,-2.587380186574131,-1.7873801865741306,38.00019073486328,80.56820678710938,91.74987030029297,1.90754301049495,3.7281953603330305,0.006856101839207387,7.655963369610364,12.67,1821.9868146618192,-0.5174760373148262,-0.35747603731482613,100000.0,5.0,500000.0,-2587.380186574131,-1787.3801865741307
2025-11-04,TATAPOWER,SHORT,A_MOD_BREAK_C1_LOW,MODERATE,2025-11-04 10:15:00+05:30,2025-11-04 10:30:00+05:30,400.5698638977051,403.87979009917285,395.27398197535666,2025-11-04 15:30:00+05:30,400.54998779296875,EOD,-0.775190214582123,0.02480978541787697,27.389726638793945,26.479459762573242,7.3209991455078125,1.243908286945529,3.1475770478251586,0.003885585965771119,0.48852984979737674,12.67,403.87979009917285,-0.1550380429164246,0.004961957083575394,50000.0,5.0,250000.0,-387.5951072910615,12.404892708938487
2025-11-04,NTPC,SHORT,A_MOD_BREAK_C1_LOW,MODERATE,2025-11-04 10:30:00+05:30,2025-11-04 10:45:00+05:30,330.68385,333.41630503010873,326.3119219518261,2025-11-04 15:30:00+05:30,330.5,EOD,-0.5220154537332156,0.2779845462667843,42.6363639831543,22.576799392700195,8.562821388244629,1.1959062954097437,3.308933876450951,0.0030103608560706195,0.7088290614440196,12.67,333.41630503010873,-0.10440309074664311,0.05559690925335686,50000.0,5.0,250000.0,-261.00772686660775,138.99227313339216
2025-11-04,NATIONALUM,SHORT,A_MOD_BREAK_C1_LOW,MODERATE,2025-11-04 11:00:00+05:30,2025-11-04 11:15:00+05:30,233.5000030517578,235.42942372914854,230.41292996793266,2025-11-04 15:30:00+05:30,233.0,EOD,0.2706703323831866,1.0706703323831865,25.129173278808594,25.177474975585938,13.034743309020996,2.250725194652246,3.3785596822367405,0.004277173676637809,0.5869375991821288,12.67,235.42942372914854,0.05413406647663732,0.2141340664766373,50000.0,5.0,250000.0,135.3351661915933,535.3351661915932
2025-11-04,WIPRO,SHORT,A_MOD_BREAK_C1_LOW,MODERATE,2025-11-04 11:15:00+05:30,2025-11-04 11:30:00+05:30,232.84999389648436,234.7740435199638,229.77151449891727,2025-11-04 15:30:00+05:30,232.3000030517578,EOD,0.3809981944235197,1.1809981944235195,35.32575607299805,33.918701171875,15.930910110473633,1.4375374859321264,1.959597987067915,0.0022843642246468455,0.6394353004864886,12.67,234.7740435199638,0.07619963888470394,0.2361996388847039,50000.0,5.0,250000.0,190.49909721175985,590.4990972117598
2025-11-04,JUBLFOOD,SHORT,A_MOD_BREAK_C1_LOW,MODERATE,2025-11-04 11:30:00+05:30,2025-11-04 11:45:00+05:30,593.7312055908203,598.6372323570175,585.8815627649049,2025-11-04 15:30:00+05:30,594.0,EOD,-1.0263603518297595,-0.22636035182975955,31.497194290161133,33.01062774658203,11.025254249572754,1.7342321348918164,1.733135967946446,0.003810005997990554,0.6226053363558071,12.67,598.6372323570175,-0.20527207036595188,-0.04527207036595191,50000.0,5.0,250000.0,-513.1801759148797,-113.18017591487977
2025-11-04,DYNAMATECH,LONG,B_HUGE_GREEN_PULLBACK_HOLD_THEN_BREAK,HUGE,2025-11-04 10:45:00+05:30,2025-11-04 12:30:00+05:30,8571.714,8500.885554534781,8713.370890930435,2025-11-04 12:51:00+05:30,8713.370890930435,TARGET,7.463043478260889,8.263043478260888,62.997676849365234,85.48947143554688,91.20787048339844,1.4687397960412514,5.697091300006715,0.0071816768898630414,9.889130979581045,12.67,8500.885554534781,1.4926086956521778,1.6526086956521777,100000.0,5.0,500000.0,7463.043478260889,8263.043478260888
2025-11-04,MANORAMA,SHORT,A_MOD_BREAK_C1_LOW,MODERATE,2025-11-04 13:00:00+05:30,2025-11-04 13:15:00+05:30,1348.7302,1359.8748162830434,1330.8988139471303,2025-11-04 14:48:00+05:30,1330.8988139471303,TARGET,5.810434782608737,6.610434782608737,29.55514144897461,21.848987579345703,3.4126009941101074,2.60104353496604,2.750549835186106,0.004267716602186877,0.653327121734619,12.67,1359.8748162830434,1.1620869565217473,1.3220869565217472,50000.0,5.0,250000.0,2905.217391304368,3305.2173913043684
2025-11-04,SINDHUTRAD,LONG,A_MOD_BREAK_C1_HIGH,MODERATE,2025-11-04 13:00:00+05:30,2025-11-04 13:15:00+05:30,24.699999618530274,24.495902447769332,25.108193960052162,2025-11-04 13:16:00+05:30,25.108193960052162,TARGET,7.4630434782609285,8.26304347826093,30.004844665527344,80.56121826171875,88.58765411376953,2.2396347918581165,3.464347556641088,0.008507550115390713,7.548488724375618,12.67,24.495902447769332,1.4926086956521858,1.6526086956521857,100000.0,5.0,500000.0,7463.043478260929,8263.043478260928
2025-11-04,ETERNAL,SHORT,A_MOD_BREAK_C1_LOW,MODERATE,2025-11-04 13:45:00+05:30,2025-11-04 14:00:00+05:30,314.2371277954102,316.8336828448675,310.0826397162785,2025-11-04 15:30:00+05:30,313.70001220703125,EOD,0.054634193208103754,0.8546341932081036,33.692626953125,28.245946884155273,2.0472826957702637,3.089041587230253,3.1223560352813085,0.0029080445108567938,0.7153894042968749,12.67,316.8336828448675,0.01092683864162075,0.17092683864162073,50000.0,5.0,250000.0,27.317096604051876,427.3170966040518
2025-11-04,BDL,SHORT,A_MOD_BREAK_C1_LOW,MODERATE,2025-11-04 14:00:00+05:30,2025-11-04 14:15:00+05:30,1485.2029,1497.4751961367392,1465.5672261812174,2025-11-04 15:30:00+05:30,1480.5,EOD,0.7832516890453151,1.583251689045315,35.40205764770508,23.693178176879883,6.352690696716309,3.4834287897858958,3.288088489546176,0.0037419611604404515,0.7410308647155761,12.67,1497.4751961367392,0.156650337809063,0.316650337809063,50000.0,5.0,250000.0,391.62584452265753,791.6258445226574
2025-11-06,ABFRL,SHORT,A_MOD_BREAK_C1_LOW,MODERATE,2025-11-06 10:00:00+05:30,2025-11-06 10:15:00+05:30,79.56000061035157,80.21637061538698,78.50980860229492,2025-11-06 12:25:00+05:30,78.50980860229492,TARGET,5.800000000000001,6.6000000000000005,32.17288589477539,13.807371139526367,9.14222526550293,1.0373715562004078,4.25472534277766,0.010459937824166756,0.5241333107567021,12.65,80.21637061538698,1.1600000000000001,1.32,50000.0,5.0,250000.0,2900.0000000000005,3300.0
2025-11-06,ADOR,SHORT,A_MOD_BREAK_C1_LOW,MODERATE,2025-11-06 10:00:00+05:30,2025-11-06 10:15:00+05:30,1062.1875444091797,1070.9505916505555,1048.1666688229786,2025-11-06 10:17:00+05:30,1048.1666688229786,TARGET,5.799999999999966,6.599999999999966,31.36907196044922,29.577585220336914,31.215389251708984,0.5786136916050767,2.4405007732782678,0.006639975427598905,0.43179347543762664,12.65,1070.9505916505555,1.1599999999999933,1.3199999999999932,50000.0,5.0,250000.0,2899.999999999983,3299.999999999983
2025-11-06,BAJAJHIND,SHORT,A_MOD_BREAK_C1_LOW,MODERATE,2025-11-06 10:00:00+05:30,2025-11-06 10:15:00+05:30,21.460000228881835,21.637045230770113,21.176728225860597,2025-11-06 15:30:00+05:30,21.229999542236328,EOD,4.558823024054814,5.358823024054814,49.87335205078125,16.0551700592041,5.5284810066223145,1.234456050601551,4.192282437390252,0.004711028261426529,0.8241300896169901,12.65,21.637045230770113,0.9117646048109629,1.0717646048109628,50000.0,5.0,250000.0,2279.4115120274073,2679.411512027407
2025-11-06,HINDALCO,SHORT,A_MOD_BREAK_C1_LOW,MODERATE,2025-11-06 10:00:00+05:30,2025-11-06 10:15:00+05:30,778.9441555908203,785.3704448744446,768.6620927370215,2025-11-06 14:39:00+05:30,785.3704448744446,SL,-4.92500000000004,-4.125000000000039,48.681209564208984,4.655730247497559,11.559786796569824,1.108687105885741,6.50667930415664,0.008705213790218214,0.7842383869931395,12.65,785.3704448744446,-0.9850000000000079,-0.8250000000000078,50000.0,5.0,250000.0,-2462.50000000002,-2062.5000000000196
2025-11-06,KKCL,SHORT,A_MOD_BREAK_C1_LOW,MODERATE,2025-11-06 10:00:00+05:30,2025-11-06 10:15:00+05:30,513.8972,518.1368519,507.11375696,2025-11-06 15:30:00+05:30,513.0,EOD,0.07293723336106728,0.8729372333610672,29.513856887817383,32.52064895629883,25.714284896850586,0.7680250335916471,2.1900855600343734,0.004252384608821646,0.437112234195799,12.65,518.1368519,0.014587446672213455,0.17458744667221343,50000.0,5.0,250000.0,36.46861668053364,436.4686166805336
2025-11-06,NETWEB,SHORT,A_MOD_BREAK_C1_LOW,MODERATE,2025-11-06 10:00:00+05:30,2025-11-06 10:15:00+05:30,3424.315,3452.5655987500004,3379.114042,2025-11-06 11:47:00+05:30,3379.114042,TARGET,5.799999999999985,6.5999999999999845,49.03928756713867,11.836734771728516,4.640668869018555,1.86726029549102,5.135974577853886,0.012397711921605986,0.9223598652180085,12.65,3452.5655987500004,1.159999999999997,1.319999999999997,50000.0,5.0,250000.0,2899.9999999999923,3299.9999999999923
2025-11-06,PCBL,SHORT,A_MOD_BREAK_C1_LOW,MODERATE,2025-11-06 10:00:00+05:30,2025-11-06 10:15:00+05:30,350.7798361022949,353.67376975013883,346.1495422657446,2025-11-06 14:04:00+05:30,353.67376975013883,SL,-4.925000000000006,-4.125000000000006,37.26664352416992,20.51605796813965,9.364971160888672,1.838541328098789,3.7299602802160092,0.0038681444802891765,0.7407443852798368,12.65,353.67376975013883,-0.9850000000000012,-0.8250000000000013,50000.0,5.0,250000.0,-2462.5000000000027,-2062.500000000003
2025-11-06,POKARNA,SHORT,A_MOD_BREAK_C1_LOW,MODERATE,2025-11-06 10:00:00+05:30,2025-11-06 10:15:00+05:30,876.1247277954102,883.3527567997224,864.5598813885108,2025-11-06 10:38:00+05:30,883.3527567997224,SL,-4.925000000000065,-4.125000000000066,31.007091522216797,19.368635177612305,1.601462960243225,2.2447377241402227,3.7917424767129995,0.005034603216709235,0.6751063728332518,12.65,883.3527567997224,-0.985000000000013,-0.8250000000000131,50000.0,5.0,250000.0,-2462.5000000000323,-2062.5000000000327
2025-11-06,POWERMECH,SHORT,A_MOD_BREAK_C1_LOW,MODERATE,2025-11-06 10:00:00+05:30,2025-11-06 10:15:00+05:30,2418.916022363281,2438.8720795477784,2386.986330868086,2025-11-06 11:58:00+05:30,2386.986330868086,TARGET,5.799999999999963,6.599999999999962,30.595712661743164,17.43243980407715,12.605804443359375,1.7182062967118241,3.657123567742026,0.0050005335631620376,0.6196217918507165,12.65,2438.8720795477784,1.1599999999999926,1.3199999999999925,50000.0,5.0,250000.0,2899.999999999982,3299.9999999999814
2025-11-06,SWANCORP,SHORT,A_MOD_BREAK_C1_LOW,MODERATE,2025-11-06 10:00:00+05:30,2025-11-06 10:15:00+05:30,443.9112,447.5734674,438.05157216000003,2025-11-06 12:15:00+05:30,438.05157216000003,TARGET,5.79999999999997,6.5999999999999694,48.1552734375,14.464495658874512,5.808481693267822,1.6994914562192254,4.431662496678567,0.00612176174626454,0.8797401064008643,12.65,447.5734674,1.159999999999994,1.3199999999999938,50000.0,5.0,250000.0,2899.9999999999845,3299.999999999985
2025-11-06,ASAHIINDIA,SHORT,A_MOD_BREAK_C1_LOW,MODERATE,2025-11-06 10:15:00+05:30,2025-11-06 10:30:00+05:30,897.07055,904.4713820375001,885.2292187400001,2025-11-06 10:31:00+05:30,885.2292187400001,TARGET,5.7999999999999705,6.59999999999997,45.804019927978516,22.760812759399414,21.085941314697266,0.7529381731274031,3.4882389958997724,0.011786985526403813,0.6788244792169733,12.65,904.4713820375001,1.1599999999999941,1.319999999999994,50000.0,5.0,250000.0,2899.9999999999854,3299.9999999999854
2025-11-06,GRASIM,SHORT,A_MOD_BREAK_C1_LOW,MODERATE,2025-11-06 10:15:00+05:30,2025-11-06 10:30:00+05:30,2729.454,2751.9719955000005,2693.4252072000004,2025-11-06 15:13:00+05:30,2693.4252072000004,TARGET,5.799999999999962,6.5999999999999615,39.708709716796875,9.89178466796875,5.826147556304932,1.703469303022755,5.503506797988404,0.007276034311576997,0.7537377737809352,12.65,2751.9719955000005,1.1599999999999924,1.3199999999999923,50000.0,5.0,250000.0,2899.999999999981,3299.999999999981
2025-11-06,HINDCOPPER,SHORT,A_MOD_BREAK_C1_LOW,MODERATE,2025-11-06 10:15:00+05:30,2025-11-06 10:30:00+05:30,324.98497779541015,327.6661038622223,320.6951760885107,2025-11-06 15:30:00+05:30,321.6000061035156,EOD,4.407889476702956,5.207889476702956,42.01553726196289,15.69609260559082,18.48329734802246,1.9072454207069545,3.322443080295101,0.00590392509770407,0.8240010075531603,12.65,327.6661038622223,0.8815778953405913,1.0415778953405912,50000.0,5.0,250000.0,2203.9447383514785,2603.944738351478
2025-11-06,IONEXCHANG,SHORT,A_MOD_BREAK_C1_LOW,MODERATE,2025-11-06 10:15:00+05:30,2025-11-06 10:30:00+05:30,385.7228277954102,388.90504112472235,380.6312864685108,2025-11-06 15:30:00+05:30,385.0,EOD,0.1369782436023921,0.936978243602392,46.644046783447266,15.969413757324219,4.6729278564453125,1.6275577104459529,3.802431414181955,0.006103436411942092,0.8444833010797506,12.65,388.90504112472235,0.02739564872047842,0.1873956487204784,50000.0,5.0,250000.0,68.48912180119606,468.48912180119595
2025-11-06,J&KBANK,SHORT,A_MOD_BREAK_C1_LOW,MODERATE,2025-11-06 10:15:00+05:30,2025-11-06 10:30:00+05:30,103.45,104.30346250000001,102.08446,2025-11-06 15:30:00+05:30,102.6500015258789,EOD,3.066594848337828,3.8665948483378276,36.114830017089844,13.636876106262207,3.5648820400238037,2.6325046333812425,4.053458022900763,0.004030368466308151,0.7517224502563475,12.65,104.30346250000001,0.6133189696675656,0.7733189696675655,50000.0,5.0,250000.0,1533.297424168914,1933.2974241689137
2025-11-06,TARC,SHORT,A_MOD_BREAK_C1_LOW,MODERATE,2025-11-06 10:15:00+05:30,2025-11-06 10:30:00+05:30,153.95,155.2200875,151.91786,2025-11-06 11:45:00+05:30,155.2200875,SL,-4.925000000000055,-4.125000000000055,25.717161178588867,27.252538681030273,4.1647047996521,1.44827465609113,3.352195464419101,0.006553819427242527,0.49920548249478075,12.65,155.2200875,-0.985000000000011,-0.825000000000011,50000.0,5.0,250000.0,-2462.5000000000277,-2062.5000000000273
2025-11-06,TARSONS,SHORT,A_MOD_BREAK_C1_LOW,MODERATE,2025-11-06 10:15:00+05:30,2025-11-06 10:30:00+05:30,284.4431,286.789755575,280.68845108,2025-11-06 15:30:00+05:30,283.95001220703125,EOD,0.06675998287313953,0.8667599828731394,34.787384033203125,28.107177734375,5.209800720214844,1.340996433574658,2.6716783060010743,0.004205372714828732,0.6164851363736119,12.65,286.789755575,0.013351996574627906,0.17335199657462788,50000.0,5.0,250000.0,33.37999143656977,433.3799914365697
2025-11-06,UNICHEMLAB,SHORT,A_MOD_BREAK_C1_LOW,MODERATE,2025-11-06 10:15:00+05:30,2025-11-06 10:30:00+05:30,462.75743610229495,466.5751849501389,456.6490379457447,2025-11-06 15:03:00+05:30,466.5751849501389,SL,-4.9250000000000425,-4.125000000000043,49.38161087036133,27.75701332092285,13.961858749389648,0.9974596530814912,2.7163521973258864,0.00486068017099733,0.7752796023446809,12.65,466.5751849501389,-0.9850000000000085,-0.8250000000000085,50000.0,5.0,250000.0,-2462.5000000000214,-2062.5000000000214
2025-11-06,CONCORDBIO,SHORT,A_MOD_BREAK_C1_LOW,MODERATE,2025-11-06 10:30:00+05:30,2025-11-06 10:45:00+05:30,1426.3146555908204,1438.0817514994449,1407.4873021370215,2025-11-06 14:26:00+05:30,1407.4873021370215,TARGET,5.800000000000018,6.600000000000017,27.43954849243164,15.91474723815918,2.507237434387207,2.021052152308325,4.074317135721725,0.003816000835568839,0.6215932273864746,12.65,1438.0817514994449,1.1600000000000035,1.3200000000000034,50000.0,5.0,250000.0,2900.0000000000086,3300.0000000000086
2025-11-06,JTLIND,SHORT,A_MOD_BREAK_C1_LOW,MODERATE,2025-11-06 10:30:00+05:30,2025-11-06 10:45:00+05:30,61.92000122070313,62.430841230773936,61.102657204589846,2025-11-06 10:46:00+05:30,61.102657204589846,TARGET,5.800000000000004,6.600000000000003,53.716392517089844,6.845207691192627,4.227575302124023,1.899069364674763,5.5353711845805185,0.006963306228965304,0.9423371388180835,12.65,62.430841230773936,1.1600000000000008,1.3200000000000007,50000.0,5.0,250000.0,2900.000000000002,3300.000000000002
2025-11-06,TATAELXSI,SHORT,A_MOD_BREAK_C1_LOW,MODERATE,2025-11-06 10:30:00+05:30,2025-11-06 10:45:00+05:30,5253.949,5297.29407925,5184.5968732,2025-11-06 15:30:00+05:30,5227.5,EOD,1.7170590730895576,2.5170590730895577,41.95249557495117,16.269378662109375,1.9125683307647705,2.15063809038831,4.152443068689509,0.004002990504880954,0.8392874336242675,12.65,5297.29407925,0.34341181461791154,0.5034118146179115,50000.0,5.0,250000.0,858.5295365447789,1258.529536544779
2025-11-06,MGL,SHORT,A_MOD_BREAK_C1_LOW,MODERATE,2025-11-06 11:00:00+05:30,2025-11-06 11:15:00+05:30,1242.4514111816407,1252.7016353238894,1226.051052554043,2025-11-06 14:11:00+05:30,1226.051052554043,TARGET,5.799999999999978,6.5999999999999766,42.90137481689453,17.7844295501709,4.645434856414795,2.1217945136582776,3.5906292449350934,0.0035165515547246886,0.853520622253418,12.65,1252.7016353238894,1.1599999999999955,1.3199999999999954,50000.0,5.0,250000.0,2899.9999999999886,3299.9999999999886
2025-11-06,LTF,SHORT,A_MOD_BREAK_C1_LOW,MODERATE,2025-11-06 11:30:00+05:30,2025-11-06 11:45:00+05:30,274.2951361022949,276.5580709751389,270.6744403057446,2025-11-06 14:47:00+05:30,276.5580709751389,SL,-4.925000000000068,-4.125000000000068,33.48234558105469,29.564420700073242,7.445135593414307,2.1321511348379594,2.824102599708388,0.0050360156505575675,0.7122351837158203,12.65,276.5580709751389,-0.9850000000000136,-0.8250000000000137,50000.0,5.0,250000.0,-2462.500000000034,-2062.5000000000346
2025-11-06,CHEMCON,SHORT,A_MOD_BREAK_C1_LOW,MODERATE,2025-11-06 12:00:00+05:30,2025-11-06 12:15:00+05:30,234.95,236.8883375,231.84866,2025-11-06 15:15:00+05:30,231.84866,TARGET,5.7999999999999865,6.599999999999985,33.6929817199707,25.60515785217285,6.680233478546143,1.5354956005822662,2.5291493651600825,0.008282670061639014,0.6341064559014571,12.65,236.8883375,1.1599999999999973,1.3199999999999972,50000.0,5.0,250000.0,2899.999999999993,3299.999999999993
2025-11-06,TRACXN,SHORT,A_MOD_BREAK_C1_LOW,MODERATE,2025-11-06 12:15:00+05:30,2025-11-06 12:30:00+05:30,49.0499984741211,49.4546609615326,48.4025384942627,2025-11-06 12:34:00+05:30,48.4025384942627,TARGET,5.799999999999982,6.599999999999982,42.414241790771484,26.47245979309082,14.730643272399902,1.0180637709171085,2.5416738712063127,0.012498180451551483,0.6743747867720662,12.65,49.4546609615326,1.1599999999999964,1.3199999999999963,50000.0,5.0,250000.0,2899.999999999991,3299.999999999991
2025-11-07,ABREL,SHORT,A_MOD_BREAK_C1_LOW,MODERATE,2025-11-07 10:00:00+05:30,2025-11-07 10:15:00+05:30,1775.3448111816406,1789.7135258164867,1752.3548677658866,2025-11-07 10:44:00+05:30,1789.7135258164867,SL,-4.846739130434765,-4.046739130434765,33.20859146118164,20.1589412689209,11.405699729919434,0.9956953883811721,3.2702976422395804,0.004910479776640834,0.5323755648844297,12.41,1789.7135258164867,-0.969347826086953,-0.809347826086953,50000.0,5.0,250000.0,-2423.369565217383,-2023.3695652173826
2025-11-07,SUPREMEIND,SHORT,A_MOD_BREAK_C1_LOW,MODERATE,2025-11-07 10:00:00+05:30,2025-11-07 10:15:00+05:30,3803.2392,3834.020633786087,3753.9889059422608,2025-11-07 14:38:00+05:30,3834.020633786087,SL,-4.8467391304347665,-4.046739130434767,27.234079360961914,23.188549041748047,12.955462455749512,0.6687677673667113,2.851486377193959,0.003167712726051499,0.38554554970360316,12.41,3834.020633786087,-0.9693478260869532,-0.8093478260869533,50000.0,5.0,250000.0,-2423.3695652173833,-2023.3695652173835
2025-11-10,MEDANTA,SHORT,A_MOD_BREAK_C1_LOW,MODERATE,2025-11-10 10:00:00+05:30,2025-11-10 10:15:00+05:30,1192.7614,1202.5316716417392,1177.1289653732176,2025-11-10 10:40:00+05:30,1177.1289653732176,TARGET,5.75304347826081,6.55304347826081,29.74791145324707,14.928071022033691,6.8771281242370605,2.0728085570422725,5.508179051658979,0.007226684167419076,0.656218671798706,12.56,1202.5316716417392,1.1506086956521622,1.310608695652162,50000.0,5.0,250000.0,2876.5217391304054,3276.5217391304054
2025-11-10,SHK,SHORT,A_MOD_BREAK_C1_LOW,MODERATE,2025-11-10 10:00:00+05:30,2025-11-10 10:15:00+05:30,192.97999877929686,194.5607566823412,190.45078613442595,2025-11-10 11:08:00+05:30,190.45078613442595,TARGET,5.753043478260834,6.553043478260834,28.41571807861328,10.212966918945312,3.628000497817993,1.56683151803462,6.311653896591325,0.014663554119002,0.5604312868352577,12.56,194.5607566823412,1.1506086956521668,1.3106086956521668,50000.0,5.0,250000.0,2876.521739130417,3276.521739130417
2025-11-10,GANECOS,SHORT,A_MOD_BREAK_C1_LOW,MODERATE,2025-11-10 10:30:00+05:30,2025-11-10 10:45:00+05:30,1078.9841111816406,1087.8223984227982,1064.8428515957887,2025-11-10 10:48:00+05:30,1064.8428515957887,TARGET,5.753043478260874,6.553043478260873,61.98774719238281,10.641676902770996,20.841548919677734,1.5926349691483785,4.119705667415013,0.01295223429991886,0.8887111196009663,12.56,1087.8223984227982,1.1506086956521748,1.3106086956521747,50000.0,5.0,250000.0,2876.521739130437,3276.521739130437
2025-11-10,KAMATHOTEL,SHORT,A_MOD_BREAK_C1_LOW,MODERATE,2025-11-10 10:30:00+05:30,2025-11-10 10:45:00+05:30,230.0500061035156,231.93441571872876,227.0349507191746,2025-11-10 10:46:00+05:30,227.0349507191746,TARGET,5.753043478260854,6.553043478260854,43.307865142822266,8.778841972351074,8.27351188659668,1.3856748725285601,5.452975361558167,0.024410913825529852,0.752111079834832,12.56,231.93441571872876,1.1506086956521708,1.3106086956521708,50000.0,5.0,250000.0,2876.521739130427,3276.521739130427
2025-11-10,SURYODAY,SHORT,A_MOD_BREAK_C1_LOW,MODERATE,2025-11-10 12:00:00+05:30,2025-11-10 12:15:00+05:30,138.89999694824218,140.03776909715734,137.0795615099779,2025-11-10 13:12:00+05:30,137.0795615099779,TARGET,5.753043478260881,6.55304347826088,28.494110107421875,27.101524353027344,3.692857027053833,2.197891786768327,2.4265249827597017,0.007004113506070144,0.6374116516113282,12.56,140.03776909715734,1.1506086956521762,1.310608695652176,50000.0,5.0,250000.0,2876.5217391304404,3276.52173913044
2025-11-10,THERMAX,SHORT,A_PULLBACK_C2_THEN_BREAK_C2_LOW,MODERATE,2025-11-10 12:00:00+05:30,2025-11-10 12:30:00+05:30,3139.5719111816406,3165.2891002280157,3098.424408707441,2025-11-10 15:30:00+05:30,3138.0,EOD,-0.5496615420652964,0.2503384579347035,33.96635818481445,28.280746459960938,9.036494255065918,1.4519561456225483,2.3067423987860756,0.003864371866224049,0.6235876982561628,12.56,3165.2891002280157,-0.10993230841305927,0.0500676915869407,50000.0,5.0,250000.0,-274.8307710326482,125.16922896735176
2025-11-10,CHAMBLFERT,SHORT,A_MOD_BREAK_C1_LOW,MODERATE,2025-11-10 12:15:00+05:30,2025-11-10 12:30:00+05:30,470.20592779541016,474.0575276561343,464.04336801825156,2025-11-10 15:30:00+05:30,469.0,EOD,0.4823400600926381,1.282340060092638,28.764028549194336,27.205493927001953,9.31589126586914,1.3919454720809206,1.9851472369885028,0.005125898193733092,0.5343082477015013,12.56,474.0575276561343,0.09646801201852762,0.2564680120185276,50000.0,5.0,250000.0,241.17003004631903,641.170030046319
2025-11-10,TRENT,SHORT,A_MOD_BREAK_C1_LOW,MODERATE,2025-11-10 12:15:00+05:30,2025-11-10 12:30:00+05:30,4285.1428,4320.243708848695,4228.981345842087,2025-11-10 15:30:00+05:30,4284.0,EOD,-0.6666555522957571,0.13334444770424275,69.6452407836914,10.667664527893066,4.476406097412109,1.457462768135701,2.925785505409906,0.009904723982463927,0.8650559844237475,12.56,4320.243708848695,-0.13333111045915141,0.026668889540848548,50000.0,5.0,250000.0,-333.3277761478785,66.67222385212138
2025-11-10,ACI,SHORT,A_MOD_BREAK_C1_LOW,MODERATE,2025-11-10 12:30:00+05:30,2025-11-10 12:45:00+05:30,632.7234055908203,637.9062355740077,624.4308776177205,2025-11-10 14:33:00+05:30,637.9062355740077,SL,-4.895652173913023,-4.095652173913023,26.9460391998291,31.531631469726562,46.40452194213867,1.112269629201969,1.7059921452735545,0.0049605472824043794,0.4441373803714588,12.56,637.9062355740077,-0.9791304347826046,-0.8191304347826046,50000.0,5.0,250000.0,-2447.8260869565115,-2047.8260869565115
2025-11-10,ARVINDFASN,SHORT,A_MOD_BREAK_C1_LOW,MODERATE,2025-11-10 13:00:00+05:30,2025-11-10 13:15:00+05:30,504.94897779541014,509.08516855265606,498.33107258381676,2025-11-10 15:30:00+05:30,501.0,EOD,3.1102740762554317,3.9102740762554316,29.226791381835938,32.1953125,8.440360069274902,1.7370624222837747,2.1846738805273587,0.004681880439912925,0.6023877946271996,12.56,509.08516855265606,0.6220548152510863,0.7820548152510863,50000.0,5.0,250000.0,1555.1370381277156,1955.1370381277159
2025-11-10,SUNCLAY,SHORT,A_MOD_BREAK_C1_LOW,MODERATE,2025-11-10 13:15:00+05:30,2025-11-10 13:30:00+05:30,1414.717,1426.3053775130436,1396.1755959791305,2025-11-10 14:42:00+05:30,1426.3053775130436,SL,-4.895652173913049,-4.09565217391305,51.79761505126953,18.88002586364746,4.196963787078857,3.5280793680237403,4.469095380793664,0.005734482755088133,0.96,12.56,1426.3053775130436,-0.97913043478261,-0.8191304347826099,50000.0,5.0,250000.0,-2447.826086956525,-2047.826086956525
2025-11-11,UTIAMC,SHORT,A_MOD_BREAK_C1_LOW,MODERATE,2025-11-11 10:30:00+05:30,2025-11-11 10:45:00+05:30,1178.1643444091796,1187.6152714328098,1163.0428611713714,2025-11-11 15:30:00+05:30,1173.4000244140625,EOD,1.2219250470978806,2.0219250470978807,25.850339889526367,21.74864959716797,5.062276363372803,1.514751781422643,3.4017334825158634,0.003968261479320316,0.5128366600918581,12.3,1187.6152714328098,0.24438500941957614,0.4043850094195761,50000.0,5.0,250000.0,610.9625235489403,1010.9625235489403
2025-11-11,AVANTIFEED,LONG,B_HUGE_GREEN_PULLBACK_HOLD_THEN_BREAK,HUGE,2025-11-11 10:15:00+05:30,2025-11-11 11:15:00+05:30,722.4444477905273,716.6491868941207,734.0349695833406,2025-11-11 11:52:00+05:30,734.0349695833406,TARGET,7.221739130434837,8.021739130434836,31.057825088500977,82.64611053466797,82.91351318359375,1.5183910480850789,4.1836509899164165,0.006329363584518433,7.912603102003392,12.3,716.6491868941207,1.4443478260869673,1.6043478260869672,100000.0,5.0,500000.0,7221.739130434837,8021.739130434837
2025-11-11,ORIENTCEM,SHORT,A_MOD_BREAK_C1_LOW,MODERATE,2025-11-11 11:15:00+05:30,2025-11-11 11:30:00+05:30,192.0500061035156,193.5905811524764,189.58508602517833,2025-11-11 15:30:00+05:30,191.17999267578125,EOD,1.465070034065564,2.265070034065564,49.1408805847168,15.265877723693848,5.355248928070068,2.027572247548162,3.5233905319664687,0.005629203990573244,0.9471132087707519,12.3,193.5905811524764,0.2930140068131128,0.45301400681311277,50000.0,5.0,250000.0,732.535017032782,1132.535017032782
2025-11-11,BAJAJCON,SHORT,A_MOD_BREAK_C1_LOW,MODERATE,2025-11-11 12:30:00+05:30,2025-11-11 12:45:00+05:30,284.34311389770505,286.6240401809279,280.6936318445484,2025-11-11 13:17:00+05:30,280.6936318445484,TARGET,5.617391304347851,6.417391304347851,48.32835006713867,21.174251556396484,7.926153182983398,1.8774418886671973,1.9841173232348457,0.013603047134805877,0.9126834476855819,12.3,286.6240401809279,1.1234782608695704,1.2834782608695703,50000.0,5.0,250000.0,2808.6956521739257,3208.6956521739257
2025-11-11,DEVYANI,SHORT,A_MOD_BREAK_C1_LOW,MODERATE,2025-11-11 13:15:00+05:30,2025-11-11 13:30:00+05:30,142.59999389648436,143.74389384752354,140.76975397482167,2025-11-11 14:00:00+05:30,140.76975397482167,TARGET,5.617391304347797,6.417391304347797,38.68228530883789,19.68074607849121,3.88944149017334,4.171128066938785,3.948264251487869,0.004142548989614255,0.7902342796325683,12.3,143.74389384752354,1.1234782608695595,1.2834782608695594,50000.0,5.0,250000.0,2808.6956521738985,3208.6956521738985
2025-11-11,AWFIS,LONG,B_HUGE_GREEN_PULLBACK_HOLD_THEN_BREAK,HUGE,2025-11-11 11:45:00+05:30,2025-11-11 13:45:00+05:30,628.7256955810547,623.6822220665023,638.8126426101594,2025-11-11 14:02:00+05:30,638.8126426101594,TARGET,7.221739130434784,8.021739130434785,56.826263427734375,78.40007781982422,80.32754516601562,1.7935032837080356,3.0848310807561905,0.00818388207392389,7.457112414673737,12.3,623.6822220665023,1.4443478260869569,1.6043478260869568,100000.0,5.0,500000.0,7221.739130434784,8021.739130434785
2025-11-12,GREAVESCOT,LONG,B_HUGE_GREEN_PULLBACK_HOLD_THEN_BREAK,HUGE,2025-11-12 11:15:00+05:30,2025-11-12 12:30:00+05:30,214.7100036621094,212.96105065401824,218.20790967829166,2025-11-12 15:14:00+05:30,212.96105065401824,SL,-4.872826086956545,-4.072826086956546,33.100467681884766,80.64906311035156,84.17376708984375,2.004492722174056,4.045466059782263,0.00877707051083298,8.398366439874131,12.49,212.96105065401824,-0.9745652173913091,-0.8145652173913092,100000.0,5.0,500000.0,-4872.826086956546,-4072.826086956546
2025-11-12,TITAN,LONG,B_HUGE_GREEN_PULLBACK_HOLD_THEN_BREAK,HUGE,2025-11-12 11:15:00+05:30,2025-11-12 12:45:00+05:30,3870.5740088378907,3839.045659248509,3933.6307080166544,2025-11-12 15:24:00+05:30,3839.045659248509,SL,-4.872826086956541,-4.072826086956541,38.87248229980469,77.67375183105469,92.07294464111328,1.660619517162865,3.5515421329810164,0.0033602626315371188,7.446216659450954,12.49,3839.045659248509,-0.9745652173913082,-0.8145652173913082,100000.0,5.0,500000.0,-4872.826086956541,-4072.8260869565406
2025-11-13,HONASA,LONG,A_MOD_BREAK_C1_HIGH,MODERATE,2025-11-13 11:30:00+05:30,2025-11-13 11:45:00+05:30,300.06,297.6901783043478,304.79964339130436,2025-11-13 12:01:00+05:30,297.6901783043478,SL,-4.748913043478313,-3.9489130434783135,51.14640808105469,71.18914031982422,60.143577575683594,0.4109050484852691,2.0063805430968156,0.016267324627970974,4.358374818831651,12.11,297.6901783043478,-0.9497826086956627,-0.7897826086956627,100000.0,5.0,500000.0,-4748.913043478314,-3948.9130434783137
2025-11-13,DEVYANI,SHORT,A_MOD_BREAK_C1_LOW,MODERATE,2025-11-13 11:45:00+05:30,2025-11-13 12:00:00+05:30,140.59999389648436,141.71042819610594,138.82329901708982,2025-11-13 13:19:00+05:30,138.82329901708982,TARGET,5.51826086956525,6.31826086956525,27.49830436706543,24.057493209838867,2.676175355911255,1.9501711316866135,2.5492245537099936,0.004667861713131295,0.6137545135511389,12.11,141.71042819610594,1.10365217391305,1.26365217391305,50000.0,5.0,250000.0,2759.130434782625,3159.130434782625
2025-11-13,ROHLTD,SHORT,A_MOD_BREAK_C1_LOW,MODERATE,2025-11-13 11:45:00+05:30,2025-11-13 12:00:00+05:30,429.96397779541013,433.3597585156943,424.5307286429554,2025-11-13 12:19:00+05:30,424.5307286429554,TARGET,5.518260869565248,6.318260869565248,38.419742584228516,28.403240203857422,14.691975593566895,1.1795955831541423,2.3637409609689763,0.00905699906935548,0.6427253658154026,12.11,433.3597585156943,1.1036521739130496,1.2636521739130495,50000.0,5.0,250000.0,2759.130434782624,3159.130434782624
2025-11-13,HCG,SHORT,A_MOD_BREAK_C1_LOW,MODERATE,2025-11-13 13:45:00+05:30,2025-11-13 14:00:00+05:30,729.10415,734.8624877759783,719.8908095584347,2025-11-13 14:40:00+05:30,734.8624877759783,SL,-4.748913043478252,-3.9489130434782522,29.816286087036133,31.078651428222656,20.52222442626953,2.5183470822344414,2.8782593819336793,0.0031232703664000184,0.6572442913055419,12.11,734.8624877759783,-0.9497826086956505,-0.7897826086956504,50000.0,5.0,250000.0,-2374.4565217391264,-1974.4565217391262
2025-11-14,AGARIND,SHORT,A_MOD_BREAK_C1_LOW,MODERATE,2025-11-14 10:00:00+05:30,2025-11-14 10:15:00+05:30,811.6376277954101,818.074267069753,801.3390049564617,2025-11-14 10:45:00+05:30,818.074267069753,SL,-4.765217391304414,-3.9652173913044138,35.44210433959961,30.51502227783203,9.42434310913086,0.5470352481127738,2.5258024825451932,0.010285786475367036,0.48736273351372955,12.16,818.074267069753,-0.9530434782608828,-0.7930434782608827,50000.0,5.0,250000.0,-2382.6086956522067,-1982.6086956522067
2025-11-14,ESCORTS,SHORT,A_MOD_BREAK_C1_LOW,MODERATE,2025-11-14 10:00:00+05:30,2025-11-14 10:15:00+05:30,3549.3900776367186,3577.5382841654555,3504.3529471907405,2025-11-14 15:30:00+05:30,3555.0,EOD,-1.5902656851704255,-0.7902656851704258,25.744916915893555,29.184419631958008,6.531142711639404,1.1184393496640508,3.141901954047855,0.004053298585543002,0.4419006399296122,12.16,3577.5382841654555,-0.3180531370340851,-0.15805313703408516,50000.0,5.0,250000.0,-795.1328425852128,-395.13284258521287
2025-11-17,SAKSOFT,LONG,B_HUGE_GREEN_PULLBACK_HOLD_THEN_BREAK,HUGE,2025-11-17 10:00:00+05:30,2025-11-17 11:00:00+05:30,212.79000549316407,211.13301897212818,216.10397853523585,2025-11-17 11:29:00+05:30,216.10397853523585,TARGET,6.986956521739086,7.786956521739086,32.111507415771484,88.05748748779297,89.92807006835938,1.6584133598086166,5.3467810972297665,0.008281671775961822,9.102230305916457,11.94,211.13301897212818,1.3973913043478172,1.5573913043478171,100000.0,5.0,500000.0,6986.9565217390855,7786.9565217390855
2025-11-17,EMAMILTD,SHORT,A_MOD_BREAK_C1_LOW,MODERATE,2025-11-17 11:00:00+05:30,2025-11-17 11:15:00+05:30,518.9461777954101,522.9871891190257,512.4805596776251,2025-11-17 13:47:00+05:30,522.9871891190257,SL,-4.693478260869634,-3.8934782608696343,43.25676345825195,50.4212760925293,41.21563720703125,0.38165200993415027,0.012726456056295852,0.0054955737316441985,0.4762768764150704,11.94,522.9871891190257,-0.9386956521739269,-0.7786956521739269,50000.0,5.0,250000.0,-2346.7391304348175,-1946.7391304348173
2025-11-17,GABRIEL,SHORT,A_MOD_BREAK_C1_LOW,MODERATE,2025-11-17 11:30:00+05:30,2025-11-17 11:45:00+05:30,1046.2907,1054.43812019,1033.254827696,2025-11-17 11:47:00+05:30,1033.254827696,TARGET,5.429565217391364,6.229565217391363,79.58643341064453,8.943312644958496,3.152998208999634,2.0987011875767467,4.4656661920538685,0.013505782101161422,0.96,11.94,1054.43812019,1.0859130434782727,1.2459130434782726,50000.0,5.0,250000.0,2714.7826086956816,3114.7826086956816
2025-11-17,LICI,LONG,A_MOD_BREAK_C1_HIGH,MODERATE,2025-11-17 11:30:00+05:30,2025-11-17 11:45:00+05:30,915.4830477905274,908.3542211009933,929.7407011695955,2025-11-17 15:30:00+05:30,916.0,EOD,-0.5176615062833524,0.28233849371664754,32.44475173950195,66.25106048583984,82.44324493408203,0.8888077428252437,1.8678420592637681,0.002841527084183823,4.307436719318885,11.94,908.3542211009933,-0.10353230125667047,0.056467698743329506,100000.0,5.0,500000.0,-517.6615062833523,282.3384937166475
2025-11-17,FINEORG,LONG,B_HUGE_GREEN_PULLBACK_HOLD_THEN_BREAK,HUGE,2025-11-17 10:45:00+05:30,2025-11-17 13:15:00+05:30,4607.9214,4572.039716402609,4679.684767194783,2025-11-17 15:30:00+05:30,4590.0,EOD,-2.744629524279665,-1.944629524279665,39.419612884521484,77.70844268798828,87.34637451171875,1.592076600548444,3.779424861954994,0.0053556606164495,7.433842601237753,11.94,4572.039716402609,-0.548925904855933,-0.388925904855933,100000.0,5.0,500000.0,-2744.629524279665,-1944.6295242796648
2025-11-17,ISGEC,LONG,B_HUGE_GREEN_PULLBACK_HOLD_THEN_BREAK,HUGE,2025-11-17 12:30:00+05:30,2025-11-17 13:30:00+05:30,893.6787,886.7196628186957,907.5967743626087,2025-11-17 15:30:00+05:30,891.0,EOD,-2.298692986640528,-1.498692986640528,36.75071334838867,66.10250091552734,47.01983642578125,1.915612749931884,1.8587675656051863,0.005098330074720167,5.693763878769597,11.94,886.7196628186957,-0.45973859732810557,-0.2997385973281056,100000.0,5.0,500000.0,-2298.6929866405276,-1498.692986640528
2025-11-18,CEMPRO,SHORT,A_MOD_BREAK_C1_LOW,MODERATE,2025-11-18 10:00:00+05:30,2025-11-18 10:15:00+05:30,808.9881944091796,815.2086101561911,799.0355292139614,2025-11-18 15:29:00+05:30,799.0355292139614,TARGET,5.351304347826065,6.1513043478260645,25.405763626098633,28.523448944091797,3.7634780406951904,1.4468472097684844,3.431560781921236,0.00755964822701445,0.4942847161009642,11.79,815.2086101561911,1.070260869565213,1.2302608695652129,50000.0,5.0,250000.0,2675.652173913032,3075.652173913032
2025-11-18,DBREALTY,SHORT,A_MOD_BREAK_C1_LOW,MODERATE,2025-11-18 10:00:00+05:30,2025-11-18 10:15:00+05:30,137.95,139.01071554347826,136.25285513043477,2025-11-18 10:38:00+05:30,139.01071554347826,SL,-4.644565217391326,-3.8445652173913265,41.13581848144531,15.53936767578125,1.713304042816162,1.3860493853646807,4.628938820234896,0.006941003643948099,0.7195959196604989,11.79,139.01071554347826,-0.9289130434782653,-0.7689130434782653,50000.0,5.0,250000.0,-2322.2826086956634,-1922.2826086956634
2025-11-18,HIRECT,SHORT,A_MOD_BREAK_C1_LOW,MODERATE,2025-11-18 10:00:00+05:30,2025-11-18 10:15:00+05:30,1522.7953555908202,1534.5043277054392,1504.06100020743,2025-11-18 15:30:00+05:30,1520.4000244140625,EOD,-0.013508509871838215,0.7864914901281617,26.234731674194336,24.647703170776367,6.871406078338623,1.132453626595768,3.1984632684452503,0.004429709411101685,0.45170035976717443,11.79,1534.5043277054392,-0.002701701974367643,0.15729829802563233,50000.0,5.0,250000.0,-6.754254935919107,393.24574506408084
2025-11-18,IGL,SHORT,A_MOD_BREAK_C1_LOW,MODERATE,2025-11-18 10:00:00+05:30,2025-11-18 10:15:00+05:30,209.5500061035156,211.16126343305504,206.97199437625255,2025-11-18 15:30:00+05:30,208.35000610351562,EOD,2.0632783704315445,2.8632783704315443,25.7987060546875,31.379236221313477,18.73200035095215,1.0891626458587829,1.8919421451976568,0.004104102347915959,0.4321811611054823,11.79,211.16126343305504,0.41265567408630893,0.5726556740863089,50000.0,5.0,250000.0,1031.6391852157724,1431.6391852157724
2025-11-18,GOKULAGRO,LONG,A_MOD_BREAK_C1_HIGH,MODERATE,2025-11-18 10:15:00+05:30,2025-11-18 10:30:00+05:30,214.9499938964844,213.2972153564586,218.25555097653597,2025-11-18 12:10:00+05:30,218.25555097653597,TARGET,6.889130434782603,7.6891304347826015,35.265201568603516,81.5151138305664,82.57217407226562,1.2913714861761219,3.6013920256893446,0.014464930972228176,6.93366406704876,11.79,213.2972153564586,1.3778260869565204,1.5378260869565203,100000.0,5.0,500000.0,6889.130434782603,7689.130434782602
2025-11-18,NATIONALUM,SHORT,A_MOD_BREAK_C1_LOW,MODERATE,2025-11-18 10:15:00+05:30,2025-11-18 10:30:00+05:30,255.52888583068847,257.4936807636953,252.38521393787752,2025-11-18 11:19:00+05:30,257.4936807636953,SL,-4.644565217391287,-3.8445652173912874,32.00758361816406,27.535791397094727,17.734651565551758,1.0926474268129682,3.1086283474987684,0.0056526183543560305,0.5313270539647303,11.79,257.4936807636953,-0.9289130434782575,-0.7689130434782575,50000.0,5.0,250000.0,-2322.282608695644,-1922.2826086956438
2025-11-18,SAMHI,LONG,A_MOD_BREAK_C1_HIGH,MODERATE,2025-11-18 11:00:00+05:30,2025-11-18 11:15:00+05:30,186.71999816894532,185.28428374824193,189.5914270103521,2025-11-18 13:57:00+05:30,189.5914270103521,TARGET,6.889130434782613,7.689130434782613,30.2850284576416,62.567264556884766,72.53961181640625,1.0290981031912059,1.2949173713884559,0.006564490343486698,3.8216242497243917,11.79,185.28428374824193,1.3778260869565226,1.5378260869565226,100000.0,5.0,500000.0,6889.130434782613,7689.130434782613
2025-11-18,SENCO,SHORT,A_MOD_BREAK_C1_LOW,MODERATE,2025-11-18 11:30:00+05:30,2025-11-18 11:45:00+05:30,323.0353861022949,325.5192473210858,319.0612081522295,2025-11-18 15:30:00+05:30,321.54998779296875,EOD,1.499126308186859,2.299126308186859,28.620180130004883,20.193374633789062,7.724151134490967,1.5860782149646233,2.856257872450792,0.004903256211610627,0.5668663895688824,11.79,325.5192473210858,0.29982526163737183,0.4598252616373718,50000.0,5.0,250000.0,749.5631540934296,1149.5631540934296
2025-11-19,FINPIPE,SHORT,A_MOD_BREAK_C1_LOW,MODERATE,2025-11-19 10:30:00+05:30,2025-11-19 10:45:00+05:30,181.2,182.62990434782608,178.91215304347824,2025-11-19 15:10:00+05:30,182.62990434782608,SL,-4.745652173913068,-3.9456521739130674,43.73249053955078,11.50696086883545,8.105711936950684,2.272478146491702,4.735869993088356,0.0031921146655904836,0.8659873580932615,12.1,182.62990434782608,-0.9491304347826135,-0.7891304347826135,50000.0,5.0,250000.0,-2372.826086956534,-1972.8260869565336
2025-11-19,COHANCE,SHORT,A_MOD_BREAK_C1_LOW,MODERATE,2025-11-19 10:45:00+05:30,2025-11-19 11:00:00+05:30,575.9847555908203,580.5300265968957,568.7123219810996,2025-11-19 11:14:00+05:30,580.5300265968957,SL,-4.74565217391304,-3.9456521739130395,26.74416160583496,15.272950172424316,2.5957651138305664,2.0118784205403837,4.2109928299817145,0.007175064874316674,0.6111624240875244,12.1,580.5300265968957,-0.949130434782608,-0.7891304347826079,50000.0,5.0,250000.0,-2372.8260869565197,-1972.8260869565197
2025-11-20,WCIL,SHORT,A_MOD_BREAK_C1_LOW,MODERATE,2025-11-20 10:15:00+05:30,2025-11-20 10:30:00+05:30,116.14999694824219,117.05672442441859,114.69923298635997,2025-11-20 11:44:00+05:30,114.69923298635997,TARGET,5.445217391304342,6.245217391304342,33.82672119140625,15.054207801818848,2.066462278366089,1.4806611821741433,3.1357569055485945,0.007825189839464928,0.6265165247515689,11.97,117.05672442441859,1.0890434782608684,1.2490434782608684,50000.0,5.0,250000.0,2722.608695652171,3122.6086956521713
2025-11-20,SWARAJENG,SHORT,A_MOD_BREAK_C1_LOW,MODERATE,2025-11-20 11:15:00+05:30,2025-11-20 11:30:00+05:30,3681.363677636719,3710.1023232158354,3635.381844710133,2025-11-20 11:31:00+05:30,3635.381844710133,TARGET,5.445217391304338,6.245217391304338,30.747507095336914,27.761459350585938,10.443573951721191,1.6660715974653182,3.274886930042483,0.007259612320198367,0.6127751359864844,11.97,3710.1023232158354,1.0890434782608676,1.2490434782608675,50000.0,5.0,250000.0,2722.6086956521685,3122.6086956521685
2025-11-20,SAGCEM,SHORT,A_PULLBACK_C2_THEN_BREAK_C2_LOW,MODERATE,2025-11-20 12:30:00+05:30,2025-11-20 13:00:00+05:30,216.86000366210936,218.55292599504554,214.1513279294115,2025-11-20 15:30:00+05:30,216.25,EOD,0.6064457525782705,1.4064457525782703,27.899497985839844,39.065284729003906,21.207862854003906,0.9875279354096913,1.3501137423034772,0.0043632316674878414,0.4188155455994675,11.97,218.55292599504554,0.12128915051565409,0.28128915051565406,50000.0,5.0,250000.0,303.22287628913523,703.2228762891352
2025-11-20,DCXINDIA,SHORT,A_MOD_BREAK_C1_LOW,MODERATE,2025-11-20 14:00:00+05:30,2025-11-20 14:15:00+05:30,195.75999755859374,197.28820223518704,193.31487007604449,2025-11-20 15:30:00+05:30,194.25,EOD,3.056757196121682,3.8567571961216816,26.67034339904785,30.05807876586914,11.535248756408691,1.8051386251903314,1.9722392139363145,0.004675662335084409,0.5745663710908415,11.97,197.28820223518704,0.6113514392243364,0.7713514392243364,50000.0,5.0,250000.0,1528.3785980608411,1928.378598060841
2025-11-21,JSWENERGY,SHORT,A_MOD_BREAK_C1_LOW,MODERATE,2025-11-21 10:00:00+05:30,2025-11-21 10:15:00+05:30,494.0011861022949,497.9123867974787,487.7432649900008,2025-11-21 12:59:00+05:30,487.7432649900008,TARGET,5.5339130434782735,6.333913043478273,45.34139633178711,14.42117691040039,1.7046297788619995,1.7884060589646948,4.256457866531498,0.0055183944898198,0.8530920052956281,12.14,497.9123867974787,1.1067826086956547,1.2667826086956546,50000.0,5.0,250000.0,2766.956521739137,3166.9565217391364
2025-11-21,KHAICHEM,SHORT,A_MOD_BREAK_C1_LOW,MODERATE,2025-11-21 10:00:00+05:30,2025-11-21 10:15:00+05:30,88.95,89.65425195652173,87.82319686956522,2025-11-21 13:16:00+05:30,89.65425195652173,SL,-4.758695652173865,-3.9586956521738643,26.285154342651367,20.440099716186523,6.834103107452393,1.4654864602890956,3.842798420066136,0.005023526349824659,0.5107374456903622,12.14,89.65425195652173,-0.9517391304347729,-0.7917391304347728,50000.0,5.0,250000.0,-2379.3478260869324,-1979.3478260869322
2025-11-21,NIACL,SHORT,A_MOD_BREAK_C1_LOW,MODERATE,2025-11-21 10:00:00+05:30,2025-11-21 10:15:00+05:30,175.5000030517578,176.8895052498328,173.2767995348378,2025-11-21 15:30:00+05:30,174.02999877929688,EOD,3.388046287461882,4.188046287461882,27.51491928100586,26.772438049316406,3.469050645828247,1.2484794414506124,2.880211385172113,0.0033475011750814182,0.4912076914689451,12.14,176.8895052498328,0.6776092574923764,0.8376092574923764,50000.0,5.0,250000.0,1694.023143730941,2094.023143730941
2025-11-21,PRAKASH,SHORT,A_MOD_BREAK_C1_LOW,MODERATE,2025-11-21 10:00:00+05:30,2025-11-21 10:15:00+05:30,135.6700012207031,136.74415370862877,133.95135724002208,2025-11-21 10:40:00+05:30,133.95135724002208,TARGET,5.533913043478228,6.333913043478228,34.41693115234375,21.31165313720703,1.6757299900054932,0.9418161764598251,4.232179006788774,0.004639179068599267,0.5410717981656257,12.14,136.74415370862877,1.1067826086956456,1.2667826086956455,50000.0,5.0,250000.0,2766.9565217391137,3166.956521739114
2025-11-21,RHIM,SHORT,A_MOD_BREAK_C1_LOW,MODERATE,2025-11-21 10:00:00+05:30,2025-11-21 10:15:00+05:30,465.85682220458983,469.5451929577835,459.95542899947986,2025-11-21 12:53:00+05:30,469.5451929577835,SL,-4.758695652173859,-3.9586956521738594,43.28087615966797,17.94473648071289,4.265780925750732,1.2941298959511598,3.6342076694099106,0.004673044940700197,0.7356858741864725,12.14,469.5451929577835,-0.9517391304347718,-0.7917391304347718,50000.0,5.0,250000.0,-2379.347826086929,-1979.3478260869294
2025-11-21,SANDHAR,SHORT,A_MOD_BREAK_C1_LOW,MODERATE,2025-11-21 10:00:00+05:30,2025-11-21 10:15:00+05:30,533.4432777954102,537.6667569643903,526.6857111250418,2025-11-21 12:03:00+05:30,526.6857111250418,TARGET,5.533913043478274,6.333913043478274,30.700363159179688,35.0805778503418,38.00008010864258,1.0198950022206588,1.5287825009144305,0.0057763536090891425,0.4754261978220321,12.14,537.6667569643903,1.106782608695655,1.2667826086956548,50000.0,5.0,250000.0,2766.9565217391373,3166.956521739137
2025-11-21,GABRIEL,SHORT,A_MOD_BREAK_C1_LOW,MODERATE,2025-11-21 10:15:00+05:30,2025-11-21 10:30:00+05:30,1023.9951111816406,1032.1024811706047,1011.0233191992979,2025-11-21 11:46:00+05:30,1032.1024811706047,SL,-4.758695652173879,-3.958695652173879,29.979990005493164,25.899682998657227,9.055778503417969,1.1504950860915826,4.004244901406636,0.007087191178319979,0.5110364901484243,12.14,1032.1024811706047,-0.9517391304347758,-0.7917391304347758,50000.0,5.0,250000.0,-2379.347826086939,-1979.3478260869394
2025-11-21,HINDZINC,SHORT,A_MOD_BREAK_C1_LOW,MODERATE,2025-11-21 10:15:00+05:30,2025-11-21 10:30:00+05:30,464.907,468.5878506391304,459.0176389773913,2025-11-21 15:12:00+05:30,459.0176389773913,TARGET,5.533913043478247,6.333913043478247,33.37200164794922,16.999189376831055,4.285287857055664,1.5135414411293637,4.005043639258458,0.003323864770281513,0.625449776916877,12.14,468.5878506391304,1.1067826086956494,1.2667826086956493,50000.0,5.0,250000.0,2766.956521739123,3166.956521739123
2025-11-21,KIRLOSBROS,SHORT,A_MOD_BREAK_C1_LOW,MODERATE,2025-11-21 10:15:00+05:30,2025-11-21 10:30:00+05:30,1707.1585,1720.6747418630434,1685.5325130191304,2025-11-21 14:18:00+05:30,1720.6747418630434,SL,-4.7586956521739,-3.9586956521739,27.539955139160156,22.86716651916504,6.808084487915039,1.3506175750139282,3.585863163973193,0.0044454637679339016,0.5094574027148397,12.14,1720.6747418630434,-0.95173913043478,-0.79173913043478,50000.0,5.0,250000.0,-2379.34782608695,-1979.34782608695
2025-11-21,LICHSGFIN,SHORT,A_MOD_BREAK_C1_LOW,MODERATE,2025-11-21 10:15:00+05:30,2025-11-21 10:30:00+05:30,548.5902722045898,552.9336760553922,541.640826043306,2025-11-21 15:30:00+05:30,546.8499755859375,EOD,0.7861533705826593,1.5861533705826592,37.56610107421875,10.757569313049316,2.3487579822540283,1.371658417443967,4.595345809316354,0.0027788029216967197,0.6635317391659754,12.14,552.9336760553922,0.15723067411653185,0.31723067411653183,50000.0,5.0,250000.0,393.0766852913296,793.0766852913296
2025-11-21,MANINFRA,SHORT,A_MOD_BREAK_C1_LOW,MODERATE,2025-11-21 10:45:00+05:30,2025-11-21 11:00:00+05:30,122.89000244140625,123.86297067812711,121.33325326265286,2025-11-21 15:13:00+05:30,123.86297067812711,SL,-4.758695652173859,-3.9586956521738594,44.46120834350586,16.800081253051758,3.638607978820801,1.746670990283243,3.9306805430298306,0.004465008675165093,0.8325855484521554,12.14,123.86297067812711,-0.9517391304347718,-0.7917391304347718,50000.0,5.0,250000.0,-2379.347826086929,-1979.3478260869294
2025-11-21,XPROINDIA,SHORT,A_MOD_BREAK_C1_LOW,MODERATE,2025-11-21 10:45:00+05:30,2025-11-21 11:00:00+05:30,1006.3986555908203,1014.3667075553024,993.649772447649,2025-11-21 12:47:00+05:30,1014.3667075553024,SL,-4.758695652173869,-3.9586956521738688,27.433937072753906,32.17339324951172,15.60604190826416,0.7941430138442351,2.4072835199291513,0.0050665668857650566,0.4104840835140497,12.14,1014.3667075553024,-0.9517391304347738,-0.7917391304347737,50000.0,5.0,250000.0,-2379.3478260869347,-1979.3478260869342
2025-11-21,DYNAMATECH,SHORT,A_MOD_BREAK_C1_LOW,MODERATE,2025-11-21 12:30:00+05:30,2025-11-21 12:45:00+05:30,9370.1256,9444.312550946086,9251.42647848626,2025-11-21 14:04:00+05:30,9444.312550946086,SL,-4.7586956521738975,-3.9586956521738976,28.907367706298828,23.650066375732422,4.471102237701416,2.953900589310965,3.8500685563312778,0.006975416814512437,0.6436105155944825,12.14,9444.312550946086,-0.9517391304347795,-0.7917391304347795,50000.0,5.0,250000.0,-2379.3478260869488,-1979.3478260869485
2025-11-25,THOMASCOOK,SHORT,A_MOD_BREAK_C1_LOW,MODERATE,2025-11-25 11:30:00+05:30,2025-11-25 11:45:00+05:30,152.14999694824218,153.46377909580394,150.04794551214334,2025-11-25 15:30:00+05:30,151.39999389648438,EOD,1.6646830982616923,2.464683098261692,38.510013580322266,30.257902145385742,8.636500358581543,1.246299558216855,1.6425812767385664,0.005934428033502844,0.637881690229712,13.24,153.46377909580394,0.33293661965233845,0.4929366196523384,50000.0,5.0,250000.0,832.3415491308461,1232.341549130846
2025-11-25,THEJO,SHORT,A_MOD_BREAK_C1_LOW,MODERATE,2025-11-25 13:45:00+05:30,2025-11-25 14:00:00+05:30,1667.2664555908202,1681.6629389856175,1644.2320821591447,2025-11-25 15:30:00+05:30,1650.0,EOD,4.3780732266641795,5.178073226664179,34.17660903930664,39.04301452636719,16.885704040527344,2.0026435542622942,2.187042630924211,0.0029555034315256615,0.7226491355895996,13.24,1681.6629389856175,0.875614645332836,1.0356146453328359,50000.0,5.0,250000.0,2189.03661333209,2589.03661333209
2025-11-26,CHENNPETRO,SHORT,A_MOD_BREAK_C1_LOW,MODERATE,2025-11-26 12:15:00+05:30,2025-11-26 12:30:00+05:30,939.9119555908203,947.4149049406672,927.9072366310655,2025-11-26 12:33:00+05:30,927.9072366310655,TARGET,5.586086956521746,6.386086956521746,33.180023193359375,27.641666412353516,12.254437446594238,1.5617576790377368,2.420239007864127,0.01319456911172009,0.6310079417319945,12.24,947.4149049406672,1.1172173913043493,1.2772173913043492,50000.0,5.0,250000.0,2793.043478260873,3193.043478260873
2025-11-26,JAMNAAUTO,LONG,B_HUGE_GREEN_PULLBACK_HOLD_THEN_BREAK,HUGE,2025-11-26 11:15:00+05:30,2025-11-26 13:30:00+05:30,109.55,108.6755052173913,111.29898956521738,2025-11-26 15:30:00+05:30,109.9000015258789,EOD,0.7974510537604251,1.597451053760425,41.689422607421875,83.249267578125,94.23776245117188,2.0941308040849482,4.475734182051258,0.00609459259115511,9.26025222680271,12.24,108.6755052173913,0.15949021075208503,0.319490210752085,100000.0,5.0,500000.0,797.4510537604251,1597.451053760425
2025-11-26,POKARNA,LONG,B_HUGE_GREEN_PULLBACK_HOLD_THEN_BREAK,HUGE,2025-11-26 10:30:00+05:30,2025-11-26 13:45:00+05:30,941.6383022094726,934.1215721100962,956.6717624082255,2025-11-26 15:30:00+05:30,941.9000244140625,EOD,-0.6610282716963728,0.13897172830362708,43.61187744140625,75.93956756591797,92.69928741455078,2.4422484393254003,3.360460023515286,0.007665469728506253,8.400871108160912,12.24,934.1215721100962,-0.13220565433927456,0.027794345660725417,100000.0,5.0,500000.0,-661.0282716963728,138.9717283036271
2025-11-27,AVANTIFEED,SHORT,A_MOD_BREAK_C1_LOW,MODERATE,2025-11-27 10:45:00+05:30,2025-11-27 11:00:00+05:30,814.58705,820.9461415142392,804.4125035772174,2025-11-27 12:29:00+05:30,804.4125035772174,TARGET,5.445217391304316,6.245217391304315,26.87969207763672,19.620609283447266,4.338051795959473,2.1666168245452075,3.4139494127827916,0.005916941597027587,0.6131953811645507,11.97,820.9461415142392,1.0890434782608631,1.249043478260863,50000.0,5.0,250000.0,2722.608695652158,3122.6086956521576
2025-11-27,LTTS,LONG,B_HUGE_GREEN_PULLBACK_HOLD_THEN_BREAK,HUGE,2025-11-27 10:45:00+05:30,2025-11-27 13:15:00+05:30,4375.774882324219,4341.615300579814,4444.094045813029,2025-11-27 15:30:00+05:30,4377.0,EOD,-0.6600113455642209,0.13998865443577901,41.342506408691406,82.14935302734375,79.21332550048828,1.3971945972027722,3.3531544336301207,0.00486506594760567,7.369551350656799,11.97,4341.615300579814,-0.13200226911284418,0.027997730887155806,100000.0,5.0,500000.0,-660.011345564221,139.988654435779
2025-11-28,GAIL,SHORT,A_PULLBACK_C2_THEN_BREAK_C2_LOW,MODERATE,2025-11-28 10:30:00+05:30,2025-11-28 11:00:00+05:30,167.33999938964843,168.62669847191188,165.28128085802692,2025-11-28 11:43:00+05:30,168.62669847191188,SL,-4.6445652173913174,-3.844565217391318,36.03582000732422,10.375374794006348,11.407951354980469,0.7454251127323747,4.846730042377734,0.00847833261950517,0.5309866948380288,11.79,168.62669847191188,-0.9289130434782635,-0.7689130434782636,50000.0,5.0,250000.0,-2322.282608695659,-1922.282608695659
2025-11-28,KAYNES,SHORT,A_MOD_BREAK_C1_LOW,MODERATE,2025-11-28 11:15:00+05:30,2025-11-28 11:30:00+05:30,5488.902,5531.106883421739,5421.374186525218,2025-11-28 15:30:00+05:30,5512.0,EOD,-2.9040638000095425,-2.1040638000095426,30.012733459472656,23.257047653198242,3.992948055267334,2.4427063599319934,3.03986592669671,0.004474854907840138,0.6601910018920898,11.79,5531.106883421739,-0.5808127600019085,-0.42081276000190854,50000.0,5.0,250000.0,-1452.0319000047714,-1052.0319000047714
2025-12-01,DCXINDIA,SHORT,A_MOD_BREAK_C1_LOW,MODERATE,2025-12-01 11:45:00+05:30,2025-12-01 12:00:00+05:30,181.84999389648436,183.22810058936076,179.64502318788212,2025-12-01 15:30:00+05:30,180.10000610351562,EOD,4.011624557889442,4.811624557889441,35.4075927734375,28.15054702758789,22.472488403320312,1.5135853518707478,1.6494373013373043,0.006519196825670583,0.6384631932458085,11.62,183.22810058936076,0.8023249115778883,0.9623249115778884,50000.0,5.0,250000.0,2005.8122789447207,2405.8122789447207
2025-12-01,GPTINFRA,LONG,B_HUGE_GREEN_PULLBACK_HOLD_THEN_BREAK,HUGE,2025-12-01 11:45:00+05:30,2025-12-01 13:15:00+05:30,111.02000122070312,110.17866268971318,112.70267828268301,2025-12-01 15:30:00+05:30,111.30000305175781,EOD,0.46104228056194324,1.2610422805619432,40.102325439453125,78.29256439208984,72.5237045288086,1.3067083647018707,4.049219601039675,0.005235302930914782,7.472962827848985,11.62,110.17866268971318,0.09220845611238865,0.2522084561123886,100000.0,5.0,500000.0,461.04228056194324,1261.042280561943
2025-12-01,ANURAS,LONG,B_HUGE_GREEN_PULLBACK_HOLD_THEN_BREAK,HUGE,2025-12-01 11:45:00+05:30,2025-12-01 13:45:00+05:30,1232.2464,1222.9081153252173,1250.9229693495654,2025-12-01 15:30:00+05:30,1226.0,EOD,-3.334558023460241,-2.534558023460241,32.94090270996094,64.7142105102539,65.22846984863281,3.3460030416905866,1.9503645938200507,0.005064651400400058,7.752342020031033,11.62,1222.9081153252173,-0.6669116046920482,-0.5069116046920482,100000.0,5.0,500000.0,-3334.558023460241,-2534.558023460241
2025-12-01,THANGAMAYL,LONG,B_HUGE_GREEN_PULLBACK_HOLD_THEN_BREAK,HUGE,2025-12-01 10:45:00+05:30,2025-12-01 14:00:00+05:30,3356.6712,3331.2334699930434,3407.5466600139134,2025-12-01 15:30:00+05:30,3351.0,EOD,-1.6447654926702717,-0.8447654926702719,45.13240432739258,82.82417297363281,68.63228607177734,1.5700502227509738,3.563193082262373,0.0068588354061796565,7.68111192549388,11.62,3331.2334699930434,-0.32895309853405436,-0.16895309853405438,100000.0,5.0,500000.0,-1644.765492670272,-844.7654926702719
2025-12-01,NMDC,LONG,B_HUGE_GREEN_PULLBACK_HOLD_THEN_BREAK,HUGE,2025-12-01 12:30:00+05:30,2025-12-01 14:00:00+05:30,73.2000015258789,72.64527281866322,74.30945894031028,2025-12-01 15:30:00+05:30,73.2300033569336,EOD,-0.5950694642807923,0.2049305357192075,34.227413177490234,69.28108215332031,72.09820556640625,1.2981366246791535,2.01435020231017,0.004738963379405844,5.393407319470933,11.62,72.64527281866322,-0.11901389285615847,0.0409861071438415,100000.0,5.0,500000.0,-595.0694642807923,204.9305357192075
2025-12-02,GOKEX,SHORT,A_MOD_BREAK_C1_LOW,MODERATE,2025-12-02 10:00:00+05:30,2025-12-02 10:15:00+05:30,877.7744222045899,884.4321503764851,867.1220571295576,2025-12-02 13:33:00+05:30,867.1220571295576,TARGET,5.267826086956479,6.067826086956478,32.29594421386719,23.94261932373047,4.655900001525879,1.0359300809364411,3.923902704120727,0.005781608583270114,0.525726927371885,11.63,884.4321503764851,1.0535652173912957,1.2135652173912956,50000.0,5.0,250000.0,2633.913043478239,3033.913043478239
2025-12-02,IRCTC,SHORT,A_MOD_BREAK_C1_LOW,MODERATE,2025-12-02 10:00:00+05:30,2025-12-02 10:15:00+05:30,680.5638722045899,685.7258012265938,672.3047857693836,2025-12-02 15:30:00+05:30,680.0,EOD,-0.3857316060847554,0.4142683939152445,32.826141357421875,34.43675231933594,17.48401641845703,1.1847812662376644,2.234148209965694,0.0024815029490313635,0.5597288419529194,11.63,685.7258012265938,-0.07714632121695107,0.0828536787830489,50000.0,5.0,250000.0,-192.86580304237768,207.13419695762227
2025-12-02,JTEKTINDIA,SHORT,A_MOD_BREAK_C1_LOW,MODERATE,2025-12-02 12:15:00+05:30,2025-12-02 12:30:00+05:30,150.5500061035156,151.6918951715486,148.72298359466288,2025-12-02 15:08:00+05:30,151.6918951715486,SL,-4.5923913043478635,-3.792391304347864,42.372745513916016,24.553115844726562,6.130212306976318,1.7482887756607188,2.817403901220574,0.005677276880873646,0.8015417184493658,11.63,151.6918951715486,-0.9184782608695727,-0.7584782608695728,50000.0,5.0,250000.0,-2296.195652173932,-1896.195652173932
2025-12-02,IGARASHI,SHORT,A_MOD_BREAK_C1_LOW,MODERATE,2025-12-02 12:30:00+05:30,2025-12-02 12:45:00+05:30,448.4103,451.811394645,442.968548568,2025-12-02 14:46:00+05:30,442.968548568,TARGET,5.26782608695651,6.06782608695651,46.890655517578125,27.1199893951416,9.86423397064209,1.6269093719482695,2.415950587678936,0.007680049248060476,0.8480689728546189,11.63,451.811394645,1.053565217391302,1.2135652173913019,50000.0,5.0,250000.0,2633.9130434782546,3033.9130434782546
2025-12-02,NUCLEUS,SHORT,A_MOD_BREAK_C1_LOW,MODERATE,2025-12-02 13:15:00+05:30,2025-12-02 13:30:00+05:30,913.8172,920.7483048060869,902.7274323102608,2025-12-02 15:30:00+05:30,916.0,EOD,-1.9943307698739108,-1.1943307698739107,25.322307586669922,34.363792419433594,21.494699478149414,1.0897687448197086,1.2742449130838733,0.004729359576192431,0.39425638979769145,11.63,920.7483048060869,-0.39886615397478214,-0.23886615397478217,50000.0,5.0,250000.0,-997.1653849369553,-597.1653849369554
2025-12-03,MAXHEALTH,SHORT,A_MOD_BREAK_C1_LOW,MODERATE,2025-12-03 10:00:00+05:30,2025-12-03 10:15:00+05:30,1094.4810111816407,1102.4968949352733,1081.6555971758287,2025-12-03 14:25:00+05:30,1081.6555971758287,TARGET,5.059130434782629,5.859130434782629,50.723819732666016,18.340787887573242,4.898411273956299,0.9511068066730791,4.210866656671995,0.004220479590707718,0.7764436911677888,11.23,1102.4968949352733,1.0118260869565259,1.1718260869565258,50000.0,5.0,250000.0,2529.5652173913145,2929.5652173913145
2025-12-03,NDRAUTO,SHORT,A_MOD_BREAK_C1_LOW,MODERATE,2025-12-03 10:00:00+05:30,2025-12-03 10:15:00+05:30,837.0325722045899,843.1629259779753,827.2240061671733,2025-12-03 11:56:00+05:30,843.1629259779753,SL,-4.461956521739171,-3.661956521739171,28.643695831298828,42.516021728515625,8.049524307250977,2.030985647111596,1.0457650712067674,0.0110931476051958,0.5919436910298208,11.23,843.1629259779753,-0.8923913043478342,-0.7323913043478342,50000.0,5.0,250000.0,-2230.9782608695855,-1830.9782608695855
2025-12-03,PFC,SHORT,A_MOD_BREAK_C1_LOW,MODERATE,2025-12-03 10:00:00+05:30,2025-12-03 10:15:00+05:30,355.4289,358.03203035673914,351.2638914292174,2025-12-03 11:25:00+05:30,351.2638914292174,TARGET,5.059130434782623,5.859130434782623,26.03301239013672,26.561464309692383,4.996022701263428,1.3589104644537484,3.169304488427811,0.003634186756083099,0.4883045171314568,11.23,358.03203035673914,1.0118260869565245,1.1718260869565245,50000.0,5.0,250000.0,2529.5652173913113,2929.565217391311
2025-12-03,BANKINDIA,SHORT,A_MOD_BREAK_C1_LOW,MODERATE,2025-12-03 10:15:00+05:30,2025-12-03 10:30:00+05:30,142.3000061035156,143.3421989743042,140.6324975102539,2025-12-03 11:03:00+05:30,140.6324975102539,TARGET,5.059130434782596,5.859130434782596,35.57425308227539,14.579120635986328,4.427284240722656,1.4258680088171913,4.177033179666015,0.005436683998004958,0.6431406977771392,11.23,143.3421989743042,1.0118260869565192,1.1718260869565191,50000.0,5.0,250000.0,2529.565217391298,2929.565217391298
2025-12-03,BHEL,SHORT,A_MOD_BREAK_C1_LOW,MODERATE,2025-12-03 10:15:00+05:30,2025-12-03 10:30:00+05:30,281.69365,283.7567497975,278.392690324,2025-12-03 13:46:00+05:30,278.392690324,TARGET,5.059130434782593,5.8591304347825925,37.96989059448242,19.439971923828125,4.608034133911133,1.7562849090827914,3.253571547780569,0.005044110755584078,0.7368982180067247,11.23,283.7567497975,1.0118260869565185,1.1718260869565185,50000.0,5.0,250000.0,2529.5652173912963,2929.5652173912963
2025-12-03,SBFC,SHORT,A_MOD_BREAK_C1_LOW,MODERATE,2025-12-03 10:15:00+05:30,2025-12-03 10:30:00+05:30,105.45,106.2223066304348,104.21430939130435,2025-12-03 14:39:00+05:30,106.2223066304348,SL,-4.461956521739204,-3.661956521739204,43.05889892578125,26.117868423461914,31.249711990356445,1.0119753433526506,1.7099536636050994,0.004549763778939632,0.6684768521536875,11.23,106.2223066304348,-0.8923913043478406,-0.7323913043478407,50000.0,5.0,250000.0,-2230.978260869602,-1830.9782608696019
2025-12-03,RVNL,SHORT,A_PULLBACK_C2_THEN_BREAK_C2_LOW,MODERATE,2025-12-03 10:15:00+05:30,2025-12-03 10:45:00+05:30,314.2371277954102,316.53857319441613,310.5548151570007,2025-12-03 15:30:00+05:30,311.8999938964844,EOD,2.9187424594324716,3.718742459432472,30.831857681274414,24.541425704956055,8.206809043884277,1.5912466895081863,2.8010864067073955,0.0030518202241321345,0.6009460358830487,11.23,316.53857319441613,0.5837484918864944,0.7437484918864944,50000.0,5.0,250000.0,1459.371229716236,1859.3712297162358
2025-12-03,CROMPTON,SHORT,A_MOD_BREAK_C1_LOW,MODERATE,2025-12-03 10:30:00+05:30,2025-12-03 10:45:00+05:30,257.0485861022949,258.9311875948572,254.03642371419534,2025-12-03 15:30:00+05:30,257.3999938964844,EOD,-1.4835435267666162,-0.6835435267666162,26.785282135009766,16.012773513793945,5.397366046905518,2.050907934012633,3.7858449451910943,0.0036936285159137536,0.6117792320251465,11.23,258.9311875948572,-0.2967087053533232,-0.13670870535332325,50000.0,5.0,250000.0,-741.7717633833081,-341.7717633833081
2025-12-03,PARACABLES,SHORT,A_MOD_BREAK_C1_LOW,MODERATE,2025-12-03 10:30:00+05:30,2025-12-03 10:45:00+05:30,38.10999984741211,38.38911417238153,37.66341692746105,2025-12-03 11:48:00+05:30,38.38911417238153,SL,-4.461956521739183,-3.661956521739183,44.912174224853516,24.792633056640625,12.967379570007324,0.9240689564870194,2.0157168692327514,0.006787600494053216,0.6953946807580311,11.23,38.38911417238153,-0.8923913043478366,-0.7323913043478366,50000.0,5.0,250000.0,-2230.978260869592,-1830.9782608695916
2025-12-03,CANBK,SHORT,A_MOD_BREAK_C1_LOW,MODERATE,2025-12-03 11:15:00+05:30,2025-12-03 11:30:00+05:30,146.95,148.02624902173912,145.2280015652174,2025-12-03 11:50:00+05:30,148.02624902173912,SL,-4.46195652173913,-3.66195652173913,43.42365646362305,16.530153274536133,1.2065666913986206,2.8604286173645916,3.9192721252787996,0.006026840828724038,0.8613548469543457,11.23,148.02624902173912,-0.892391304347826,-0.7323913043478261,50000.0,5.0,250000.0,-2230.978260869565,-1830.978260869565
2025-12-03,DIAMONDYD,SHORT,A_MOD_BREAK_C1_LOW,MODERATE,2025-12-03 11:45:00+05:30,2025-12-03 12:00:00+05:30,1061.7876,1069.5640400530438,1049.3452959151307,2025-12-03 13:20:00+05:30,1069.5640400530438,SL,-4.461956521739207,-3.6619565217392083,31.157251358032227,36.40011978149414,38.79399108886719,0.8767657040652796,1.1851588119626115,0.0070016123705215596,0.4400507091800379,11.23,1069.5640400530438,-0.8923913043478415,-0.7323913043478416,50000.0,5.0,250000.0,-2230.978260869604,-1830.978260869604
2025-12-03,CSBBANK,SHORT,A_MOD_BREAK_C1_LOW,MODERATE,2025-12-03 12:15:00+05:30,2025-12-03 12:30:00+05:30,400.06996389770507,403.0000415245994,395.3818396946742,2025-12-03 13:11:00+05:30,395.3818396946742,TARGET,5.059130434782599,5.859130434782599,67.36188507080078,19.05381965637207,7.3747053146362305,1.6593462070924032,2.455041711529065,0.006593266182397997,0.9003855862411705,11.23,403.0000415245994,1.0118260869565199,1.1718260869565198,50000.0,5.0,250000.0,2529.5652173912995,2929.5652173912995
2025-12-03,TOLINS,SHORT,A_MOD_BREAK_C1_LOW,MODERATE,2025-12-03 12:15:00+05:30,2025-12-03 12:30:00+05:30,144.84999389648436,145.91086265613058,143.15260388105042,2025-12-03 15:04:00+05:30,143.15260388105042,TARGET,5.059130434782628,5.859130434782628,26.52033805847168,35.58610534667969,13.849637031555176,0.8986049113583808,1.1331273549621037,0.0059215849561384815,0.371717298112897,11.23,145.91086265613058,1.0118260869565256,1.1718260869565256,50000.0,5.0,250000.0,2529.5652173913145,2929.565217391314
2025-12-04,PRINCEPIPE,SHORT,A_MOD_BREAK_C1_LOW,MODERATE,2025-12-04 11:15:00+05:30,2025-12-04 11:30:00+05:30,263.64727220458985,265.57476302290297,260.56328689528885,2025-12-04 13:16:00+05:30,260.56328689528885,TARGET,5.048695652173923,5.848695652173923,31.33511734008789,31.52231216430664,23.992746353149414,1.2429991075883595,2.0738077671669766,0.008350043112295785,0.5475516039292814,11.21,265.57476302290297,1.0097391304347847,1.1697391304347846,50000.0,5.0,250000.0,2524.3478260869615,2924.347826086962
2025-12-04,HBLENGINE,SHORT,A_MOD_BREAK_C1_LOW,MODERATE,2025-12-04 11:30:00+05:30,2025-12-04 11:45:00+05:30,828.3842777954102,834.4404872002492,818.6943427476676,2025-12-04 12:20:00+05:30,818.6943427476676,TARGET,5.048695652173953,5.848695652173953,27.744752883911133,31.739816665649414,3.7878212928771973,1.4054248929258897,1.9351575571298836,0.006308981088491586,0.5188785273771919,11.21,834.4404872002492,1.0097391304347907,1.1697391304347906,50000.0,5.0,250000.0,2524.3478260869765,2924.3478260869765
2025-12-04,SUZLON,SHORT,A_MOD_BREAK_C1_LOW,MODERATE,2025-12-04 11:45:00+05:30,2025-12-04 12:00:00+05:30,51.720000457763675,52.09811863502336,51.11501137414816,2025-12-04 13:14:00+05:30,51.11501137414816,TARGET,5.048695652173951,5.848695652173951,36.8759651184082,26.837970733642578,9.320796966552734,2.2287332378129836,2.520736926952777,0.004646992487200328,0.763139476776123,11.21,52.09811863502336,1.0097391304347902,1.1697391304347902,50000.0,5.0,250000.0,2524.3478260869756,2924.3478260869756
2025-12-04,RBLBANK,SHORT,A_MOD_BREAK_C1_LOW,MODERATE,2025-12-04 12:45:00+05:30,2025-12-04 13:00:00+05:30,297.9404,300.1186034026087,294.45527455582607,2025-12-04 15:30:00+05:30,298.20001220703125,EOD,-1.2356780870120985,-0.43567808701209865,27.848299026489258,28.184581756591797,0.828916072845459,2.1872275276115096,2.3415710507215244,0.004277807432359099,0.6277244853973389,11.21,300.1186034026087,-0.2471356174024197,-0.08713561740241973,50000.0,5.0,250000.0,-617.8390435060493,-217.83904350604934
2025-12-05,GODREJAGRO,SHORT,A_MOD_BREAK_C1_LOW,MODERATE,2025-12-05 10:00:00+05:30,2025-12-05 10:15:00+05:30,579.884,583.9759640521739,573.3368575165217,2025-12-05 15:03:00+05:30,583.9759640521739,SL,-4.328260869565224,-3.528260869565224,33.51020812988281,28.614105224609375,3.2917683124542236,1.1787724844037641,2.862496608831741,0.0033743722685452165,0.5689383067189009,10.82,583.9759640521739,-0.8656521739130447,-0.7056521739130448,50000.0,5.0,250000.0,-2164.1304347826117,-1764.1304347826122
2025-12-05,MEDANTA,SHORT,A_MOD_BREAK_C1_LOW,MODERATE,2025-12-05 10:15:00+05:30,2025-12-05 10:30:00+05:30,1160.9677111816407,1169.1601050740226,1147.8598809538298,2025-12-05 15:22:00+05:30,1169.1601050740226,SL,-4.3282608695652875,-3.5282608695652877,25.433149337768555,21.224597930908203,3.208665370941162,1.9401820620330896,3.6625980005389907,0.006322988561098748,0.581029100922319,10.82,1169.1601050740226,-0.8656521739130576,-0.7056521739130576,50000.0,5.0,250000.0,-2164.130434782644,-1764.130434782644
2025-12-08,ATGL,SHORT,A_MOD_BREAK_C1_LOW,MODERATE,2025-12-08 10:00:00+05:30,2025-12-08 10:15:00+05:30,585.9827555908203,589.9266743110576,579.6724856384405,2025-12-08 11:43:00+05:30,579.6724856384405,TARGET,4.584347826086921,5.384347826086921,26.037748336791992,27.06683921813965,6.8325605392456055,1.4533363463564875,2.7760029777799358,0.0032151946631234015,0.5049000856642651,10.32,589.9266743110576,0.9168695652173842,1.076869565217384,50000.0,5.0,250000.0,2292.1739130434603,2692.1739130434603
2025-12-08,PENIND,SHORT,A_MOD_BREAK_C1_LOW,MODERATE,2025-12-08 10:00:00+05:30,2025-12-08 10:15:00+05:30,199.95,201.2957504347826,197.79679930434781,2025-12-08 11:09:00+05:30,197.79679930434781,TARGET,4.584347826086957,5.384347826086957,42.444244384765625,19.235090255737305,2.4672086238861084,1.20471576852009,3.9930578851530747,0.00674803196044616,0.7074889252625001,10.32,201.2957504347826,0.9168695652173915,1.0768695652173914,50000.0,5.0,250000.0,2292.173913043479,2692.1739130434785
2025-12-08,PRAKASH,SHORT,A_MOD_BREAK_C1_LOW,MODERATE,2025-12-08 10:00:00+05:30,2025-12-08 10:15:00+05:30,127.46000213623047,128.31786336799954,126.08742416539998,2025-12-08 11:18:00+05:30,126.08742416539998,TARGET,4.584347826086912,5.384347826086912,33.34916687011719,23.249094009399414,4.839179992675781,1.6205202866573505,3.6948108493014358,0.006964959579685375,0.6438285532167942,10.32,128.31786336799954,0.9168695652173824,1.0768695652173823,50000.0,5.0,250000.0,2292.173913043456,2692.1739130434557
2025-12-08,RUPA,SHORT,A_MOD_BREAK_C1_LOW,MODERATE,2025-12-08 10:00:00+05:30,2025-12-08 10:15:00+05:30,164.0699951171875,165.17425751910665,162.30317527411685,2025-12-08 13:25:00+05:30,162.30317527411685,TARGET,4.584347826086907,5.3843478260869055,26.722414016723633,25.45099639892578,1.657591462135315,1.321805772559508,3.601964080654739,0.0050818653901248305,0.49215222044876833,10.32,165.17425751910665,0.9168695652173813,1.0768695652173812,50000.0,5.0,250000.0,2292.173913043453,2692.173913043453
2025-12-08,SJVN,SHORT,A_MOD_BREAK_C1_LOW,MODERATE,2025-12-08 10:00:00+05:30,2025-12-08 10:15:00+05:30,72.39999694824219,72.88728040596341,71.62034341588826,2025-12-08 12:39:00+05:30,71.62034341588826,TARGET,4.5843478260869075,5.384347826086907,47.86653518676758,13.412847518920898,6.444899082183838,2.0149023532329022,5.279063775640695,0.00348767823186414,0.9279980278015136,10.32,72.88728040596341,0.9168695652173815,1.0768695652173814,50000.0,5.0,250000.0,2292.1739130434535,2692.173913043454
2025-12-08,TEXRAIL,SHORT,A_MOD_BREAK_C1_LOW,MODERATE,2025-12-08 10:00:00+05:30,2025-12-08 10:15:00+05:30,119.99000091552735,120.79758579125446,118.69786511436396,2025-12-08 12:41:00+05:30,118.69786511436396,TARGET,4.5843478260869555,5.384347826086955,47.14904022216797,16.963924407958984,6.676818370819092,2.030777165579834,4.514604529044962,0.0042565861549128375,0.9172356033325195,10.32,120.79758579125446,0.916869565217391,1.076869565217391,50000.0,5.0,250000.0,2292.1739130434776,2692.1739130434776
2025-12-08,MANYAVAR,SHORT,A_PULLBACK_C2_THEN_BREAK_C2_LOW,MODERATE,2025-12-08 10:15:00+05:30,2025-12-08 10:45:00+05:30,587.0325944091796,590.9835790011163,580.7110190620812,2025-12-08 15:29:00+05:30,590.9835790011163,SL,-4.165217391304392,-3.365217391304392,39.609596252441406,12.36670207977295,17.151893615722656,1.2702996436728502,2.7827425609447163,0.005332665775897311,0.6764463814293697,10.32,590.9835790011163,-0.8330434782608784,-0.6730434782608784,50000.0,5.0,250000.0,-2082.6086956521963,-1682.608695652196
2025-12-08,TITAGARH,SHORT,A_PULLBACK_C2_THEN_BREAK_C2_LOW,MODERATE,2025-12-08 10:15:00+05:30,2025-12-08 10:45:00+05:30,774.3950777954102,779.6070933624854,766.0558528880899,2025-12-08 10:56:00+05:30,779.6070933624854,SL,-4.165217391304377,-3.365217391304377,25.26994514465332,29.169025421142578,14.136199951171875,1.7113517367585356,2.9777900669002686,0.005096444301944203,0.5385357311025436,10.32,779.6070933624854,-0.8330434782608753,-0.6730434782608754,50000.0,5.0,250000.0,-2082.608695652188,-1682.6086956521885
2025-12-08,PNGJL,SHORT,A_MOD_BREAK_C1_LOW,MODERATE,2025-12-08 10:30:00+05:30,2025-12-08 10:45:00+05:30,605.2289055908203,609.302359268449,598.7113797066145,2025-12-08 12:18:00+05:30,609.302359268449,SL,-4.165217391304358,-3.3652173913043577,26.6792049407959,28.146400451660156,4.729394435882568,1.7397639484503102,2.568725908291883,0.006383230739257007,0.5646467650907427,10.32,609.302359268449,-0.8330434782608716,-0.6730434782608715,50000.0,5.0,250000.0,-2082.608695652179,-1682.6086956521788
2025-12-08,DLF,SHORT,A_MOD_BREAK_C1_LOW,MODERATE,2025-12-08 10:45:00+05:30,2025-12-08 11:00:00+05:30,697.9603555908203,702.6579322449708,690.4442329441797,2025-12-08 12:15:00+05:30,690.4442329441797,TARGET,4.584347826086947,5.384347826086946,32.765079498291016,23.435062408447266,1.0026440620422363,2.332556973206166,3.8711623891204208,0.005294617531466129,0.7014761924743651,10.32,702.6579322449708,0.9168695652173893,1.0768695652173892,50000.0,5.0,250000.0,2292.173913043473,2692.173913043473
2025-12-08,GODREJPROP,SHORT,A_MOD_BREAK_C1_LOW,MODERATE,2025-12-08 11:00:00+05:30,2025-12-08 11:15:00+05:30,2003.5992,2017.084293746087,1982.023050006261,2025-12-08 12:28:00+05:30,1982.023050006261,TARGET,4.584347826086958,5.384347826086958,28.85116195678711,21.15946388244629,3.9019246101379395,2.1802140277794906,3.9271373445052813,0.006190578408616525,0.6427674293518066,10.32,2017.084293746087,0.9168695652173917,1.0768695652173916,50000.0,5.0,250000.0,2292.173913043479,2692.173913043479
2025-12-08,INDNIPPON,SHORT,A_MOD_BREAK_C1_LOW,MODERATE,2025-12-08 11:00:00+05:30,2025-12-08 11:15:00+05:30,792.3415,797.6743027913044,783.8090155339131,2025-12-08 13:35:00+05:30,783.8090155339131,TARGET,4.584347826086911,5.384347826086911,53.315948486328125,23.302427291870117,14.632308959960938,1.0508189502683905,2.457274660701149,0.00768165470283541,0.7938933162969684,10.32,797.6743027913044,0.9168695652173822,1.076869565217382,50000.0,5.0,250000.0,2292.1739130434553,2692.173913043455
2025-12-08,BLUEDART,SHORT,A_MOD_BREAK_C1_LOW,MODERATE,2025-12-08 11:15:00+05:30,2025-12-08 11:30:00+05:30,5461.9074,5498.668411544348,5403.089781529044,2025-12-08 11:39:00+05:30,5403.089781529044,TARGET,4.584347826086947,5.384347826086946,27.447996139526367,17.209287643432617,4.022227764129639,3.7686828907881256,3.384261731748157,0.0034972349962660585,0.6217199420928954,10.32,5498.668411544348,0.9168695652173893,1.0768695652173892,50000.0,5.0,250000.0,2292.173913043473,2692.173913043473
2025-12-08,INDIGO,SHORT,A_MOD_BREAK_C1_LOW,MODERATE,2025-12-08 11:15:00+05:30,2025-12-08 11:30:00+05:30,4985.0028,5018.554036236522,4931.320822021566,2025-12-08 11:32:00+05:30,5018.554036236522,SL,-4.165217391304336,-3.3652173913043355,49.195068359375,19.45693588256836,8.433682441711426,1.9431438524296754,3.6119875559314814,0.01235424532673033,0.937976199565818,10.32,5018.554036236522,-0.8330434782608671,-0.6730434782608671,50000.0,5.0,250000.0,-2082.608695652168,-1682.6086956521679
2025-12-08,MOL,SHORT,A_MOD_BREAK_C1_LOW,MODERATE,2025-12-08 11:15:00+05:30,2025-12-08 11:30:00+05:30,63.7,64.12872869565217,63.01403408695653,2025-12-08 12:14:00+05:30,63.01403408695653,TARGET,4.584347826086931,5.38434782608693,36.28733825683594,20.483200073242188,5.020092487335205,1.8872165046717742,3.198668118964468,0.005501400255689434,0.7345729621700994,10.32,64.12872869565217,0.9168695652173862,1.076869565217386,50000.0,5.0,250000.0,2292.1739130434653,2692.173913043465
2025-12-08,AEROFLEX,SHORT,A_MOD_BREAK_C1_LOW,MODERATE,2025-12-08 11:30:00+05:30,2025-12-08 11:45:00+05:30,171.7,172.8556156521739,169.85101495652174,2025-12-08 12:43:00+05:30,169.85101495652174,TARGET,4.584347826086929,5.384347826086929,33.66243362426758,23.432579040527344,9.366238594055176,2.027987412624266,2.844938885024113,0.005903549254911747,0.7149365043640137,10.32,172.8556156521739,0.9168695652173857,1.0768695652173856,50000.0,5.0,250000.0,2292.1739130434644,2692.173913043464
2025-12-08,HUDCO,SHORT,A_MOD_BREAK_C1_LOW,MODERATE,2025-12-08 11:30:00+05:30,2025-12-08 11:45:00+05:30,218.0699951171875,219.53770099736752,215.72166570889945,2025-12-08 12:32:00+05:30,215.72166570889945,TARGET,4.584347826086944,5.384347826086944,27.109113693237305,31.64791488647461,2.9798243045806885,2.015288752773301,2.5315914550667733,0.005412934260456616,0.6166367053985595,10.32,219.53770099736752,0.9168695652173888,1.0768695652173887,50000.0,5.0,250000.0,2292.173913043472,2692.173913043472
2025-12-08,PREMEXPLN,SHORT,A_MOD_BREAK_C1_LOW,MODERATE,2025-12-08 11:30:00+05:30,2025-12-08 11:45:00+05:30,510.8978,514.3363643234783,505.39609708243484,2025-12-08 12:40:00+05:30,505.39609708243484,TARGET,4.584347826086923,5.384347826086922,40.29854202270508,17.67177391052246,6.8158183097839355,2.4249976756887457,3.2508718998017065,0.006295331294837899,0.8144781303405761,10.32,514.3363643234783,0.9168695652173846,1.0768695652173845,50000.0,5.0,250000.0,2292.173913043461,2692.173913043461
2025-12-08,OLECTRA,SHORT,A_PULLBACK_C2_THEN_BREAK_C2_LOW,MODERATE,2025-12-08 11:30:00+05:30,2025-12-08 12:00:00+05:30,1182.7634,1190.7239119269566,1170.0265809168698,2025-12-08 13:24:00+05:30,1170.0265809168698,TARGET,4.584347826086894,5.384347826086894,25.713041305541992,25.608078002929688,7.168810844421387,2.248538913229202,2.8988597470750808,0.005978962120697621,0.5956956195831298,10.32,1190.7239119269566,0.9168695652173788,1.0768695652173788,50000.0,5.0,250000.0,2292.173913043447,2692.1739130434466
2025-12-08,HGS,SHORT,A_MOD_BREAK_C1_LOW,MODERATE,2025-12-08 11:45:00+05:30,2025-12-08 12:00:00+05:30,459.908,463.0033808,454.95539072,2025-12-08 13:39:00+05:30,454.95539072,TARGET,4.584347826086947,5.384347826086946,39.433902740478516,25.200742721557617,8.527538299560547,1.6130600461319058,2.3761496710595162,0.004829188533451247,0.7337940491802613,10.32,463.0033808,0.9168695652173893,1.0768695652173892,50000.0,5.0,250000.0,2292.173913043473,2692.173913043473
2025-12-08,GAIL,SHORT,A_MOD_BREAK_C1_LOW,MODERATE,2025-12-08 12:00:00+05:30,2025-12-08 12:15:00+05:30,161.8000061035156,162.88899049242102,160.05763108126698,2025-12-08 15:30:00+05:30,161.1699981689453,EOD,1.1468724066896443,1.9468724066896441,41.48189926147461,17.228408813476562,3.5919246673583984,2.0324780925528656,3.0169644958056594,0.00325596035572772,0.8322284889221192,10.32,162.88899049242102,0.22937448133792887,0.38937448133792885,50000.0,5.0,250000.0,573.4362033448222,973.4362033448222
2025-12-08,TI,SHORT,A_MOD_BREAK_C1_LOW,MODERATE,2025-12-08 12:00:00+05:30,2025-12-08 12:15:00+05:30,440.6118722045899,443.577381674906,435.86705705208414,2025-12-08 12:25:00+05:30,435.86705705208414,TARGET,4.584347826086914,5.3843478260869135,25.297332763671875,24.162057876586914,3.1881871223449707,2.1767540517027157,2.6085550465109795,0.005701329973008897,0.5894599914550782,10.32,443.577381674906,0.9168695652173828,1.0768695652173828,50000.0,5.0,250000.0,2292.173913043457,2692.1739130434567
2025-12-08,GRSE,SHORT,A_MOD_BREAK_C1_LOW,MODERATE,2025-12-08 12:15:00+05:30,2025-12-08 12:30:00+05:30,2389.522,2405.6045219826087,2363.789964827826,2025-12-08 13:18:00+05:30,2363.789964827826,TARGET,4.5843478260869155,5.384347826086914,50.59487533569336,15.982337951660156,4.0172600746154785,2.436436369463291,2.7913065762444678,0.006185213518842997,0.96,10.32,2405.6045219826087,0.916869565217383,1.076869565217383,50000.0,5.0,250000.0,2292.1739130434576,2692.1739130434576
2025-12-08,HITECH,SHORT,A_MOD_BREAK_C1_LOW,MODERATE,2025-12-08 12:15:00+05:30,2025-12-08 12:30:00+05:30,93.89000244140625,94.52192297957711,92.8789295803329,2025-12-08 14:59:00+05:30,94.52192297957711,SL,-4.165217391304369,-3.365217391304369,28.142009735107422,25.00063133239746,1.6608459949493408,2.401097575417954,2.832753101197983,0.006569519211308722,0.6321301460266113,10.32,94.52192297957711,-0.8330434782608738,-0.6730434782608737,50000.0,5.0,250000.0,-2082.6086956521845,-1682.6086956521845
2025-12-08,INDIANB,SHORT,A_MOD_BREAK_C1_LOW,MODERATE,2025-12-08 12:15:00+05:30,2025-12-08 12:30:00+05:30,787.1425277954102,792.440339243355,778.6660294786985,2025-12-08 13:29:00+05:30,778.6660294786985,TARGET,4.5843478260869635,5.384347826086962,29.65472412109375,23.652904510498047,3.202620267868042,2.1746870400991964,3.003441556355094,0.0052202958933870195,0.6548208618164062,10.32,792.440339243355,0.9168695652173926,1.0768695652173925,50000.0,5.0,250000.0,2292.173913043481,2692.1739130434817
2025-12-08,RITES,SHORT,A_MOD_BREAK_C1_LOW,MODERATE,2025-12-08 12:15:00+05:30,2025-12-08 12:30:00+05:30,222.45,223.9471852173913,220.0545036521739,2025-12-08 15:30:00+05:30,221.85000610351562,EOD,0.548603948043074,1.348603948043074,30.06219482421875,20.38194465637207,1.5125129222869873,2.8081070090109854,3.184784212166456,0.004230186710359391,0.6609329223632812,10.32,223.9471852173913,0.10972078960861481,0.2697207896086148,50000.0,5.0,250000.0,274.30197402153703,674.301974021537
2025-12-08,SIRCA,SHORT,A_MOD_BREAK_C1_LOW,MODERATE,2025-12-08 12:15:00+05:30,2025-12-08 12:30:00+05:30,483.2533361022949,486.5058411644095,478.0493280029116,2025-12-08 12:35:00+05:30,478.0493280029116,TARGET,4.584347826086951,5.38434782608695,38.333961486816406,23.96934700012207,4.833963871002197,3.015127979460305,3.0172286342664876,0.006451275585483586,0.7850094223022461,10.32,486.5058411644095,0.9168695652173902,1.07686956521739,50000.0,5.0,250000.0,2292.1739130434753,2692.173913043475
2025-12-08,YESBANK,SHORT,A_MOD_BREAK_C1_LOW,MODERATE,2025-12-08 12:15:00+05:30,2025-12-08 12:30:00+05:30,22.099999618530273,22.248742224658468,21.862011448725163,2025-12-08 13:29:00+05:30,21.862011448725163,TARGET,4.584347826086911,5.384347826086911,27.516122817993164,25.628652572631836,2.0357656478881836,2.3070026460061874,2.5621209102855564,0.003932437311621348,0.6227418422698974,10.32,22.248742224658468,0.9168695652173822,1.076869565217382,50000.0,5.0,250000.0,2292.1739130434553,2692.173913043455
2025-12-08,GESHIP,SHORT,A_MOD_BREAK_C1_LOW,MODERATE,2025-12-08 12:30:00+05:30,2025-12-08 12:45:00+05:30,1066.2867,1073.4632730939131,1054.8041830497393,2025-12-08 14:19:00+05:30,1073.4632730939131,SL,-4.165217391304337,-3.365217391304337,40.55091857910156,20.01923942565918,3.8943428993225098,2.8420127516566467,2.8702678927334753,0.004640064270279771,0.8182637786865234,10.32,1073.4632730939131,-0.8330434782608673,-0.6730434782608674,50000.0,5.0,250000.0,-2082.6086956521685,-1682.6086956521685
2025-12-08,ALKYLAMINE,SHORT,A_MOD_BREAK_C1_LOW,MODERATE,2025-12-08 12:45:00+05:30,2025-12-08 13:00:00+05:30,1601.2796555908203,1612.0569638814925,1584.035962325745,2025-12-08 15:30:00+05:30,1605.0,EOD,-1.9616785350985433,-1.1616785350985435,47.387630462646484,21.583106994628906,6.883554458618164,1.9891088637095364,2.4426769988829586,0.004238123356452917,0.9189085080888661,10.32,1612.0569638814925,-0.39233570701970866,-0.23233570701970868,50000.0,5.0,250000.0,-980.8392675492717,-580.8392675492717
2025-12-08,SAREGAMA,SHORT,A_MOD_BREAK_C1_LOW,MODERATE,2025-12-08 12:45:00+05:30,2025-12-08 13:00:00+05:30,348.0303861022949,350.3727819183226,344.28255279665075,2025-12-08 14:12:00+05:30,350.3727819183226,SL,-4.165217391304386,-3.365217391304387,32.06525802612305,19.554780960083008,1.6063642501831055,2.067453830156638,3.293668900048561,0.008035600801934838,0.6909788703918456,10.32,350.3727819183226,-0.8330434782608773,-0.6730434782608774,50000.0,5.0,250000.0,-2082.6086956521935,-1682.6086956521935
2025-12-08,TATAPOWER,SHORT,A_MOD_BREAK_C1_LOW,MODERATE,2025-12-08 12:45:00+05:30,2025-12-08 13:00:00+05:30,375.9248,378.4549373495652,371.87658024069566,2025-12-08 15:30:00+05:30,374.0,EOD,1.7600864853821894,2.560086485382189,31.92254066467285,26.251201629638672,9.2869291305542,1.6196253856117275,2.380882988695914,0.00393977341297242,0.6222725524521451,10.32,378.4549373495652,0.35201729707643786,0.5120172970764378,50000.0,5.0,250000.0,880.0432426910947,1280.0432426910947
2025-12-08,TNPL,SHORT,A_MOD_BREAK_C1_LOW,MODERATE,2025-12-08 12:45:00+05:30,2025-12-08 13:00:00+05:30,138.0500061035156,138.97914266633407,136.5633876030061,2025-12-08 14:59:00+05:30,136.5633876030061,TARGET,4.584347826086946,5.384347826086945,30.315526962280273,23.65538215637207,7.079873561859131,2.0819298680329776,2.661456216510347,0.0034757348630001673,0.6647329044342041,10.32,138.97914266633407,0.916869565217389,1.076869565217389,50000.0,5.0,250000.0,2292.1739130434726,2692.1739130434726
2025-12-08,TRENT,SHORT,A_MOD_BREAK_C1_LOW,MODERATE,2025-12-08 12:45:00+05:30,2025-12-08 13:00:00+05:30,4116.376755273437,4144.081760565451,4072.0487468062142,2025-12-08 15:30:00+05:30,4080.0,EOD,3.618540555943439,4.418540555943439,27.313390731811523,26.673818588256836,8.633131980895996,1.8892428590676245,1.8933349719678747,0.004314826565538431,0.5949851099124008,10.32,4144.081760565451,0.7237081111886878,0.8837081111886879,50000.0,5.0,250000.0,1809.2702779717197,2209.2702779717197
2025-12-08,ANTELOPUS,SHORT,A_MOD_BREAK_C1_LOW,MODERATE,2025-12-08 13:00:00+05:30,2025-12-08 13:15:00+05:30,368.9262,371.40923372869565,364.95334603408696,2025-12-08 15:10:00+05:30,371.40923372869565,SL,-4.165217391304356,-3.3652173913043573,25.927888870239258,21.962665557861328,5.2324748039245605,3.179834752978352,2.9371646407250234,0.005748352563418763,0.5989183330535888,10.32,371.40923372869565,-0.8330434782608713,-0.6730434782608714,50000.0,5.0,250000.0,-2082.6086956521785,-1682.6086956521785
2025-12-08,LAURUSLABS,SHORT,A_PULLBACK_C2_THEN_BREAK_C2_LOW,MODERATE,2025-12-08 13:00:00+05:30,2025-12-08 13:30:00+05:30,1005.1989444091797,1011.9643703480729,994.3742629069508,2025-12-08 15:30:00+05:30,1003.7999877929688,EOD,-0.1041394323025159,0.695860567697484,26.64049530029297,25.73599624633789,3.724191188812256,3.278223464011884,2.784187643732621,0.00418749863165175,0.6096074295043945,10.32,1011.9643703480729,-0.02082788646050318,0.1391721135394968,50000.0,5.0,250000.0,-52.06971615125795,347.93028384874196
2025-12-08,ASIANPAINT,SHORT,A_MOD_BREAK_C1_LOW,MODERATE,2025-12-08 13:45:00+05:30,2025-12-08 14:00:00+05:30,2929.6139111816406,2949.331486549072,2898.0657905937505,2025-12-08 15:30:00+05:30,2924.0,EOD,0.1581315749856313,0.9581315749856312,25.035423278808594,35.650569915771484,31.30957794189453,1.438596464112859,1.7561007747429682,0.0022317765258206383,0.4750907691390276,10.32,2949.331486549072,0.03162631499712626,0.19162631499712623,50000.0,5.0,250000.0,79.06578749281564,479.06578749281556
2025-12-08,GIPCL,SHORT,A_MOD_BREAK_C1_LOW,MODERATE,2025-12-08 13:45:00+05:30,2025-12-08 14:00:00+05:30,146.66000671386718,147.64709232427182,145.08066973721978,2025-12-08 15:30:00+05:30,146.35000610351562,EOD,0.25686825364859195,1.0568682536485918,66.04364776611328,19.379154205322266,11.873092651367188,2.8482002729641756,3.858702836283246,0.006783273349813864,0.96,10.32,147.64709232427182,0.05137365072971839,0.21137365072971837,50000.0,5.0,250000.0,128.43412682429596,528.4341268242958
2025-12-08,MOIL,SHORT,A_MOD_BREAK_C1_LOW,MODERATE,2025-12-08 14:00:00+05:30,2025-12-08 14:15:00+05:30,315.1369722045898,317.2579810436016,311.743358062171,2025-12-08 14:40:00+05:30,317.2579810436016,SL,-4.165217391304377,-3.3652173913043764,28.34385108947754,18.502626419067383,2.8896992206573486,4.267166354739655,4.089208812238043,0.005121452128964065,0.635157766342163,10.32,317.2579810436016,-0.8330434782608753,-0.6730434782608753,50000.0,5.0,250000.0,-2082.608695652188,-1682.608695652188
2025-12-10,AFFLE,LONG,A_MOD_BREAK_C1_HIGH,MODERATE,2025-12-10 10:15:00+05:30,2025-12-10 10:30:00+05:30,1655.8311,1644.0063061663045,1679.4806876673915,2025-12-10 11:10:00+05:30,1644.0063061663045,SL,-4.370652173913026,-3.5706521739130253,39.735618591308594,72.08402252197266,83.8921127319336,1.4082639678732274,2.2913105529876043,0.005376028892173756,5.430319787578191,10.95,1644.0063061663045,-0.8741304347826051,-0.7141304347826051,100000.0,5.0,500000.0,-4370.652173913026,-3570.6521739130253
2025-12-10,APOLLOHOSP,SHORT,A_MOD_BREAK_C1_LOW,MODERATE,2025-12-10 14:15:00+05:30,2025-12-10 14:30:00+05:30,7011.0975,7061.165881059783,6930.988090304348,2025-12-10 15:30:00+05:30,7027.0,EOD,-1.934094911673967,-1.1340949116739671,25.877952575683594,33.404449462890625,15.86972427368164,1.8295037673401653,1.939463881053745,0.0027597866270458525,0.56530564197247,10.95,7061.165881059783,-0.3868189823347934,-0.22681898233479345,50000.0,5.0,250000.0,-967.0474558369834,-567.0474558369837
2025-12-12,VIJAYA,SHORT,A_MOD_BREAK_C1_LOW,MODERATE,2025-12-12 12:15:00+05:30,2025-12-12 12:30:00+05:30,985.7028444091796,992.3884810929984,975.0058257150696,2025-12-12 14:24:00+05:30,992.3884810929984,SL,-4.191304347826073,-3.3913043478260736,41.010597229003906,20.073942184448242,10.166921615600586,1.5531969700285486,2.2056058621761503,0.0031170753192853273,0.7469684281900546,10.4,992.3884810929984,-0.8382608695652147,-0.6782608695652147,50000.0,5.0,250000.0,-2095.6521739130367,-1695.6521739130367
2025-12-12,RPTECH,LONG,B_HUGE_GREEN_PULLBACK_HOLD_THEN_BREAK,HUGE,2025-12-12 12:00:00+05:30,2025-12-12 13:00:00+05:30,343.0686,340.7416999304348,347.72240013913046,2025-12-12 13:03:00+05:30,347.72240013913046,TARGET,5.982608695652201,6.7826086956522005,52.48949432373047,76.49797058105469,79.37431335449219,2.3078116235764043,2.9734485658654712,0.005343783203030395,8.035584125446952,10.4,340.7416999304348,1.1965217391304401,1.35652173913044,100000.0,5.0,500000.0,5982.6086956522,6782.6086956522
2025-12-15,MOLDTECH,LONG,B_HUGE_GREEN_PULLBACK_HOLD_THEN_BREAK,HUGE,2025-12-15 10:00:00+05:30,2025-12-15 11:00:00+05:30,167.3299987792969,166.22671206995426,169.53657219798214,2025-12-15 11:14:00+05:30,169.53657219798214,TARGET,5.793478260869573,6.593478260869573,26.681440353393555,76.95470428466797,79.32866668701172,1.1390267505115623,4.2439539779563455,0.007002361518256356,6.93693150124067,10.11,166.22671206995426,1.1586956521739147,1.3186956521739146,100000.0,5.0,500000.0,5793.478260869574,6593.478260869573
2025-12-15,ACUTAAS,SHORT,A_MOD_BREAK_C1_LOW,MODERATE,2025-12-15 10:45:00+05:30,2025-12-15 11:00:00+05:30,1631.4736888183593,1642.2307751187639,1614.262350737712,2025-12-15 15:30:00+05:30,1631.5999755859375,EOD,-0.8387032804892147,-0.038703280489214786,25.364709854125977,25.027889251708984,4.215628623962402,1.4285273810568149,2.4178428884053793,0.00548036661544621,0.49046293949683223,10.11,1642.2307751187639,-0.16774065609784294,-0.007740656097842957,50000.0,5.0,250000.0,-419.3516402446074,-19.351640244607392
2025-12-15,TARC,LONG,B_HUGE_GREEN_PULLBACK_HOLD_THEN_BREAK,HUGE,2025-12-15 10:30:00+05:30,2025-12-15 12:15:00+05:30,150.77000122070314,149.77590249526315,152.7581986715831,2025-12-15 14:50:00+05:30,149.77590249526315,SL,-4.096739130434779,-3.296739130434779,29.16322898864746,74.40435028076172,83.10218811035156,2.3024443801712673,3.1296650903316467,0.006301943313797397,7.394844191996229,10.11,149.77590249526315,-0.8193478260869558,-0.6593478260869559,100000.0,5.0,500000.0,-4096.739130434778,-3296.7391304347793
2025-12-15,BALKRISIND,LONG,B_HUGE_GREEN_PULLBACK_HOLD_THEN_BREAK,HUGE,2025-12-15 11:30:00+05:30,2025-12-15 12:45:00+05:30,2360.2720088378906,2344.7096066578792,2391.3968131979136,2025-12-15 14:00:00+05:30,2391.3968131979136,TARGET,5.7934782608695485,6.593478260869548,40.23772430419922,71.07636260986328,57.35850524902344,2.176325324528216,2.0502250132291855,0.003885306119636879,6.438104323357051,10.11,2344.7096066578792,1.1586956521739098,1.3186956521739097,100000.0,5.0,500000.0,5793.47826086955,6593.478260869549
2025-12-15,KRSNAA,LONG,B_HUGE_GREEN_PULLBACK_HOLD_THEN_BREAK,HUGE,2025-12-15 13:00:00+05:30,2025-12-15 14:00:00+05:30,756.6513,751.6623361023914,766.6292277952174,2025-12-15 14:59:00+05:30,751.6623361023914,SL,-4.096739130434747,-3.296739130434747,25.199764251708984,68.6465072631836,78.38639068603516,2.9633732081877375,1.910897685663979,0.005316826161423676,7.126037513249046,10.11,751.6623361023914,-0.8193478260869493,-0.6593478260869494,100000.0,5.0,500000.0,-4096.739130434747,-3296.739130434747
2025-12-16,NIITMTS,SHORT,A_MOD_BREAK_C1_LOW,MODERATE,2025-12-16 10:00:00+05:30,2025-12-16 10:15:00+05:30,389.47207779541014,392.0756139676295,385.30641991985925,2025-12-16 11:40:00+05:30,392.0756139676295,SL,-4.142391304347903,-3.3423913043479034,27.42881202697754,21.79315757751465,6.28881311416626,1.0304347909589149,3.922042616553697,0.00601426323235335,0.4517582688224732,10.25,392.0756139676295,-0.8284782608695807,-0.6684782608695807,50000.0,5.0,250000.0,-2071.1956521739517,-1671.1956521739519
2025-12-16,JUBLFOOD,SHORT,A_MOD_BREAK_C1_LOW,MODERATE,2025-12-16 10:45:00+05:30,2025-12-16 11:00:00+05:30,565.8868,569.6696302391305,559.8342716173913,2025-12-16 11:16:00+05:30,569.6696302391305,SL,-4.142391304347862,-3.3423913043478626,49.16716384887695,23.021615982055664,5.729519367218018,1.3706546908106483,3.396372780181313,0.004358252889536338,0.8373720286250177,10.25,569.6696302391305,-0.8284782608695724,-0.6684782608695725,50000.0,5.0,250000.0,-2071.195652173931,-1671.1956521739312
2025-12-17,SWARAJENG,SHORT,A_MOD_BREAK_C1_LOW,MODERATE,2025-12-17 10:00:00+05:30,2025-12-17 10:15:00+05:30,3660.2678,3684.282339609565,3621.844536624696,2025-12-17 15:25:00+05:30,3621.844536624696,TARGET,4.448695652173871,5.24869565217387,30.547903060913086,22.184688568115234,16.070316314697266,0.5348033050004012,2.916118657263285,0.003324934896445197,0.41180912428876654,10.06,3684.282339609565,0.8897391304347742,1.049739130434774,50000.0,5.0,250000.0,2224.347826086935,2624.3478260869356
2025-12-17,QUICKHEAL,SHORT,A_MOD_BREAK_C1_LOW,MODERATE,2025-12-17 10:30:00+05:30,2025-12-17 10:45:00+05:30,270.04598610229493,271.8177225937226,267.2112077160107,2025-12-17 13:11:00+05:30,267.2112077160107,TARGET,4.448695652173899,5.2486956521738986,39.264312744140625,24.171653747558594,18.32093620300293,1.2384094356531372,2.3930691564996995,0.005978775700147773,0.6656863424014083,10.06,271.8177225937226,0.8897391304347797,1.0497391304347796,50000.0,5.0,250000.0,2224.347826086949,2624.347826086949
2025-12-17,SYRMA,SHORT,A_PULLBACK_C2_THEN_BREAK_C2_LOW,MODERATE,2025-12-17 10:30:00+05:30,2025-12-17 11:00:00+05:30,710.60785,715.2700554158695,703.1483213346087,2025-12-17 11:09:00+05:30,715.2700554158695,SL,-4.080434782608645,-3.2804347826086455,28.468425750732422,15.1968994140625,13.747180938720703,1.725417429519291,2.653782523230905,0.0046376218127098245,0.5889744364268623,10.06,715.2700554158695,-0.816086956521729,-0.6560869565217291,50000.0,5.0,250000.0,-2040.2173913043227,-1640.2173913043227
2025-12-17,HFCL,SHORT,A_MOD_BREAK_C1_LOW,MODERATE,2025-12-17 10:45:00+05:30,2025-12-17 11:00:00+05:30,64.33999938964844,64.76212573347009,63.664597239533805,2025-12-17 11:46:00+05:30,64.76212573347009,SL,-4.080434782608659,-3.28043478260866,25.512908935546875,25.560773849487305,2.859133720397949,1.7542271527268076,2.7846418727756688,0.005386227850931449,0.5496833857603944,10.06,64.76212573347009,-0.8160869565217319,-0.656086956521732,50000.0,5.0,250000.0,-2040.2173913043296,-1640.2173913043298
2025-12-17,POLYPLEX,SHORT,A_MOD_BREAK_C1_LOW,MODERATE,2025-12-17 10:45:00+05:30,2025-12-17 11:00:00+05:30,791.8416,797.0367694539129,783.5293288737391,2025-12-17 13:06:00+05:30,783.5293288737391,TARGET,4.448695652173894,5.248695652173893,35.460575103759766,22.580724716186523,4.520122051239014,1.5117094542985101,2.904790891618532,0.006926416748701924,0.6564577810586358,10.06,797.0367694539129,0.8897391304347788,1.0497391304347787,50000.0,5.0,250000.0,2224.347826086947,2624.3478260869465
2025-12-17,SCI,SHORT,A_MOD_BREAK_C1_LOW,MODERATE,2025-12-17 10:45:00+05:30,2025-12-17 11:00:00+05:30,210.34999389648436,211.73007276948346,208.1418676996858,2025-12-17 11:55:00+05:30,208.1418676996858,TARGET,4.448695652173882,5.248695652173882,53.817256927490234,11.538636207580566,10.882464408874512,1.6070459823205796,3.496839107767089,0.006936065595956385,0.8912330469061014,10.06,211.73007276948346,0.8897391304347764,1.0497391304347763,50000.0,5.0,250000.0,2224.347826086941,2624.3478260869406
2025-12-17,MAXHEALTH,SHORT,A_MOD_BREAK_C1_LOW,MODERATE,2025-12-17 11:30:00+05:30,2025-12-17 11:45:00+05:30,1046.8905555908202,1053.7590679751095,1035.9009357759574,2025-12-17 12:39:00+05:30,1035.9009357759574,TARGET,4.4486956521738765,5.2486956521738755,43.92219543457031,13.368932723999023,2.383432149887085,2.2085416362556476,3.731597631164034,0.004477913598067888,0.8688329315185546,10.06,1053.7590679751095,0.8897391304347753,1.0497391304347752,50000.0,5.0,250000.0,2224.3478260869383,2624.347826086938
2025-12-17,REMSONSIND,LONG,A_MOD_BREAK_C1_HIGH,MODERATE,2025-12-17 11:45:00+05:30,2025-12-17 12:00:00+05:30,118.35000305175781,117.57352411869215,119.90296091788913,2025-12-17 14:14:00+05:30,119.90296091788913,TARGET,5.760869565217375,6.5608695652173745,41.679725646972656,65.26504516601562,79.33892059326172,1.2945797748700216,1.4714895900332672,0.007922408043040887,5.042182610610874,10.06,117.57352411869215,1.152173913043475,1.3121739130434749,100000.0,5.0,500000.0,5760.869565217375,6560.869565217374
2025-12-17,ARMANFIN,LONG,B_HUGE_GREEN_PULLBACK_HOLD_THEN_BREAK,HUGE,2025-12-17 12:00:00+05:30,2025-12-17 13:15:00+05:30,1525.2050044189452,1515.1983333247358,1545.2183466073643,2025-12-17 14:11:00+05:30,1545.2183466073643,TARGET,5.760869565217407,6.5608695652174065,27.324615478515625,57.20545196533203,50.858943939208984,2.551491701408266,0.6378041261140597,0.008321552465457727,5.134541582327261,10.06,1515.1983333247358,1.1521739130434814,1.3121739130434813,100000.0,5.0,500000.0,5760.8695652174065,6560.8695652174065
2025-12-17,NAVINFLUOR,SHORT,A_MOD_BREAK_C1_LOW,MODERATE,2025-12-17 13:00:00+05:30,2025-12-17 13:15:00+05:30,5922.8152,5961.674017986086,5860.641091222261,2025-12-17 15:30:00+05:30,5904.0,EOD,0.788366289057947,1.588366289057947,50.417362213134766,19.532299041748047,2.153938055038452,2.4304334253692157,2.4948926954708646,0.004037555336378943,0.96,10.06,5961.674017986086,0.15767325781158942,0.3176732578115894,50000.0,5.0,250000.0,394.1831445289735,794.1831445289735
2025-12-17,BALMLAWRIE,SHORT,A_MOD_BREAK_C1_LOW,MODERATE,2025-12-17 13:15:00+05:30,2025-12-17 13:30:00+05:30,173.84999389648436,174.99060103035302,172.0250224822945,2025-12-17 15:30:00+05:30,173.0,EOD,1.6446187124702352,2.444618712470235,33.88908386230469,26.000804901123047,6.189781188964844,2.43389794543937,2.6137850028320413,0.0034605819603492475,0.7183362579345702,10.06,174.99060103035302,0.32892374249404704,0.488923742494047,50000.0,5.0,250000.0,822.3093562351175,1222.3093562351175
2025-12-17,PNCINFRA,SHORT,A_MOD_BREAK_C1_LOW,MODERATE,2025-12-17 13:30:00+05:30,2025-12-17 13:45:00+05:30,250.93980749206543,252.5861908377416,248.3055941389835,2025-12-17 14:17:00+05:30,248.3055941389835,TARGET,4.4486956521739,5.248695652173899,29.836971282958984,25.701732635498047,8.372092247009277,2.0017669042270065,2.1483830345696058,0.004006351517326503,0.6575545692443847,10.06,252.5861908377416,0.8897391304347799,1.0497391304347798,50000.0,5.0,250000.0,2224.34782608695,2624.3478260869497
2025-12-18,SUNTECK,SHORT,A_MOD_BREAK_C1_LOW,MODERATE,2025-12-18 11:00:00+05:30,2025-12-18 11:15:00+05:30,390.17195,392.6758360791305,386.16573227339126,2025-12-18 13:41:00+05:30,386.16573227339126,TARGET,4.333913043478299,5.133913043478299,34.83633041381836,24.191633224487305,12.436842918395996,1.463009133260911,2.0396090169458345,0.004472301803080892,0.6385715545279347,9.84,392.6758360791305,0.8667826086956598,1.0267826086956597,50000.0,5.0,250000.0,2166.9565217391496,2566.956521739149
2025-12-18,RAJESHEXPO-BZ,SHORT,A_MOD_BREAK_C1_LOW,MODERATE,2025-12-18 11:15:00+05:30,2025-12-18 11:30:00+05:30,188.72999877929686,189.94115303233272,186.79215197443952,2025-12-18 11:58:00+05:30,189.94115303233272,SL,-4.008695652173971,-3.208695652173972,31.349266052246094,21.218759536743164,5.793704032897949,1.3856176642924052,3.0662164037783484,0.006356695754011097,0.5727220820348622,9.84,189.94115303233272,-0.8017391304347943,-0.6417391304347944,50000.0,5.0,250000.0,-2004.3478260869858,-1604.3478260869858
2025-12-18,HINDALCO,LONG,B_HUGE_GREEN_PULLBACK_HOLD_THEN_BREAK,HUGE,2025-12-18 10:30:00+05:30,2025-12-18 12:00:00+05:30,858.9717477905274,853.4593899655761,869.9964634404301,2025-12-18 14:24:00+05:30,853.4593899655761,SL,-4.008695652173877,-3.2086956521738768,33.22357940673828,75.37319946289062,83.26469421386719,2.416547851759311,3.199679421542334,0.003079865815338011,7.852558188959298,9.84,853.4593899655761,-0.8017391304347754,-0.6417391304347754,100000.0,5.0,500000.0,-4008.695652173877,-3208.6956521738766
2025-12-18,GODREJAGRO,SHORT,A_MOD_BREAK_C1_LOW,MODERATE,2025-12-18 14:00:00+05:30,2025-12-18 14:15:00+05:30,563.5872722045898,567.2040322644767,557.8004561087708,2025-12-18 15:30:00+05:30,562.0499877929688,EOD,0.5638388297943939,1.3638388297943937,25.409212112426758,26.3231143951416,2.6066250801086426,2.191780335215198,3.1621740606538378,0.0038450942376391625,0.5911381816864014,9.84,567.2040322644767,0.11276776595887877,0.27276776595887875,50000.0,5.0,250000.0,281.91941489719693,681.9194148971969
2025-12-18,PAGEIND,SHORT,A_MOD_BREAK_C1_LOW,MODERATE,2025-12-18 14:00:00+05:30,2025-12-18 14:15:00+05:30,35742.85,35972.22585478261,35375.84863234782,2025-12-18 15:30:00+05:30,35610.0,EOD,1.058413640770092,1.8584136407700917,25.79975128173828,31.92168426513672,15.439241409301758,1.4413260965776984,2.142662925437252,0.002136666860732414,0.4992283361271715,9.84,35972.22585478261,0.2116827281540184,0.37168272815401837,50000.0,5.0,250000.0,529.206820385046,929.206820385046
2025-12-18,SKFINDIA,SHORT,A_MOD_BREAK_C1_LOW,MODERATE,2025-12-18 14:15:00+05:30,2025-12-18 14:30:00+05:30,1764.647,1775.9714303130436,1746.5279114991304,2025-12-18 15:30:00+05:30,1765.0,EOD,-0.9000200040008186,-0.1000200040008187,45.632205963134766,22.457923889160156,5.711016654968262,3.489503489172653,3.434907125184506,0.002593958246900575,0.8944830894470215,9.84,1775.9714303130436,-0.1800040008001637,-0.020004000800163742,50000.0,5.0,250000.0,-450.01000200040926,-50.01000200040936
2025-12-19,JKTYRE,LONG,B_HUGE_GREEN_PULLBACK_HOLD_THEN_BREAK,HUGE,2025-12-19 10:00:00+05:30,2025-12-19 11:45:00+05:30,489.5979,486.49746808108694,495.79876383782613,2025-12-19 11:50:00+05:30,486.49746808108694,SL,-3.9663043478260884,-3.166304347826089,25.411989212036133,84.49359893798828,93.23580932617188,1.2265602406687746,5.0967084877363895,0.00725649607990179,8.165458103649845,9.71,486.49746808108694,-0.7932608695652177,-0.6332608695652178,100000.0,5.0,500000.0,-3966.304347826089,-3166.304347826089
2025-12-19,GSPL,LONG,B_HUGE_GREEN_PULLBACK_HOLD_THEN_BREAK,HUGE,2025-12-19 10:15:00+05:30,2025-12-19 12:00:00+05:30,288.9577738952637,287.12791738361824,292.6174869185546,2025-12-19 12:09:00+05:30,287.12791738361824,SL,-3.966304347826118,-3.1663043478261184,35.2191276550293,81.70570373535156,86.62594604492188,1.5517301945336635,4.297563083530845,0.004832960724212171,8.124937186104916,9.71,287.12791738361824,-0.7932608695652237,-0.6332608695652236,100000.0,5.0,500000.0,-3966.304347826118,-3166.3043478261184
2025-12-22,CONFIPET,LONG,B_HUGE_GREEN_PULLBACK_HOLD_THEN_BREAK,HUGE,2025-12-22 10:00:00+05:30,2025-12-22 11:00:00+05:30,35.380001831054685,35.160338167512315,35.81932915813943,2025-12-22 11:03:00+05:30,35.81932915813943,TARGET,5.408695652173895,6.208695652173894,38.29268264770508,85.66365051269531,86.96117401123047,2.1308709675778355,3.9135810702011486,0.006010122170544163,8.853759626629321,9.52,35.160338167512315,1.081739130434779,1.241739130434779,100000.0,5.0,500000.0,5408.695652173895,6208.695652173895
2025-12-22,MUNJALAU,LONG,A_MOD_BREAK_C1_HIGH,MODERATE,2025-12-22 10:45:00+05:30,2025-12-22 11:00:00+05:30,80.28999786376953,79.79150170311969,81.2869901850692,2025-12-22 11:58:00+05:30,79.79150170311969,SL,-3.904347826086939,-3.1043478260869395,43.672542572021484,80.25287628173828,94.68560791015625,1.6096449066360254,2.4779840723128173,0.006311168069340373,6.321283075745125,9.52,79.79150170311969,-0.7808695652173878,-0.6208695652173879,100000.0,5.0,500000.0,-3904.347826086939,-3104.3478260869397
2025-12-22,SUNTECK,LONG,B_HUGE_GREEN_PULLBACK_HOLD_THEN_BREAK,HUGE,2025-12-22 10:00:00+05:30,2025-12-22 12:15:00+05:30,412.0824,409.52390579478265,417.1993884104347,2025-12-22 14:22:00+05:30,417.1993884104347,TARGET,5.408695652173831,6.208695652173831,40.93578338623047,89.74011993408203,86.48092651367188,0.8636150310619163,5.8037184551419685,0.006824341938855376,8.84716329577264,9.52,409.52390579478265,1.0817391304347663,1.2417391304347662,100000.0,5.0,500000.0,5408.695652173831,6208.695652173832
2025-12-22,POONAWALLA,LONG,B_HUGE_GREEN_PULLBACK_HOLD_THEN_BREAK,HUGE,2025-12-22 11:30:00+05:30,2025-12-22 12:30:00+05:30,464.39284779052736,461.50957393554967,470.15939550048273,2025-12-22 14:24:00+05:30,470.15939550048273,TARGET,5.408695652173867,6.2086956521738665,55.39931106567383,84.7618637084961,88.80949401855469,2.496931309304633,3.2700353710894188,0.00654826138470624,8.422322369501938,9.52,461.50957393554967,1.0817391304347734,1.2417391304347734,100000.0,5.0,500000.0,5408.695652173867,6208.6956521738675
2025-12-22,ECLERX,LONG,B_HUGE_GREEN_PULLBACK_HOLD_THEN_BREAK,HUGE,2025-12-22 12:00:00+05:30,2025-12-22 13:00:00+05:30,4640.928,4612.113890504348,4698.5562189913035,2025-12-22 15:30:00+05:30,4660.0,EOD,1.254761461500816,2.054761461500816,38.34351348876953,72.44612121582031,81.118896484375,1.8496261221296255,2.76274658942461,0.00628434802565387,7.004704672782738,9.52,4612.113890504348,0.2509522923001632,0.41095229230016317,100000.0,5.0,500000.0,1254.761461500816,2054.761461500816
2025-12-22,JKPAPER,LONG,B_HUGE_GREEN_PULLBACK_HOLD_THEN_BREAK,HUGE,2025-12-22 10:45:00+05:30,2025-12-22 13:30:00+05:30,365.2230238952637,362.95546529473137,369.7581410963283,2025-12-22 15:30:00+05:30,367.0,EOD,1.6327273863844771,2.432727386384477,45.762935638427734,75.80252838134766,82.71319580078125,2.406097670390489,3.317631892106307,0.005056649535090618,8.302511890516914,9.52,362.95546529473137,0.3265454772768954,0.4865454772768954,100000.0,5.0,500000.0,1632.727386384477,2432.727386384477
2025-12-23,SANDUMA,LONG,A_MOD_BREAK_C1_HIGH,MODERATE,2025-12-23 10:15:00+05:30,2025-12-23 10:30:00+05:30,227.8,226.36188869565217,230.67622260869567,2025-12-23 10:31:00+05:30,230.67622260869567,TARGET,5.513043478260879,6.313043478260878,35.26018524169922,74.69293212890625,80.4283447265625,2.339464221378122,2.840536721378782,0.007686554668566297,7.111952122688414,9.68,226.36188869565217,1.1026086956521757,1.2626086956521756,100000.0,5.0,500000.0,5513.043478260878,6313.043478260878
2025-12-23,WEL,SHORT,A_MOD_BREAK_C1_LOW,MODERATE,2025-12-23 11:00:00+05:30,2025-12-23 11:15:00+05:30,141.84999389648436,142.7454990753439,140.4171856103091,2025-12-23 15:30:00+05:30,142.3000030517578,EOD,-2.3862149264590204,-1.5862149264590206,28.073040008544922,45.489688873291016,18.582040786743164,0.8127224920668812,0.4340170324383146,0.007178098209076173,0.34502288786179375,9.68,142.7454990753439,-0.4772429852918041,-0.3172429852918041,50000.0,5.0,250000.0,-1193.1074632295101,-793.1074632295102
2025-12-24,GMBREW,LONG,B_HUGE_GREEN_PULLBACK_HOLD_THEN_BREAK,HUGE,2025-12-24 10:00:00+05:30,2025-12-24 11:00:00+05:30,1099.2198,1092.4954423539132,1112.668515292174,2025-12-24 11:01:00+05:30,1112.668515292174,TARGET,5.317391304347878,6.117391304347878,34.6403923034668,77.75433349609375,80.3958969116211,2.388766769097626,2.972981726023383,0.009295805631109247,7.637459748730974,9.38,1092.4954423539132,1.0634782608695756,1.2234782608695756,100000.0,5.0,500000.0,5317.391304347878,6117.391304347878
2025-12-24,KAJARIACER,SHORT,A_MOD_BREAK_C1_LOW,MODERATE,2025-12-24 11:00:00+05:30,2025-12-24 11:15:00+05:30,995.3009,1001.3895450708694,985.5590678866087,2025-12-24 11:16:00+05:30,985.5590678866087,TARGET,4.093913043478258,4.893913043478257,59.137908935546875,12.817477226257324,3.183664560317993,1.4929183647188347,2.9200543948572135,0.006196202044506149,0.871260713825796,9.38,1001.3895450708694,0.8187826086956516,0.9787826086956515,50000.0,5.0,250000.0,2046.956521739129,2446.9565217391287
2025-12-24,CYIENT,SHORT,A_PULLBACK_C2_THEN_BREAK_C2_LOW,MODERATE,2025-12-24 11:15:00+05:30,2025-12-24 11:45:00+05:30,1127.7744,1134.673437307826,1116.7359403074784,2025-12-24 15:30:00+05:30,1118.0,EOD,3.533490811637512,4.333490811637511,42.23243713378906,23.201128005981445,4.501440048217773,1.331570744394097,2.0738850131684923,0.005000316415363358,0.7265114372758028,9.38,1134.673437307826,0.7066981623275024,0.8666981623275023,50000.0,5.0,250000.0,1766.745405818756,2166.7454058187554
2025-12-24,SOMANYCERA,SHORT,A_MOD_BREAK_C1_LOW,MODERATE,2025-12-24 12:45:00+05:30,2025-12-24 13:00:00+05:30,412.96737779541013,415.49366084131503,408.9253249219622,2025-12-24 15:30:00+05:30,410.0,EOD,2.792750850262331,3.5927508502623304,34.44584655761719,30.53809356689453,19.523693084716797,2.2835144375933694,2.719803384496684,0.004124382659502282,0.7266876983642578,9.38,415.49366084131503,0.5585501700524662,0.7185501700524661,50000.0,5.0,250000.0,1396.3754251311655,1796.3754251311652
2025-12-24,JASH,SHORT,A_MOD_BREAK_C1_LOW,MODERATE,2025-12-24 13:30:00+05:30,2025-12-24 13:45:00+05:30,426.51468610229495,429.12384333423375,422.3400345311928,2025-12-24 15:30:00+05:30,424.0,EOD,2.1479478482621643,2.947947848262164,35.89889907836914,21.66094207763672,5.5387067794799805,3.181374216547842,2.6501161602014576,0.005419892505404542,0.7484834861755372,9.38,429.12384333423375,0.42958956965243283,0.5895895696524328,50000.0,5.0,250000.0,1073.9739241310822,1473.973924131082
2025-12-26,HINDCOPPER,LONG,A_MOD_BREAK_C1_HIGH,MODERATE,2025-12-26 10:15:00+05:30,2025-12-26 10:30:00+05:30,455.44107610473634,452.71139991599557,460.90042848221793,2025-12-26 10:31:00+05:30,460.90042848221793,TARGET,5.193478260869606,5.993478260869606,59.30385208129883,79.37885284423828,80.81497192382812,1.530745655908476,3.8577223719604863,0.00987038728257738,7.945520499599967,9.19,452.71139991599557,1.0386956521739212,1.1986956521739212,100000.0,5.0,500000.0,5193.478260869606,5993.478260869605
2025-12-26,GALAPREC,SHORT,A_MOD_BREAK_C1_LOW,MODERATE,2025-12-26 11:30:00+05:30,2025-12-26 11:45:00+05:30,779.1441277954101,783.813911187436,771.6724743681685,2025-12-26 12:39:00+05:30,783.813911187436,SL,-3.7967391304347506,-2.9967391304347513,35.02799987792969,32.639408111572266,14.085254669189453,1.2884029841520364,2.6000128442033548,0.006393089208564408,0.6108905203955517,9.19,783.813911187436,-0.7593478260869502,-0.5993478260869503,50000.0,5.0,250000.0,-1898.3695652173756,-1498.3695652173756
2025-12-26,GRWRHITECH,SHORT,A_MOD_BREAK_C1_LOW,MODERATE,2025-12-26 14:15:00+05:30,2025-12-26 14:30:00+05:30,3144.1710888183593,3163.0156098876464,3114.0198551074996,2025-12-26 15:30:00+05:30,3144.0,EOD,-0.7727926990093288,0.02720730099067108,36.44855880737305,27.4119815826416,1.749674916267395,3.3465338860314056,2.7708216155410375,0.0026914158355658612,0.7567283821105957,9.19,3163.0156098876464,-0.15455853980186576,0.005441460198134216,50000.0,5.0,250000.0,-386.39634950466444,13.60365049533554
2025-12-29,ASAHIINDIA,SHORT,A_MOD_BREAK_C1_LOW,MODERATE,2025-12-29 10:00:00+05:30,2025-12-29 10:15:00+05:30,953.7092444091796,959.4004006611432,944.6033944060381,2025-12-29 11:06:00+05:30,959.4004006611432,SL,-3.783695652173952,-2.9836956521739517,37.693626403808594,25.16940689086914,8.339064598083496,1.2934150657604646,3.5655255114461144,0.008085263836446232,0.6517520325652102,9.15,959.4004006611432,-0.7567391304347904,-0.5967391304347903,50000.0,5.0,250000.0,-1891.8478260869758,-1491.8478260869758
2025-12-29,FINCABLES,SHORT,A_MOD_BREAK_C1_LOW,MODERATE,2025-12-29 10:15:00+05:30,2025-12-29 10:30:00+05:30,752.8494,757.3419469630435,745.6613248591304,2025-12-29 12:42:00+05:30,745.6613248591304,TARGET,3.973913043478218,4.773913043478218,58.48375701904297,14.09649658203125,2.344041585922241,1.3699693049308164,4.527629311132058,0.0035166913421805627,0.8497446283628929,9.15,757.3419469630435,0.7947826086956435,0.9547826086956436,50000.0,5.0,250000.0,1986.9565217391087,2386.956521739109
2025-12-29,TRACXN,SHORT,A_MOD_BREAK_C1_LOW,MODERATE,2025-12-29 10:15:00+05:30,2025-12-29 10:30:00+05:30,39.400000762939456,39.63511598488352,39.02381640782896,2025-12-29 13:17:00+05:30,39.02381640782896,TARGET,3.9739130434782077,4.773913043478207,43.11113739013672,31.052053451538086,8.53056526184082,1.513803742053672,2.288911804613297,0.004451849185798463,0.7715827157114434,9.15,39.63511598488352,0.7947826086956415,0.9547826086956415,50000.0,5.0,250000.0,1986.956521739104,2386.9565217391037
2025-12-29,APTUS,SHORT,A_PULLBACK_C2_THEN_BREAK_C2_LOW,MODERATE,2025-12-29 10:15:00+05:30,2025-12-29 10:45:00+05:30,275.19495,276.8371459516305,272.5674364773913,2025-12-29 11:13:00+05:30,272.5674364773913,TARGET,3.973913043478259,4.773913043478259,30.032115936279297,14.751283645629883,1.2254868745803833,1.8234700048920887,4.6955424331855635,0.003670651146850228,0.6295889899003049,9.15,276.8371459516305,0.7947826086956518,0.9547826086956517,50000.0,5.0,250000.0,1986.9565217391296,2386.956521739129
2025-12-29,KPITTECH,SHORT,A_MOD_BREAK_C1_LOW,MODERATE,2025-12-29 10:45:00+05:30,2025-12-29 11:00:00+05:30,1202.0595888183593,1209.232748755982,1190.5825329181632,2025-12-29 11:54:00+05:30,1190.5825329181632,TARGET,3.973913043478232,4.773913043478232,31.043245315551758,34.25111770629883,32.48292541503906,1.1832092676415031,1.9420465024103386,0.004734968992410786,0.5298126266910563,9.15,1209.232748755982,0.7947826086956464,0.9547826086956464,50000.0,5.0,250000.0,1986.9565217391162,2386.956521739116
2025-12-29,SWSOLAR,SHORT,A_MOD_BREAK_C1_LOW,MODERATE,2025-12-29 10:45:00+05:30,2025-12-29 11:00:00+05:30,212.58999938964843,213.85860710339753,210.56022704764987,2025-12-29 15:30:00+05:30,212.9499969482422,EOD,-1.646694481460379,-0.8466944814603792,46.435665130615234,22.822961807250977,16.427188873291016,1.210531666801028,2.5329122644442683,0.0058813173416518765,0.7683780186494085,9.15,213.85860710339753,-0.3293388962920758,-0.16933889629207582,50000.0,5.0,250000.0,-823.3472407301895,-423.3472407301895
2025-12-29,ARE&M,SHORT,A_MOD_BREAK_C1_LOW,MODERATE,2025-12-29 11:00:00+05:30,2025-12-29 11:15:00+05:30,911.7176444091797,917.1582203524475,903.0127228999512,2025-12-29 14:22:00+05:30,903.0127228999512,TARGET,3.9739130434782446,4.7739130434782435,61.29880142211914,20.971261978149414,5.558359622955322,1.1670917884327952,2.9356825324098317,0.0024938463151993966,0.8142410629757391,9.15,917.1582203524475,0.7947826086956489,0.9547826086956488,50000.0,5.0,250000.0,1986.956521739122,2386.956521739122
2025-12-29,KSOLVES,SHORT,A_MOD_BREAK_C1_LOW,MODERATE,2025-12-29 11:45:00+05:30,2025-12-29 12:00:00+05:30,281.74362779541013,283.4249022699719,279.0535886361114,2025-12-29 12:06:00+05:30,279.0535886361114,TARGET,3.9739130434781966,4.7739130434781964,40.565879821777344,22.347320556640625,4.455971717834473,1.5684073505636236,2.6682662609897165,0.007003560133859621,0.7429594836752942,9.15,283.4249022699719,0.7947826086956393,0.9547826086956392,50000.0,5.0,250000.0,1986.9565217390984,2386.956521739098
2025-12-29,KIRLOSENG,SHORT,A_MOD_BREAK_C1_LOW,MODERATE,2025-12-29 12:30:00+05:30,2025-12-29 12:45:00+05:30,1233.9531111816407,1241.316592247279,1222.1715414766195,2025-12-29 12:56:00+05:30,1222.1715414766195,TARGET,3.973913043478242,4.773913043478243,28.473596572875977,31.117420196533203,10.825072288513184,2.103985442099216,2.1922918629059893,0.006724793297951752,0.6371039485931396,9.15,1241.316592247279,0.7947826086956484,0.9547826086956485,50000.0,5.0,250000.0,1986.956521739121,2386.956521739121
2025-12-29,GRANULES,SHORT,A_MOD_BREAK_C1_LOW,MODERATE,2025-12-29 13:00:00+05:30,2025-12-29 13:15:00+05:30,603.7792444091797,607.3822314220128,598.0144651886468,2025-12-29 15:30:00+05:30,602.5999755859375,EOD,0.1765728402904447,0.9765728402904446,36.084617614746094,30.108379364013672,12.625028610229492,2.0350230005426804,1.9869443265261921,0.004694108390222695,0.7506164805475011,9.15,607.3822314220128,0.03531456805808894,0.19531456805808892,50000.0,5.0,250000.0,88.28642014522235,488.28642014522234
2025-12-29,MGL,SHORT,A_MOD_BREAK_C1_LOW,MODERATE,2025-12-29 14:15:00+05:30,2025-12-29 14:30:00+05:30,1120.2759,1126.9610246641305,1109.5797005373915,2025-12-29 15:30:00+05:30,1121.9000244140625,EOD,-1.5248769763155698,-0.7248769763155699,37.073490142822266,27.80135154724121,16.524600982666016,2.7149075910070946,2.6394938053572887,0.0020577552914466946,0.7661023521423338,9.15,1126.9610246641305,-0.30497539526311396,-0.14497539526311398,50000.0,5.0,250000.0,-762.4384881577848,-362.43848815778495
2025-12-30,ZENSARTECH,SHORT,A_MOD_BREAK_C1_LOW,MODERATE,2025-12-30 10:30:00+05:30,2025-12-30 10:45:00+05:30,704.0591722045898,708.5222951309997,696.9181755223339,2025-12-30 12:43:00+05:30,696.9181755223339,TARGET,4.271304347826089,5.0713043478260875,45.78825378417969,23.69189453125,1.477676510810852,1.6318663172999772,3.036511425696157,0.0036667710345502143,0.8324004122901913,9.72,708.5222951309997,0.8542608695652176,1.0142608695652175,50000.0,5.0,250000.0,2135.652173913044,2535.652173913044
2025-12-30,CRISIL,SHORT,A_MOD_BREAK_C1_LOW,MODERATE,2025-12-30 11:00:00+05:30,2025-12-30 11:15:00+05:30,4224.255077636719,4251.033181563651,4181.410111353628,2025-12-30 11:39:00+05:30,4181.410111353628,TARGET,4.271304347826059,5.071304347826059,30.507707595825195,28.806854248046875,9.044293403625488,1.3632120696366705,2.513143701349455,0.004564558154219257,0.5561777261237952,9.72,4251.033181563651,0.8542608695652119,1.0142608695652118,50000.0,5.0,250000.0,2135.65217391303,2535.6521739130294
2025-12-30,MOTILALOFS,SHORT,A_MOD_BREAK_C1_LOW,MODERATE,2025-12-30 11:00:00+05:30,2025-12-30 11:15:00+05:30,838.8322,844.1496667286956,830.3242532340869,2025-12-30 11:43:00+05:30,844.1496667286956,SL,-3.9695652173913034,-3.169565217391303,27.227825164794922,26.02316665649414,12.166097640991211,1.2905826433273107,2.378384481609067,0.007521264893668039,0.49426934005420314,9.72,844.1496667286956,-0.7939130434782606,-0.6339130434782606,50000.0,5.0,250000.0,-1984.7826086956516,-1584.7826086956516
2025-12-30,AUTOAXLES,LONG,A_MOD_BREAK_C1_HIGH,MODERATE,2025-12-30 11:15:00+05:30,2025-12-30 11:30:00+05:30,1872.5743911621094,1860.7038978476992,1896.31537779093,2025-12-30 15:30:00+05:30,1876.0,EOD,0.11467897191650062,0.9146789719165005,35.07521057128906,76.05348205566406,94.16525268554688,2.194869360492865,4.224382611410488,0.005062164865298589,8.355656374332133,9.72,1860.7038978476992,0.022935794383300123,0.1829357943833001,100000.0,5.0,500000.0,114.67897191650061,914.6789719165005
2025-12-30,PGEL,SHORT,A_MOD_BREAK_C1_LOW,MODERATE,2025-12-30 11:15:00+05:30,2025-12-30 11:30:00+05:30,562.1875277954101,565.7513078629132,556.4854796874051,2025-12-30 13:14:00+05:30,565.7513078629132,SL,-3.9695652173913265,-3.1695652173913267,38.6711540222168,28.538740158081055,13.699254989624023,1.92138158777755,2.4932587600957055,0.005942847781711154,0.7763090881943231,9.72,565.7513078629132,-0.7939130434782653,-0.6339130434782654,50000.0,5.0,250000.0,-1984.7826086956634,-1584.7826086956634
2025-12-30,SANOFI,SHORT,A_MOD_BREAK_C1_LOW,MODERATE,2025-12-30 11:30:00+05:30,2025-12-30 11:45:00+05:30,4054.189,4079.889032878261,4013.0689473947823,2025-12-30 15:30:00+05:30,4065.60009765625,EOD,-2.2073218658836757,-1.407321865883676,28.158626556396484,28.571914672851562,8.532495498657227,1.3765383708062504,2.0350435576614596,0.0024385777328322375,0.523273613237041,9.72,4079.889032878261,-0.44146437317673515,-0.28146437317673517,50000.0,5.0,250000.0,-1103.660932941838,-703.6609329418379
2025-12-30,GSLSU,SHORT,A_MOD_BREAK_C1_LOW,MODERATE,2025-12-30 11:45:00+05:30,2025-12-30 12:00:00+05:30,100.95,101.58993521739131,99.92610365217391,2025-12-30 12:56:00+05:30,101.58993521739131,SL,-3.96956521739134,-3.1695652173913396,55.62593460083008,38.07093811035156,15.042682647705078,0.968895788811006,1.8415778889577,0.010855721955252166,0.7716356574898111,9.72,101.58993521739131,-0.793913043478268,-0.6339130434782679,50000.0,5.0,250000.0,-1984.7826086956698,-1584.78260869567
2025-12-30,JKCEMENT,SHORT,A_MOD_BREAK_C1_LOW,MODERATE,2025-12-30 11:45:00+05:30,2025-12-30 12:00:00+05:30,5530.3937,5565.451587019999,5474.301080767999,2025-12-30 13:24:00+05:30,5474.301080767999,TARGET,4.2713043478261135,5.071304347826113,33.14255142211914,20.38642692565918,4.39031457901001,2.0401915015177385,3.0733086060000336,0.0061648700229732685,0.7071382713317871,9.72,5565.451587019999,0.8542608695652227,1.0142608695652227,50000.0,5.0,250000.0,2135.6521739130567,2535.6521739130567
2025-12-30,RIIL,SHORT,A_MOD_BREAK_C1_LOW,MODERATE,2025-12-30 11:45:00+05:30,2025-12-30 12:00:00+05:30,798.8402,803.9041522243479,790.7378764410435,2025-12-30 13:40:00+05:30,790.7378764410435,TARGET,4.27130434782609,5.07130434782609,41.72736358642578,29.100505828857422,8.894891738891602,1.2586548465089826,1.9640625502763942,0.004467088628963354,0.7043781794492785,9.72,803.9041522243479,0.8542608695652181,1.014260869565218,50000.0,5.0,250000.0,2135.652173913045,2535.652173913045
2025-12-30,PAGEIND,SHORT,A_MOD_BREAK_C1_LOW,MODERATE,2025-12-30 12:00:00+05:30,2025-12-30 12:15:00+05:30,35842.83,36070.04237452174,35479.290200765216,2025-12-30 13:08:00+05:30,35479.290200765216,TARGET,4.2713043478261365,5.071304347826136,25.662721633911133,24.641300201416016,5.033388137817383,1.7213627020617637,2.701272145989436,0.003026381223459277,0.5461792973694757,9.72,36070.04237452174,0.8542608695652274,1.0142608695652273,50000.0,5.0,250000.0,2135.6521739130685,2535.652173913068
2025-12-30,WOCKPHARMA,SHORT,A_MOD_BREAK_C1_LOW,MODERATE,2025-12-30 12:30:00+05:30,2025-12-30 12:45:00+05:30,1374.725,1383.4395610869565,1360.7817022608695,2025-12-30 13:36:00+05:30,1383.4395610869565,SL,-3.96956521739132,-3.1695652173913205,44.57497024536133,22.771543502807617,4.354207515716553,2.0107020358562844,2.794725726298528,0.007954389994919134,0.8786245536804198,9.72,1383.4395610869565,-0.793913043478264,-0.633913043478264,50000.0,5.0,250000.0,-1984.78260869566,-1584.7826086956602
2025-12-30,COROMANDEL,SHORT,A_MOD_BREAK_C1_LOW,MODERATE,2025-12-30 12:45:00+05:30,2025-12-30 13:00:00+05:30,2234.553,2248.7181229304347,2211.8888033113044,2025-12-30 13:07:00+05:30,2211.8888033113044,TARGET,4.27130434782605,5.07130434782605,35.60506057739258,14.586441993713379,7.891053199768066,1.839253031734339,2.8966206269515795,0.010978449115574712,0.715945189214398,9.72,2248.7181229304347,0.8542608695652101,1.01426086956521,50000.0,5.0,250000.0,2135.652173913025,2535.652173913025
2025-12-30,JYOTHYLAB,SHORT,A_MOD_BREAK_C1_LOW,MODERATE,2025-12-30 12:45:00+05:30,2025-12-30 13:00:00+05:30,273.2953361022949,275.02779088506514,270.5234084498626,2025-12-30 13:10:00+05:30,275.02779088506514,SL,-3.969565217391339,-3.169565217391339,43.9560661315918,21.88034439086914,2.3456804752349854,1.3828474835115319,2.117955860762131,0.006307128142613161,0.7613393015883949,9.72,275.02779088506514,-0.7939130434782677,-0.6339130434782678,50000.0,5.0,250000.0,-1984.7826086956695,-1584.7826086956695
2025-12-30,BOSCHLTD,SHORT,A_MOD_BREAK_C1_LOW,MODERATE,2025-12-30 13:15:00+05:30,2025-12-30 13:30:00+05:30,35137.971,35360.715181382606,34781.58030978782,2025-12-30 13:58:00+05:30,35360.715181382606,SL,-3.9695652173912954,-3.1695652173912956,37.41219711303711,29.213966369628906,7.440671920776367,1.4670827912296003,2.064070133457762,0.0036958066808813078,0.6779224451607366,9.72,35360.715181382606,-0.7939130434782591,-0.6339130434782592,50000.0,5.0,250000.0,-1984.7826086956477,-1584.782608695648
2025-12-30,CANBK,LONG,B_HUGE_GREEN_PULLBACK_HOLD_THEN_BREAK,HUGE,2025-12-30 10:30:00+05:30,2025-12-30 14:15:00+05:30,153.55,152.57662652173914,155.49674695652175,2025-12-30 15:30:00+05:30,154.1999969482422,EOD,1.3165644683887208,2.1165644683887206,25.30548858642578,67.894775390625,68.64541625976562,3.1653353355209126,2.3907413429388567,0.005981570950026943,7.400160897508407,9.72,152.57662652173914,0.26331289367774413,0.4233128936777441,100000.0,5.0,500000.0,1316.5644683887208,2116.564468388721
2025-12-31,DABUR,LONG,B_HUGE_GREEN_PULLBACK_HOLD_THEN_BREAK,HUGE,2025-12-31 10:00:00+05:30,2025-12-31 12:00:00+05:30,507.8015522094727,504.5957789320459,514.2130987643262,2025-12-31 14:10:00+05:30,504.5957789320459,SL,-3.956521739130449,-3.1565217391304485,46.57536697387695,82.01985168457031,92.82042694091797,1.4784949160491108,4.054753683371691,0.004952679284130666,8.04761690210863,9.68,504.5957789320459,-0.7913043478260897,-0.6313043478260897,100000.0,5.0,500000.0,-3956.521739130449,-3156.5217391304486
2025-12-31,ZIMLAB,LONG,A_MOD_BREAK_C1_HIGH,MODERATE,2025-12-31 12:15:00+05:30,2025-12-31 12:30:00+05:30,71.73000030517578,71.27716569455353,72.63566952642026,2025-12-31 12:47:00+05:30,71.27716569455353,SL,-3.9565217391304843,-3.156521739130484,56.587650299072266,63.541507720947266,47.177085876464844,0.3909490205948427,1.2883421406704734,0.0107023257506114,4.28628455263105,9.68,71.27716569455353,-0.7913043478260968,-0.6313043478260968,100000.0,5.0,500000.0,-3956.5217391304845,-3156.521739130484
2026-01-01,POCL,LONG,A_MOD_BREAK_C1_HIGH,MODERATE,2026-01-01 10:15:00+05:30,2026-01-01 10:30:00+05:30,1523.3046,1513.886603733913,1542.1405925321737,2026-01-01 10:31:00+05:30,1542.1405925321737,TARGET,5.382608695652139,6.182608695652139,25.87859535217285,79.6901626586914,89.68220520019531,2.248552210337896,3.713808395365527,0.008557704424986623,7.898940945235983,9.48,1513.886603733913,1.0765217391304278,1.2365217391304277,100000.0,5.0,500000.0,5382.6086956521385,6182.6086956521385
2026-01-01,IONEXCHANG,SHORT,A_MOD_BREAK_C1_LOW,MODERATE,2026-01-01 11:45:00+05:30,2026-01-01 12:00:00+05:30,376.72462779541013,379.0537687550844,372.99800225993135,2026-01-01 15:21:00+05:30,372.99800225993135,TARGET,4.146086956521745,4.946086956521746,26.949501037597656,27.135297775268555,14.351927757263184,1.7781651178798255,2.073436011785112,0.004052963876196944,0.5754214111929343,9.48,379.0537687550844,0.829217391304349,0.989217391304349,50000.0,5.0,250000.0,2073.0434782608722,2473.0434782608727
2026-01-02,TVSHLTD,LONG,B_HUGE_GREEN_PULLBACK_HOLD_THEN_BREAK,HUGE,2026-01-02 10:00:00+05:30,2026-01-02 11:15:00+05:30,14502.9,14415.977184130434,14676.745631739132,2026-01-02 12:02:00+05:30,14676.745631739132,TARGET,5.193478260869617,5.993478260869617,36.2757682800293,76.03677368164062,92.0832748413086,216.00039474246728,4.223773757663416,0.005164295961612739,265.16479848322433,9.19,14415.977184130434,1.0386956521739235,1.1986956521739234,100000.0,5.0,500000.0,5193.478260869617,5993.478260869617
2026-01-02,ABBOTINDIA,SHORT,A_PULLBACK_C2_THEN_BREAK_C2_LOW,MODERATE,2026-01-02 10:45:00+05:30,2026-01-02 11:15:00+05:30,28054.388,28222.531364599996,27785.35861664,2026-01-02 15:30:00+05:30,28125.0,EOD,-2.058484056041447,-1.258484056041447,28.12138557434082,19.429407119750977,6.060606002807617,1.6732877853012786,3.5611725940856935,0.003538336179465459,0.574646146042836,9.19,28222.531364599996,-0.4116968112082894,-0.2516968112082894,50000.0,5.0,250000.0,-1029.2420280207234,-629.2420280207235
2026-01-02,IDBI,LONG,A_MOD_BREAK_C1_HIGH,MODERATE,2026-01-02 11:15:00+05:30,2026-01-02 11:30:00+05:30,105.99999694824218,105.36468827088065,107.27061430296526,2026-01-02 11:31:00+05:30,107.27061430296526,TARGET,5.1934782608696235,5.993478260869623,43.74005889892578,74.12881469726562,65.1399154663086,2.8293052531392515,2.426861370021742,0.005669465526066317,8.110877048954418,9.19,105.36468827088065,1.0386956521739248,1.1986956521739247,100000.0,5.0,500000.0,5193.478260869624,5993.478260869623
2026-01-02,BANCOINDIA,LONG,A_MOD_BREAK_C1_HIGH,MODERATE,2026-01-02 11:45:00+05:30,2026-01-02 12:00:00+05:30,697.8395522094727,693.6570660237302,706.2045245809576,2026-01-02 12:01:00+05:30,706.2045245809576,TARGET,5.193478260869596,5.993478260869596,30.596025466918945,69.77359771728516,90.06634521484375,2.0648432526760914,2.111496914666163,0.0055846747358547725,6.175380711799709,9.19,693.6570660237302,1.0386956521739192,1.1986956521739192,100000.0,5.0,500000.0,5193.478260869596,5993.478260869596
2026-01-02,IRCTC,LONG,B_HUGE_GREEN_PULLBACK_HOLD_THEN_BREAK,HUGE,2026-01-02 10:30:00+05:30,2026-01-02 12:15:00+05:30,693.7386955810547,689.5807877903655,702.0545111624328,2026-01-02 15:30:00+05:30,694.5,EOD,-0.2513031896630263,0.5486968103369736,30.86859703063965,79.358642578125,86.29840850830078,1.1327448483146665,3.2121426810150964,0.0029335773603173156,6.4048311744595985,9.19,689.5807877903655,-0.050260637932605254,0.10973936206739472,100000.0,5.0,500000.0,-251.30318966302625,548.6968103369736
2026-01-02,GARFIBRES,SHORT,A_MOD_BREAK_C1_LOW,MODERATE,2026-01-02 12:15:00+05:30,2026-01-02 12:30:00+05:30,688.9121777954101,693.0411579566752,682.3058095373859,2026-01-02 15:30:00+05:30,690.0,EOD,-1.5895216833523154,-0.7895216833523155,30.400882720947266,33.01894760131836,37.769718170166016,0.771103407516767,1.40382376908744,0.005256295458865944,0.4211475255840152,9.19,693.0411579566752,-0.3179043366704631,-0.1579043366704631,50000.0,5.0,250000.0,-794.7608416761577,-394.7608416761578
2026-01-02,PFIZER,SHORT,A_MOD_BREAK_C1_LOW,MODERATE,2026-01-02 12:45:00+05:30,2026-01-02 13:00:00+05:30,4880.0238,4909.272116557826,4833.226493507478,2026-01-02 15:30:00+05:30,4890.2001953125,EOD,-1.8426583690534524,-1.0426583690534525,30.879833221435547,27.913455963134766,9.566038131713867,1.755428284949535,2.253119263200473,0.003215093442685925,0.6303974481877017,9.19,4909.272116557826,-0.36853167381069046,-0.2085316738106905,50000.0,5.0,250000.0,-921.3291845267262,-521.3291845267262
2026-01-02,SHALPAINTS,LONG,B_HUGE_GREEN_PULLBACK_HOLD_THEN_BREAK,HUGE,2026-01-02 13:15:00+05:30,2026-01-02 14:15:00+05:30,70.99999694824218,70.57446001001108,71.85107082470438,2026-01-02 14:16:00+05:30,71.85107082470438,TARGET,5.193478260869599,5.993478260869598,43.03129196166992,80.8971939086914,84.19750213623047,3.6478649962146865,5.009817047457212,0.010122166180012522,11.289013252075737,9.19,70.57446001001108,1.0386956521739197,1.1986956521739196,100000.0,5.0,500000.0,5193.478260869598,5993.478260869598
2026-01-05,LXCHEM,SHORT,A_MOD_BREAK_C1_LOW,MODERATE,2026-01-05 10:45:00+05:30,2026-01-05 11:00:00+05:30,163.34999389648436,164.35672701104204,161.73922091319207,2026-01-05 11:01:00+05:30,161.73922091319207,TARGET,4.130434782608706,4.930434782608707,27.800891876220703,24.749977111816406,13.05688762664795,1.369650901404158,2.378400562429248,0.007680024682622039,0.5167022858890382,9.45,164.35672701104204,0.8260869565217412,0.9860869565217413,50000.0,5.0,250000.0,2065.217391304353,2465.217391304353
2026-01-05,JINDRILL,SHORT,A_MOD_BREAK_C1_LOW,MODERATE,2026-01-05 11:00:00+05:30,2026-01-05 11:15:00+05:30,552.5394944091797,555.9448193366798,547.0909745251796,2026-01-05 11:16:00+05:30,547.0909745251796,TARGET,4.130434782608727,4.930434782608727,30.916732788085938,22.027069091796875,4.106200218200684,1.3253859534076706,2.972902687967275,0.006354948495654473,0.5556935336676314,9.45,555.9448193366798,0.8260869565217455,0.9860869565217454,50000.0,5.0,250000.0,2065.217391304364,2465.2173913043634
2026-01-05,CIEINDIA,LONG,B_HUGE_GREEN_PULLBACK_HOLD_THEN_BREAK,HUGE,2026-01-05 10:45:00+05:30,2026-01-05 12:15:00+05:30,436.98737389526366,434.2942017104961,442.3737182647988,2026-01-05 15:26:00+05:30,434.2942017104961,SL,-3.8815217391304335,-3.0815217391304333,41.330814361572266,68.85242462158203,75.8729019165039,1.3840434105914128,2.9248291056370355,0.004412925680622385,6.135550429709558,9.45,434.2942017104961,-0.7763043478260867,-0.6163043478260867,100000.0,5.0,500000.0,-3881.5217391304336,-3081.521739130433
2026-01-05,HPL,SHORT,A_MOD_BREAK_C1_LOW,MODERATE,2026-01-05 12:00:00+05:30,2026-01-05 12:15:00+05:30,398.72022779541015,401.17755789497534,394.7884996361059,2026-01-05 15:30:00+05:30,397.04998779296875,EOD,1.2945012141426027,2.0945012141426025,34.85091781616211,30.10990333557129,10.098146438598633,1.4407907136744114,1.9374757213760658,0.006229858350634276,0.631775928204257,9.45,401.17755789497534,0.25890024282852053,0.4189002428285205,50000.0,5.0,250000.0,647.2506070713014,1047.2506070713011
2026-01-05,GNA,LONG,B_HUGE_GREEN_PULLBACK_HOLD_THEN_BREAK,HUGE,2026-01-05 11:45:00+05:30,2026-01-05 12:45:00+05:30,338.01760220947267,335.93438503063817,342.1840365671416,2026-01-05 12:47:00+05:30,342.1840365671416,TARGET,5.363043478260888,6.163043478260888,57.53041458129883,80.00899505615234,88.61514282226562,2.469599160156601,3.943981299326498,0.009899196682033595,9.060164908113963,9.45,335.93438503063817,1.0726086956521776,1.2326086956521776,100000.0,5.0,500000.0,5363.043478260888,6163.043478260887
2026-01-05,KRBL,SHORT,A_MOD_BREAK_C1_LOW,MODERATE,2026-01-05 13:45:00+05:30,2026-01-05 14:00:00+05:30,385.9228,388.3012589956522,382.11726560695655,2026-01-05 15:30:00+05:30,384.75,EOD,0.7194748794318386,1.5194748794318387,32.28285598754883,27.9454345703125,9.681185722351074,3.092103499408825,3.3766087695432208,0.0032913019325179933,0.6942428398132323,9.45,388.3012589956522,0.14389497588636774,0.3038949758863677,50000.0,5.0,250000.0,359.7374397159193,759.7374397159193
2026-01-06,HSCL,SHORT,A_MOD_BREAK_C1_LOW,MODERATE,2026-01-06 10:15:00+05:30,2026-01-06 10:30:00+05:30,481.3537222045899,484.49926413708334,476.32085511260027,2026-01-06 15:30:00+05:30,481.0,EOD,-0.432575600568921,0.36742439943107885,27.747838973999023,25.658126831054688,4.259847164154053,1.171408338858759,2.4889839974960952,0.0053302708473858835,0.4812140439102682,10.02,484.49926413708334,-0.0865151201137842,0.07348487988621577,50000.0,5.0,250000.0,-216.2878002844605,183.71219971553944
2026-01-06,PARAGMILK,SHORT,A_MOD_BREAK_C1_LOW,MODERATE,2026-01-06 10:30:00+05:30,2026-01-06 10:45:00+05:30,294.49107779541015,296.41551296900366,291.41198151766054,2026-01-06 15:30:00+05:30,295.20001220703125,EOD,-2.0036602550546783,-1.2036602550546782,25.344247817993164,28.677698135375977,12.063018798828125,1.366239818849521,2.8261876046692302,0.0053174765076237016,0.4792556855685636,10.02,296.41551296900366,-0.4007320510109356,-0.24073205101093564,50000.0,5.0,250000.0,-1001.830127527339,-601.8301275273391
2026-01-06,SONATSOFTW,SHORT,A_MOD_BREAK_C1_LOW,MODERATE,2026-01-06 10:30:00+05:30,2026-01-06 10:45:00+05:30,352.57946389770507,354.883494046567,348.89301565952593,2026-01-06 15:30:00+05:30,351.1499938964844,EOD,1.2271600413395456,2.0271600413395454,30.67270851135254,18.76824951171875,4.469888210296631,1.6409297699116385,3.6750055376507675,0.004979865363838111,0.6072533374048248,10.02,354.883494046567,0.24543200826790912,0.4054320082679091,50000.0,5.0,250000.0,613.5800206697728,1013.5800206697728
2026-01-06,THYROCARE,LONG,A_MOD_BREAK_C1_HIGH,MODERATE,2026-01-06 10:30:00+05:30,2026-01-06 10:45:00+05:30,478.0956,474.9713491878261,484.34410162434784,2026-01-06 10:46:00+05:30,484.34410162434784,TARGET,5.73478260869568,6.5347826086956795,37.73088455200195,77.85613250732422,94.80589294433594,2.8395250404189305,2.57285918422986,0.008372584791597679,7.5983803597537936,10.02,474.9713491878261,1.146956521739136,1.306956521739136,100000.0,5.0,500000.0,5734.782608695679,6534.782608695679
2026-01-06,POCL,SHORT,A_MOD_BREAK_C1_LOW,MODERATE,2026-01-06 10:45:00+05:30,2026-01-06 11:00:00+05:30,1451.7096,1461.1962066469564,1436.5310293648695,2026-01-06 13:09:00+05:30,1461.1962066469564,SL,-4.067391304347815,-3.267391304347815,47.67033767700195,25.85930824279785,16.997541427612305,1.2352131234615344,2.4571027772922487,0.008803304648628918,0.7912173617607978,10.02,1461.1962066469564,-0.813478260869563,-0.653478260869563,50000.0,5.0,250000.0,-2033.6956521739075,-1633.6956521739075
2026-01-06,KNRCON,SHORT,A_MOD_BREAK_C1_LOW,MODERATE,2026-01-06 11:00:00+05:30,2026-01-06 11:15:00+05:30,154.45,155.45929717391303,152.83512452173912,2026-01-06 11:29:00+05:30,152.83512452173912,TARGET,4.427826086956525,5.227826086956525,35.32750701904297,26.93740463256836,10.760306358337402,1.5183568340633944,2.0542163315703243,0.007131758217016806,0.6556250512467385,10.02,155.45929717391303,0.8855652173913051,1.045565217391305,50000.0,5.0,250000.0,2213.913043478263,2613.9130434782624
2026-01-06,WABAG,SHORT,A_MOD_BREAK_C1_LOW,MODERATE,2026-01-06 11:00:00+05:30,2026-01-06 11:15:00+05:30,1239.752,1247.8535098086957,1226.789584306087,2026-01-06 12:09:00+05:30,1226.789584306087,TARGET,4.4278260869565225,5.227826086956522,43.41788864135742,20.152259826660156,4.113884925842285,1.3486728691192817,3.6470459003080626,0.006433305561483104,0.7472860817162355,10.02,1247.8535098086957,0.8855652173913044,1.0455652173913044,50000.0,5.0,250000.0,2213.913043478261,2613.9130434782605
2026-01-06,ADSL,SHORT,A_MOD_BREAK_C1_LOW,MODERATE,2026-01-06 11:45:00+05:30,2026-01-06 12:00:00+05:30,149.95,150.9298906521739,148.3821749565217,2026-01-06 14:06:00+05:30,148.3821749565217,TARGET,4.4278260869565855,5.227826086956585,28.402099609375,33.54835510253906,9.24387264251709,1.254090820773442,1.8767696161188168,0.004608298914443486,0.4993358685819182,10.02,150.9298906521739,0.8855652173913171,1.045565217391317,50000.0,5.0,250000.0,2213.913043478293,2613.9130434782924
2026-01-06,AJANTPHARM,SHORT,A_MOD_BREAK_C1_LOW,MODERATE,2026-01-06 11:45:00+05:30,2026-01-06 12:00:00+05:30,2805.4388,2823.77173268,2776.106107712,2026-01-06 12:51:00+05:30,2823.77173268,SL,-4.067391304347806,-3.267391304347806,45.95308303833008,15.719297409057617,6.596982002258301,1.847921751209869,3.8576884275576497,0.006632436072479874,0.8726825520366781,10.02,2823.77173268,-0.8134782608695612,-0.6534782608695612,50000.0,5.0,250000.0,-2033.6956521739028,-1633.6956521739028
2026-01-06,INDHOTEL,SHORT,A_MOD_BREAK_C1_LOW,MODERATE,2026-01-06 12:15:00+05:30,2026-01-06 12:30:00+05:30,732.1535277954101,736.9379919357427,724.4983851708779,2026-01-06 14:18:00+05:30,724.4983851708779,TARGET,4.427826086956554,5.227826086956554,28.938106536865234,35.122276306152344,20.5903377532959,0.973682132657883,1.7312256040768073,0.004170441402606315,0.4510272514719484,10.02,736.9379919357427,0.8855652173913109,1.0455652173913108,50000.0,5.0,250000.0,2213.913043478277,2613.9130434782774
2026-01-06,KAJARIACER,LONG,B_HUGE_GREEN_PULLBACK_HOLD_THEN_BREAK,HUGE,2026-01-06 11:30:00+05:30,2026-01-06 12:45:00+05:30,1003.2505977905273,996.6945732319223,1016.3626469077375,2026-01-06 15:30:00+05:30,1000.25,EOD,-2.295437828362907,-1.4954378283629068,37.893898010253906,83.618408203125,81.08757781982422,2.1896048208150787,4.014682415740573,0.004354798781907451,8.166375599406491,10.02,996.6945732319223,-0.45908756567258135,-0.2990875656725814,100000.0,5.0,500000.0,-2295.437828362907,-1495.4378283629069
2026-01-06,CUMMINSIND,SHORT,A_MOD_BREAK_C1_LOW,MODERATE,2026-01-06 13:30:00+05:30,2026-01-06 13:45:00+05:30,4200.1598,4227.606931214783,4156.244390056348,2026-01-06 14:02:00+05:30,4156.244390056348,TARGET,4.4278260869565935,5.227826086956593,52.92740249633789,21.194869995117188,2.7417147159576416,2.3337469019251107,3.296718694368834,0.005057837885691435,0.96,10.02,4227.606931214783,0.8855652173913187,1.0455652173913186,50000.0,5.0,250000.0,2213.9130434782965,2613.9130434782965
2026-01-06,SHANTIGEAR,SHORT,A_MOD_BREAK_C1_LOW,MODERATE,2026-01-06 14:15:00+05:30,2026-01-06 14:30:00+05:30,454.0591638977051,457.0263418252627,449.31167921361293,2026-01-06 15:01:00+05:30,449.31167921361293,TARGET,4.427826086956514,5.227826086956513,33.82563781738281,24.13938331604004,21.53362464904785,3.565249301945317,4.504703852204755,0.0037825747243052776,0.7173845672607422,10.02,457.0263418252627,0.8855652173913027,1.0455652173913026,50000.0,5.0,250000.0,2213.9130434782564,2613.9130434782564
2026-01-07,SPARC,LONG,A_MOD_BREAK_C1_HIGH,MODERATE,2026-01-07 10:00:00+05:30,2026-01-07 10:15:00+05:30,139.52000122070314,138.6082683431609,141.34346697578763,2026-01-07 11:13:00+05:30,138.6082683431609,SL,-4.067391304347834,-3.267391304347834,30.862245559692383,71.89813232421875,68.45783233642578,1.1389239084423297,2.2849608502681455,0.008853557079869926,5.162511843001562,10.02,138.6082683431609,-0.8134782608695668,-0.6534782608695668,100000.0,5.0,500000.0,-4067.3913043478333,-3267.391304347834
2026-01-07,JLHL,SHORT,A_MOD_BREAK_C1_LOW,MODERATE,2026-01-07 10:45:00+05:30,2026-01-07 11:00:00+05:30,1361.1277444091797,1370.022418321558,1346.8962661493745,2026-01-07 11:08:00+05:30,1370.022418321558,SL,-4.067391304347833,-3.2673913043478326,34.563575744628906,24.73280906677246,7.318441867828369,1.9540983246087644,2.9993198088662916,0.005268689076834862,0.7204208429759673,10.02,1370.022418321558,-0.8134782608695665,-0.6534782608695665,50000.0,5.0,250000.0,-2033.6956521739162,-1633.6956521739164
2026-01-08,GMDCLTD,SHORT,A_MOD_BREAK_C1_LOW,MODERATE,2026-01-08 10:00:00+05:30,2026-01-08 10:15:00+05:30,588.5822722045898,592.4016593405261,582.4712527870917,2026-01-08 11:00:00+05:30,582.4712527870917,TARGET,4.391304347826131,5.191304347826131,29.93306541442871,19.1607608795166,6.216122627258301,1.640006410545639,4.052034014470161,0.008091399363152394,0.5959971030619173,9.95,592.4016593405261,0.8782608695652263,1.0382608695652262,50000.0,5.0,250000.0,2195.652173913066,2595.652173913066
2026-01-08,JINDALSAW,SHORT,A_MOD_BREAK_C1_LOW,MODERATE,2026-01-08 10:45:00+05:30,2026-01-08 11:00:00+05:30,165.56000061035155,166.6343410490948,163.84105590836234,2026-01-08 12:03:00+05:30,163.84105590836234,TARGET,4.391304347826088,5.191304347826088,25.978574752807617,21.921913146972656,5.475009441375732,2.4200914859482436,3.6257062144732033,0.004701871285710826,0.5996786212921141,9.95,166.6343410490948,0.8782608695652177,1.0382608695652176,50000.0,5.0,250000.0,2195.6521739130444,2595.652173913044
2026-01-08,KIOCL,SHORT,A_MOD_BREAK_C1_LOW,MODERATE,2026-01-08 10:45:00+05:30,2026-01-08 11:00:00+05:30,379.924,382.38937639130427,375.979397773913,2026-01-08 11:13:00+05:30,375.979397773913,TARGET,4.391304347826144,5.191304347826144,37.66134262084961,25.837825775146484,7.0343194007873535,1.825889458368307,3.0575907713275203,0.007949016647096817,0.7444507945271976,9.95,382.38937639130427,0.8782608695652288,1.0382608695652287,50000.0,5.0,250000.0,2195.652173913072,2595.6521739130717
2026-01-08,PILANIINVS,SHORT,A_MOD_BREAK_C1_LOW,MODERATE,2026-01-08 10:45:00+05:30,2026-01-08 11:00:00+05:30,5055.9886,5088.797569502173,5003.494248796521,2026-01-08 11:33:00+05:30,5003.494248796521,TARGET,4.391304347826141,5.191304347826141,29.595239639282227,38.14160919189453,0.0,1.0869812170262407,2.010956199658957,0.0023517614300127957,0.49415030756882555,9.95,5088.797569502173,0.8782608695652283,1.0382608695652282,50000.0,5.0,250000.0,2195.652173913071,2595.6521739130703
2026-01-08,RAMKY,SHORT,A_MOD_BREAK_C1_LOW,MODERATE,2026-01-08 10:45:00+05:30,2026-01-08 11:00:00+05:30,529.894,533.3325512826086,524.3923179478261,2026-01-08 11:22:00+05:30,524.3923179478261,TARGET,4.391304347826093,5.191304347826092,37.478702545166016,36.49542236328125,33.33333206176758,0.9165528817293461,1.6328253111811408,0.003989231361533111,0.564218558039183,9.95,533.3325512826086,0.8782608695652185,1.0382608695652185,50000.0,5.0,250000.0,2195.6521739130467,2595.652173913046
2026-01-08,AEROFLEX,SHORT,A_MOD_BREAK_C1_LOW,MODERATE,2026-01-08 11:00:00+05:30,2026-01-08 11:15:00+05:30,194.2500030517578,195.51051665851756,192.23318128094215,2026-01-08 12:53:00+05:30,192.23318128094215,TARGET,4.391304347826117,5.191304347826117,25.644302368164062,32.38003921508789,5.329035758972168,1.9383203752751592,2.4363691883997016,0.006385957217854856,0.5838706011956138,9.95,195.51051665851756,0.8782608695652234,1.0382608695652233,50000.0,5.0,250000.0,2195.6521739130585,2595.6521739130585
2026-01-08,BALMLAWRIE,SHORT,A_MOD_BREAK_C1_LOW,MODERATE,2026-01-08 11:00:00+05:30,2026-01-08 11:15:00+05:30,180.14000244140624,181.30895441377055,178.26967928562328,2026-01-08 13:36:00+05:30,178.26967928562328,TARGET,4.391304347826107,5.191304347826106,30.30914306640625,29.85719871520996,14.213175773620605,1.4651267435257838,2.530259789314643,0.0040354199685458435,0.5710343261131059,9.95,181.30895441377055,0.8782608695652214,1.0382608695652213,50000.0,5.0,250000.0,2195.6521739130535,2595.652173913053
2026-01-08,DYNAMATECH,SHORT,A_MOD_BREAK_C1_LOW,MODERATE,2026-01-08 11:00:00+05:30,2026-01-08 11:15:00+05:30,8965.7065,9023.886138918477,8872.619077730435,2026-01-08 11:33:00+05:30,8872.619077730435,TARGET,4.391304347826112,5.191304347826112,25.52069854736328,27.568185806274414,7.903779983520508,1.1588207457867286,1.8755508814102564,0.004349038193476443,0.4393816527936395,9.95,9023.886138918477,0.8782608695652223,1.0382608695652222,50000.0,5.0,250000.0,2195.652173913056,2595.652173913056
2026-01-08,HINDALCO,SHORT,A_MOD_BREAK_C1_LOW,MODERATE,2026-01-08 11:00:00+05:30,2026-01-08 11:15:00+05:30,907.4184555908203,913.306812308078,897.9970848432077,2026-01-08 15:30:00+05:30,903.0,EOD,1.6346295601533702,2.43462956015337,48.80794143676758,13.771114349365234,5.667043685913086,2.0104395413326195,4.1249935341239174,0.005379564178949807,0.9421191215515137,9.95,913.306812308078,0.32692591203067406,0.48692591203067404,50000.0,5.0,250000.0,817.3147800766852,1217.314780076685
2026-01-08,IOB,SHORT,A_MOD_BREAK_C1_LOW,MODERATE,2026-01-08 11:00:00+05:30,2026-01-08 11:15:00+05:30,35.970000457763675,36.20341448247329,35.59653801822828,2026-01-08 11:24:00+05:30,35.59653801822828,TARGET,4.391304347826155,5.191304347826154,25.261911392211914,28.48328399658203,8.310012817382812,2.0591760481244643,2.4868084791100964,0.004416030833107892,0.5889286708831787,9.95,36.20341448247329,0.878260869565231,1.038260869565231,50000.0,5.0,250000.0,2195.652173913077,2595.652173913077
2026-01-08,KTKBANK,SHORT,A_MOD_BREAK_C1_LOW,MODERATE,2026-01-08 11:00:00+05:30,2026-01-08 11:15:00+05:30,195.7,196.96992282608693,193.66812347826084,2026-01-08 12:53:00+05:30,193.66812347826084,TARGET,4.391304347826138,5.191304347826138,38.34356689453125,32.636722564697266,8.47048282623291,1.4567288942091066,1.9706596747434122,0.0053781141824412225,0.6886140436417332,9.95,196.96992282608693,0.8782608695652276,1.0382608695652276,50000.0,5.0,250000.0,2195.652173913069,2595.652173913069
2026-01-08,PARADEEP,SHORT,A_MOD_BREAK_C1_LOW,MODERATE,2026-01-08 11:00:00+05:30,2026-01-08 11:15:00+05:30,154.45999450683593,155.46230555814657,152.85629682473885,2026-01-08 12:03:00+05:30,152.85629682473885,TARGET,4.391304347826139,5.191304347826139,25.10611915588379,23.6765193939209,4.165220260620117,1.696291925995921,2.579819892921936,0.005690285885363027,0.533442874387543,9.95,155.46230555814657,0.8782608695652279,1.0382608695652278,50000.0,5.0,250000.0,2195.6521739130694,2595.65217391307
2026-01-08,TATVA,SHORT,A_MOD_BREAK_C1_LOW,MODERATE,2026-01-08 11:00:00+05:30,2026-01-08 11:15:00+05:30,1299.8399555908204,1308.274786606991,1286.3442259649469,2026-01-08 12:21:00+05:30,1286.3442259649469,TARGET,4.391304347826145,5.1913043478261445,36.061588287353516,28.449373245239258,11.364295959472656,1.8333461982716028,2.66544669070692,0.00575381182964539,0.7217594090078332,9.95,1308.274786606991,0.878260869565229,1.038260869565229,50000.0,5.0,250000.0,2195.6521739130726,2595.652173913072
2026-01-08,ADANIENSOL,SHORT,A_MOD_BREAK_C1_LOW,MODERATE,2026-01-08 11:15:00+05:30,2026-01-08 11:30:00+05:30,1008.9981722045899,1015.5456929524826,998.5221390079613,2026-01-08 12:00:00+05:30,998.5221390079613,TARGET,4.391304347826114,5.191304347826113,37.77353286743164,22.883071899414062,5.2214765548706055,1.8305870949249998,2.9486463388930333,0.0055326151976635915,0.7469557346233495,9.95,1015.5456929524826,0.8782608695652228,1.0382608695652227,50000.0,5.0,250000.0,2195.6521739130567,2595.6521739130567
2026-01-08,CHEMCON,SHORT,A_MOD_BREAK_C1_LOW,MODERATE,2026-01-08 11:15:00+05:30,2026-01-08 11:30:00+05:30,198.39999694824218,199.68744040669978,196.34008741470998,2026-01-08 12:34:00+05:30,196.34008741470998,TARGET,4.391304347826107,5.191304347826106,34.453556060791016,31.729373931884766,16.606531143188477,1.4753752963646833,2.1100562869020676,0.004380381303842593,0.6349940177756848,9.95,199.68744040669978,0.8782608695652214,1.0382608695652213,50000.0,5.0,250000.0,2195.6521739130535,2595.652173913053
2026-01-08,EMSLIMITED,SHORT,A_MOD_BREAK_C1_LOW,MODERATE,2026-01-08 11:15:00+05:30,2026-01-08 11:30:00+05:30,413.5172861022949,416.20065370885,409.22389793180673,2026-01-08 15:30:00+05:30,412.0,EOD,1.034610248819895,1.8346102488198948,26.651247024536133,31.58356285095215,4.510190010070801,2.1683260919826277,2.47732763804409,0.0058027086517627845,0.6097687053680421,9.95,416.20065370885,0.206922049763979,0.36692204976397896,50000.0,5.0,250000.0,517.3051244099474,917.3051244099474
2026-01-08,GICHSGFIN,SHORT,A_MOD_BREAK_C1_LOW,MODERATE,2026-01-08 11:15:00+05:30,2026-01-08 11:30:00+05:30,174.36000366210936,175.49144846848193,172.5496919719132,2026-01-08 12:04:00+05:30,172.5496919719132,TARGET,4.391304347826078,5.191304347826078,26.594118118286133,27.44427490234375,1.2003566026687622,1.6361364884333467,2.613383020432442,0.006352012966339677,0.5452356572501276,9.95,175.49144846848193,0.8782608695652157,1.0382608695652156,50000.0,5.0,250000.0,2195.652173913039,2595.652173913039
2026-01-08,INDIAMART,SHORT,A_MOD_BREAK_C1_LOW,MODERATE,2026-01-08 11:15:00+05:30,2026-01-08 11:30:00+05:30,2144.571,2158.4874009456516,2122.3047584869564,2026-01-08 12:33:00+05:30,2158.4874009456516,SL,-4.044565217391201,-3.2445652173912007,29.515302658081055,31.109848022460938,8.850661277770996,1.2577935024505844,2.083972959836122,0.0036723026198660653,0.5228434028000681,9.95,2158.4874009456516,-0.8089130434782401,-0.6489130434782402,50000.0,5.0,250000.0,-2022.2826086956002,-1622.2826086956004
2026-01-08,IRCTC,SHORT,A_MOD_BREAK_C1_LOW,MODERATE,2026-01-08 11:15:00+05:30,2026-01-08 11:30:00+05:30,662.4174777954102,666.7159912111042,655.5398563302995,2026-01-08 14:27:00+05:30,655.5398563302995,TARGET,4.391304347826141,5.191304347826141,25.261014938354492,28.62343978881836,5.826035976409912,1.6946454123552372,2.408747969001347,0.003513502741885248,0.5354781712374839,9.95,666.7159912111042,0.8782608695652283,1.0382608695652282,50000.0,5.0,250000.0,2195.652173913071,2595.6521739130703
2026-01-08,MOIL,SHORT,A_MOD_BREAK_C1_LOW,MODERATE,2026-01-08 11:15:00+05:30,2026-01-08 11:30:00+05:30,353.12937220458986,355.4208747611783,349.4629681140483,2026-01-08 12:06:00+05:30,349.4629681140483,TARGET,4.391304347826079,5.191304347826079,43.345947265625,10.611927032470703,1.9423766136169434,3.114703838816033,5.085537271165563,0.007990380968881996,0.860189208984375,9.95,355.4208747611783,0.8782608695652159,1.0382608695652158,50000.0,5.0,250000.0,2195.6521739130394,2595.6521739130394
2026-01-08,PARACABLES,SHORT,A_MOD_BREAK_C1_LOW,MODERATE,2026-01-08 11:15:00+05:30,2026-01-08 11:30:00+05:30,36.85000152587891,37.08912599230227,36.46740237960152,2026-01-08 11:54:00+05:30,37.08912599230227,SL,-4.044565217391252,-3.2445652173912514,28.69981575012207,25.140600204467773,3.144315481185913,1.7521683001685284,2.82653869296892,0.006794413942087315,0.5971266887813236,9.95,37.08912599230227,-0.8089130434782503,-0.6489130434782503,50000.0,5.0,250000.0,-2022.2826086956259,-1622.2826086956256
2026-01-08,PTC,SHORT,A_MOD_BREAK_C1_LOW,MODERATE,2026-01-08 11:15:00+05:30,2026-01-08 11:30:00+05:30,163.45,164.5106483695652,161.75296260869564,2026-01-08 11:58:00+05:30,161.75296260869564,TARGET,4.391304347826091,5.191304347826091,26.2337703704834,26.529132843017578,5.75963830947876,1.7906956327787447,1.9805423865463652,0.004414622812075953,0.5659054106208494,9.95,164.5106483695652,0.8782608695652183,1.0382608695652182,50000.0,5.0,250000.0,2195.6521739130458,2595.6521739130458
2026-01-08,UNIONBANK,SHORT,A_MOD_BREAK_C1_LOW,MODERATE,2026-01-08 11:15:00+05:30,2026-01-08 11:30:00+05:30,161.5800048828125,162.62851861014985,159.90238291907266,2026-01-08 15:30:00+05:30,161.27000427246094,EOD,0.15927899796878392,0.9592789979687838,27.358287811279297,27.781612396240234,3.499060869216919,2.3161964772174284,2.6510478349083697,0.005874763811947755,0.6203743171691893,9.95,162.62851861014985,0.031855799593756784,0.19185579959375676,50000.0,5.0,250000.0,79.63949898439196,479.63949898439193
2026-01-08,GRWRHITECH,SHORT,A_MOD_BREAK_C1_LOW,MODERATE,2026-01-08 12:00:00+05:30,2026-01-08 12:15:00+05:30,3002.3994,3021.8823613239124,2971.226661881739,2026-01-08 15:19:00+05:30,2971.226661881739,TARGET,4.391304347826091,5.191304347826091,27.042356491088867,16.727617263793945,2.737776041030884,2.9825626780537013,3.3876909964312323,0.010627767686142193,0.615635347366333,9.95,3021.8823613239124,0.8782608695652183,1.0382608695652182,50000.0,5.0,250000.0,2195.6521739130458,2595.6521739130458
2026-01-08,YASHO,SHORT,A_MOD_BREAK_C1_LOW,MODERATE,2026-01-08 12:00:00+05:30,2026-01-08 12:15:00+05:30,1224.755,1232.7025949456522,1212.0388480869565,2026-01-08 12:37:00+05:30,1232.7025949456522,SL,-4.044565217391273,-3.2445652173912736,63.12178039550781,9.586525917053223,1.9739024639129639,2.862953349116217,3.855322424062202,0.011384301240059135,0.96,9.95,1232.7025949456522,-0.8089130434782548,-0.6489130434782547,50000.0,5.0,250000.0,-2022.282608695637,-1622.282608695637
2026-01-08,REMSONSIND,SHORT,A_MOD_BREAK_C1_LOW,MODERATE,2026-01-08 12:45:00+05:30,2026-01-08 13:00:00+05:30,117.49000091552735,118.25240885625092,116.27014821036961,2026-01-08 14:48:00+05:30,118.25240885625092,SL,-4.04456521739127,-3.24456521739127,27.99420928955078,28.498920440673828,1.2658365964889526,2.4304600625140336,2.4943899710573354,0.006769717407008074,0.6299131393432618,9.95,118.25240885625092,-0.8089130434782539,-0.648913043478254,50000.0,5.0,250000.0,-2022.2826086956345,-1622.282608695635
2026-01-09,ADANIPORTS,SHORT,A_MOD_BREAK_C1_LOW,MODERATE,2026-01-09 11:30:00+05:30,2026-01-09 11:45:00+05:30,1442.7114,1452.6849266347826,1426.7537573843479,2026-01-09 15:30:00+05:30,1434.0,EOD,2.2191069398910663,3.019106939891066,34.22404479980469,32.34813690185547,23.558155059814453,0.6380935274588727,1.7436808327120155,0.005785335899293561,0.4722110809379738,10.6,1452.6849266347826,0.4438213879782133,0.6038213879782133,50000.0,5.0,250000.0,1109.5534699455334,1509.5534699455334
2026-01-09,ELECON,SHORT,A_MOD_BREAK_C1_LOW,MODERATE,2026-01-09 11:45:00+05:30,2026-01-09 12:00:00+05:30,422.9154,425.8390325478261,418.23758792347826,2026-01-09 12:08:00+05:30,425.8390325478261,SL,-4.25652173913047,-3.4565217391304697,44.0457763671875,19.94548988342285,2.2762231826782227,1.384552318385341,3.3767619921569754,0.026652066933806673,0.7629833012252472,10.6,425.8390325478261,-0.851304347826094,-0.691304347826094,50000.0,5.0,250000.0,-2128.2608695652348,-1728.2608695652348
2026-01-09,POCL,SHORT,A_MOD_BREAK_C1_LOW,MODERATE,2026-01-09 12:00:00+05:30,2026-01-09 12:15:00+05:30,1403.8191555908204,1413.5238184490354,1388.2916950176768,2026-01-09 12:32:00+05:30,1388.2916950176768,TARGET,4.730434782608656,5.530434782608655,33.223636627197266,26.810497283935547,9.473902702331543,1.7567345946884614,2.3009747125397233,0.009482476980461889,0.6657831034784396,10.6,1413.5238184490354,0.9460869565217311,1.106086956521731,50000.0,5.0,250000.0,2365.2173913043275,2765.217391304328
2026-01-09,SANGHVIMOV,SHORT,A_PULLBACK_C2_THEN_BREAK_C2_LOW,MODERATE,2026-01-09 12:00:00+05:30,2026-01-09 12:30:00+05:30,315.9368,318.12088483478266,312.44226426434784,2026-01-09 15:30:00+05:30,313.70001220703125,EOD,2.7399291772417067,3.5399291772417065,41.89564514160156,30.943708419799805,5.7896647453308105,1.5203083553546937,2.4188543022713263,0.009626886035920572,0.7544886393110948,10.6,318.12088483478266,0.5479858354483413,0.7079858354483413,50000.0,5.0,250000.0,1369.9645886208534,1769.9645886208532
2026-01-09,TIINDIA,SHORT,A_PULLBACK_C2_THEN_BREAK_C2_LOW,MODERATE,2026-01-09 12:00:00+05:30,2026-01-09 12:30:00+05:30,2460.5078,2477.5173974,2433.29244416,2026-01-09 15:30:00+05:30,2450.0,EOD,1.3352909346598825,2.1352909346598823,28.72410774230957,32.20866394042969,40.714420318603516,0.7749148627996375,1.7170684351202783,0.007855045511945134,0.412325138880594,10.6,2477.5173974,0.26705818693197647,0.42705818693197645,50000.0,5.0,250000.0,667.6454673299412,1067.645467329941
2026-01-09,VRLLOG,SHORT,A_MOD_BREAK_C1_LOW,MODERATE,2026-01-09 12:15:00+05:30,2026-01-09 12:30:00+05:30,259.39812220458987,261.19135270156943,256.52895340942257,2026-01-09 13:55:00+05:30,256.52895340942257,TARGET,4.730434782608711,5.530434782608711,31.659141540527344,31.124908447265625,18.07997703552246,1.0397142818580751,1.6203000243083647,0.004431592706081265,0.4978521236484916,10.6,261.19135270156943,0.9460869565217422,1.1060869565217422,50000.0,5.0,250000.0,2365.2173913043553,2765.2173913043557
2026-01-09,AADHARHFC,SHORT,A_MOD_BREAK_C1_LOW,MODERATE,2026-01-09 12:30:00+05:30,2026-01-09 12:45:00+05:30,480.9038,484.2283088782609,475.58458579478264,2026-01-09 15:05:00+05:30,475.58458579478264,TARGET,4.730434782608652,5.530434782608652,32.364990234375,29.984113693237305,9.248774528503418,1.512611940098727,1.668450959459197,0.005559594293165248,0.5936044910058622,10.6,484.2283088782609,0.9460869565217305,1.1060869565217304,50000.0,5.0,250000.0,2365.217391304326,2765.217391304326
2026-01-09,FINCABLES,SHORT,A_MOD_BREAK_C1_LOW,MODERATE,2026-01-09 12:30:00+05:30,2026-01-09 12:45:00+05:30,766.6966055908204,771.9968125599048,758.2162744402854,2026-01-09 15:24:00+05:30,771.9968125599048,SL,-4.256521739130493,-3.456521739130493,36.01744842529297,31.71208953857422,7.637035369873047,1.764488809868999,2.0147429256600353,0.0052999657455744835,0.7090472681064692,10.6,771.9968125599048,-0.8513043478260987,-0.6913043478260986,50000.0,5.0,250000.0,-2128.2608695652466,-1728.2608695652466
2026-01-09,NSIL,SHORT,A_MOD_BREAK_C1_LOW,MODERATE,2026-01-09 12:30:00+05:30,2026-01-09 12:45:00+05:30,6218.756,6261.746530608696,6149.971151026088,2026-01-09 15:30:00+05:30,6259.0,EOD,-4.035695370585346,-3.2356953705853457,35.56061553955078,30.354656219482422,5.531914710998535,1.5994814110221527,2.3537213305208544,0.005454753986125591,0.6733184800221383,10.6,6261.746530608696,-0.8071390741170692,-0.6471390741170692,50000.0,5.0,250000.0,-2017.847685292673,-1617.8476852926728
2026-01-09,CONFIPET,SHORT,A_MOD_BREAK_C1_LOW,MODERATE,2026-01-09 12:45:00+05:30,2026-01-09 13:00:00+05:30,34.26999969482422,34.50690969271453,33.890943698199735,2026-01-09 13:41:00+05:30,34.50690969271453,SL,-4.256521739130456,-3.4565217391304555,38.12932205200195,31.34390640258789,21.884145736694336,1.1039303780871839,1.7628463812868875,0.008026618633869671,0.6132699660096308,10.6,34.50690969271453,-0.8513043478260911,-0.6913043478260911,50000.0,5.0,250000.0,-2128.260869565228,-1728.2608695652277
2026-01-09,NATCOPHARM,SHORT,A_MOD_BREAK_C1_LOW,MODERATE,2026-01-09 13:30:00+05:30,2026-01-09 13:45:00+05:30,894.821,901.006936478261,884.9235016347827,2026-01-09 15:24:00+05:30,884.9235016347827,TARGET,4.730434782608647,5.530434782608646,26.750167846679688,26.744041442871094,7.854800224304199,3.3329137755961837,3.204648959857053,0.005337824326327632,0.6112525177001953,10.6,901.006936478261,0.9460869565217294,1.1060869565217293,50000.0,5.0,250000.0,2365.2173913043234,2765.217391304323
2026-01-09,KOLTEPATIL,SHORT,A_MOD_BREAK_C1_LOW,MODERATE,2026-01-09 13:45:00+05:30,2026-01-09 14:00:00+05:30,379.22412779541014,381.8457206788654,375.0295791818818,2026-01-09 15:09:00+05:30,375.0295791818818,TARGET,4.730434782608686,5.530434782608685,31.816234588623047,33.15090560913086,5.102046966552734,2.1448833466979775,2.0931653353476807,0.003314377272626335,0.6872435188293455,10.6,381.8457206788654,0.9460869565217371,1.106086956521737,50000.0,5.0,250000.0,2365.217391304343,2765.2173913043425
2026-01-09,ADFFOODS,SHORT,A_MOD_BREAK_C1_LOW,MODERATE,2026-01-09 14:00:00+05:30,2026-01-09 14:15:00+05:30,200.95,202.3391760869565,198.72731826086957,2026-01-09 14:40:00+05:30,198.72731826086957,TARGET,4.730434782608666,5.5304347826086655,38.227134704589844,35.3622932434082,15.977997779846191,1.9680502877986,2.221350866950339,0.003024168275482026,0.7778158209336026,10.6,202.3391760869565,0.9460869565217331,1.106086956521733,50000.0,5.0,250000.0,2365.217391304333,2765.2173913043325
2026-01-09,DOLATALGO,SHORT,A_MOD_BREAK_C1_LOW,MODERATE,2026-01-09 14:15:00+05:30,2026-01-09 14:30:00+05:30,88.56000061035157,89.17221974500575,87.5804499949049,2026-01-09 15:15:00+05:30,87.5804499949049,TARGET,4.730434782608686,5.530434782608685,26.29273223876953,29.4091796875,3.464833974838257,2.4802912907950234,2.6151268858347025,0.0055848855781024005,0.6043909835815429,10.6,89.17221974500575,0.9460869565217371,1.106086956521737,50000.0,5.0,250000.0,2365.217391304343,2765.2173913043425
2026-01-09,SANDUMA,SHORT,A_MOD_BREAK_C1_LOW,MODERATE,2026-01-09 14:15:00+05:30,2026-01-09 14:30:00+05:30,226.41000671386718,227.97518893419348,223.9057151613451,2026-01-09 15:20:00+05:30,223.9057151613451,TARGET,4.73043478260866,5.53043478260866,41.53630828857422,18.742908477783203,3.379855155944824,4.137297464810487,3.545198152052374,0.008984489640491122,0.8330446243286131,10.6,227.97518893419348,0.946086956521732,1.106086956521732,50000.0,5.0,250000.0,2365.2173913043302,2765.21739130433
2026-01-12,PGHL,SHORT,A_MOD_BREAK_C1_LOW,MODERATE,2026-01-12 10:30:00+05:30,2026-01-12 10:45:00+05:30,5285.9426,5323.622177794348,5225.655275529043,2026-01-12 11:44:00+05:30,5225.655275529043,TARGET,4.902608695652235,5.702608695652235,56.93300247192383,14.010891914367676,3.1598541736602783,1.3107786141448245,4.212118466812066,0.005003646227424955,0.8393862574753443,10.93,5323.622177794348,0.980521739130447,1.140521739130447,50000.0,5.0,250000.0,2451.304347826118,2851.3043478261175
2026-01-12,TEJASNET,SHORT,A_MOD_BREAK_C1_LOW,MODERATE,2026-01-12 10:30:00+05:30,2026-01-12 10:45:00+05:30,374.925,377.5975632065218,370.6488988695652,2026-01-12 10:46:00+05:30,370.6488988695652,TARGET,4.902608695652231,5.702608695652231,59.690673828125,16.560922622680664,6.865848064422607,1.1676252438508203,3.96790466716104,0.020425808095069435,0.8143344176738936,10.93,377.5975632065218,0.9805217391304462,1.140521739130446,50000.0,5.0,250000.0,2451.304347826115,2851.304347826115
2026-01-12,RADICO,SHORT,A_PULLBACK_C2_THEN_BREAK_C2_LOW,MODERATE,2026-01-12 10:30:00+05:30,2026-01-12 11:00:00+05:30,2830.4338,2850.6098705004347,2798.152087199304,2026-01-12 11:40:00+05:30,2798.152087199304,TARGET,4.902608695652221,5.70260869565222,72.86711120605469,12.980281829833984,0.8869143128395081,1.7244876236150404,4.61768256037955,0.008325584336393571,0.9117853341326321,10.93,2850.6098705004347,0.9805217391304442,1.140521739130444,50000.0,5.0,250000.0,2451.3043478261106,2851.30434782611
2026-01-12,BATAINDIA,SHORT,A_MOD_BREAK_C1_LOW,MODERATE,2026-01-12 10:45:00+05:30,2026-01-12 11:00:00+05:30,908.7182444091796,915.1958251122617,898.3541152842485,2026-01-12 15:30:00+05:30,910.0,EOD,-1.505254680813474,-0.7052546808134741,26.412019729614258,30.97817039489746,7.777133464813232,1.0266396354227634,2.3766047795237397,0.004848886053866731,0.43584223214319745,10.93,915.1958251122617,-0.3010509361626948,-0.14105093616269482,50000.0,5.0,250000.0,-752.627340406737,-352.627340406737
2026-01-12,EIMCOELECO,SHORT,A_MOD_BREAK_C1_LOW,MODERATE,2026-01-12 10:45:00+05:30,2026-01-12 11:00:00+05:30,1516.1967,1527.0045456071741,1498.9041470285217,2026-01-12 11:21:00+05:30,1498.9041470285217,TARGET,4.902608695652169,5.702608695652168,25.798259735107422,22.503881454467773,3.4488043785095215,1.4679209522588899,3.618972596700583,0.014467979672474894,0.503860062671917,10.93,1527.0045456071741,0.9805217391304337,1.1405217391304336,50000.0,5.0,250000.0,2451.3043478260843,2851.3043478260843
2026-01-12,TSFINV,SHORT,A_MOD_BREAK_C1_LOW,MODERATE,2026-01-12 10:45:00+05:30,2026-01-12 11:00:00+05:30,419.0161861022949,422.0030427854024,414.23721540932297,2026-01-12 11:11:00+05:30,414.23721540932297,TARGET,4.902608695652205,5.702608695652205,43.081024169921875,21.391826629638672,23.818761825561523,0.6211590069574797,2.9181159373115135,0.00996182440174152,0.614918188766387,10.93,422.0030427854024,0.980521739130441,1.140521739130441,50000.0,5.0,250000.0,2451.3043478261025,2851.3043478261025
2026-01-12,BCLIND,SHORT,A_MOD_BREAK_C1_LOW,MODERATE,2026-01-12 11:00:00+05:30,2026-01-12 11:15:00+05:30,29.60999984741211,29.82106765067225,29.272291362195883,2026-01-12 12:34:00+05:30,29.82106765067225,SL,-4.364130434782658,-3.5641304347826583,43.20994567871094,31.14226722717285,29.896963119506836,0.6060306178395203,1.5409066908048579,0.00852519250009421,0.591249877842823,10.93,29.82106765067225,-0.8728260869565316,-0.7128260869565317,50000.0,5.0,250000.0,-2182.0652173913295,-1782.0652173913293
2026-01-12,CUMMINSIND,SHORT,A_MOD_BREAK_C1_LOW,MODERATE,2026-01-12 11:00:00+05:30,2026-01-12 11:15:00+05:30,3952.0094888183594,3980.1804434136543,3906.9359614658883,2026-01-12 11:52:00+05:30,3906.9359614658883,TARGET,4.9026086956521855,5.702608695652184,29.259746551513672,17.159887313842773,4.914440155029297,1.3906471681237111,3.2091241124763625,0.008100138730982035,0.5422594526943545,10.93,3980.1804434136543,0.980521739130437,1.140521739130437,50000.0,5.0,250000.0,2451.3043478260925,2851.3043478260925
2026-01-12,GODREJPROP,SHORT,A_MOD_BREAK_C1_LOW,MODERATE,2026-01-12 11:00:00+05:30,2026-01-12 11:15:00+05:30,1936.6126,1950.417279816087,1914.5251122942607,2026-01-12 11:41:00+05:30,1914.5251122942607,TARGET,4.902608695652205,5.702608695652205,58.209129333496094,27.949644088745117,11.294266700744629,1.0535768898813682,2.756377134684459,0.008440889152719856,0.7943759557292394,10.93,1950.417279816087,0.980521739130441,1.140521739130441,50000.0,5.0,250000.0,2451.3043478261025,2851.3043478261025
2026-01-12,GREENLAM,SHORT,A_MOD_BREAK_C1_LOW,MODERATE,2026-01-12 11:00:00+05:30,2026-01-12 11:15:00+05:30,239.1700012207031,240.87486738157853,236.44221536330247,2026-01-12 12:19:00+05:30,240.87486738157853,SL,-4.364130434782626,-3.5641304347826264,26.529869079589844,17.37580108642578,0.5917140245437622,2.369561169195656,4.558065235101644,0.006494332569363159,0.6079480361938476,10.93,240.87486738157853,-0.8728260869565252,-0.7128260869565253,50000.0,5.0,250000.0,-2182.0652173913127,-1782.0652173913134
2026-01-12,NBCC,SHORT,A_MOD_BREAK_C1_LOW,MODERATE,2026-01-12 11:00:00+05:30,2026-01-12 11:15:00+05:30,105.0499984741211,105.79882226759207,103.85188040456755,2026-01-12 12:19:00+05:30,105.79882226759207,SL,-4.364130434782668,-3.5641304347826686,48.48176193237305,22.78920555114746,4.510194301605225,1.4632605291916108,2.9435573340960155,0.010064279653709254,0.8432970215941276,10.93,105.79882226759207,-0.8728260869565336,-0.7128260869565337,50000.0,5.0,250000.0,-2182.065217391334,-1782.0652173913343
2026-01-12,SUDARSCHEM,SHORT,A_MOD_BREAK_C1_LOW,MODERATE,2026-01-12 11:00:00+05:30,2026-01-12 11:15:00+05:30,913.2673222045898,919.7773299209135,902.8513098584721,2026-01-12 11:34:00+05:30,902.8513098584721,TARGET,4.902608695652198,5.702608695652197,56.6220703125,24.999723434448242,21.733566284179688,0.6763759234732332,2.91146150263174,0.00827195315384123,0.7283657866078157,10.93,919.7773299209135,0.9805217391304395,1.1405217391304394,50000.0,5.0,250000.0,2451.304347826099,2851.3043478260984
2026-01-12,AHLUCONT,SHORT,A_MOD_BREAK_C1_LOW,MODERATE,2026-01-12 11:15:00+05:30,2026-01-12 11:30:00+05:30,884.5230722045899,890.8281834084136,874.4348942784721,2026-01-12 12:16:00+05:30,890.8281834084136,SL,-4.3641304347826635,-3.564130434782664,28.913021087646484,21.349031448364258,1.3566950559616089,1.5858712168072682,2.816614329080051,0.008383183318029421,0.5712227792559692,10.93,890.8281834084136,-0.8728260869565327,-0.7128260869565328,50000.0,5.0,250000.0,-2182.0652173913318,-1782.0652173913322
2026-01-12,ASHOKA,SHORT,A_MOD_BREAK_C1_LOW,MODERATE,2026-01-12 11:15:00+05:30,2026-01-12 11:30:00+05:30,155.7500030517578,156.86022970394632,153.9736404082562,2026-01-12 12:19:00+05:30,156.86022970394632,SL,-4.3641304347826315,-3.5641304347826317,46.521240234375,27.308738708496094,10.848309516906738,1.0036292969517744,2.8240748236634623,0.00860076031713992,0.7334537304821855,10.93,156.86022970394632,-0.8728260869565263,-0.7128260869565264,50000.0,5.0,250000.0,-2182.065217391316,-1782.0652173913159
2026-01-12,BBTC,SHORT,A_MOD_BREAK_C1_LOW,MODERATE,2026-01-12 11:15:00+05:30,2026-01-12 11:30:00+05:30,1781.7435555908203,1794.4442884577384,1761.4223830037513,2026-01-12 12:42:00+05:30,1794.4442884577384,SL,-4.364130434782622,-3.5641304347826215,50.67301559448242,29.33310317993164,14.905009269714355,1.004249934057803,2.1223011017500832,0.005930028505254895,0.7857437384601156,10.93,1794.4442884577384,-0.8728260869565243,-0.7128260869565243,50000.0,5.0,250000.0,-2182.065217391311,-1782.0652173913106
2026-01-12,DATAPATTNS,SHORT,A_MOD_BREAK_C1_LOW,MODERATE,2026-01-12 11:15:00+05:30,2026-01-12 11:30:00+05:30,2579.484,2597.8712348608697,2550.0644242226085,2026-01-12 12:58:00+05:30,2597.8712348608697,SL,-4.364130434782643,-3.5641304347826424,26.86089324951172,34.477745056152344,26.0894718170166,1.0348308501309418,1.9534599226862066,0.011278636028364633,0.44168179364990096,10.93,2597.8712348608697,-0.8728260869565285,-0.7128260869565285,50000.0,5.0,250000.0,-2182.0652173913213,-1782.0652173913213
2026-01-12,ICRA,SHORT,A_MOD_BREAK_C1_LOW,MODERATE,2026-01-12 11:15:00+05:30,2026-01-12 11:30:00+05:30,5993.801,6036.526377128262,5925.440396594783,2026-01-12 15:30:00+05:30,6008.0,EOD,-1.9844737588051065,-1.1844737588051066,68.96659088134766,25.078567504882812,16.159730911254883,0.7575359948880297,2.340073156759796,0.00522459187638869,0.7425687991054051,10.93,6036.526377128262,-0.3968947517610213,-0.23689475176102132,50000.0,5.0,250000.0,-992.2368794025532,-592.2368794025533
2026-01-12,IOLCP,SHORT,A_MOD_BREAK_C1_LOW,MODERATE,2026-01-12 11:15:00+05:30,2026-01-12 11:30:00+05:30,75.64999694824219,76.18924986127108,74.78719228739597,2026-01-12 12:34:00+05:30,76.18924986127108,SL,-4.36413043478265,-3.5641304347826503,39.74346923828125,26.49331283569336,18.95047950744629,0.8171354276943539,2.2685003608379284,0.009618666178668507,0.5991507384207306,10.93,76.18924986127108,-0.8728260869565301,-0.71282608695653,50000.0,5.0,250000.0,-2182.0652173913254,-1782.0652173913252
2026-01-12,MANINFRA,SHORT,A_MOD_BREAK_C1_LOW,MODERATE,2026-01-12 11:15:00+05:30,2026-01-12 11:30:00+05:30,116.45,117.28008597826089,115.1218624347826,2026-01-12 12:21:00+05:30,117.28008597826089,SL,-4.3641304347826635,-3.564130434782664,38.79236602783203,29.45619773864746,14.234724044799805,1.4076277959478094,2.581592074462704,0.007782854423908486,0.6882203547083472,10.93,117.28008597826089,-0.8728260869565327,-0.7128260869565328,50000.0,5.0,250000.0,-2182.0652173913318,-1782.0652173913322
2026-01-12,NAVA,SHORT,A_MOD_BREAK_C1_LOW,MODERATE,2026-01-12 11:15:00+05:30,2026-01-12 11:30:00+05:30,566.6866277954101,570.72611790963,560.2234436126582,2026-01-12 12:18:00+05:30,570.72611790963,SL,-4.364130434782631,-3.564130434782631,38.0733528137207,32.43250274658203,28.10329818725586,0.6080097543479316,1.7397221723334781,0.01010961465314162,0.5244881078333725,10.93,570.72611790963,-0.8728260869565261,-0.7128260869565262,50000.0,5.0,250000.0,-2182.0652173913154,-1782.0652173913154
2026-01-13,DBL,LONG,B_HUGE_GREEN_PULLBACK_HOLD_THEN_BREAK,HUGE,2026-01-13 10:00:00+05:30,2026-01-13 13:15:00+05:30,471.0942,467.6009340952174,478.08073180956524,2026-01-13 14:13:00+05:30,467.6009340952174,SL,-4.507608695652183,-3.7076086956521834,29.206571578979492,72.37289428710938,77.64273834228516,0.8183537479913561,3.148351519568707,0.006614043988895007,5.243455881091273,11.37,467.6009340952174,-0.9015217391304367,-0.7415217391304367,100000.0,5.0,500000.0,-4507.608695652183,-3707.6086956521835
2026-01-13,KECL,SHORT,A_MOD_BREAK_C1_LOW,MODERATE,2026-01-13 13:45:00+05:30,2026-01-13 14:00:00+05:30,92.14999694824219,92.83330920822142,91.05669733227539,2026-01-13 14:23:00+05:30,91.05669733227539,TARGET,5.132173913043491,5.932173913043491,40.455142974853516,30.914295196533203,10.489009857177734,2.532460519203954,2.4423493452354963,0.006005263982414866,0.8168271446228026,11.37,92.83330920822142,1.0264347826086984,1.1864347826086983,50000.0,5.0,250000.0,2566.086956521746,2966.086956521746
2026-01-13,HPL,SHORT,A_MOD_BREAK_C1_LOW,MODERATE,2026-01-13 14:15:00+05:30,2026-01-13 14:30:00+05:30,355.62887220458987,358.26593760261125,351.4095675677556,2026-01-13 14:42:00+05:30,358.26593760261125,SL,-4.507608695652106,-3.7076086956521053,29.668685913085938,31.96129608154297,7.771880626678467,3.6352765892651298,2.633288693007374,0.0054373948761586395,0.6550302886962891,11.37,358.26593760261125,-0.9015217391304211,-0.7415217391304211,50000.0,5.0,250000.0,-2253.8043478260524,-1853.8043478260527
2026-01-14,CESC,SHORT,A_MOD_BREAK_C1_LOW,MODERATE,2026-01-14 10:00:00+05:30,2026-01-14 10:15:00+05:30,157.47000427246093,158.6202199558424,155.6296591790506,2026-01-14 10:51:00+05:30,158.6202199558424,SL,-4.452173913043547,-3.6521739130435464,43.91109085083008,22.27890396118164,8.225850105285645,0.9916675866079726,3.5180952401471672,0.004562551797251192,0.6922081904188464,11.2,158.6202199558424,-0.8904347826087093,-0.7304347826087093,50000.0,5.0,250000.0,-2226.086956521773,-1826.0869565217731
2026-01-14,SHK,SHORT,A_MOD_BREAK_C1_LOW,MODERATE,2026-01-14 10:00:00+05:30,2026-01-14 10:15:00+05:30,164.17999572753905,165.37922352241847,162.26123125573199,2026-01-14 13:04:00+05:30,165.37922352241847,SL,-4.45217391304349,-3.6521739130434905,47.329200744628906,19.659128189086914,8.543858528137207,1.3031097742987936,4.259193746042192,0.0047560957665451755,0.7979822216717225,11.2,165.37922352241847,-0.890434782608698,-0.7304347826086981,50000.0,5.0,250000.0,-2226.086956521745,-1826.0869565217452
2026-01-16,AURIONPRO,SHORT,A_MOD_BREAK_C1_LOW,MODERATE,2026-01-16 11:00:00+05:30,2026-01-16 11:15:00+05:30,1001.4996722045898,1008.8933523933002,989.6697839026532,2026-01-16 14:18:00+05:30,989.6697839026532,TARGET,5.106086956521738,5.9060869565217375,38.710975646972656,31.0936222076416,18.56060791015625,1.18245353235765,1.7590896195645511,0.005397971267321246,0.6355484838454062,11.32,1008.8933523933002,1.0212173913043476,1.1812173913043476,50000.0,5.0,250000.0,2553.043478260869,2953.043478260869
2026-01-16,XPROINDIA,LONG,B_HUGE_GREEN_PULLBACK_HOLD_THEN_BREAK,HUGE,2026-01-16 10:15:00+05:30,2026-01-16 11:30:00+05:30,1065.0130088378905,1057.1504345378612,1080.7381574379492,2026-01-16 11:31:00+05:30,1080.7381574379492,TARGET,6.582608695652212,7.382608695652212,75.68952941894531,77.1888656616211,68.45520782470703,1.7667897159723867,2.5680407636205365,0.024181527673902654,8.036484566938293,11.32,1057.1504345378612,1.3165217391304425,1.4765217391304424,100000.0,5.0,500000.0,6582.608695652212,7382.608695652212
2026-01-16,IGARASHI,SHORT,A_MOD_BREAK_C1_LOW,MODERATE,2026-01-16 11:15:00+05:30,2026-01-16 11:30:00+05:30,395.4209,398.3401377747826,390.75011956034785,2026-01-16 11:58:00+05:30,390.75011956034785,TARGET,5.106086956521725,5.906086956521724,35.73499298095703,23.284997940063477,12.400205612182617,1.5897496539910634,2.6488081420254828,0.008374688900955402,0.6742310841627914,11.32,398.3401377747826,1.021217391304345,1.1812173913043449,50000.0,5.0,250000.0,2553.0434782608622,2953.0434782608622
2026-01-16,WOCKPHARMA,LONG,B_HUGE_GREEN_PULLBACK_HOLD_THEN_BREAK,HUGE,2026-01-16 10:15:00+05:30,2026-01-16 11:45:00+05:30,1439.9878911621095,1429.3570240351821,1461.2496254159641,2026-01-16 15:12:00+05:30,1429.3570240351821,SL,-4.491304347826127,-3.691304347826127,25.54825782775879,77.7994613647461,80.25241088867188,2.195822240890983,3.463257789623177,0.005649608289855591,7.400800516592917,11.32,1429.3570240351821,-0.8982608695652254,-0.7382608695652254,100000.0,5.0,500000.0,-4491.304347826127,-3691.304347826127
2026-01-16,GTPL,SHORT,A_MOD_BREAK_C1_LOW,MODERATE,2026-01-16 12:00:00+05:30,2026-01-16 12:15:00+05:30,82.1800033569336,82.78670616432521,81.209278865107,2026-01-16 14:32:00+05:30,82.78670616432521,SL,-4.49130434782603,-3.69130434782603,33.506752014160156,23.360517501831055,7.88798189163208,1.7789714269357852,2.535464516556417,0.014706137501112214,0.6739212799261647,11.32,82.78670616432521,-0.8982608695652059,-0.738260869565206,50000.0,5.0,250000.0,-2245.652173913015,-1845.652173913015
2026-01-16,HINDWAREAP,SHORT,A_MOD_BREAK_C1_LOW,MODERATE,2026-01-16 12:00:00+05:30,2026-01-16 12:15:00+05:30,230.64999694824218,232.3527956213644,227.92551907124658,2026-01-16 12:34:00+05:30,232.3527956213644,SL,-4.491304347826068,-3.691304347826068,33.39158630371094,31.340423583984375,13.584030151367188,0.9495091088139722,1.7658608245002674,0.008520702809956092,0.5153309298231226,11.32,232.3527956213644,-0.8982608695652137,-0.7382608695652136,50000.0,5.0,250000.0,-2245.652173913034,-1845.6521739130342
2026-01-16,INDGN,SHORT,A_MOD_BREAK_C1_LOW,MODERATE,2026-01-16 12:00:00+05:30,2026-01-16 12:15:00+05:30,498.9501777954102,502.63373171669974,493.05649152134686,2026-01-16 15:30:00+05:30,493.05649152134686,TARGET,5.106086956521717,5.906086956521717,44.638980865478516,24.717832565307617,1.7544423341751099,1.4824748044207041,2.5945141689181925,0.0037786116156521762,0.7890178037558009,11.32,502.63373171669974,1.0212173913043434,1.1812173913043433,50000.0,5.0,250000.0,2553.0434782608586,2953.043478260858
2026-01-16,PATANJALI,SHORT,A_PULLBACK_C2_THEN_BREAK_C2_LOW,MODERATE,2026-01-16 12:30:00+05:30,2026-01-16 13:00:00+05:30,533.6932277954102,537.6332760597433,527.3891505724773,2026-01-16 14:00:00+05:30,527.3891505724773,TARGET,5.1060869565216755,5.906086956521675,38.19245910644531,22.918949127197266,3.646907091140747,1.9678235110375242,2.4658063845528693,0.003514968518059702,0.7772560010282463,11.32,537.6332760597433,1.0212173913043352,1.1812173913043351,50000.0,5.0,250000.0,2553.043478260838,2953.0434782608377
2026-01-16,ASALCBR,SHORT,A_PULLBACK_C2_THEN_BREAK_C2_LOW,MODERATE,2026-01-16 12:45:00+05:30,2026-01-16 13:15:00+05:30,838.9321555908203,845.1256634177473,829.0225430677372,2026-01-16 15:30:00+05:30,838.2000122070312,EOD,-0.363645654234412,0.43635434576558785,56.59552001953125,22.037012100219727,6.458302974700928,2.171942386400587,2.3166409856575223,0.00827622577307752,0.96,11.32,845.1256634177473,-0.0727291308468824,0.08727086915311758,50000.0,5.0,250000.0,-181.822827117206,218.17717288279394
2026-01-16,RBLBANK,LONG,B_HUGE_GREEN_PULLBACK_HOLD_THEN_BREAK,HUGE,2026-01-16 10:45:00+05:30,2026-01-16 13:30:00+05:30,326.96537389526367,324.55151648276734,331.7930887202564,2026-01-16 14:05:00+05:30,324.55151648276734,SL,-4.491304347826071,-3.6913043478260703,42.58939743041992,84.12825775146484,92.86184692382812,2.586170099889594,4.214798612883088,0.007785229752560381,9.374046721111483,11.32,324.55151648276734,-0.8982608695652141,-0.7382608695652141,100000.0,5.0,500000.0,-4491.304347826071,-3691.30434782607
2026-01-16,SUMMITSEC,SHORT,A_MOD_BREAK_C1_LOW,MODERATE,2026-01-16 13:15:00+05:30,2026-01-16 13:30:00+05:30,1789.642,1802.8542265913043,1768.5024374539132,2026-01-16 15:30:00+05:30,1786.0999755859375,EOD,0.18959021247337546,0.9895902124733753,27.201990127563477,37.12541580200195,15.642529487609863,1.38704863625132,1.670846191376229,0.003684681773055663,0.49430567282624455,11.32,1802.8542265913043,0.03791804249467509,0.19791804249467507,50000.0,5.0,250000.0,94.79510623668773,494.7951062366877
2026-01-16,NOCIL,SHORT,A_MOD_BREAK_C1_LOW,MODERATE,2026-01-16 14:00:00+05:30,2026-01-16 14:15:00+05:30,135.7,136.70181999999997,134.09708799999999,2026-01-16 14:39:00+05:30,134.09708799999999,TARGET,5.106086956521753,5.906086956521753,40.36530303955078,31.088340759277344,3.5896084308624268,1.991371171958379,2.1549575837855013,0.003998934673780016,0.813969500685978,11.32,136.70181999999997,1.0212173913043505,1.1812173913043504,50000.0,5.0,250000.0,2553.0434782608763,2953.043478260876
2026-01-19,GPTINFRA,SHORT,A_MOD_BREAK_C1_LOW,MODERATE,2026-01-19 10:15:00+05:30,2026-01-19 10:30:00+05:30,104.11999816894532,104.89207059015024,102.88468229501741,2026-01-19 15:30:00+05:30,104.0,EOD,-0.2237506192105089,0.576249380789491,27.09796142578125,26.055622100830078,4.4186015129089355,0.9973526417535307,2.7603425127547214,0.0061357714394841625,0.4410061336935866,11.37,104.89207059015024,-0.04475012384210178,0.1152498761578982,50000.0,5.0,250000.0,-111.87530960525444,288.1246903947455
2026-01-19,JINDALSAW,LONG,B_HUGE_GREEN_PULLBACK_HOLD_THEN_BREAK,HUGE,2026-01-19 10:00:00+05:30,2026-01-19 11:00:00+05:30,174.05,172.75938141304349,176.63123717391306,2026-01-19 11:25:00+05:30,176.63123717391306,TARGET,6.615217391304374,7.415217391304374,45.75345230102539,83.30950164794922,92.18778991699219,1.4176716756116634,5.232343894589745,0.011962114034168608,8.732988414003447,11.37,172.75938141304349,1.3230434782608749,1.4830434782608748,100000.0,5.0,500000.0,6615.217391304374,7415.217391304374
2026-01-19,KIRLOSENG,SHORT,A_MOD_BREAK_C1_LOW,MODERATE,2026-01-19 10:45:00+05:30,2026-01-19 11:00:00+05:30,1129.2741,1137.6479129458696,1115.875999286609,2026-01-19 12:27:00+05:30,1137.6479129458696,SL,-4.507608695652159,-3.7076086956521586,37.594146728515625,18.300838470458984,5.218670845031738,1.5448573625714543,3.6661787941997614,0.0073673481326970765,0.6942622393777389,11.37,1137.6479129458696,-0.9015217391304318,-0.7415217391304317,50000.0,5.0,250000.0,-2253.8043478260793,-1853.8043478260793
2026-01-19,SPENCERS,SHORT,A_MOD_BREAK_C1_LOW,MODERATE,2026-01-19 11:00:00+05:30,2026-01-19 11:15:00+05:30,37.470000457763675,37.74784865681026,37.02544333928913,2026-01-19 11:35:00+05:30,37.74784865681026,SL,-4.507608695652129,-3.7076086956521292,27.220251083374023,36.85139083862305,35.18523025512695,1.8352248698725022,2.058913497064013,0.007215193791854787,0.5894681184782982,11.37,37.74784865681026,-0.9015217391304258,-0.7415217391304258,50000.0,5.0,250000.0,-2253.8043478260643,-1853.8043478260645
2026-01-19,CAPACITE,SHORT,A_MOD_BREAK_C1_LOW,MODERATE,2026-01-19 11:15:00+05:30,2026-01-19 11:30:00+05:30,232.59999389648436,234.32477341644284,229.84034666455076,2026-01-19 13:26:00+05:30,234.32477341644284,SL,-4.507608695652126,-3.707608695652127,42.30776596069336,22.86266326904297,5.464475631713867,0.7764758685362613,2.2081577001187336,0.0059869304803583665,0.6304997664042462,11.37,234.32477341644284,-0.9015217391304253,-0.7415217391304254,50000.0,5.0,250000.0,-2253.8043478260633,-1853.8043478260633
2026-01-20,AWFIS,SHORT,A_PULLBACK_C2_THEN_BREAK_C2_LOW,MODERATE,2026-01-20 10:30:00+05:30,2026-01-20 11:00:00+05:30,429.914,433.23087996956525,424.60699204869564,2026-01-20 11:01:00+05:30,424.60699204869564,TARGET,5.372173913043472,6.172173913043472,51.039451599121094,14.800113677978516,5.207320213317871,0.8967349994696687,3.4762129062647196,0.005343252378981447,0.766928624907192,11.83,433.23087996956525,1.0744347826086944,1.2344347826086943,50000.0,5.0,250000.0,2686.086956521736,3086.086956521736
2026-01-20,FACT,SHORT,A_PULLBACK_C2_THEN_BREAK_C2_LOW,MODERATE,2026-01-20 10:30:00+05:30,2026-01-20 11:00:00+05:30,813.3872777954101,819.662737466923,803.3465423209896,2026-01-20 13:50:00+05:30,803.3465423209896,TARGET,5.372173913043479,6.172173913043478,30.385149002075195,23.616559982299805,8.964158058166504,1.2886383726747306,2.6782920502348224,0.004654101154545178,0.5412889502492058,11.83,819.662737466923,1.0744347826086957,1.2344347826086957,50000.0,5.0,250000.0,2686.0869565217395,3086.086956521739
2026-01-20,HBLENGINE,SHORT,A_MOD_BREAK_C1_LOW,MODERATE,2026-01-20 10:45:00+05:30,2026-01-20 11:00:00+05:30,738.8522,744.5526053430435,729.7315514511305,2026-01-20 12:05:00+05:30,729.7315514511305,TARGET,5.372173913043471,6.172173913043471,49.30925369262695,26.34514808654785,14.67101001739502,0.7729765651791523,2.5176830874947433,0.009297456458232581,0.734909704295756,11.83,744.5526053430435,1.0744347826086942,1.234434782608694,50000.0,5.0,250000.0,2686.0869565217354,3086.086956521735
2026-01-20,TVTODAY,SHORT,A_MOD_BREAK_C1_LOW,MODERATE,2026-01-20 10:45:00+05:30,2026-01-20 11:00:00+05:30,127.0499984741211,128.03021683191383,125.48164910165274,2026-01-20 15:30:00+05:30,125.48164910165274,TARGET,5.372173913043453,6.172173913043453,43.47093963623047,15.175068855285645,5.546630859375,1.2640629312480083,3.0368094398896637,0.007827926919515523,0.7332751075118584,11.83,128.03021683191383,1.0744347826086906,1.2344347826086906,50000.0,5.0,250000.0,2686.0869565217267,3086.0869565217263
2026-01-20,VASCONEQ,SHORT,A_MOD_BREAK_C1_LOW,MODERATE,2026-01-20 10:45:00+05:30,2026-01-20 11:00:00+05:30,41.95,42.273653369565224,41.432154608695654,2026-01-20 11:02:00+05:30,41.432154608695654,TARGET,5.3721739130434845,6.172173913043483,46.08588790893555,19.3864688873291,11.04865550994873,1.159994528422835,3.1004893633400696,0.00867349264167604,0.7542873611080294,11.83,42.273653369565224,1.0744347826086968,1.2344347826086968,50000.0,5.0,250000.0,2686.086956521742,3086.086956521742
2026-01-20,BCLIND,SHORT,A_MOD_BREAK_C1_LOW,MODERATE,2026-01-20 11:00:00+05:30,2026-01-20 11:15:00+05:30,28.409999084472656,28.629188403496123,28.05929617403511,2026-01-20 15:30:00+05:30,28.399999618530273,EOD,-0.6240150252618757,0.1759849747381242,30.352752685546875,28.964258193969727,17.77784538269043,1.0652204066733586,2.2344648161054943,0.006071563850557121,0.5017048614510409,11.83,28.629188403496123,-0.12480300505237514,0.035196994947624835,50000.0,5.0,250000.0,-312.00751263093787,87.99248736906209
2026-01-20,BSOFT,SHORT,A_MOD_BREAK_C1_LOW,MODERATE,2026-01-20 11:00:00+05:30,2026-01-20 11:15:00+05:30,406.11877220458985,409.2520668188379,401.105500821793,2026-01-20 15:01:00+05:30,401.105500821793,TARGET,5.372173913043511,6.17217391304351,36.60566329956055,15.844923973083496,3.082843780517578,2.0632247623223483,4.030664587151202,0.007140232297947026,0.7590849494934082,11.83,409.2520668188379,1.0744347826087022,1.234434782608702,50000.0,5.0,250000.0,2686.0869565217554,3086.086956521755
2026-01-20,GMRP&UI,SHORT,A_MOD_BREAK_C1_LOW,MODERATE,2026-01-20 11:00:00+05:30,2026-01-20 11:15:00+05:30,100.7,101.47692239130436,99.45692417391305,2026-01-20 11:36:00+05:30,101.47692239130436,SL,-4.6576086956522005,-3.8576086956522007,26.89947509765625,25.92897605895996,6.045070171356201,1.3001916291726625,2.5523068655399297,0.007850763345863737,0.4910256615700597,11.83,101.47692239130436,-0.93152173913044,-0.7715217391304401,50000.0,5.0,250000.0,-2328.8043478260997,-1928.8043478261002
2026-01-20,RUPA,SHORT,A_MOD_BREAK_C1_LOW,MODERATE,2026-01-20 11:00:00+05:30,2026-01-20 11:15:00+05:30,152.95999450683593,154.1401141166289,151.0718031311672,2026-01-20 15:30:00+05:30,152.8699951171875,EOD,-0.5058074238999661,0.2941925761000337,31.906261444091797,27.21428680419922,12.115819931030273,1.5067303481171954,2.2544115694977593,0.005041366323458598,0.602271732581886,11.83,154.1401141166289,-0.10116148477999323,0.05883851522000674,50000.0,5.0,250000.0,-252.9037119499831,147.09628805001685
2026-01-20,LTIM,SHORT,A_MOD_BREAK_C1_LOW,MODERATE,2026-01-20 11:30:00+05:30,2026-01-20 11:45:00+05:30,5925.8146,5971.533547859565,5852.664283424695,2026-01-20 12:34:00+05:30,5971.533547859565,SL,-4.657608695652203,-3.8576086956522033,54.36156463623047,19.088294982910156,2.6727709770202637,1.3212489141858306,3.084151435261367,0.010884067918956405,0.8412185599825204,11.83,5971.533547859565,-0.9315217391304407,-0.7715217391304406,50000.0,5.0,250000.0,-2328.8043478261015,-1928.8043478261015
2026-01-20,TDPOWERSYS,SHORT,A_MOD_BREAK_C1_LOW,MODERATE,2026-01-20 11:30:00+05:30,2026-01-20 11:45:00+05:30,651.9695555908203,656.9996424447156,643.9214166245879,2026-01-20 11:51:00+05:30,643.9214166245879,TARGET,5.3721739130434525,6.172173913043451,30.181194305419922,38.65854263305664,64.66505432128906,0.45700199765591637,1.0899097676185747,0.009256317868225245,0.3471887525520129,11.83,656.9996424447156,1.0744347826086904,1.2344347826086903,50000.0,5.0,250000.0,2686.086956521726,3086.086956521726
2026-01-20,LODHA,SHORT,A_MOD_BREAK_C1_LOW,MODERATE,2026-01-20 12:00:00+05:30,2026-01-20 12:15:00+05:30,1007.0985277954102,1014.8685118718145,994.6665532731636,2026-01-20 12:35:00+05:30,994.6665532731636,TARGET,5.372173913043459,6.1721739130434585,49.955631256103516,24.044431686401367,4.903819561004639,1.4858193872560372,2.5331712976542913,0.0072527509173447675,0.869352861611359,11.83,1014.8685118718145,1.0744347826086917,1.2344347826086917,50000.0,5.0,250000.0,2686.0869565217295,3086.086956521729
2026-01-20,DATAPATTNS,SHORT,A_MOD_BREAK_C1_LOW,MODERATE,2026-01-20 12:15:00+05:30,2026-01-20 12:30:00+05:30,2307.5384,2325.341560394783,2279.0533433683477,2026-01-20 12:34:00+05:30,2279.0533433683477,TARGET,5.372173913043493,6.172173913043492,58.22838592529297,10.189517974853516,3.6427366733551025,2.4095811298889447,3.66339748083246,0.011489919364426976,0.96,11.83,2325.341560394783,1.0744347826086986,1.2344347826086985,50000.0,5.0,250000.0,2686.0869565217467,3086.0869565217463
2026-01-20,SAREGAMA,SHORT,A_MOD_BREAK_C1_LOW,MODERATE,2026-01-20 12:15:00+05:30,2026-01-20 12:30:00+05:30,336.9326,339.5321082552174,332.7733867916522,2026-01-20 13:52:00+05:30,332.7733867916522,TARGET,5.3721739130434525,6.172173913043451,42.36738204956055,27.81052589416504,19.39271354675293,1.1292417972900974,2.0768649510566446,0.007233948208133134,0.6931280452691753,11.83,339.5321082552174,1.0744347826086904,1.2344347826086903,50000.0,5.0,250000.0,2686.086956521726,3086.086956521726
2026-01-20,KEI,SHORT,A_PULLBACK_C2_THEN_BREAK_C2_LOW,MODERATE,2026-01-20 12:15:00+05:30,2026-01-20 12:45:00+05:30,4134.273077636719,4166.169893185704,4083.2381727583443,2026-01-20 13:02:00+05:30,4083.2381727583443,TARGET,5.372173913043473,6.172173913043473,33.12295150756836,29.321508407592773,10.337545394897461,1.443071025623487,2.338730424032637,0.009278428909805925,0.6093817020976355,11.83,4166.169893185704,1.0744347826086946,1.2344347826086945,50000.0,5.0,250000.0,2686.0869565217367,3086.0869565217363
2026-01-20,ESABINDIA,SHORT,A_MOD_BREAK_C1_LOW,MODERATE,2026-01-20 12:30:00+05:30,2026-01-20 12:45:00+05:30,5669.8658,5713.610047226522,5599.875004437565,2026-01-20 13:28:00+05:30,5599.875004437565,TARGET,5.372173913043488,6.172173913043487,40.19275665283203,34.98177719116211,9.938857078552246,0.9109720033741056,1.3528573796208974,0.006278812097002224,0.5899543193639938,11.83,5713.610047226522,1.0744347826086975,1.2344347826086974,50000.0,5.0,250000.0,2686.0869565217436,3086.086956521744
2026-01-20,MAHLOG,SHORT,A_MOD_BREAK_C1_LOW,MODERATE,2026-01-20 12:30:00+05:30,2026-01-20 12:45:00+05:30,288.5422861022949,290.76845256615803,284.9804197601139,2026-01-20 13:23:00+05:30,284.9804197601139,TARGET,5.37217391304347,6.172173913043469,46.02537536621094,27.238672256469727,6.730148792266846,1.6214720860609337,1.9774571876295615,0.007521414628690835,0.8330111049353055,11.83,290.76845256615803,1.074434782608694,1.2344347826086939,50000.0,5.0,250000.0,2686.086956521735,3086.0869565217345
2026-01-20,BAJAJFINSV,SHORT,A_MOD_BREAK_C1_LOW,MODERATE,2026-01-20 12:45:00+05:30,2026-01-20 13:00:00+05:30,1974.605,1989.8395068369566,1950.2297890608695,2026-01-20 15:19:00+05:30,1950.2297890608695,TARGET,5.372173913043498,6.172173913043498,32.2464485168457,31.868553161621094,7.848906517028809,1.0934660243750935,1.915741034592193,0.00389394168294034,0.5308403337479366,11.83,1989.8395068369566,1.0744347826086995,1.2344347826086994,50000.0,5.0,250000.0,2686.086956521749,3086.0869565217486
2026-01-20,PIDILITIND,SHORT,A_MOD_BREAK_C1_LOW,MODERATE,2026-01-20 12:45:00+05:30,2026-01-20 13:00:00+05:30,1456.1087444091797,1467.342939917676,1438.134031595586,2026-01-20 15:03:00+05:30,1438.134031595586,TARGET,5.37217391304348,6.17217391304348,30.20418930053711,31.9399356842041,8.226438522338867,1.2974655637984016,1.9451355329486395,0.003217337202636967,0.5373760898202089,11.83,1467.342939917676,1.074434782608696,1.2344347826086959,50000.0,5.0,250000.0,2686.08695652174,3086.08695652174
2026-01-20,QUICKHEAL,SHORT,A_MOD_BREAK_C1_LOW,MODERATE,2026-01-20 12:45:00+05:30,2026-01-20 13:00:00+05:30,205.5500061035156,207.13586908538818,203.01262533251952,2026-01-20 13:49:00+05:30,203.01262533251952,TARGET,5.37217391304348,6.17217391304348,66.3116226196289,20.480491638183594,3.425201177597046,2.0214366620189437,2.3062484654755395,0.009566622126320076,0.96,11.83,207.13586908538818,1.074434782608696,1.2344347826086959,50000.0,5.0,250000.0,2686.08695652174,3086.08695652174
2026-01-20,IDEAFORGE,SHORT,A_MOD_BREAK_C1_LOW,MODERATE,2026-01-20 13:00:00+05:30,2026-01-20 13:15:00+05:30,429.8140138977051,433.130122452755,424.5082402096252,2026-01-20 14:54:00+05:30,424.5082402096252,TARGET,5.372173913043488,6.172173913043487,46.6905632019043,22.162630081176758,2.9006385803222656,2.83443098696102,2.968497210057095,0.006514625948883217,0.9103584480285645,11.83,433.130122452755,1.0744347826086975,1.2344347826086974,50000.0,5.0,250000.0,2686.0869565217436,3086.086956521744
2026-01-20,ORCHPHARMA,SHORT,A_MOD_BREAK_C1_LOW,MODERATE,2026-01-20 13:00:00+05:30,2026-01-20 13:15:00+05:30,688.3623,693.6731647884783,679.8649163384348,2026-01-20 14:41:00+05:30,693.6731647884783,SL,-4.65760869565219,-3.8576086956521904,34.6605224609375,20.0622501373291,3.117271661758423,1.119156984901985,3.3461190579902436,0.005187266272916773,0.5757603092719099,11.83,693.6731647884783,-0.931521739130438,-0.7715217391304381,50000.0,5.0,250000.0,-2328.804347826095,-1928.8043478260952
2026-01-20,HAVELLS,SHORT,A_MOD_BREAK_C1_LOW,MODERATE,2026-01-20 13:15:00+05:30,2026-01-20 13:30:00+05:30,1356.8285555908203,1367.296782859933,1340.0793919602402,2026-01-20 15:23:00+05:30,1340.0793919602402,TARGET,5.37217391304344,6.172173913043439,54.687767028808594,19.63445472717285,5.807662010192871,3.345518196997066,3.2859903909052757,0.007848834863722318,0.96,11.83,1367.296782859933,1.074434782608688,1.2344347826086879,50000.0,5.0,250000.0,2686.08695652172,3086.0869565217195
2026-01-20,GRSE,SHORT,A_MOD_BREAK_C1_LOW,MODERATE,2026-01-20 13:45:00+05:30,2026-01-20 14:00:00+05:30,2284.4429223632815,2302.067896127341,2256.242964340787,2026-01-20 14:36:00+05:30,2302.067896127341,SL,-4.657608695652243,-3.8576086956522433,49.64115524291992,13.872248649597168,2.574775457382202,3.8968976872804784,3.2572867990190506,0.005649280047479264,0.9546173286437987,11.83,2302.067896127341,-0.9315217391304487,-0.7715217391304486,50000.0,5.0,250000.0,-2328.8043478261216,-1928.8043478261216
2026-01-20,JSL,SHORT,A_MOD_BREAK_C1_LOW,MODERATE,2026-01-20 13:45:00+05:30,2026-01-20 14:00:00+05:30,770.9957944091797,776.9441945708279,761.4783541505425,2026-01-20 14:55:00+05:30,761.4783541505425,TARGET,5.372173913043503,6.172173913043503,44.196937561035156,19.970294952392578,2.837437152862549,3.6291503245580623,3.707337321988632,0.005936969379775681,0.8729540634155273,11.83,776.9441945708279,1.0744347826087006,1.2344347826087005,50000.0,5.0,250000.0,2686.0869565217513,3086.0869565217513
2026-01-20,NAM-INDIA,SHORT,A_MOD_BREAK_C1_LOW,MODERATE,2026-01-20 13:45:00+05:30,2026-01-20 14:00:00+05:30,846.1807055908204,852.7091736867809,835.7351566372836,2026-01-20 14:18:00+05:30,852.7091736867809,SL,-4.657608695652204,-3.857608695652205,26.542673110961914,25.113100051879883,3.998056411743164,3.225946582021383,3.3645476175658144,0.00529178621636653,0.6081400966644286,11.83,852.7091736867809,-0.9315217391304409,-0.771521739130441,50000.0,5.0,250000.0,-2328.8043478261025,-1928.8043478261025
2026-01-20,ASHOKA,SHORT,A_MOD_BREAK_C1_LOW,MODERATE,2026-01-20 14:00:00+05:30,2026-01-20 14:15:00+05:30,142.7500030517578,143.85135035791149,140.98784736191192,2026-01-20 14:38:00+05:30,143.85135035791149,SL,-4.657608695652222,-3.857608695652222,45.57138442993164,26.957813262939453,5.143387794494629,3.0135593436454555,2.830772561978388,0.004641871476681034,0.8935707664489745,11.83,143.85135035791149,-0.9315217391304444,-0.7715217391304444,50000.0,5.0,250000.0,-2328.804347826111,-1928.804347826111
2026-01-20,BAYERCROP,SHORT,A_MOD_BREAK_C1_LOW,MODERATE,2026-01-20 14:00:00+05:30,2026-01-20 14:15:00+05:30,4326.1346,4359.511668903044,4272.731289755131,2026-01-20 14:54:00+05:30,4359.511668903044,SL,-4.6576086956521685,-3.8576086956521687,39.40068054199219,33.858154296875,34.35090637207031,1.5204129493161287,1.591401599702381,0.0048532470533857175,0.6966525542453244,11.83,4359.511668903044,-0.9315217391304338,-0.7715217391304338,50000.0,5.0,250000.0,-2328.8043478260847,-1928.8043478260845
2026-01-20,BOMDYEING,SHORT,A_MOD_BREAK_C1_LOW,MODERATE,2026-01-20 14:00:00+05:30,2026-01-20 14:15:00+05:30,116.85000152587891,117.75152468982532,115.40756446356467,2026-01-20 15:30:00+05:30,117.0,EOD,-1.4418419861461043,-0.6418419861461044,57.39714813232422,16.224084854125977,4.046554088592529,3.5298549164794317,3.9634786449383643,0.004943168129369729,0.96,11.83,117.75152468982532,-0.28836839722922086,-0.1283683972292209,50000.0,5.0,250000.0,-720.9209930730522,-320.9209930730522
2026-01-20,DCW,SHORT,A_MOD_BREAK_C1_LOW,MODERATE,2026-01-20 14:00:00+05:30,2026-01-20 14:15:00+05:30,49.03000183105469,49.40827895387733,48.42475843453847,2026-01-20 15:30:00+05:30,48.849998474121094,EOD,1.0356450154116232,1.835645015411623,52.06982421875,18.75687026977539,8.556336402893066,3.961783471264441,4.053513400542365,0.006388979494098722,0.96,11.83,49.40827895387733,0.20712900308232463,0.3671290030823246,50000.0,5.0,250000.0,517.8225077058115,917.8225077058115
2026-01-20,HGINFRA,SHORT,A_MOD_BREAK_C1_LOW,MODERATE,2026-01-20 14:00:00+05:30,2026-01-20 14:15:00+05:30,658.3683,663.4477545580435,650.2411727071304,2026-01-20 14:23:00+05:30,663.4477545580435,SL,-4.657608695652185,-3.857608695652186,34.836429595947266,18.480154037475586,3.8224077224731445,4.282157446056368,4.678645790478028,0.006054825265407362,0.7325464439392089,11.83,663.4477545580435,-0.9315217391304371,-0.7715217391304372,50000.0,5.0,250000.0,-2328.804347826093,-1928.804347826093
2026-01-20,KECL,SHORT,A_MOD_BREAK_C1_LOW,MODERATE,2026-01-20 14:00:00+05:30,2026-01-20 14:15:00+05:30,83.95,84.59769250000001,82.913692,2026-01-20 14:24:00+05:30,82.913692,TARGET,5.372173913043511,6.17217391304351,63.65901184082031,16.898521423339844,5.836139678955078,3.7254956191943,3.7437185396266615,0.006274309740641386,0.96,11.83,84.59769250000001,1.0744347826087022,1.234434782608702,50000.0,5.0,250000.0,2686.0869565217554,3086.086956521755
2026-01-20,MANINDS,SHORT,A_MOD_BREAK_C1_LOW,MODERATE,2026-01-20 14:00:00+05:30,2026-01-20 14:15:00+05:30,327.13457220458986,329.65848654535966,323.09630925935824,2026-01-20 14:41:00+05:30,329.65848654535966,SL,-4.657608695652246,-3.8576086956522455,34.106849670410156,21.25395393371582,8.42179012298584,3.422760285141884,3.632897202122906,0.005943286691913168,0.7216027450561524,11.83,329.65848654535966,-0.9315217391304491,-0.7715217391304491,50000.0,5.0,250000.0,-2328.804347826123,-1928.8043478261227
2026-01-20,MONTECARLO,SHORT,A_MOD_BREAK_C1_LOW,MODERATE,2026-01-20 14:00:00+05:30,2026-01-20 14:15:00+05:30,557.9883555908203,562.29335705602,551.100353246501,2026-01-20 15:30:00+05:30,551.100353246501,TARGET,5.372173913043476,6.1721739130434745,49.323707580566406,23.908645629882812,1.847428798675537,3.3368962598985608,3.622898088245036,0.00663516326413178,0.9498556137084961,11.83,562.29335705602,1.074434782608695,1.234434782608695,50000.0,5.0,250000.0,2686.0869565217376,3086.086956521737
2026-01-20,UBL,SHORT,A_MOD_BREAK_C1_LOW,MODERATE,2026-01-20 14:00:00+05:30,2026-01-20 14:15:00+05:30,1459.708,1470.9699645478263,1441.6888567234782,2026-01-20 15:30:00+05:30,1458.0,EOD,-0.21495148344734571,0.5850485165526541,62.14719772338867,18.643892288208008,3.3373231887817383,3.6522842664194584,3.931976279514934,0.004232163439924092,0.96,11.83,1470.9699645478263,-0.042990296689469146,0.11700970331053083,50000.0,5.0,250000.0,-107.47574172367287,292.5242582763271
2026-01-21,LUMAXIND,SHORT,A_MOD_BREAK_C1_LOW,MODERATE,2026-01-21 10:00:00+05:30,2026-01-21 10:15:00+05:30,5028.994,5070.745582795652,4962.191467526956,2026-01-21 10:33:00+05:30,4962.191467526956,TARGET,5.841739130434772,6.641739130434772,53.97002410888672,13.051009178161621,19.16199493408203,1.6171330620536786,4.5714866512011065,0.0067305236646897785,0.8929982858593937,12.73,5070.745582795652,1.1683478260869544,1.3283478260869543,50000.0,5.0,250000.0,2920.869565217386,3320.8695652173856
2026-01-21,SAMHI,SHORT,A_MOD_BREAK_C1_LOW,MODERATE,2026-01-21 10:00:00+05:30,2026-01-21 10:15:00+05:30,175.9899932861328,177.45109281734963,173.65223403618586,2026-01-21 10:23:00+05:30,173.65223403618586,TARGET,5.841739130434828,6.641739130434827,26.662864685058594,15.1875638961792,13.071236610412598,1.1448014981455326,3.4876207590802872,0.007201214546969517,0.4602832324513471,12.73,177.45109281734963,1.1683478260869655,1.3283478260869654,50000.0,5.0,250000.0,2920.8695652174138,3320.8695652174133
2026-01-21,TRENT,SHORT,A_MOD_BREAK_C1_LOW,MODERATE,2026-01-21 10:00:00+05:30,2026-01-21 10:15:00+05:30,3762.147322363281,3793.381323720032,3712.1729201924795,2026-01-21 10:44:00+05:30,3712.1729201924795,TARGET,5.84173913043482,6.64173913043482,42.67949676513672,17.70162582397461,3.9330153465270996,1.3771153921946382,3.6767549842782916,0.005146601603212308,0.7411876451111123,12.73,3793.381323720032,1.168347826086964,1.328347826086964,50000.0,5.0,250000.0,2920.8695652174097,3320.86956521741
2026-01-21,EKC,SHORT,A_MOD_BREAK_C1_LOW,MODERATE,2026-01-21 10:15:00+05:30,2026-01-21 10:30:00+05:30,101.60000152587891,102.44350240811225,100.25040011430558,2026-01-21 10:54:00+05:30,100.25040011430558,TARGET,5.841739130434806,6.6417391304348055,37.97166442871094,22.912736892700195,14.59460163116455,0.8202193105693146,2.4479031552429533,0.008535170557635356,0.5731133457802942,12.73,102.44350240811225,1.168347826086961,1.328347826086961,50000.0,5.0,250000.0,2920.869565217403,3320.8695652174024
2026-01-21,RPSGVENT,SHORT,A_MOD_BREAK_C1_LOW,MODERATE,2026-01-21 10:15:00+05:30,2026-01-21 10:30:00+05:30,654.9189777954101,660.3562290480203,646.2193757912338,2026-01-21 11:04:00+05:30,660.3562290480203,SL,-4.951086956521749,-4.151086956521749,27.431577682495117,17.021028518676758,9.621414184570312,1.5570424655372486,4.267665782662921,0.008072596110373819,0.5439560967064452,12.73,660.3562290480203,-0.9902173913043497,-0.8302173913043498,50000.0,5.0,250000.0,-2475.543478260874,-2075.5434782608745
2026-01-21,CHEMCON,SHORT,A_MOD_BREAK_C1_LOW,MODERATE,2026-01-21 10:30:00+05:30,2026-01-21 10:45:00+05:30,170.5000030517578,171.91552372926796,168.23516996774157,2026-01-21 10:57:00+05:30,168.23516996774157,TARGET,5.84173913043482,6.64173913043482,39.546592712402344,23.570829391479492,5.091865062713623,1.3485837328918568,2.8989739644192505,0.008602411283406839,0.6892010439421101,12.73,171.91552372926796,1.168347826086964,1.328347826086964,50000.0,5.0,250000.0,2920.8695652174097,3320.86956521741
2026-01-21,DWARKESH,SHORT,A_MOD_BREAK_C1_LOW,MODERATE,2026-01-21 10:30:00+05:30,2026-01-21 10:45:00+05:30,32.85999984741211,33.132809280927916,32.42350475378684,2026-01-21 10:47:00+05:30,32.42350475378684,TARGET,5.841739130434773,6.641739130434773,46.102989196777344,15.90260124206543,7.954501152038574,1.3225525289828686,3.433859852052138,0.005447762681057577,0.7829915305236621,12.73,33.132809280927916,1.1683478260869546,1.3283478260869546,50000.0,5.0,250000.0,2920.869565217387,3320.8695652173865
2026-01-21,GICHSGFIN,SHORT,A_MOD_BREAK_C1_LOW,MODERATE,2026-01-21 10:30:00+05:30,2026-01-21 10:45:00+05:30,161.45,162.79038597826087,159.3053824347826,2026-01-21 12:10:00+05:30,162.79038597826087,SL,-4.951086956521782,-4.151086956521782,46.77907943725586,27.032163619995117,24.733989715576172,0.7399419885785309,1.992357300096115,0.0060908626862001825,0.6907939045648865,12.73,162.79038597826087,-0.9902173913043564,-0.8302173913043563,50000.0,5.0,250000.0,-2475.5434782608913,-2075.543478260891
2026-01-21,HIMATSEIDE,SHORT,A_MOD_BREAK_C1_LOW,MODERATE,2026-01-21 10:30:00+05:30,2026-01-21 10:45:00+05:30,95.7999984741211,96.59534672232256,94.52744127699877,2026-01-21 10:55:00+05:30,94.52744127699877,TARGET,5.84173913043478,6.64173913043478,54.765071868896484,24.807767868041992,36.92565155029297,1.030037290251695,2.3979768398580417,0.009262713995648231,0.7902565257940466,12.73,96.59534672232256,1.168347826086956,1.328347826086956,50000.0,5.0,250000.0,2920.8695652173897,3320.8695652173897
2026-01-21,IOLCP,SHORT,A_MOD_BREAK_C1_LOW,MODERATE,2026-01-21 10:30:00+05:30,2026-01-21 10:45:00+05:30,70.45,71.03488815217392,69.51417895652173,2026-01-21 10:49:00+05:30,69.51417895652173,TARGET,5.841739130434852,6.641739130434852,45.68397521972656,24.01173210144043,18.431873321533203,1.1858035225017833,1.9758169514403623,0.010367509804393363,0.7515660923057286,12.73,71.03488815217392,1.1683478260869704,1.3283478260869703,50000.0,5.0,250000.0,2920.869565217426,3320.869565217426
2026-01-21,KSB,SHORT,A_MOD_BREAK_C1_LOW,MODERATE,2026-01-21 10:30:00+05:30,2026-01-21 10:45:00+05:30,687.0125944091797,692.716292448416,677.8866775464016,2026-01-21 11:46:00+05:30,677.8866775464016,TARGET,5.841739130434838,6.641739130434837,66.12772369384766,12.876324653625488,15.364163398742676,1.1989665605784117,3.078453643676353,0.00762022896240055,0.819819148101222,12.73,692.716292448416,1.1683478260869675,1.3283478260869674,50000.0,5.0,250000.0,2920.8695652174188,3320.8695652174188
2026-01-21,MTNL,SHORT,A_MOD_BREAK_C1_LOW,MODERATE,2026-01-21 10:30:00+05:30,2026-01-21 10:45:00+05:30,30.259999465942382,30.51122324411724,29.85804142086261,2026-01-21 10:54:00+05:30,29.85804142086261,TARGET,5.841739130434832,6.641739130434832,74.84420776367188,11.279159545898438,19.346553802490234,1.4450625927528076,2.9600104225924846,0.010769669658978518,0.8628859537317413,12.73,30.51122324411724,1.1683478260869664,1.3283478260869663,50000.0,5.0,250000.0,2920.869565217416,3320.869565217416
2026-01-21,MUNJALAU,SHORT,A_MOD_BREAK_C1_LOW,MODERATE,2026-01-21 10:30:00+05:30,2026-01-21 10:45:00+05:30,68.86000366210938,69.43169138816502,67.94530330042035,2026-01-21 12:12:00+05:30,69.43169138816502,SL,-4.95108695652174,-4.15108695652174,35.871646881103516,21.429351806640625,14.297626495361328,1.0331463498635451,2.5264043954445894,0.008530018122299858,0.5788753144426733,12.73,69.43169138816502,-0.9902173913043479,-0.830217391304348,50000.0,5.0,250000.0,-2475.54347826087,-2075.54347826087
2026-01-21,NH,SHORT,A_MOD_BREAK_C1_LOW,MODERATE,2026-01-21 10:30:00+05:30,2026-01-21 10:45:00+05:30,1778.0443444091798,1792.8059777815683,1754.4257310133582,2026-01-21 12:40:00+05:30,1792.8059777815683,SL,-4.951086956521795,-4.151086956521795,56.82628631591797,21.673810958862305,9.110147476196289,1.1676963832194822,2.6354489458859938,0.006148020877904931,0.8143468670634093,12.73,1792.8059777815683,-0.990217391304359,-0.8302173913043591,50000.0,5.0,250000.0,-2475.5434782608977,-2075.5434782608977
2026-01-21,THYROCARE,SHORT,A_MOD_BREAK_C1_LOW,MODERATE,2026-01-21 10:30:00+05:30,2026-01-21 10:45:00+05:30,458.4083,462.21408542978264,452.3190433123478,2026-01-21 10:49:00+05:30,452.3190433123478,TARGET,5.8417391304348225,6.6417391304348214,33.12576675415039,22.293901443481445,46.170448303222656,0.8440451226234703,2.4809963796823387,0.010920700356120501,0.5045943977713632,12.73,462.21408542978264,1.1683478260869644,1.3283478260869643,50000.0,5.0,250000.0,2920.869565217411,3320.8695652174106
2026-01-21,AEROFLEX,SHORT,A_MOD_BREAK_C1_LOW,MODERATE,2026-01-21 10:45:00+05:30,2026-01-21 11:00:00+05:30,165.34999389648436,166.72275830233366,163.15357084712548,2026-01-21 11:10:00+05:30,163.15357084712548,TARGET,5.84173913043484,6.641739130434839,34.680599212646484,23.121442794799805,12.765735626220703,1.2608463183448966,2.1350569632702725,0.010045718229377923,0.6008570939000542,12.73,166.72275830233366,1.168347826086968,1.3283478260869679,50000.0,5.0,250000.0,2920.8695652174197,3320.86956521742
2026-01-21,AVANTIFEED,SHORT,A_MOD_BREAK_C1_LOW,MODERATE,2026-01-21 10:45:00+05:30,2026-01-21 11:00:00+05:30,745.3509,751.5389327980436,735.4500475231304,2026-01-21 12:10:00+05:30,751.5389327980436,SL,-4.951086956521778,-4.1510869565217785,33.062835693359375,19.366640090942383,3.8394181728363037,1.4558391259296246,3.706572732250139,0.010300434442150936,0.610714382438075,12.73,751.5389327980436,-0.9902173913043557,-0.8302173913043557,50000.0,5.0,250000.0,-2475.5434782608895,-2075.543478260889
2026-01-21,CERA,SHORT,A_MOD_BREAK_C1_LOW,MODERATE,2026-01-21 10:45:00+05:30,2026-01-21 11:00:00+05:30,4875.0248,4915.4981037200005,4810.267514048,2026-01-21 12:08:00+05:30,4915.4981037200005,SL,-4.951086956521773,-4.151086956521773,38.8193359375,21.807170867919922,6.772486686706543,1.4393736702534528,2.7027245074511437,0.0063942928016919205,0.6941804313568543,12.73,4915.4981037200005,-0.9902173913043546,-0.8302173913043547,50000.0,5.0,250000.0,-2475.5434782608863,-2075.543478260887
2026-01-21,DOMS,SHORT,A_MOD_BREAK_C1_LOW,MODERATE,2026-01-21 10:45:00+05:30,2026-01-21 11:00:00+05:30,2352.929222363281,2372.4636499724234,2321.6741381886536,2026-01-21 11:07:00+05:30,2372.4636499724234,SL,-4.951086956521782,-4.151086956521782,51.42412185668945,18.47930145263672,5.237417697906494,1.1325295624847773,3.3830951632950006,0.010016073519650651,0.8081926734348359,12.73,2372.4636499724234,-0.9902173913043564,-0.8302173913043563,50000.0,5.0,250000.0,-2475.5434782608913,-2075.543478260891
2026-01-21,EPIGRAL,SHORT,A_MOD_BREAK_C1_LOW,MODERATE,2026-01-21 10:45:00+05:30,2026-01-21 11:00:00+05:30,1087.9823111816406,1097.0149295433857,1073.5301218028487,2026-01-21 12:12:00+05:30,1097.0149295433857,SL,-4.951086956521803,-4.1510869565218025,56.450565338134766,22.81813621520996,15.120307922363281,1.5224708805668632,2.2407523452206446,0.008414958054733988,0.8764324040992011,12.73,1097.0149295433857,-0.9902173913043606,-0.8302173913043606,50000.0,5.0,250000.0,-2475.5434782609013,-2075.5434782609013
2026-01-21,EUREKAFORB,SHORT,A_MOD_BREAK_C1_LOW,MODERATE,2026-01-21 10:45:00+05:30,2026-01-21 11:00:00+05:30,521.7456055908203,526.0772283468016,514.8150091812504,2026-01-21 12:07:00+05:30,526.0772283468016,SL,-4.9510869565218,-4.1510869565218,56.25053405761719,18.047048568725586,3.9016830921173096,1.2470909692164487,3.0863806920308234,0.007179753128956618,0.8282409196128784,12.73,526.0772283468016,-0.9902173913043599,-0.8302173913043599,50000.0,5.0,250000.0,-2475.5434782609,-2075.5434782608995
2026-01-21,FILATEX,SHORT,A_MOD_BREAK_C1_LOW,MODERATE,2026-01-21 10:45:00+05:30,2026-01-21 11:00:00+05:30,42.2,42.55035173913044,41.639437217391304,2026-01-21 11:09:00+05:30,42.55035173913044,SL,-4.951086956521783,-4.151086956521783,27.871742248535156,28.380239486694336,17.555864334106445,1.5142749022374966,2.020970898301875,0.007147932189537839,0.5430742416195893,12.73,42.55035173913044,-0.9902173913043566,-0.8302173913043566,50000.0,5.0,250000.0,-2475.543478260892,-2075.5434782608913
2026-01-21,GMBREW,SHORT,A_MOD_BREAK_C1_LOW,MODERATE,2026-01-21 10:45:00+05:30,2026-01-21 11:00:00+05:30,942.2115444091797,950.0339485137421,929.69569784188,2026-01-21 11:07:00+05:30,950.0339485137421,SL,-4.95108695652176,-4.15108695652176,50.233795166015625,30.88152503967285,42.800811767578125,0.926908273616472,1.34922246997051,0.011251879791497641,0.7396700713814082,12.73,950.0339485137421,-0.9902173913043519,-0.830217391304352,50000.0,5.0,250000.0,-2475.54347826088,-2075.54347826088
2026-01-21,JGCHEM,SHORT,A_MOD_BREAK_C1_LOW,MODERATE,2026-01-21 10:45:00+05:30,2026-01-21 11:00:00+05:30,312.7874361022949,315.38425179463115,308.63253099455693,2026-01-21 12:09:00+05:30,315.38425179463115,SL,-4.951086956521753,-4.151086956521754,30.76641845703125,31.377155303955078,2.897425889968872,1.3661939724629497,2.2425204971252417,0.012603043616236853,0.5605802220364848,12.73,315.38425179463115,-0.9902173913043506,-0.8302173913043507,50000.0,5.0,250000.0,-2475.5434782608763,-2075.543478260877
2026-01-21,KELLTONTEC,SHORT,A_MOD_BREAK_C1_LOW,MODERATE,2026-01-21 10:45:00+05:30,2026-01-21 11:00:00+05:30,14.95,15.0741175,14.751411999999998,2026-01-21 11:17:00+05:30,15.0741175,SL,-4.951086956521758,-4.151086956521758,58.91325378417969,21.017032623291016,34.81965637207031,0.8551168484160128,1.7455283261420627,0.012688908061606474,0.7469218647799054,12.73,15.0741175,-0.9902173913043515,-0.8302173913043516,50000.0,5.0,250000.0,-2475.5434782608786,-2075.5434782608786
2026-01-21,KPITTECH,SHORT,A_MOD_BREAK_C1_LOW,MODERATE,2026-01-21 10:45:00+05:30,2026-01-21 11:00:00+05:30,1092.8813555908202,1101.954646671258,1078.36408986212,2026-01-21 11:14:00+05:30,1101.954646671258,SL,-4.951086956521732,-4.151086956521731,45.790931701660156,21.44610023498535,4.033029079437256,1.665386939967698,3.234673013184057,0.007512954945593209,0.8383066900192495,12.73,1101.954646671258,-0.9902173913043464,-0.8302173913043464,50000.0,5.0,250000.0,-2475.543478260866,-2075.543478260866
2026-01-21,MAPMYINDIA,SHORT,A_MOD_BREAK_C1_LOW,MODERATE,2026-01-21 10:45:00+05:30,2026-01-21 11:00:00+05:30,1318.8361555908202,1329.785362717345,1301.3174241883808,2026-01-21 12:06:00+05:30,1329.785362717345,SL,-4.951086956521754,-4.151086956521754,78.93130493164062,12.399812698364258,5.379627227783203,0.6978832795714374,3.6105920377644947,0.009453793656424247,0.7321295739250016,12.73,1329.785362717345,-0.9902173913043508,-0.8302173913043508,50000.0,5.0,250000.0,-2475.5434782608772,-2075.5434782608772
2026-01-21,NMDC,SHORT,A_MOD_BREAK_C1_LOW,MODERATE,2026-01-21 10:45:00+05:30,2026-01-21 11:00:00+05:30,75.32999725341797,75.95539999148494,74.32935287251082,2026-01-21 12:08:00+05:30,75.95539999148494,SL,-4.951086956521761,-4.151086956521761,37.24345016479492,27.234386444091797,11.998209953308105,1.732987517326538,2.5570811403380818,0.007174084271751205,0.721924568004068,12.73,75.95539999148494,-0.9902173913043522,-0.8302173913043522,50000.0,5.0,250000.0,-2475.5434782608804,-2075.5434782608804
2026-01-23,HGINFRA,SHORT,A_MOD_BREAK_C1_LOW,MODERATE,2026-01-23 10:30:00+05:30,2026-01-23 10:45:00+05:30,626.9745555908203,632.4333231889534,618.2405274338073,2026-01-23 10:46:00+05:30,618.2405274338073,TARGET,6.165217391304333,6.965217391304332,25.443788528442383,23.203384399414062,5.85860013961792,1.8704413108739668,3.6525684267944287,0.009437841456529674,0.5689840573295799,13.35,632.4333231889534,1.2330434782608666,1.3930434782608665,50000.0,5.0,250000.0,3082.6086956521667,3482.6086956521663
2026-01-23,GULFOILLUB,SHORT,A_MOD_BREAK_C1_LOW,MODERATE,2026-01-23 10:45:00+05:30,2026-01-23 11:00:00+05:30,1082.7834,1092.2106772108696,1067.6997564626088,2026-01-23 12:18:00+05:30,1067.6997564626088,TARGET,6.165217391304324,6.965217391304323,39.8362922668457,25.748332977294922,9.978001594543457,1.013033732178376,2.3931100178907587,0.004478294763538646,0.6348252871339013,13.35,1092.2106772108696,1.2330434782608648,1.3930434782608647,50000.0,5.0,250000.0,3082.6086956521617,3482.6086956521617
2026-01-23,INDIGO,SHORT,A_MOD_BREAK_C1_LOW,MODERATE,2026-01-23 11:00:00+05:30,2026-01-23 11:15:00+05:30,4770.0458,4811.576307454347,4703.596988073044,2026-01-23 13:07:00+05:30,4703.596988073044,TARGET,6.165217391304324,6.965217391304323,38.764678955078125,23.957069396972656,31.414867401123047,1.2750354839011804,2.467255100386962,0.007303749272310028,0.6646013940088784,13.35,4811.576307454347,1.2330434782608648,1.3930434782608647,50000.0,5.0,250000.0,3082.6086956521617,3482.6086956521617
2026-01-23,UDS,SHORT,A_MOD_BREAK_C1_LOW,MODERATE,2026-01-23 11:30:00+05:30,2026-01-23 11:45:00+05:30,154.47000427246093,155.81490072270267,152.31816995207413,2026-01-23 15:30:00+05:30,155.57000732421875,EOD,-4.3605717010844085,-3.560571701084408,27.936721801757812,30.998889923095703,5.501463890075684,1.5669218597966246,1.866416650341815,0.010264826713523472,0.5465829850078672,13.35,155.81490072270267,-0.8721143402168816,-0.7121143402168816,50000.0,5.0,250000.0,-2180.285850542204,-1780.285850542204
2026-01-23,HONAUT,SHORT,A_MOD_BREAK_C1_LOW,MODERATE,2026-01-23 11:45:00+05:30,2026-01-23 12:00:00+05:30,31273.744,31546.029532,30838.087148799998,2026-01-23 15:30:00+05:30,31400.0,EOD,-2.818562280231002,-2.0185622802310017,46.57981872558594,8.57304573059082,1.0664085149765015,2.9064966619636046,5.0116379227665036,0.005089000665341703,0.908697280883789,13.35,31546.029532,-0.5637124560462003,-0.4037124560462004,50000.0,5.0,250000.0,-1409.2811401155009,-1009.2811401155009
2026-01-23,PPLPHARMA,SHORT,A_MOD_BREAK_C1_LOW,MODERATE,2026-01-23 12:15:00+05:30,2026-01-23 12:30:00+05:30,152.37999267578124,153.70669239462146,150.25727312563689,2026-01-23 13:47:00+05:30,150.25727312563689,TARGET,6.165217391304322,6.965217391304321,28.189083099365234,25.21202278137207,3.58953595161438,2.8332039321490083,2.846109701037084,0.005346016742204931,0.6328362464904784,13.35,153.70669239462146,1.2330434782608644,1.3930434782608643,50000.0,5.0,250000.0,3082.608695652161,3482.608695652161
2026-01-23,IXIGO,SHORT,A_MOD_BREAK_C1_LOW,MODERATE,2026-01-23 12:45:00+05:30,2026-01-23 13:00:00+05:30,212.95,214.80405380434783,209.98351391304348,2026-01-23 13:01:00+05:30,209.98351391304348,TARGET,6.165217391304315,6.965217391304314,30.77287483215332,22.01399803161621,1.617494821548462,3.645875804749508,2.801972528274915,0.022272339759514346,0.6715931224822997,13.35,214.80405380434783,1.233043478260863,1.393043478260863,50000.0,5.0,250000.0,3082.6086956521576,3482.608695652157
2026-01-23,TATVA,SHORT,A_MOD_BREAK_C1_LOW,MODERATE,2026-01-23 13:00:00+05:30,2026-01-23 13:15:00+05:30,1164.767,1174.9080692065218,1148.5412892695654,2026-01-23 13:46:00+05:30,1174.9080692065218,SL,-5.1532608695652025,-4.353260869565203,26.914989471435547,17.171098709106445,2.601412296295166,3.442153296401092,4.199020906371578,0.01357980912177949,0.6137248420715331,13.35,1174.9080692065218,-1.0306521739130405,-0.8706521739130406,50000.0,5.0,250000.0,-2576.6304347826012,-2176.6304347826017
2026-01-23,KKCL,SHORT,A_PULLBACK_C2_THEN_BREAK_C2_LOW,MODERATE,2026-01-23 13:00:00+05:30,2026-01-23 13:30:00+05:30,450.80981389770506,454.73479934261877,444.5298371858431,2026-01-23 14:10:00+05:30,454.73479934261877,SL,-5.1532608695652184,-4.353260869565219,26.832672119140625,25.843740463256836,0.0,2.5768715119808494,3.400108923691116,0.005456130943382923,0.6124900817871093,13.35,454.73479934261877,-1.0306521739130436,-0.8706521739130437,50000.0,5.0,250000.0,-2576.630434782609,-2176.6304347826094
2026-01-23,ALKYLAMINE,SHORT,A_MOD_BREAK_C1_LOW,MODERATE,2026-01-23 13:15:00+05:30,2026-01-23 13:30:00+05:30,1565.6868,1579.3184861608695,1543.8761021426087,2026-01-23 15:30:00+05:30,1556.0,EOD,2.2934667137769664,3.0934667137769662,27.693498611450195,28.072927474975586,2.059168815612793,3.3579638408540107,3.0243376901725965,0.0033616218834849002,0.625402479171753,13.35,1579.3184861608695,0.45869334275539325,0.6186933427553932,50000.0,5.0,250000.0,1146.7333568884833,1546.733356888483
2026-01-23,ADANIGREEN,SHORT,A_MOD_BREAK_C1_LOW,MODERATE,2026-01-23 13:30:00+05:30,2026-01-23 13:45:00+05:30,813.7372444091797,820.8220654175683,802.4015307957578,2026-01-23 13:46:00+05:30,802.4015307957578,TARGET,6.165217391304374,6.965217391304374,44.88121032714844,10.451409339904785,2.635077714920044,2.7791967580813983,6.266950708324742,0.009871529205082535,0.8832181549072264,13.35,820.8220654175683,1.2330434782608748,1.3930434782608747,50000.0,5.0,250000.0,3082.608695652187,3482.6086956521867
2026-01-23,IOLCP,SHORT,A_MOD_BREAK_C1_LOW,MODERATE,2026-01-23 13:30:00+05:30,2026-01-23 13:45:00+05:30,69.95,70.55902119565218,68.97556608695652,2026-01-23 15:03:00+05:30,68.97556608695652,TARGET,6.165217391304388,6.965217391304388,30.00650405883789,29.48611831665039,8.805685997009277,3.6654878223623513,2.435157594325765,0.005185724772886497,0.6600975608825683,13.35,70.55902119565218,1.2330434782608777,1.3930434782608776,50000.0,5.0,250000.0,3082.6086956521945,3482.608695652194
2026-01-23,MANINDS,SHORT,A_MOD_BREAK_C1_LOW,MODERATE,2026-01-23 13:30:00+05:30,2026-01-23 13:45:00+05:30,309.4381,312.13222954456523,305.1274927286957,2026-01-23 14:35:00+05:30,312.13222954456523,SL,-5.153260869565212,-4.353260869565212,39.09611892700195,19.44685935974121,4.5245232582092285,4.325342528499698,4.462185176718932,0.006392809416442773,0.7964417839050293,13.35,312.13222954456523,-1.0306521739130425,-0.8706521739130425,50000.0,5.0,250000.0,-2576.6304347826067,-2176.6304347826062
2026-01-23,CGPOWER,SHORT,A_MOD_BREAK_C1_LOW,MODERATE,2026-01-23 13:45:00+05:30,2026-01-23 14:00:00+05:30,551.13975,555.938260214674,543.4621336565218,2026-01-23 15:30:00+05:30,551.0,EOD,-0.6732172738402109,0.12678272615978897,34.08041000366211,22.295557022094727,5.786009788513184,3.8592783855773773,3.922782345867665,0.003956763612499911,0.7212061500549316,13.35,555.938260214674,-0.13464345476804218,0.025356545231957794,50000.0,5.0,250000.0,-336.6086369201054,63.39136307989448
2026-01-23,DREDGECORP,SHORT,A_MOD_BREAK_C1_LOW,MODERATE,2026-01-23 13:45:00+05:30,2026-01-23 14:00:00+05:30,947.8603777954102,956.1129447803463,934.6562706195124,2026-01-23 15:30:00+05:30,943.0499877929688,EOD,1.7374992536504688,2.5374992536504686,25.158538818359375,24.43648910522461,1.2556078433990479,4.584785868201337,3.7019879764777746,0.008057903274646746,0.5873780822753907,13.35,956.1129447803463,0.34749985073009376,0.5074998507300937,50000.0,5.0,250000.0,868.7496268252345,1268.7496268252344
2026-01-23,SPENCERS,SHORT,A_MOD_BREAK_C1_LOW,MODERATE,2026-01-23 13:45:00+05:30,2026-01-23 14:00:00+05:30,33.49999923706055,33.79166770867887,33.03332968247123,2026-01-23 14:01:00+05:30,33.03332968247123,TARGET,6.165217391304396,6.965217391304396,26.99367904663086,23.103729248046875,7.655188083648682,4.40238253570216,5.418680081927107,0.00534384122442234,0.614905185699463,13.35,33.79166770867887,1.2330434782608792,1.3930434782608792,50000.0,5.0,250000.0,3082.608695652198,3482.608695652198
2026-01-23,TIRUMALCHM,SHORT,A_MOD_BREAK_C1_LOW,MODERATE,2026-01-23 13:45:00+05:30,2026-01-23 14:00:00+05:30,188.94000549316405,190.5850157583817,186.3079890688158,2026-01-23 14:09:00+05:30,186.3079890688158,TARGET,6.165217391304348,6.965217391304348,26.66484260559082,20.0792236328125,4.856052398681641,4.062030206087289,4.0614552494475085,0.005545652285182795,0.6099726390838622,13.35,190.5850157583817,1.2330434782608697,1.3930434782608696,50000.0,5.0,250000.0,3082.608695652174,3482.608695652174
2026-01-23,KAYNES,SHORT,A_PULLBACK_C2_THEN_BREAK_C2_LOW,MODERATE,2026-01-23 13:45:00+05:30,2026-01-23 14:15:00+05:30,3411.8175,3441.522563233696,3364.289398826087,2026-01-23 15:30:00+05:30,3377.0,EOD,4.302485698604938,5.102485698604938,29.014387130737305,26.238929748535156,6.636756896972656,3.8577897939196615,3.0257313215964015,0.005301288469811345,0.6452158069610596,13.35,3441.522563233696,0.8604971397209877,1.0204971397209877,50000.0,5.0,250000.0,2151.2428493024695,2551.242849302469
2026-01-23,NMDC,SHORT,A_MOD_BREAK_C1_LOW,MODERATE,2026-01-23 14:00:00+05:30,2026-01-23 14:15:00+05:30,74.25000305175782,74.89646231745844,73.21566822663681,2026-01-23 15:30:00+05:30,73.83000183105469,EOD,2.02829093226,2.82829093226,45.176666259765625,26.354799270629883,3.2218611240386963,3.751798471880646,3.080182964519718,0.0041524811190189696,0.8876499938964844,13.35,74.89646231745844,0.40565818645199997,0.565658186452,50000.0,5.0,250000.0,1014.1454661299999,1414.14546613
2026-01-27,ANTELOPUS,LONG,B_HUGE_GREEN_PULLBACK_HOLD_THEN_BREAK,HUGE,2026-01-27 10:00:00+05:30,2026-01-27 11:45:00+05:30,580.116,574.7474047565217,590.8531904869565,2026-01-27 13:47:00+05:30,574.7474047565217,SL,-5.427173913043459,-4.6271739130434595,40.62824249267578,81.363525390625,84.59254455566406,1.1300077295678235,3.5627823027160432,0.027975141059325744,6.549293131570238,14.19,574.7474047565217,-1.0854347826086919,-0.9254347826086919,100000.0,5.0,500000.0,-5427.173913043459,-4627.17391304346
2026-01-28,MOIL,LONG,B_HUGE_GREEN_PULLBACK_HOLD_THEN_BREAK,HUGE,2026-01-28 10:45:00+05:30,2026-01-28 11:45:00+05:30,367.37344779052734,363.9113523640666,374.29763864344875,2026-01-28 15:30:00+05:30,365.20001220703125,EOD,-3.758073857225738,-2.9580738572257377,34.27532958984375,82.55342102050781,94.52362060546875,1.9250422001931635,4.677761116519077,0.008020187625859416,8.788441479247838,14.45,363.9113523640666,-0.7516147714451475,-0.5916147714451475,100000.0,5.0,500000.0,-3758.073857225738,-2958.073857225738
2026-01-28,GRAPHITE,LONG,B_HUGE_GREEN_PULLBACK_HOLD_THEN_BREAK,HUGE,2026-01-28 11:00:00+05:30,2026-01-28 12:00:00+05:30,642.1284,636.0770377956522,654.2311244086957,2026-01-28 12:26:00+05:30,654.2311244086957,TARGET,8.623913043478236,9.423913043478237,32.30377197265625,69.61346435546875,77.45323944091797,1.8122693320369412,2.8458472160409927,0.00680935200519161,6.5448320625857175,14.45,636.0770377956522,1.7247826086956473,1.8847826086956472,100000.0,5.0,500000.0,8623.913043478236,9423.913043478236
2026-01-28,ADVENZYMES,LONG,B_HUGE_GREEN_PULLBACK_HOLD_THEN_BREAK,HUGE,2026-01-28 11:30:00+05:30,2026-01-28 12:45:00+05:30,278.4056761047363,275.7820052223145,283.6530178695799,2026-01-28 15:30:00+05:30,279.95001220703125,EOD,1.9735355900466076,2.7735355900466074,34.65671157836914,77.70562744140625,90.4049301147461,1.7816043883673138,3.556262810993367,0.008227913924881494,7.291042738346212,14.45,275.7820052223145,0.3947071180093215,0.5547071180093215,100000.0,5.0,500000.0,1973.5355900466077,2773.5355900466075
2026-01-28,GOCLCORP,LONG,B_HUGE_GREEN_PULLBACK_HOLD_THEN_BREAK,HUGE,2026-01-28 12:00:00+05:30,2026-01-28 13:15:00+05:30,262.45247389526367,259.979144603229,267.39913247933305,2026-01-28 15:30:00+05:30,264.0,EOD,2.148202548385775,2.948202548385775,39.78275680541992,76.39352416992188,82.16991424560547,2.6171002426920893,2.521055331746579,0.010406990124208294,7.58159032567074,14.45,259.979144603229,0.429640509677155,0.589640509677155,100000.0,5.0,500000.0,2148.2025483857747,2948.2025483857747
2026-01-28,RANEHOLDIN,LONG,B_HUGE_GREEN_PULLBACK_HOLD_THEN_BREAK,HUGE,2026-01-28 12:30:00+05:30,2026-01-28 13:45:00+05:30,1259.6519044189454,1247.7810544066494,1283.3936044435372,2026-01-28 15:00:00+05:30,1247.7810544066494,SL,-5.511956521739131,-4.711956521739131,47.51874542236328,72.84940338134766,81.54666900634766,2.99522872870455,2.598307710836467,0.009692456586589578,8.154770923876352,14.45,1247.7810544066494,-1.1023913043478262,-0.9423913043478261,100000.0,5.0,500000.0,-5511.956521739131,-4711.956521739131
2026-01-29,ALLDIGI,LONG,A_MOD_BREAK_C1_HIGH,MODERATE,2026-01-29 10:15:00+05:30,2026-01-29 10:30:00+05:30,853.2205977905273,845.6918534287191,868.2780865141438,2026-01-29 10:31:00+05:30,868.2780865141438,TARGET,8.023913043478325,8.823913043478324,28.090984344482422,72.66834259033203,92.87830352783203,1.9717885713610064,3.0666000654867025,0.010033584455239476,6.502077171152452,13.53,845.6918534287191,1.604782608695665,1.7647826086956648,100000.0,5.0,500000.0,8023.913043478324,8823.913043478324
2026-01-29,DREDGECORP,LONG,B_HUGE_GREEN_PULLBACK_HOLD_THEN_BREAK,HUGE,2026-01-29 11:30:00+05:30,2026-01-29 12:30:00+05:30,1103.6207044189453,1093.8824512901701,1123.0972106764953,2026-01-29 12:31:00+05:30,1123.0972106764953,TARGET,8.023913043478263,8.823913043478264,42.6312255859375,75.7920150756836,81.2550048828125,2.834373272322873,2.8677413595536487,0.010167702008538842,8.184929997584662,13.53,1093.8824512901701,1.6047826086956527,1.7647826086956526,100000.0,5.0,500000.0,8023.913043478263,8823.913043478264
2026-01-29,ABB,LONG,B_HUGE_GREEN_PULLBACK_HOLD_THEN_BREAK,HUGE,2026-01-29 11:45:00+05:30,2026-01-29 12:45:00+05:30,5534.6067,5485.769811749348,5632.280476501305,2026-01-29 12:56:00+05:30,5485.769811749348,SL,-5.211956521739115,-4.411956521739116,57.29492950439453,87.43741607666016,81.8754653930664,1.7911095196755185,6.556621056624373,0.011114728678978891,10.754577304554651,13.53,5485.769811749348,-1.042391304347823,-0.8823913043478231,100000.0,5.0,500000.0,-5211.956521739115,-4411.9565217391155
2026-01-29,GRAVITA,LONG,B_HUGE_GREEN_PULLBACK_HOLD_THEN_BREAK,HUGE,2026-01-29 12:30:00+05:30,2026-01-29 14:00:00+05:30,1594.5187911621094,1580.448896002703,1622.6585814809225,2026-01-29 15:06:00+05:30,1622.6585814809225,TARGET,8.023913043478272,8.82391304347827,38.79933166503906,75.45443725585938,76.74296569824219,3.213383924645445,2.914892348064651,0.007118015247095321,8.53795124207899,13.53,1580.448896002703,1.6047826086956543,1.7647826086956542,100000.0,5.0,500000.0,8023.913043478272,8823.913043478271
2026-01-30,KRBL,LONG,B_HUGE_GREEN_PULLBACK_HOLD_THEN_BREAK,HUGE,2026-01-30 10:00:00+05:30,2026-01-30 11:00:00+05:30,338.36764779052737,335.4172290181626,344.2684853352569,2026-01-30 15:30:00+05:30,342.6499938964844,EOD,5.527948510916842,6.3279485109168405,29.687795639038086,74.57539367675781,76.47134399414062,1.9955888266019417,3.6048066960020453,0.00676062811350701,7.712291420159513,13.37,335.4172290181626,1.1055897021833683,1.2655897021833682,100000.0,5.0,500000.0,5527.948510916842,6327.948510916841
2026-01-30,SSWL,LONG,B_HUGE_GREEN_PULLBACK_HOLD_THEN_BREAK,HUGE,2026-01-30 10:00:00+05:30,2026-01-30 11:00:00+05:30,200.79000549316407,199.03920394526608,204.29160858896006,2026-01-30 11:55:00+05:30,204.29160858896006,TARGET,7.9195652173912565,8.719565217391256,43.29778289794922,81.49124908447266,85.02615356445312,1.5296162100844817,3.3993772632910697,0.011320907653937213,7.4159435149315005,13.37,199.03920394526608,1.5839130434782513,1.7439130434782513,100000.0,5.0,500000.0,7919.565217391256,8719.565217391257
2026-01-30,HUDCO,SHORT,A_MOD_BREAK_C1_LOW,MODERATE,2026-01-30 12:45:00+05:30,2026-01-30 13:00:00+05:30,190.95999450683593,192.62508263285096,188.29585350521185,2026-01-30 13:57:00+05:30,192.62508263285096,SL,-5.159782608695638,-4.359782608695638,47.81159591674805,22.732501983642578,6.890752792358398,1.3262431666035779,2.3223036460994475,0.009832537613290053,0.8092664929068467,13.37,192.62508263285096,-1.0319565217391276,-0.8719565217391275,50000.0,5.0,250000.0,-2579.891304347819,-2179.8913043478187
2026-01-30,AADHARHFC,LONG,B_HUGE_GREEN_PULLBACK_HOLD_THEN_BREAK,HUGE,2026-01-30 11:30:00+05:30,2026-01-30 14:15:00+05:30,488.7477238952637,484.48605624190736,497.27105920197624,2026-01-30 15:30:00+05:30,492.1000061035156,EOD,2.6294606852944935,3.4294606852944938,27.43460464477539,77.60567474365234,91.37825012207031,2.9920218051862886,3.3018833243771684,0.004892372203205009,8.638769068401063,13.37,484.48605624190736,0.5258921370588987,0.6858921370588987,100000.0,5.0,500000.0,2629.4606852944935,3429.4606852944935
2026-02-01,HIMATSEIDE,LONG,B_HUGE_GREEN_PULLBACK_HOLD_THEN_BREAK,HUGE,2026-02-01 10:00:00+05:30,2026-02-01 11:30:00+05:30,107.31000213623047,106.35610953028471,109.21778734812196,2026-02-01 11:44:00+05:30,106.35610953028471,SL,-5.244565217391308,-4.444565217391308,29.751293182373047,72.6303939819336,81.79142761230469,1.079622837940813,3.1893514122757916,0.009245644662981835,5.914517472727539,13.63,106.35610953028471,-1.0489130434782616,-0.8889130434782616,100000.0,5.0,500000.0,-5244.565217391309,-4444.565217391309
2026-02-03,DBCORP,LONG,A_MOD_BREAK_C1_HIGH,MODERATE,2026-02-03 11:00:00+05:30,2026-02-03 11:15:00+05:30,245.13999633789064,242.92254519710374,249.5748986194644,2026-02-03 15:30:00+05:30,247.0,EOD,2.9937580360114167,3.7937580360114165,40.00865936279297,66.4574966430664,73.40751647949219,0.4520431385005844,1.246152756163286,0.01274635159239477,4.055764962342268,13.87,242.92254519710374,0.5987516072022834,0.7587516072022833,100000.0,5.0,500000.0,2993.758036011417,3793.7580360114166
2026-02-03,SHK,LONG,B_HUGE_GREEN_PULLBACK_HOLD_THEN_BREAK,HUGE,2026-02-03 12:00:00+05:30,2026-02-03 13:00:00+05:30,157.27999572753907,155.85729559227323,160.1253959980708,2026-02-03 15:30:00+05:30,157.39999389648438,EOD,-0.41852056140318805,0.3814794385968118,54.40895462036133,84.50359344482422,76.0478744506836,3.313713159347381,3.3198123874081005,0.014131802090179222,9.998115485078884,13.87,155.85729559227323,-0.08370411228063761,0.07629588771936237,100000.0,5.0,500000.0,-418.520561403188,381.47943859681186
2026-02-04,TECHM,SHORT,A_MOD_BREAK_C1_LOW,MODERATE,2026-02-04 10:30:00+05:30,2026-02-04 10:45:00+05:30,1620.6758,1634.310615969565,1598.8600944486957,2026-02-04 11:27:00+05:30,1598.8600944486957,TARGET,5.930434782608678,6.730434782608677,40.191070556640625,15.3552885055542,20.268461227416992,0.6696740180756697,4.612627890777527,0.009186189065879135,0.5800590115128517,12.9,1634.310615969565,1.1860869565217356,1.3460869565217355,50000.0,5.0,250000.0,2965.217391304339,3365.2173913043384
2026-02-04,LTIM,SHORT,A_MOD_BREAK_C1_LOW,MODERATE,2026-02-04 10:45:00+05:30,2026-02-04 11:00:00+05:30,5629.8738,5677.238173056521,5554.090803109565,2026-02-04 11:27:00+05:30,5554.090803109565,TARGET,5.930434782608737,6.730434782608736,33.58339309692383,19.53998374938965,17.517377853393555,0.669906521930868,4.158723635793337,0.010298236748434173,0.48098453779175937,12.9,5677.238173056521,1.1860869565217473,1.3460869565217473,50000.0,5.0,250000.0,2965.2173913043684,3365.217391304368
2026-02-04,IDBI,LONG,A_MOD_BREAK_C1_HIGH,MODERATE,2026-02-04 11:45:00+05:30,2026-02-04 12:00:00+05:30,106.93999938964843,106.04030852521814,108.73938111850904,2026-02-04 12:01:00+05:30,108.73938111850904,TARGET,7.6130434782608845,8.413043478260885,51.17380142211914,79.867431640625,94.38903045654297,2.928207045461812,2.7184176246546063,0.009547446797015732,8.215216770586455,12.9,106.04030852521814,1.522608695652177,1.6826086956521769,100000.0,5.0,500000.0,7613.0434782608845,8413.043478260885
2026-02-04,UDS,LONG,B_HUGE_GREEN_PULLBACK_HOLD_THEN_BREAK,HUGE,2026-02-04 10:00:00+05:30,2026-02-04 12:15:00+05:30,154.68999938964845,153.3885856991312,157.29282677068298,2026-02-04 13:41:00+05:30,157.29282677068298,TARGET,7.613043478260902,8.413043478260903,27.654340744018555,70.14578247070312,87.92559814453125,1.9575400013407327,2.8538507207664976,0.006549587588359325,6.516320777929108,12.9,153.3885856991312,1.5226086956521805,1.6826086956521804,100000.0,5.0,500000.0,7613.043478260902,8413.0434782609
2026-02-04,KALAMANDIR,LONG,B_HUGE_GREEN_PULLBACK_HOLD_THEN_BREAK,HUGE,2026-02-04 10:00:00+05:30,2026-02-04 13:45:00+05:30,116.55,115.56945978260869,118.51108043478261,2026-02-04 14:13:00+05:30,118.51108043478261,TARGET,7.613043478260902,8.413043478260903,31.914974212646484,73.92193603515625,86.64503479003906,2.9986396129995914,3.631498932267023,0.010519476680012492,8.819197250871136,12.9,115.56945978260869,1.5226086956521805,1.6826086956521804,100000.0,5.0,500000.0,7613.043478260902,8413.0434782609
2026-02-04,CAPACITE,LONG,B_HUGE_GREEN_PULLBACK_HOLD_THEN_BREAK,HUGE,2026-02-04 11:30:00+05:30,2026-02-04 13:45:00+05:30,246.05,243.97997065217393,250.1900586956522,2026-02-04 15:30:00+05:30,247.00999450683594,EOD,1.150811840755794,1.9508118407557937,41.37269973754883,74.08523559570312,66.11802673339844,1.4445671641776436,2.663116153398319,0.016438945855704965,6.077894875933,12.9,243.97997065217393,0.23016236815115876,0.39016236815115873,100000.0,5.0,500000.0,1150.8118407557938,1950.8118407557938
2026-02-04,TVSSCS-BE,LONG,B_HUGE_GREEN_PULLBACK_HOLD_THEN_BREAK,HUGE,2026-02-04 10:15:00+05:30,2026-02-04 14:15:00+05:30,102.35000305175781,101.48892802608324,104.07215310310696,2026-02-04 15:30:00+05:30,102.5,EOD,-0.0672352527125096,0.7327647472874903,51.03419494628906,79.85218048095703,90.76992797851562,2.9119044615847396,3.7020845780485305,0.005111017731927994,9.098509473860043,12.9,101.48892802608324,-0.01344705054250192,0.14655294945749806,100000.0,5.0,500000.0,-67.2352527125096,732.7647472874902
2026-02-04,KOTHARIPET,LONG,B_HUGE_GREEN_PULLBACK_HOLD_THEN_BREAK,HUGE,2026-02-04 10:15:00+05:30,2026-02-04 14:30:00+05:30,121.53000335693359,120.50756615477852,123.57487776124374,2026-02-04 15:30:00+05:30,121.5,EOD,-0.9234401222119242,-0.1234401222119243,35.015560150146484,73.39952087402344,73.42472839355469,2.041300101718302,3.2403348979969206,0.008931508483179314,7.514153022148953,12.9,120.50756615477852,-0.18468802444238483,-0.02468802444238486,100000.0,5.0,500000.0,-923.4401222119242,-123.4401222119243
2026-02-05,CARTRADE,SHORT,A_MOD_BREAK_C1_LOW,MODERATE,2026-02-05 10:15:00+05:30,2026-02-05 10:30:00+05:30,2164.567,2181.860008097826,2136.898187043478,2026-02-05 10:49:00+05:30,2136.898187043478,TARGET,5.591304347826109,6.391304347826109,58.661502838134766,8.133183479309082,6.675076484680176,2.2372319392585918,5.159733125024011,0.017154581761573622,0.96,12.25,2181.860008097826,1.1182608695652219,1.2782608695652218,50000.0,5.0,250000.0,2795.6521739130544,3195.6521739130544
2026-02-05,AIIL,SHORT,A_MOD_BREAK_C1_LOW,MODERATE,2026-02-05 10:45:00+05:30,2026-02-05 11:00:00+05:30,496.05076389770505,500.01377815275737,489.70994108962134,2026-02-05 15:05:00+05:30,500.01377815275737,SL,-4.794565217391301,-3.9945652173913015,45.499542236328125,25.64434051513672,32.65115737915039,1.1379862836892969,2.5436900981410373,0.00593799426928238,0.7416407331905488,12.25,500.01377815275737,-0.9589130434782602,-0.7989130434782603,50000.0,5.0,250000.0,-2397.2826086956507,-1997.2826086956507
2026-02-05,RATEGAIN,SHORT,A_MOD_BREAK_C1_LOW,MODERATE,2026-02-05 11:00:00+05:30,2026-02-05 11:15:00+05:30,609.9279777954101,614.8007719658408,602.131507122721,2026-02-05 11:26:00+05:30,602.131507122721,TARGET,5.591304347826051,6.3913043478260505,29.392465591430664,24.608274459838867,12.90731143951416,0.9936175474898209,3.0558267196623468,0.007724552724705238,0.47477005468217864,12.25,614.8007719658408,1.11826086956521,1.27826086956521,50000.0,5.0,250000.0,2795.652173913025,3195.652173913025
2026-02-05,EMUDHRA,SHORT,A_PULLBACK_C2_THEN_BREAK_C2_LOW,MODERATE,2026-02-05 11:45:00+05:30,2026-02-05 12:15:00+05:30,504.899,508.93270396739126,498.4450736521739,2026-02-05 14:23:00+05:30,508.93270396739126,SL,-4.794565217391261,-3.9945652173912616,40.48136520385742,27.66973304748535,24.63763427734375,0.4282802384354865,2.2416392431953587,0.010537847699855156,0.5421695197840715,12.25,508.93270396739126,-0.9589130434782522,-0.7989130434782523,50000.0,5.0,250000.0,-2397.2826086956306,-1997.2826086956306
2026-02-05,ANURAS,LONG,A_MOD_BREAK_C1_HIGH,MODERATE,2026-02-05 12:15:00+05:30,2026-02-05 12:30:00+05:30,1266.2532,1256.1369380217393,1286.4857239565217,2026-02-05 14:03:00+05:30,1286.4857239565217,TARGET,7.189130434782561,7.98913043478256,40.9715461730957,60.79475402832031,60.52631759643555,2.104691424566953,1.276626616581166,0.0043069548640349556,5.5188273650499635,12.25,1256.1369380217393,1.437826086956512,1.597826086956512,100000.0,5.0,500000.0,7189.13043478256,7989.13043478256
2026-02-05,SANGHVIMOV,LONG,B_HUGE_GREEN_PULLBACK_HOLD_THEN_BREAK,HUGE,2026-02-05 13:00:00+05:30,2026-02-05 14:15:00+05:30,325.5651,322.96411795108696,330.76706409782605,2026-02-05 15:30:00+05:30,326.95001220703125,EOD,1.3269359139405261,2.126935913940526,30.153392791748047,75.13511657714844,77.61141204833984,3.1114422749223127,2.683553810135813,0.010016666219392175,7.912809648376754,12.25,322.96411795108696,0.26538718278810525,0.4253871827881052,100000.0,5.0,500000.0,1326.9359139405262,2126.935913940526
2026-02-05,PARADEEP,SHORT,A_MOD_BREAK_C1_LOW,MODERATE,2026-02-05 14:15:00+05:30,2026-02-05 14:30:00+05:30,124.67000122070313,125.66600612175982,123.0763933790124,2026-02-05 14:40:00+05:30,125.66600612175982,SL,-4.79456521739126,-3.9945652173912602,32.29257583618164,26.777734756469727,7.25681209564209,3.173122182891421,3.409985617060734,0.004651307352683173,0.6943886375427246,12.25,125.66600612175982,-0.958913043478252,-0.7989130434782521,50000.0,5.0,250000.0,-2397.28260869563,-1997.2826086956304
2026-02-06,IEX,SHORT,A_MOD_BREAK_C1_LOW,MODERATE,2026-02-06 10:00:00+05:30,2026-02-06 10:15:00+05:30,121.11000366210938,122.07124849552321,119.57201192864724,2026-02-06 15:30:00+05:30,120.70999908447266,EOD,0.851410145906335,1.6514101459063348,25.147762298583984,17.209070205688477,1.8298949003219604,1.5937786096836595,5.0567912378164115,0.005018739019690142,0.5161276911734001,12.17,122.07124849552321,0.170282029181267,0.330282029181267,50000.0,5.0,250000.0,425.70507295316753,825.7050729531674
2026-02-06,KHAICHEM,SHORT,A_MOD_BREAK_C1_LOW,MODERATE,2026-02-06 10:00:00+05:30,2026-02-06 10:15:00+05:30,64.71999664306641,65.23367644250953,63.89810896395741,2026-02-06 14:40:00+05:30,65.23367644250953,SL,-4.768478260869598,-3.968478260869598,30.41642189025879,28.057662963867188,24.333444595336914,1.4609340322722848,2.781845755915109,0.006330089063791848,0.5719097840015317,12.17,65.23367644250953,-0.9536956521739195,-0.7936956521739196,50000.0,5.0,250000.0,-2384.2391304347984,-1984.2391304347989
2026-02-06,TATVA,SHORT,A_MOD_BREAK_C1_LOW,MODERATE,2026-02-06 10:00:00+05:30,2026-02-06 10:15:00+05:30,1145.7708,1154.8647330234783,1131.2205071624348,2026-02-06 11:51:00+05:30,1154.8647330234783,SL,-4.768478260869564,-3.968478260869564,33.416038513183594,25.074186325073242,5.295774936676025,1.500847899316823,3.9719463035392253,0.006731465640908553,0.6238889600781978,12.17,1154.8647330234783,-0.9536956521739128,-0.7936956521739128,50000.0,5.0,250000.0,-2384.239130434782,-1984.239130434782
2026-02-09,TOLINS,LONG,A_MOD_BREAK_C1_HIGH,MODERATE,2026-02-09 10:00:00+05:30,2026-02-09 10:15:00+05:30,129.54000549316407,128.53128310256295,131.5574502743663,2026-02-09 11:25:00+05:30,131.5574502743663,TARGET,6.986956521739059,7.786956521739059,25.139211654663086,78.25296020507812,90.6235580444336,0.427353061949051,3.6073598573123227,0.00740213673446697,5.443114788948485,11.94,128.53128310256295,1.397391304347812,1.5573913043478118,100000.0,5.0,500000.0,6986.95652173906,7786.956521739059
2026-02-09,GULPOLY,LONG,B_HUGE_GREEN_PULLBACK_HOLD_THEN_BREAK,HUGE,2026-02-09 10:00:00+05:30,2026-02-09 11:00:00+05:30,137.52000122070314,136.449138950328,139.6617257614534,2026-02-09 11:04:00+05:30,136.449138950328,SL,-4.693478260869575,-3.893478260869575,29.36872100830078,83.42195129394531,72.57067108154297,3.3035722618896477,4.254507363375526,0.006465254802384145,10.129308315417218,11.94,136.449138950328,-0.9386956521739149,-0.778695652173915,100000.0,5.0,500000.0,-4693.478260869574,-3893.478260869575
2026-02-09,AEGISLOG,LONG,B_HUGE_GREEN_PULLBACK_HOLD_THEN_BREAK,HUGE,2026-02-09 10:45:00+05:30,2026-02-09 11:45:00+05:30,711.5423044189453,706.0015554310569,722.623802394722,2026-02-09 11:51:00+05:30,722.623802394722,TARGET,6.986956521739106,7.786956521739105,32.638484954833984,81.6999282836914,69.62675476074219,2.7114507392213567,3.184413162163488,0.005981031873775844,8.679405266894076,11.94,706.0015554310569,1.3973913043478212,1.5573913043478211,100000.0,5.0,500000.0,6986.9565217391055,7786.9565217391055
2026-02-09,ELECON,LONG,B_HUGE_GREEN_PULLBACK_HOLD_THEN_BREAK,HUGE,2026-02-09 10:45:00+05:30,2026-02-09 11:45:00+05:30,487.2974522094727,483.5028881359633,494.8865803564915,2026-02-09 11:51:00+05:30,483.5028881359633,SL,-4.693478260869526,-3.893478260869526,26.519119262695312,81.47150421142578,77.70574951171875,1.8428947761544854,5.378477136789556,0.009861072072519057,8.830379479513315,11.94,483.5028881359633,-0.9386956521739052,-0.7786956521739052,100000.0,5.0,500000.0,-4693.478260869526,-3893.4782608695264
2026-02-09,HPL,LONG,B_HUGE_GREEN_PULLBACK_HOLD_THEN_BREAK,HUGE,2026-02-09 10:00:00+05:30,2026-02-09 12:30:00+05:30,345.069,342.38196270000003,350.4430746,2026-02-09 12:47:00+05:30,350.4430746,TARGET,6.986956521739089,7.786956521739089,41.94235610961914,87.91185760498047,93.65912628173828,1.1872009896051336,4.8721868856331145,0.012122247460967127,8.260480753405698,11.94,342.38196270000003,1.3973913043478179,1.5573913043478178,100000.0,5.0,500000.0,6986.956521739089,7786.956521739089
2026-02-09,ROTO,LONG,B_HUGE_GREEN_PULLBACK_HOLD_THEN_BREAK,HUGE,2026-02-09 11:15:00+05:30,2026-02-09 13:45:00+05:30,61.89999847412109,61.417985877307395,62.864023667748484,2026-02-09 13:49:00+05:30,62.864023667748484,TARGET,6.9869565217390806,7.78695652173908,32.62223434448242,86.79588317871094,94.71240997314453,2.364913285949675,4.0435316238694865,0.008468877155285378,8.788206319139496,11.94,61.417985877307395,1.397391304347816,1.557391304347816,100000.0,5.0,500000.0,6986.956521739081,7786.95652173908
2026-02-10,BAYERCROP,LONG,B_HUGE_GREEN_PULLBACK_HOLD_THEN_BREAK,HUGE,2026-02-10 10:00:00+05:30,2026-02-10 11:15:00+05:30,4715.842882324218,4678.351931409741,4790.824784153174,2026-02-10 15:23:00+05:30,4678.351931409741,SL,-4.774999999999969,-3.9749999999999694,45.29539108276367,75.69369506835938,90.03250885009766,1.8741020779669124,3.236597464060299,0.005931593306521152,7.196594324671815,12.19,4678.351931409741,-0.9549999999999939,-0.7949999999999939,100000.0,5.0,500000.0,-4774.999999999969,-3974.99999999997
2026-02-10,VLSFINANCE,LONG,B_HUGE_GREEN_PULLBACK_HOLD_THEN_BREAK,HUGE,2026-02-10 10:00:00+05:30,2026-02-10 11:30:00+05:30,277.80555,275.5969958775,282.222658245,2026-02-10 15:30:00+05:30,277.29998779296875,EOD,-1.7099209987547628,-0.909920998754763,33.55442810058594,66.20865631103516,74.58009338378906,0.9757880788823169,1.8542236161781018,0.005106665753670947,4.604398516434269,12.19,275.5969958775,-0.34198419975095257,-0.1819841997509526,100000.0,5.0,500000.0,-1709.9209987547629,-909.920998754763
2026-02-11,LICI,SHORT,A_MOD_BREAK_C1_LOW,MODERATE,2026-02-11 10:00:00+05:30,2026-02-11 10:15:00+05:30,870.5258722045899,877.151331071086,859.9251380181959,2026-02-11 12:11:00+05:30,877.151331071086,SL,-4.6054347826086515,-3.8054347826086516,28.862499237060547,19.65179443359375,5.813755035400391,1.621623870150493,4.595829589388047,0.003938883808998026,0.5767216658322445,11.67,877.151331071086,-0.9210869565217303,-0.7610869565217303,50000.0,5.0,250000.0,-2302.7173913043257,-1902.7173913043257
2026-02-11,TRITURBINE,SHORT,A_MOD_BREAK_C1_LOW,MODERATE,2026-02-11 11:15:00+05:30,2026-02-11 11:30:00+05:30,489.20212779541015,492.9253813810878,483.24492205832587,2026-02-11 14:05:00+05:30,483.24492205832587,TARGET,5.288695652173912,6.088695652173911,33.453983306884766,28.43978500366211,13.533679962158203,1.216110414246025,2.861514887889964,0.004359498129887274,0.5746290720963259,11.67,492.9253813810878,1.0577391304347823,1.2177391304347822,50000.0,5.0,250000.0,2644.3478260869556,3044.3478260869556
2026-02-11,BOROSCI,SHORT,A_MOD_BREAK_C1_LOW,MODERATE,2026-02-11 11:30:00+05:30,2026-02-11 11:45:00+05:30,104.95,105.74876076086956,103.6719827826087,2026-02-11 11:57:00+05:30,105.74876076086956,SL,-4.60543478260865,-3.8054347826086494,41.2186279296875,35.358577728271484,26.944461822509766,0.6076574514423315,1.6076797647969066,0.01003399235861642,0.5650034611875658,11.67,105.74876076086956,-0.9210869565217299,-0.7610869565217299,50000.0,5.0,250000.0,-2302.717391304325,-1902.7173913043246
2026-02-11,FSL,SHORT,A_MOD_BREAK_C1_LOW,MODERATE,2026-02-11 11:30:00+05:30,2026-02-11 11:45:00+05:30,286.19275,288.3709256907608,282.7076688947826,2026-02-11 11:46:00+05:30,282.7076688947826,TARGET,5.288695652173886,6.088695652173886,43.50265121459961,21.117740631103516,5.987802505493164,1.9637955791148367,3.014059213048748,0.004690389420115892,0.8562039945640905,11.67,288.3709256907608,1.0577391304347772,1.217739130434777,50000.0,5.0,250000.0,2644.347826086943,3044.347826086943
2026-02-11,COFORGE,SHORT,A_MOD_BREAK_C1_LOW,MODERATE,2026-02-11 12:30:00+05:30,2026-02-11 12:45:00+05:30,1525.6948,1537.3066641191303,1507.1158174093914,2026-02-11 15:30:00+05:30,1515.0,EOD,2.7048949501564756,3.5048949501564755,29.195951461791992,28.368253707885742,10.535920143127441,1.5409067707793205,1.975927224445338,0.004986439175908676,0.5663943180355278,11.67,1537.3066641191303,0.5409789900312951,0.700978990031295,50000.0,5.0,250000.0,1352.4474750782376,1752.4474750782376
2026-02-11,ZFCVINDIA,LONG,B_HUGE_GREEN_PULLBACK_HOLD_THEN_BREAK,HUGE,2026-02-11 10:45:00+05:30,2026-02-11 13:15:00+05:30,15927.1848,15805.965073946089,16169.624252107827,2026-02-11 15:30:00+05:30,15966.0,EOD,0.41852042553054,1.21852042553054,38.78290557861328,82.84648895263672,91.03260803222656,206.4953535127957,4.17351090407001,0.007706247601368954,254.1325357645386,11.67,15805.965073946089,0.083704085106108,0.24370408510610797,100000.0,5.0,500000.0,418.52042553053997,1218.5204255305398
2026-02-12,SHANKARA,SHORT,A_MOD_BREAK_C1_LOW,MODERATE,2026-02-12 10:00:00+05:30,2026-02-12 10:15:00+05:30,104.46000213623047,105.24685845666968,103.20103202352773,2026-02-12 11:11:00+05:30,103.20103202352773,TARGET,5.226086956521732,6.026086956521731,27.16138458251953,21.46660614013672,9.100041389465332,1.0381358542532826,3.1251572973160346,0.009049029726970468,0.44909454323211745,11.55,105.24685845666968,1.0452173913043463,1.2052173913043462,50000.0,5.0,250000.0,2613.0434782608654,3013.043478260866
2026-02-12,FINPIPE,LONG,A_MOD_BREAK_C1_HIGH,MODERATE,2026-02-12 10:15:00+05:30,2026-02-12 10:30:00+05:30,186.55,185.1447918478261,189.36041630434784,2026-02-12 10:31:00+05:30,189.36041630434784,TARGET,6.732608695652171,7.532608695652171,31.164165496826172,84.68096923828125,91.42675018310547,1.7816497004084169,3.5021849872572415,0.007554717103918452,6.9362160488749955,11.55,185.1447918478261,1.3465217391304343,1.5065217391304342,100000.0,5.0,500000.0,6732.608695652171,7532.608695652171
2026-02-12,KFINTECH,SHORT,A_MOD_BREAK_C1_LOW,MODERATE,2026-02-12 10:15:00+05:30,2026-02-12 10:30:00+05:30,988.4022555908203,995.847503016086,976.4898597103953,2026-02-12 10:40:00+05:30,995.847503016086,SL,-4.566304347826079,-3.766304347826079,25.26329231262207,22.025545120239258,2.6488466262817383,1.5678453756394581,3.6798094233573924,0.006273015693560461,0.5133223254262362,11.55,995.847503016086,-0.9132608695652158,-0.7532608695652158,50000.0,5.0,250000.0,-2283.1521739130394,-1883.1521739130394
2026-02-12,CLEAN,SHORT,A_MOD_BREAK_C1_LOW,MODERATE,2026-02-12 10:30:00+05:30,2026-02-12 10:45:00+05:30,764.847,770.6082931630435,755.6289309391304,2026-02-12 11:08:00+05:30,755.6289309391304,TARGET,5.226086956521723,6.0260869565217225,43.932334899902344,19.03716468811035,10.8720064163208,1.3157264913967783,3.3755700927671213,0.00539153843505142,0.7492371594929712,11.55,770.6082931630435,1.0452173913043445,1.2052173913043445,50000.0,5.0,250000.0,2613.0434782608613,3013.043478260861
2026-02-12,SIS,SHORT,A_MOD_BREAK_C1_LOW,MODERATE,2026-02-12 11:45:00+05:30,2026-02-12 12:00:00+05:30,340.9318,343.4999058413044,336.82283065391306,2026-02-12 15:30:00+05:30,340.70001220703125,EOD,-0.46006721436844583,0.33993278563155405,39.05403518676758,31.270263671875,16.617521286010742,0.9781823081631729,2.068404202552194,0.003967106130508972,0.616992431730069,11.55,343.4999058413044,-0.09201344287368916,0.06798655712631081,50000.0,5.0,250000.0,-230.03360718422292,169.96639281577703
2026-02-12,INSECTICID,SHORT,A_MOD_BREAK_C1_LOW,MODERATE,2026-02-12 14:00:00+05:30,2026-02-12 14:15:00+05:30,609.8280222045898,614.4216180675005,602.4782688239328,2026-02-12 15:12:00+05:30,614.4216180675005,SL,-4.566304347826087,-3.766304347826087,48.1039924621582,30.291728973388672,17.600975036621094,1.8433391522928166,2.2827289825440635,0.003536315433314589,0.9041442385836158,11.55,614.4216180675005,-0.9132608695652173,-0.7532608695652174,50000.0,5.0,250000.0,-2283.1521739130435,-1883.1521739130435
2026-02-13,AURIONPRO,SHORT,A_MOD_BREAK_C1_LOW,MODERATE,2026-02-13 10:00:00+05:30,2026-02-13 10:15:00+05:30,924.4150555908203,931.4868307660901,913.1002153103886,2026-02-13 10:40:00+05:30,931.4868307660901,SL,-4.624999999999986,-3.824999999999986,25.70800018310547,19.810483932495117,6.272153377532959,1.6274968183328173,4.6794994595372685,0.007810325713268367,0.530431945954825,11.73,931.4868307660901,-0.9249999999999972,-0.7649999999999972,50000.0,5.0,250000.0,-2312.4999999999927,-1912.4999999999932
2026-02-13,CARTRADE,SHORT,A_MOD_BREAK_C1_LOW,MODERATE,2026-02-13 10:00:00+05:30,2026-02-13 10:15:00+05:30,2043.5912,2059.22467268,2018.577643712,2026-02-13 10:16:00+05:30,2018.577643712,TARGET,5.320000000000005,6.1200000000000045,29.68543243408203,25.6215763092041,11.62260913848877,0.8563324217955817,2.741589762306146,0.01030084639435765,0.4551396603254572,11.73,2059.22467268,1.064000000000001,1.2240000000000009,50000.0,5.0,250000.0,2660.0000000000023,3060.000000000002
2026-02-13,PAYTM,SHORT,A_MOD_BREAK_C1_LOW,MODERATE,2026-02-13 10:00:00+05:30,2026-02-13 10:15:00+05:30,1106.7786,1115.24545629,1093.231629936,2026-02-13 12:16:00+05:30,1115.24545629,SL,-4.624999999999952,-3.824999999999952,36.887420654296875,17.018798828125,11.166823387145996,1.5472438455660662,4.762164439262108,0.005898126787719821,0.6840789827885145,11.73,1115.24545629,-0.9249999999999905,-0.7649999999999905,50000.0,5.0,250000.0,-2312.499999999976,-1912.4999999999761
2026-02-13,RICOAUTO,SHORT,A_MOD_BREAK_C1_LOW,MODERATE,2026-02-13 10:00:00+05:30,2026-02-13 10:15:00+05:30,122.75000305175782,123.68904057510376,121.2475430144043,2026-02-13 11:41:00+05:30,121.2475430144043,TARGET,5.3199999999999985,6.119999999999997,42.70647430419922,20.41231346130371,14.138168334960938,1.31746224610604,4.677947228431468,0.007897774863049267,0.7311530076315453,11.73,123.68904057510376,1.0639999999999996,1.2239999999999995,50000.0,5.0,250000.0,2659.999999999999,3059.999999999999
2026-02-13,SIGNATURE,LONG,A_MOD_BREAK_C1_HIGH,MODERATE,2026-02-13 10:00:00+05:30,2026-02-13 10:15:00+05:30,1018.8537544189453,1011.0595231976404,1034.4422168615552,2026-02-13 10:33:00+05:30,1034.4422168615552,TARGET,6.849999999999995,7.649999999999995,28.908334732055664,79.11026000976562,80.4791030883789,1.6151394461605062,3.691158537957226,0.0066753297340212845,7.198843952135341,11.73,1011.0595231976404,1.369999999999999,1.529999999999999,100000.0,5.0,500000.0,6849.9999999999945,7649.9999999999945
2026-02-13,BRIGADE,SHORT,A_MOD_BREAK_C1_LOW,MODERATE,2026-02-13 10:15:00+05:30,2026-02-13 10:30:00+05:30,768.6962055908203,774.5767315635901,759.2873640343887,2026-02-13 15:26:00+05:30,759.2873640343887,TARGET,5.319999999999999,6.119999999999999,29.521127700805664,21.274906158447266,6.707597732543945,1.3574031204591206,3.6812742424216798,0.00623257603539912,0.540362461592431,11.73,774.5767315635901,1.0639999999999998,1.2239999999999998,50000.0,5.0,250000.0,2659.9999999999995,3059.9999999999995
2026-02-13,ETERNAL,SHORT,A_MOD_BREAK_C1_LOW,MODERATE,2026-02-13 10:15:00+05:30,2026-02-13 10:30:00+05:30,288.49227779541013,290.699243720545,284.9611323151943,2026-02-13 14:25:00+05:30,284.9611323151943,TARGET,5.320000000000062,6.120000000000061,28.740528106689453,20.761173248291016,6.835132598876953,1.5257705059568871,3.663510696513382,0.0068074514155217775,0.5581177601427971,11.73,290.699243720545,1.0640000000000123,1.2240000000000122,50000.0,5.0,250000.0,2660.000000000031,3060.0000000000305
2026-02-13,DOMS,SHORT,A_MOD_BREAK_C1_LOW,MODERATE,2026-02-13 10:45:00+05:30,2026-02-13 11:00:00+05:30,2359.528,2377.5783891999995,2330.6473772799995,2026-02-13 14:26:00+05:30,2377.5783891999995,SL,-4.624999999999937,-3.8249999999999367,30.83106231689453,25.817415237426758,13.874407768249512,1.022652257847675,2.763197643283007,0.006032790718302306,0.501430079876761,11.73,2377.5783891999995,-0.9249999999999874,-0.7649999999999874,50000.0,5.0,250000.0,-2312.4999999999686,-1912.4999999999684
2026-02-13,SHYAMMETL,SHORT,A_MOD_BREAK_C1_LOW,MODERATE,2026-02-13 11:00:00+05:30,2026-02-13 11:15:00+05:30,881.8236,888.56955054,871.030079136,2026-02-13 15:30:00+05:30,876.0,EOD,2.5020209484073996,3.3020209484074,25.874813079833984,36.33378601074219,37.88412857055664,0.6104604593281425,1.5910719790657282,0.007187370805751157,0.3345063755332211,11.73,888.56955054,0.5004041896814799,0.66040418968148,50000.0,5.0,250000.0,1251.0104742037,1651.0104742037
2026-02-13,TECHNOE,SHORT,A_MOD_BREAK_C1_LOW,MODERATE,2026-02-13 11:15:00+05:30,2026-02-13 11:30:00+05:30,1032.4934111816406,1040.39198577718,1019.8556918287773,2026-02-13 12:08:00+05:30,1040.39198577718,SL,-4.624999999999955,-3.824999999999955,27.1635799407959,16.633071899414062,3.8118605613708496,1.572156317872079,3.5245403599370735,0.007818324218977768,0.5425810547395522,11.73,1040.39198577718,-0.9249999999999909,-0.764999999999991,50000.0,5.0,250000.0,-2312.4999999999773,-1912.4999999999775
2026-02-13,GHCL,SHORT,A_MOD_BREAK_C1_LOW,MODERATE,2026-02-13 11:30:00+05:30,2026-02-13 11:45:00+05:30,494.10117220458983,497.8810461719549,488.05337385680565,2026-02-13 12:18:00+05:30,497.8810461719549,SL,-4.62499999999995,-3.8249999999999504,51.48723602294922,14.643692016601562,3.089561700820923,2.2318849720512506,3.531018278765394,0.005571769208536326,0.96,11.73,497.8810461719549,-0.92499999999999,-0.7649999999999901,50000.0,5.0,250000.0,-2312.499999999975,-1912.4999999999754
2026-02-13,GVPIL-BE,LONG,B_HUGE_GREEN_PULLBACK_HOLD_THEN_BREAK,HUGE,2026-02-13 10:00:00+05:30,2026-02-13 13:00:00+05:30,477.5955,473.941894425,484.9027111500001,2026-02-13 15:30:00+05:30,479.70001220703125,EOD,1.4032370562863705,2.2032370562863703,71.69751739501953,98.60072326660156,91.58030700683594,2.4527579237003736,9.05551962656371,0.01122112609896854,14.047100820042978,11.73,473.941894425,0.2806474112572741,0.4406474112572741,100000.0,5.0,500000.0,1403.2370562863705,2203.2370562863703
2026-02-16,RANEHOLDIN,SHORT,A_MOD_BREAK_C1_LOW,MODERATE,2026-02-16 10:30:00+05:30,2026-02-16 10:45:00+05:30,1329.8339555908203,1341.3601468537347,1311.3920495701575,2026-02-16 10:55:00+05:30,1311.3920495701575,TARGET,6.133913043478212,6.933913043478212,38.30321502685547,19.196273803710938,15.311163902282715,0.7316453471965619,3.927315722527982,0.015368475269162792,0.5625861611622303,13.29,1341.3601468537347,1.2267826086956424,1.3867826086956423,50000.0,5.0,250000.0,3066.956521739106,3466.9565217391055
2026-02-16,LXCHEM,SHORT,A_PULLBACK_C2_THEN_BREAK_C2_LOW,MODERATE,2026-02-16 10:45:00+05:30,2026-02-16 11:15:00+05:30,141.5000030517578,142.7264389477738,139.5377056181322,2026-02-16 15:30:00+05:30,140.6999969482422,EOD,2.0268766299000993,2.826876629900099,41.565269470214844,18.424333572387695,0.8069447875022888,1.5735186898979479,4.393438850026047,0.005960789795447766,0.7588448127853635,13.29,142.7264389477738,0.40537532598001985,0.5653753259800198,50000.0,5.0,250000.0,1013.4383149500497,1413.4383149500495
2026-02-16,GTPL,SHORT,A_MOD_BREAK_C1_LOW,MODERATE,2026-02-16 11:00:00+05:30,2026-02-16 11:15:00+05:30,74.50000305175782,75.1457237303825,73.46684996595832,2026-02-16 13:31:00+05:30,73.46684996595832,TARGET,6.133913043478195,6.933913043478195,27.930330276489258,18.013734817504883,2.735604763031006,2.5060285256959243,5.989750715977254,0.0055188290129692535,0.6289549541473389,13.29,75.1457237303825,1.226782608695639,1.386782608695639,50000.0,5.0,250000.0,3066.9565217390978,3466.9565217390973
2026-02-16,RPGLIFE,SHORT,A_MOD_BREAK_C1_LOW,MODERATE,2026-02-16 11:15:00+05:30,2026-02-16 11:30:00+05:30,1965.0069444091796,1982.0384285121347,1937.7565698444514,2026-02-16 15:30:00+05:30,1968.0,EOD,-1.561589061895231,-0.7615890618952313,46.19363784790039,28.897130966186523,39.817413330078125,0.9149015324563473,1.819862401844179,0.005088018364054113,0.7040054559905755,13.29,1982.0384285121347,-0.3123178123790462,-0.15231781237904626,50000.0,5.0,250000.0,-780.7945309476155,-380.79453094761567
2026-02-17,SWSOLAR,LONG,B_HUGE_GREEN_PULLBACK_HOLD_THEN_BREAK,HUGE,2026-02-17 10:45:00+05:30,2026-02-17 12:00:00+05:30,219.9499938964844,218.03786340606692,223.77425487731932,2026-02-17 12:38:00+05:30,218.03786340606692,SL,-5.146739130434753,-4.346739130434754,42.156036376953125,89.51428985595703,82.2677230834961,1.7209415797197298,4.413195465216832,0.008012041226654937,8.629625171645735,13.33,218.03786340606692,-1.0293478260869506,-0.8693478260869507,100000.0,5.0,500000.0,-5146.739130434753,-4346.739130434754
2026-02-17,CANBK,LONG,B_HUGE_GREEN_PULLBACK_HOLD_THEN_BREAK,HUGE,2026-02-17 12:00:00+05:30,2026-02-17 13:45:00+05:30,149.7499969482422,148.44814860520736,152.35369363431184,2026-02-17 15:30:00+05:30,149.3000030517578,EOD,-2.302483825224774,-1.502483825224774,35.3365364074707,83.6336898803711,92.03423309326172,2.5971001865032597,3.554450014915176,0.005316174817800502,8.33446812941281,13.33,148.44814860520736,-0.4604967650449548,-0.3004967650449548,100000.0,5.0,500000.0,-2302.483825224774,-1502.4838252247741
2026-02-18,AFFLE,SHORT,A_MOD_BREAK_C1_LOW,MODERATE,2026-02-18 10:15:00+05:30,2026-02-18 10:30:00+05:30,1534.693,1547.3742349847826,1514.4030240243478,2026-02-18 13:09:00+05:30,1514.4030240243478,TARGET,5.810434782608694,6.610434782608694,25.817745208740234,19.186933517456055,2.9845056533813477,1.4900226092106101,3.157914792962834,0.005253654106490851,0.5080201347429603,12.67,1547.3742349847826,1.1620869565217389,1.3220869565217388,50000.0,5.0,250000.0,2905.217391304347,3305.217391304347
2026-02-18,HERANBA,LONG,A_MOD_BREAK_C1_HIGH,MODERATE,2026-02-18 10:15:00+05:30,2026-02-18 10:30:00+05:30,216.85000305175782,215.05816204828014,220.4336850587132,2026-02-18 10:31:00+05:30,220.4336850587132,TARGET,7.463043478260908,8.263043478260908,26.978641510009766,70.6444091796875,86.99775695800781,1.7126680088617787,2.355721787529859,0.00853979872457499,5.26233862622931,12.67,215.05816204828014,1.4926086956521816,1.6526086956521815,100000.0,5.0,500000.0,7463.043478260908,8263.043478260908
2026-02-18,AMBIKCO,SHORT,A_PULLBACK_C2_THEN_BREAK_C2_LOW,MODERATE,2026-02-18 10:15:00+05:30,2026-02-18 10:45:00+05:30,1362.7274,1373.9876757552174,1344.710958791652,2026-02-18 15:30:00+05:30,1352.0,EOD,3.136003635063033,3.9360036350630323,25.736711502075195,27.56877326965332,12.244719505310059,0.9143689241228664,3.2690978764314167,0.003422082213907669,0.4060652342526296,12.67,1373.9876757552174,0.6272007270126065,0.7872007270126065,50000.0,5.0,250000.0,1568.0018175315163,1968.001817531516
2026-02-18,GANECOS,SHORT,A_MOD_BREAK_C1_LOW,MODERATE,2026-02-18 10:30:00+05:30,2026-02-18 10:45:00+05:30,783.3932777954102,789.866490510411,773.036137451409,2026-02-18 15:07:00+05:30,773.036137451409,TARGET,5.810434782608681,6.610434782608681,25.789030075073242,30.855886459350586,8.713444709777832,1.276630651360601,2.1926474058667336,0.006764087486620444,0.47024581511420377,12.67,789.866490510411,1.1620869565217362,1.3220869565217361,50000.0,5.0,250000.0,2905.2173913043403,3305.2173913043407
2026-02-18,RGL,SHORT,A_PULLBACK_C2_THEN_BREAK_C2_LOW,MODERATE,2026-02-18 10:30:00+05:30,2026-02-18 11:00:00+05:30,111.1800033569336,112.09868855858514,109.71010703429114,2026-02-18 11:05:00+05:30,109.71010703429114,TARGET,5.810434782608716,6.610434782608716,25.499950408935547,19.840913772583008,2.520895004272461,2.155702501524639,3.935943992563524,0.006976291737748903,0.5924992561340332,12.67,112.09868855858514,1.1620869565217433,1.3220869565217432,50000.0,5.0,250000.0,2905.217391304358,3305.217391304358
2026-02-18,KRN,LONG,B_HUGE_GREEN_PULLBACK_HOLD_THEN_BREAK,HUGE,2026-02-18 10:30:00+05:30,2026-02-18 12:00:00+05:30,784.1568,777.6772782678261,797.1158434643479,2026-02-18 15:30:00+05:30,789.0,EOD,2.2881578786283714,3.0881578786283717,42.2197265625,82.32942199707031,74.89759063720703,1.5828234473063771,4.181856303593496,0.008836187669596035,8.273840922562371,12.67,777.6772782678261,0.4576315757256743,0.6176315757256743,100000.0,5.0,500000.0,2288.1578786283717,3088.1578786283712
2026-02-18,SUNPHARMA,LONG,A_MOD_BREAK_C1_HIGH,MODERATE,2026-02-18 11:45:00+05:30,2026-02-18 12:00:00+05:30,1724.9448955810547,1710.6916009112642,1753.4514849206355,2026-02-18 15:30:00+05:30,1725.5,EOD,-0.6390950283781793,0.16090497162182058,29.973634719848633,64.06392669677734,61.73712921142578,1.2980681832438927,1.14617473181556,0.0023867574574032123,3.8587785572494164,12.67,1710.6916009112642,-0.12781900567563587,0.032180994324364116,100000.0,5.0,500000.0,-639.0950283781793,160.90497162182058
2026-02-18,VOLTAMP,LONG,B_HUGE_GREEN_PULLBACK_HOLD_THEN_BREAK,HUGE,2026-02-18 11:00:00+05:30,2026-02-18 12:15:00+05:30,8542.7082,8472.119430721303,8683.88573855739,2026-02-18 13:54:00+05:30,8472.119430721303,SL,-4.9315217391304795,-4.13152173913048,33.33859634399414,76.81224822998047,72.96028900146484,2.0214013132907533,3.4971216466963617,0.0069910773054146485,7.573244692256189,12.67,8472.119430721303,-0.986304347826096,-0.826304347826096,100000.0,5.0,500000.0,-4931.5217391304805,-4131.52173913048
2026-02-19,ZOTA,SHORT,A_MOD_BREAK_C1_LOW,MODERATE,2026-02-19 10:15:00+05:30,2026-02-19 10:30:00+05:30,1351.1297444091797,1361.8976610244058,1333.9010778248178,2026-02-19 11:46:00+05:30,1333.9010778248178,TARGET,5.575652173913043,6.375652173913043,41.417945861816406,35.7341423034668,21.753087997436523,1.1182741475736069,1.771354910658104,0.004549728561452879,0.6655349092855325,12.22,1361.8976610244058,1.1151304347826085,1.2751304347826085,50000.0,5.0,250000.0,2787.826086956521,3187.8260869565215
2026-02-19,GODREJIND,LONG,A_MOD_BREAK_C1_HIGH,MODERATE,2026-02-19 11:00:00+05:30,2026-02-19 11:15:00+05:30,1035.0569455810546,1026.8079917495324,1051.5548532440987,2026-02-19 11:16:00+05:30,1051.5548532440987,TARGET,7.169565217391293,7.969565217391292,58.2799072265625,77.75103759765625,72.35458374023438,1.9485706455119107,2.591490573954152,0.011389127073361892,7.421149474988551,12.22,1026.8079917495324,1.4339130434782585,1.5939130434782585,100000.0,5.0,500000.0,7169.565217391292,7969.565217391292
2026-02-19,ABREL,SHORT,A_MOD_BREAK_C1_LOW,MODERATE,2026-02-19 11:45:00+05:30,2026-02-19 12:00:00+05:30,1320.7358,1331.2614900930432,1303.8946958511303,2026-02-19 12:21:00+05:30,1303.8946958511303,TARGET,5.575652173913054,6.375652173913053,51.81342697143555,17.895008087158203,8.17498779296875,2.4964285019125154,3.636414491395646,0.006606051871335142,0.96,12.22,1331.2614900930432,1.1151304347826108,1.2751304347826107,50000.0,5.0,250000.0,2787.826086956527,3187.8260869565265
2026-02-19,PRUDENT,SHORT,A_MOD_BREAK_C1_LOW,MODERATE,2026-02-19 11:45:00+05:30,2026-02-19 12:00:00+05:30,2593.781188818359,2614.4524971622895,2560.70709546807,2026-02-19 12:44:00+05:30,2560.70709546807,TARGET,5.575652173913096,6.375652173913096,28.244117736816406,29.597999572753906,3.8083102703094482,1.9158591493464978,2.472329725878598,0.0045000330759866055,0.6189371171878832,12.22,2614.4524971622895,1.1151304347826192,1.2751304347826191,50000.0,5.0,250000.0,2787.826086956548,3187.826086956548
2026-02-19,CONTROLPR,SHORT,A_MOD_BREAK_C1_LOW,MODERATE,2026-02-19 12:15:00+05:30,2026-02-19 12:30:00+05:30,636.8726,641.9481977208695,628.7516436466087,2026-02-19 12:41:00+05:30,628.7516436466087,TARGET,5.575652173913046,6.375652173913045,30.200071334838867,31.906490325927734,6.7204389572143555,1.9280114793466818,2.470084038059629,0.0054328475305386575,0.6504030789082522,12.22,641.9481977208695,1.1151304347826092,1.2751304347826091,50000.0,5.0,250000.0,2787.826086956523,3187.8260869565224
2026-02-19,RCF,SHORT,A_MOD_BREAK_C1_LOW,MODERATE,2026-02-19 12:15:00+05:30,2026-02-19 12:30:00+05:30,133.0500061035156,134.11035680433187,131.35344498220957,2026-02-19 15:23:00+05:30,131.35344498220957,TARGET,5.575652173913047,6.375652173913046,33.678932189941406,29.581806182861328,7.069138526916504,1.9118743259196902,2.1306755260243633,0.003208437366186167,0.6997619898850669,12.22,134.11035680433187,1.1151304347826094,1.2751304347826093,50000.0,5.0,250000.0,2787.826086956524,3187.8260869565233
2026-02-19,TATVA,LONG,B_HUGE_GREEN_PULLBACK_HOLD_THEN_BREAK,HUGE,2026-02-19 11:00:00+05:30,2026-02-19 14:00:00+05:30,1245.0490088378906,1235.1265095631086,1264.8940073874546,2026-02-19 15:15:00+05:30,1235.1265095631086,SL,-4.784782608695668,-3.984782608695668,27.578073501586914,68.98431396484375,72.36324310302734,1.1093772904516503,2.4831700814846567,0.00829557201812679,5.728863108773651,12.22,1235.1265095631086,-0.9569565217391336,-0.7969565217391337,100000.0,5.0,500000.0,-4784.782608695668,-3984.7826086956684
2026-02-19,DWARKESH,SHORT,A_MOD_BREAK_C1_LOW,MODERATE,2026-02-19 14:15:00+05:30,2026-02-19 14:30:00+05:30,35.42000122070313,35.7022832304316,34.96835000513757,2026-02-19 15:05:00+05:30,34.96835000513757,TARGET,5.57565217391301,6.37565217391301,30.812381744384766,26.590261459350586,11.928004264831543,2.954845510008474,2.7974074625796965,0.003865353283789934,0.6721857261657715,12.22,35.7022832304316,1.115130434782602,1.275130434782602,50000.0,5.0,250000.0,2787.826086956505,3187.8260869565047
2026-02-20,AARTIPHARM,SHORT,A_MOD_BREAK_C1_LOW,MODERATE,2026-02-20 10:45:00+05:30,2026-02-20 11:00:00+05:30,710.0579722045899,716.2910463171163,700.0850536245476,2026-02-20 14:11:00+05:30,700.0850536245476,TARGET,6.222608695652195,7.022608695652194,25.51214027404785,37.952327728271484,40.12627410888672,0.9765567745983045,1.2032528304427983,0.006315362748341442,0.3737421811875609,13.46,716.2910463171163,1.2445217391304388,1.4045217391304388,50000.0,5.0,250000.0,3111.304347826097,3511.3043478260965
2026-02-20,YATRA,SHORT,A_MOD_BREAK_C1_LOW,MODERATE,2026-02-20 10:45:00+05:30,2026-02-20 11:00:00+05:30,147.77000732421874,149.0671709972083,145.69454544743544,2026-02-20 11:58:00+05:30,149.0671709972083,SL,-5.1891304347826575,-4.389130434782658,32.49217224121094,15.696887969970703,3.8318164348602295,1.827774071729462,3.3406853476652305,0.009677281527328533,0.6672430461708199,13.46,149.0671709972083,-1.0378260869565314,-0.8778260869565315,50000.0,5.0,250000.0,-2594.5652173913286,-2194.5652173913286
2026-02-20,ARVINDFASN,SHORT,A_MOD_BREAK_C1_LOW,MODERATE,2026-02-20 11:30:00+05:30,2026-02-20 11:45:00+05:30,458.5082861022949,462.5331914485581,452.0684375482738,2026-02-20 15:17:00+05:30,452.0684375482738,TARGET,6.2226086956522,7.022608695652199,49.030418395996094,24.88721466064453,12.304070472717285,1.4184984031165004,2.385519919435604,0.007838857128494255,0.8436934964853289,13.46,462.5331914485581,1.24452173913044,1.4045217391304399,50000.0,5.0,250000.0,3111.3043478261,3511.3043478260997
2026-02-20,BLAL,SHORT,A_MOD_BREAK_C1_LOW,MODERATE,2026-02-20 11:30:00+05:30,2026-02-20 11:45:00+05:30,187.95,189.59987413043478,185.31020139130433,2026-02-20 15:30:00+05:30,189.5399932861328,EOD,-5.029830503146645,-4.229830503146646,25.463163375854492,36.711307525634766,64.60125732421875,0.751540506495449,1.2503660531084388,0.006219608986631353,0.3359853419299429,13.46,189.59987413043478,-1.005966100629329,-0.8459661006293291,50000.0,5.0,250000.0,-2514.9152515733226,-2114.9152515733226
2026-02-20,SHYAMMETL,SHORT,A_MOD_BREAK_C1_LOW,MODERATE,2026-02-20 12:15:00+05:30,2026-02-20 12:30:00+05:30,835.8827777954101,843.2203748752751,824.1426224676262,2026-02-20 12:56:00+05:30,843.2203748752751,SL,-5.189130434782631,-4.38913043478263,62.3735466003418,22.159433364868164,7.815986633300781,1.5274001402900392,2.652961282801891,0.007279838233866705,0.8772950245507567,13.46,843.2203748752751,-1.0378260869565261,-0.8778260869565261,50000.0,5.0,250000.0,-2594.565217391315,-2194.5652173913154
2026-02-20,JKTYRE,SHORT,A_MOD_BREAK_C1_LOW,MODERATE,2026-02-20 13:00:00+05:30,2026-02-20 13:15:00+05:30,535.0429944091796,539.7397413905368,527.5281992390082,2026-02-20 13:26:00+05:30,527.5281992390082,TARGET,6.2226086956522035,7.0226086956522025,51.55410385131836,22.277305603027344,4.646074295043945,2.4521686748798914,2.8187561733443376,0.008562635962922352,0.96,13.46,539.7397413905368,1.2445217391304406,1.4045217391304405,50000.0,5.0,250000.0,3111.3043478261015,3511.3043478261015
2026-02-20,EPIGRAL,SHORT,A_MOD_BREAK_C1_LOW,MODERATE,2026-02-20 13:15:00+05:30,2026-02-20 13:30:00+05:30,939.812,948.0619149043479,926.6121361530435,2026-02-20 15:30:00+05:30,940.2000122070312,EOD,-1.006430757976722,-0.20643075797672203,65.842041015625,21.71038818359375,2.0602831840515137,2.885114768286142,3.7058752397756196,0.005597922566385466,0.96,13.46,948.0619149043479,-0.20128615159534438,-0.041286151595344406,50000.0,5.0,250000.0,-503.215378988361,-103.21537898836102
2026-02-20,VGUARD,SHORT,A_MOD_BREAK_C1_LOW,MODERATE,2026-02-20 14:15:00+05:30,2026-02-20 14:30:00+05:30,316.4866777954102,319.2648804148403,312.04155360432196,2026-02-20 15:30:00+05:30,314.54998779296875,EOD,2.259670656490284,3.059670656490284,42.389198303222656,21.886995315551758,4.5666680335998535,2.4161336186954934,3.132163436723711,0.004161875907564263,0.8458379745483398,13.46,319.2648804148403,0.4519341312980569,0.6119341312980568,50000.0,5.0,250000.0,1129.8353282451424,1529.8353282451421
2026-02-25,LICHSGFIN,LONG,B_HUGE_GREEN_PULLBACK_HOLD_THEN_BREAK,HUGE,2026-02-25 10:30:00+05:30,2026-02-25 11:45:00+05:30,548.7096955810547,543.646059368573,558.8369680060181,2026-02-25 12:51:00+05:30,543.646059368573,SL,-5.414130434782615,-4.6141304347826155,28.759117126464844,84.64390563964844,93.66085815429688,2.2456474160199917,4.541539248928411,0.004718666485467093,8.795497159450704,14.15,543.646059368573,-1.0828260869565232,-0.9228260869565231,100000.0,5.0,500000.0,-5414.130434782616,-4614.130434782615
2026-02-25,GRAPHITE,LONG,B_HUGE_GREEN_PULLBACK_HOLD_THEN_BREAK,HUGE,2026-02-25 11:00:00+05:30,2026-02-25 12:15:00+05:30,718.1436,711.5163835173913,731.3980329652173,2026-02-25 13:03:00+05:30,711.5163835173913,SL,-5.414130434782594,-4.614130434782594,27.382938385009766,77.05079650878906,91.09984588623047,2.1878881142824547,3.651980697597384,0.007667403441359322,7.883657732350642,14.15,711.5163835173913,-1.0828260869565187,-0.9228260869565188,100000.0,5.0,500000.0,-5414.1304347825935,-4614.1304347825935
2026-02-26,IGPL,SHORT,A_MOD_BREAK_C1_LOW,MODERATE,2026-02-26 11:00:00+05:30,2026-02-26 11:15:00+05:30,364.927,368.13756428043484,359.7900971513044,2026-02-26 14:03:00+05:30,359.7900971513044,TARGET,6.238260869565183,7.038260869565183,35.4743766784668,32.640174865722656,14.000041007995605,1.2042526893825038,2.5126925715711343,0.002681031945633562,0.6028598708189401,13.49,368.13756428043484,1.2476521739130366,1.4076521739130365,50000.0,5.0,250000.0,3119.1304347825912,3519.1304347825917
2026-02-26,MUTHOOTFIN,SHORT,A_MOD_BREAK_C1_LOW,MODERATE,2026-02-26 12:00:00+05:30,2026-02-26 12:15:00+05:30,3449.4100776367186,3479.7573876023616,3400.85438169169,2026-02-26 14:27:00+05:30,3400.85438169169,TARGET,6.23826086956519,7.038260869565189,25.588247299194336,31.481464385986328,12.664485931396484,1.847095427868672,2.0865443732972944,0.0043008969515742615,0.5670654093649325,13.49,3479.7573876023616,1.247652173913038,1.4076521739130379,50000.0,5.0,250000.0,3119.130434782595,3519.1304347825944
2026-02-26,TRENT,SHORT,A_MOD_BREAK_C1_LOW,MODERATE,2026-02-26 12:00:00+05:30,2026-02-26 12:15:00+05:30,3859.827977636719,3893.786072909536,3805.495025200212,2026-02-26 15:30:00+05:30,3861.0,EOD,-0.9518231343561884,-0.15182313435618855,28.559398651123047,26.111351013183594,11.638484954833984,2.310052140048234,2.7703407324159697,0.004463703670296883,0.6383909797668457,13.49,3893.786072909536,-0.19036462687123767,-0.03036462687123771,50000.0,5.0,250000.0,-475.9115671780942,-75.91156717809427
2026-02-26,REMSONSIND,SHORT,A_MOD_BREAK_C1_LOW,MODERATE,2026-02-26 12:15:00+05:30,2026-02-26 12:30:00+05:30,111.45,112.43051771739131,109.88117165217392,2026-02-26 14:45:00+05:30,112.43051771739131,SL,-5.198913043478277,-4.398913043478277,27.183650970458984,38.84334945678711,28.217853546142578,1.3289888515209873,1.5056748862730565,0.006681609581404202,0.47561155788671033,13.49,112.43051771739131,-1.0397826086956554,-0.8797826086956555,50000.0,5.0,250000.0,-2599.456521739138,-2199.4565217391387
2026-02-26,ARVINDFASN,SHORT,A_MOD_BREAK_C1_LOW,MODERATE,2026-02-26 13:15:00+05:30,2026-02-26 13:30:00+05:30,434.51308610229495,438.33585666632973,428.39665319983936,2026-02-26 13:45:00+05:30,438.33585666632973,SL,-5.198913043478292,-4.398913043478293,39.5435791015625,27.852920532226562,3.0439023971557617,2.902380128699249,2.5188553679994796,0.003368884739164048,0.8031536865234374,13.49,438.33585666632973,-1.0397826086956585,-0.8797826086956586,50000.0,5.0,250000.0,-2599.4565217391464,-2199.4565217391464
2026-02-27,SSDL,SHORT,A_MOD_BREAK_C1_LOW,MODERATE,2026-02-27 10:00:00+05:30,2026-02-27 10:15:00+05:30,62.60000152587891,63.133190234527596,61.74689959204102,2026-02-27 15:02:00+05:30,61.74689959204102,TARGET,6.013913043478265,6.813913043478265,31.669517517089844,45.285037994384766,26.19046974182129,0.9045233665007947,0.6003269654266735,0.00998746059110331,0.42335070016532045,13.06,63.133190234527596,1.202782608695653,1.362782608695653,50000.0,5.0,250000.0,3006.9565217391328,3406.9565217391323
2026-02-27,EMAMILTD,SHORT,A_MOD_BREAK_C1_LOW,MODERATE,2026-02-27 10:15:00+05:30,2026-02-27 10:30:00+05:30,467.35652220458985,471.3371805828455,460.98746879938085,2026-02-27 15:17:00+05:30,460.98746879938085,TARGET,6.013913043478279,6.813913043478279,28.60915756225586,26.207033157348633,6.4885382652282715,1.9163404182120707,3.4053198760787393,0.0037577961956569623,0.6244969366209503,13.06,471.3371805828455,1.202782608695656,1.3627826086956558,50000.0,5.0,250000.0,3006.9565217391396,3406.956521739139
2026-02-27,SBFC,SHORT,A_PULLBACK_C2_THEN_BREAK_C2_LOW,MODERATE,2026-02-27 10:15:00+05:30,2026-02-27 10:45:00+05:30,94.61000366210938,95.41583408460535,93.32067498611583,2026-02-27 15:02:00+05:30,93.32067498611583,TARGET,6.013913043478255,6.813913043478255,33.574058532714844,29.028047561645508,9.080376625061035,1.3720277971871677,3.273690652260586,0.004596135073496498,0.6037157424984769,13.06,95.41583408460535,1.202782608695651,1.362782608695651,50000.0,5.0,250000.0,3006.9565217391273,3406.9565217391273
2026-02-27,KARURVYSYA,SHORT,A_MOD_BREAK_C1_LOW,MODERATE,2026-02-27 10:45:00+05:30,2026-02-27 11:00:00+05:30,328.0843638977051,330.87878680585993,323.6132872446574,2026-02-27 11:32:00+05:30,323.6132872446574,TARGET,6.0139130434782935,6.813913043478293,42.3077507019043,19.92306137084961,12.020485877990723,1.5100681102186941,2.905120066875307,0.007374540290358927,0.7588781798168358,13.06,330.87878680585993,1.2027826086956588,1.3627826086956587,50000.0,5.0,250000.0,3006.956521739147,3406.956521739147
2026-02-27,CREDITACC,SHORT,A_MOD_BREAK_C1_LOW,MODERATE,2026-02-27 11:00:00+05:30,2026-02-27 11:15:00+05:30,1267.7464,1278.5442921634783,1250.4697725384347,2026-02-27 11:47:00+05:30,1250.4697725384347,TARGET,6.0139130434783095,6.813913043478309,41.77212142944336,19.798837661743164,1.1118195056915283,2.2879355286596805,3.9485216627261766,0.007970918992340377,0.8365818214416503,13.06,1278.5442921634783,1.202782608695662,1.3627826086956618,50000.0,5.0,250000.0,3006.9565217391546,3406.9565217391546
2026-02-27,JKTYRE,SHORT,A_MOD_BREAK_C1_LOW,MODERATE,2026-02-27 11:45:00+05:30,2026-02-27 12:00:00+05:30,508.8982,513.2326851034783,501.96302383443475,2026-02-27 15:01:00+05:30,501.96302383443475,TARGET,6.013913043478269,6.8139130434782675,37.578025817871094,24.193578720092773,4.666368007659912,1.9908634490632802,2.8126600994164668,0.00814204900954086,0.7720714908541404,13.06,513.2326851034783,1.2027826086956537,1.3627826086956536,50000.0,5.0,250000.0,3006.9565217391346,3406.956521739134
2026-02-27,SAFARI,SHORT,A_PULLBACK_C2_THEN_BREAK_C2_LOW,MODERATE,2026-02-27 12:45:00+05:30,2026-02-27 13:15:00+05:30,1821.6356,1837.1511832191306,1796.8106668493913,2026-02-27 15:01:00+05:30,1796.8106668493913,TARGET,6.013913043478286,6.813913043478285,38.75407409667969,30.00260353088379,21.924135208129883,1.1188608838765275,1.7817563549015394,0.004870310106973235,0.6261995838736647,13.06,1837.1511832191306,1.2027826086956572,1.3627826086956571,50000.0,5.0,250000.0,3006.956521739143,3406.9565217391428
2026-02-27,KDDL,LONG,B_HUGE_GREEN_PULLBACK_HOLD_THEN_BREAK,HUGE,2026-02-27 12:00:00+05:30,2026-02-27 14:00:00+05:30,2455.491,2434.5766223086957,2497.3197553826085,2026-02-27 15:08:00+05:30,2434.5766223086957,SL,-5.058695652173894,-4.258695652173894,33.11375427246094,82.91314697265625,68.4300308227539,2.2061296175865537,3.878157661288245,0.00937652581650353,8.667961733000672,13.06,2434.5766223086957,-1.0117391304347787,-0.8517391304347788,100000.0,5.0,500000.0,-5058.695652173893,-4258.695652173894
2026-03-02,JINDRILL,LONG,A_MOD_BREAK_C1_HIGH,MODERATE,2026-03-02 12:00:00+05:30,2026-03-02 12:15:00+05:30,489.8979477905273,485.52081612657287,498.6522111184363,2026-03-02 12:16:00+05:30,498.6522111184363,TARGET,8.134782608695637,8.934782608695636,41.229026794433594,75.27074432373047,85.22721099853516,1.1797879042934125,1.860853547538655,0.02306388043555528,5.310207894716221,13.7,485.52081612657287,1.6269565217391273,1.7869565217391272,100000.0,5.0,500000.0,8134.782608695636,8934.782608695636
