trade_date,ticker,side,setup,impulse_type,signal_time_ist,entry_time_ist,entry_price,sl_price,target_price,exit_time_ist,exit_price,outcome,pnl_pct,pnl_pct_gross,adx_signal,rsi_signal,stochk_signal,avwap_dist_atr_signal,ema20_gap_atr_signal,atr_pct_signal,quality_score,india_vix,stop_price,pnl_pct_price,pnl_pct_gross_price,position_size_rs,leverage,notional_exposure_rs,pnl_rs,pnl_rs_gross
2025-08-26,GODIGIT,SHORT,A_MOD_BREAK_C1_LOW,MODERATE,2025-08-26 10:00:00+05:30,2025-08-26 10:15:00+05:30,362.12757220458985,364.8435289961243,357.7820413381348,2025-08-26 12:48:00+05:30,357.7820413381348,TARGET,5.2,6.0,29.621471405029297,25.82086944580078,4.94727087020874,1.3638084927834775,3.110931549608685,0.005206797865582035,0.5429885573125479,0.0,364.8435289961243,1.04,1.2,50000.0,5.0,250000.0,2600.0,3000.0
2025-08-26,RTNINDIA,LONG,A_MOD_BREAK_C1_HIGH,MODERATE,2025-08-26 10:30:00+05:30,2025-08-26 10:45:00+05:30,54.93000106811523,54.51802606010437,55.75395108413696,2025-08-26 10:46:00+05:30,55.75395108413696,TARGET,6.69999999999998,7.499999999999979,41.411888122558594,89.42911529541016,72.20340728759766,1.9453307941615188,3.258399684802689,0.008586543296083554,7.594197908111365,0.0,54.51802606010437,1.3399999999999959,1.4999999999999958,100000.0,5.0,500000.0,6699.999999999979,7499.999999999979
2025-08-26,JSWINFRA,SHORT,A_MOD_BREAK_C1_LOW,MODERATE,2025-08-26 11:30:00+05:30,2025-08-26 11:45:00+05:30,298.24032779541017,300.47713025387577,294.6614438618652,2025-08-26 15:30:00+05:30,296.29998779296875,EOD,2.4529806025636987,3.2529806025636985,42.86796951293945,36.79954528808594,13.74048137664795,1.0677195737910299,2.0814912326621933,0.004992593150486347,0.6898704681075221,0.0,300.47713025387577,0.49059612051273976,0.6505961205127397,50000.0,5.0,250000.0,1226.4903012818495,1626.4903012818493
2025-08-26,METROPOLIS,SHORT,A_PULLBACK_C2_THEN_BREAK_C2_LOW,MODERATE,2025-08-26 11:30:00+05:30,2025-08-26 12:00:00+05:30,2136.7725111816408,2152.798305015503,2111.131241047461,2025-08-26 13:31:00+05:30,2152.798305015503,SL,-4.549999999999994,-3.7499999999999947,41.6338996887207,25.63772964477539,14.756274223327637,1.2555793254660046,2.493551501142543,0.004919628492743465,0.7042348772873612,0.0,2152.798305015503,-0.9099999999999988,-0.7499999999999989,50000.0,5.0,250000.0,-2274.9999999999973,-1874.9999999999973
2025-08-26,RALLIS,SHORT,A_MOD_BREAK_C1_LOW,MODERATE,2025-08-26 12:45:00+05:30,2025-08-26 13:00:00+05:30,363.9272,366.65665400000006,359.5600736,2025-08-26 14:35:00+05:30,366.65665400000006,SL,-4.550000000000044,-3.7500000000000444,63.97438430786133,24.443946838378906,3.2163026332855225,2.643904091548523,3.0258578973008143,0.0064578801908560645,0.96,0.0,366.65665400000006,-0.9100000000000088,-0.7500000000000089,50000.0,5.0,250000.0,-2275.000000000022,-1875.0000000000223
2025-08-26,SWANCORP,SHORT,A_MOD_BREAK_C1_LOW,MODERATE,2025-08-26 12:45:00+05:30,2025-08-26 13:00:00+05:30,464.5070861022949,467.99088924806216,458.93300106906736,2025-08-26 13:47:00+05:30,458.93300106906736,TARGET,5.200000000000024,6.000000000000024,27.060073852539062,42.39274215698242,6.398364067077637,1.7771651134637612,2.299321896330103,0.007479551486359082,0.5769050026442442,0.0,467.99088924806216,1.040000000000005,1.2000000000000048,50000.0,5.0,250000.0,2600.0000000000123,3000.0000000000123
2025-08-26,UDS,SHORT,A_MOD_BREAK_C1_LOW,MODERATE,2025-08-26 13:30:00+05:30,2025-08-26 13:45:00+05:30,250.69985,252.580098875,247.69145179999998,2025-08-26 14:36:00+05:30,247.69145179999998,TARGET,5.200000000000032,6.000000000000032,27.975566864013672,28.088281631469727,10.319486618041992,3.781717802770256,3.5937787401483137,0.005224052425527195,0.6296335029602051,0.0,252.580098875,1.0400000000000065,1.2000000000000064,50000.0,5.0,250000.0,2600.0000000000164,3000.000000000016
2025-08-28,PDSL,LONG,A_MOD_BREAK_C1_HIGH,MODERATE,2025-08-28 10:00:00+05:30,2025-08-28 10:15:00+05:30,331.3662477905273,328.8810009320984,336.3367415073852,2025-08-28 11:49:00+05:30,328.8810009320984,SL,-4.549999999999951,-3.749999999999951,29.737794876098633,78.43855285644531,85.60650634765625,0.9677168882318505,3.2450296160779626,0.00827908582417453,6.152954201050161,0.0,328.8810009320984,-0.9099999999999902,-0.7499999999999902,100000.0,5.0,500000.0,-4549.999999999951,-3749.9999999999513
2025-08-28,FIEMIND,LONG,A_MOD_BREAK_C1_HIGH,MODERATE,2025-08-28 10:30:00+05:30,2025-08-28 10:45:00+05:30,2145.429,2129.3382825000003,2177.610435,2025-08-28 10:46:00+05:30,2177.610435,TARGET,6.699999999999992,7.499999999999992,29.828617095947266,79.1198501586914,94.11538696289062,2.376858287360772,3.7377842388411766,0.009272148006289192,7.9235815271900485,0.0,2129.3382825000003,1.3399999999999985,1.4999999999999984,100000.0,5.0,500000.0,6699.999999999993,7499.999999999992
2025-08-28,ABFRL,SHORT,A_MOD_BREAK_C1_LOW,MODERATE,2025-08-28 12:00:00+05:30,2025-08-28 12:15:00+05:30,79.85000152587891,80.448876537323,78.89180150756836,2025-08-28 14:04:00+05:30,78.89180150756836,TARGET,5.200000000000015,6.000000000000015,26.87228775024414,30.42933464050293,5.649050712585449,1.9915866798822965,2.6891910817308413,0.008189551902106802,0.6116119852330639,0.0,80.448876537323,1.0400000000000031,1.200000000000003,50000.0,5.0,250000.0,2600.0000000000077,3000.0000000000077
2025-08-28,SHANKARA,SHORT,A_MOD_BREAK_C1_LOW,MODERATE,2025-08-28 12:15:00+05:30,2025-08-28 12:30:00+05:30,943.3113,950.38613475,931.9915643999999,2025-08-28 13:27:00+05:30,931.9915643999999,TARGET,5.200000000000031,6.000000000000031,64.71965026855469,30.185443878173828,37.650611877441406,0.7632215363460245,1.974633523229655,0.011102881565078984,0.7422954450220371,0.0,950.38613475,1.0400000000000063,1.2000000000000062,50000.0,5.0,250000.0,2600.0000000000155,3000.0000000000155
2025-08-28,JAGRAN,SHORT,A_MOD_BREAK_C1_LOW,MODERATE,2025-08-28 13:45:00+05:30,2025-08-28 14:00:00+05:30,70.86000366210938,71.3914536895752,70.00968361816406,2025-08-28 15:30:00+05:30,70.9000015258789,EOD,-1.082231595416331,-0.28223159541633125,25.108257293701172,27.581514358520508,7.592341423034668,2.1078697663918047,3.5391332364406316,0.0031506502409882346,0.5866238594055175,0.0,71.3914536895752,-0.21644631908326623,-0.05644631908326625,50000.0,5.0,250000.0,-541.1157977081656,-141.11579770816562
2025-08-28,INDIASHLTR,LONG,B_HUGE_GREEN_PULLBACK_HOLD_THEN_BREAK,HUGE,2025-08-28 13:30:00+05:30,2025-08-28 14:30:00+05:30,948.1896,941.0781780000001,962.4124439999999,2025-08-28 14:50:00+05:30,962.4124439999999,TARGET,6.699999999999945,7.499999999999945,29.849714279174805,69.42170715332031,76.52066802978516,3.0309663153358555,2.3691605149106003,0.005838861855723152,7.333058821630335,0.0,941.0781780000001,1.339999999999989,1.499999999999989,100000.0,5.0,500000.0,6699.9999999999445,7499.9999999999445
2025-08-29,GENUSPOWER,SHORT,A_MOD_BREAK_C1_LOW,MODERATE,2025-08-29 12:15:00+05:30,2025-08-29 12:30:00+05:30,329.3341138977051,331.8041197519379,325.3821045309326,2025-08-29 12:31:00+05:30,325.3821045309326,TARGET,5.200000000000017,6.000000000000016,25.3363094329834,16.434083938598633,2.3549599647521973,2.1881311814654016,3.171795774124318,0.0093360652157174,0.5900446414947509,0.0,331.8041197519379,1.0400000000000034,1.2000000000000033,50000.0,5.0,250000.0,2600.0000000000086,3000.000000000008
2025-09-01,SSWL,LONG,A_MOD_BREAK_C1_HIGH,MODERATE,2025-09-01 10:00:00+05:30,2025-09-01 10:15:00+05:30,217.83999328613282,216.20619333648685,221.1075931854248,2025-09-01 10:32:00+05:30,221.1075931854248,TARGET,6.699999999999973,7.4999999999999725,34.006446838378906,65.3100357055664,57.680091857910156,0.38642394340147806,1.768395530945906,0.00534663749913374,3.6500020001002174,0.0,216.20619333648685,1.3399999999999945,1.4999999999999944,100000.0,5.0,500000.0,6699.999999999973,7499.999999999972
2025-09-01,UBL,SHORT,A_MOD_BREAK_C1_LOW,MODERATE,2025-09-01 10:00:00+05:30,2025-09-01 10:15:00+05:30,1813.3372111816407,1826.937240265503,1791.577164647461,2025-09-01 15:30:00+05:30,1796.0,EOD,3.9804708012204393,4.780470801220439,29.275985717773438,27.427438735961914,7.107885360717773,0.9443106104601587,2.847594012584048,0.005790879491260608,0.46439414259712936,0.0,1826.937240265503,0.7960941602440879,0.9560941602440878,50000.0,5.0,250000.0,1990.2354006102198,2390.2354006102196
2025-09-01,COLPAL,LONG,B_HUGE_GREEN_PULLBACK_HOLD_THEN_BREAK,HUGE,2025-09-01 10:45:00+05:30,2025-09-01 12:15:00+05:30,2369.4738,2351.7027465,2405.015907,2025-09-01 15:30:00+05:30,2358.0,EOD,-3.221170472532806,-2.4211704725328067,32.36802291870117,68.71995544433594,87.978271484375,2.10282368060213,2.812533253218929,0.004621052777265963,6.642849833750825,0.0,2351.7027465,-0.6442340945065612,-0.4842340945065613,100000.0,5.0,500000.0,-3221.170472532806,-2421.1704725328063
2025-09-01,CCL,LONG,B_HUGE_GREEN_PULLBACK_HOLD_THEN_BREAK,HUGE,2025-09-01 10:30:00+05:30,2025-09-01 12:45:00+05:30,902.1304022094727,895.3644241929017,915.6623582426147,2025-09-01 15:30:00+05:30,909.0,EOD,3.007430596343117,3.807430596343117,39.17194747924805,84.04457092285156,87.7044448852539,2.103400604653024,4.250346170230722,0.005039400717439042,8.859443110986957,0.0,895.3644241929017,0.6014861192686234,0.7614861192686234,100000.0,5.0,500000.0,3007.430596343117,3807.430596343117
2025-09-01,XPROINDIA,LONG,B_HUGE_GREEN_PULLBACK_HOLD_THEN_BREAK,HUGE,2025-09-01 12:15:00+05:30,2025-09-01 13:15:00+05:30,1187.2374,1178.3331195,1205.0459609999998,2025-09-01 15:21:00+05:30,1178.3331195,SL,-4.549999999999963,-3.7499999999999636,44.967037200927734,79.98824310302734,84.57991790771484,2.302547209649563,3.8849531365251715,0.009485454074407028,8.814693477205862,0.0,1178.3331195,-0.9099999999999926,-0.7499999999999927,100000.0,5.0,500000.0,-4549.999999999963,-3749.9999999999636
2025-09-02,AJMERA,LONG,A_MOD_BREAK_C1_HIGH,MODERATE,2025-09-02 10:00:00+05:30,2025-09-02 10:15:00+05:30,186.05,184.654625,188.84074999999999,2025-09-02 11:02:00+05:30,188.84074999999999,TARGET,6.69999999999993,7.49999999999993,28.898176193237305,78.02276611328125,81.60203552246094,0.6171954042926866,4.4331764051629845,0.006568588386178089,6.348098003080439,0.0,184.654625,1.339999999999986,1.499999999999986,100000.0,5.0,500000.0,6699.999999999931,7499.99999999993
2025-09-02,FACT,LONG,A_MOD_BREAK_C1_HIGH,MODERATE,2025-09-02 10:00:00+05:30,2025-09-02 10:15:00+05:30,962.8925522094727,955.6708580679017,977.3359404926147,2025-09-02 10:16:00+05:30,977.3359404926147,TARGET,6.699999999999946,7.499999999999946,32.35047149658203,71.95763397216797,84.0997314453125,1.3542484821198522,2.362752460472524,0.007384044597675274,5.34372872053024,0.0,955.6708580679017,1.3399999999999892,1.4999999999999891,100000.0,5.0,500000.0,6699.999999999945,7499.999999999946
2025-09-02,GNA,LONG,B_HUGE_GREEN_PULLBACK_HOLD_THEN_BREAK,HUGE,2025-09-02 10:15:00+05:30,2025-09-02 11:15:00+05:30,311.5623,309.22558275,316.2357345,2025-09-02 11:16:00+05:30,316.2357345,TARGET,6.699999999999976,7.499999999999975,36.831695556640625,76.65867614746094,88.71038818359375,2.5855906193153735,3.9626683146017223,0.006113221172835849,8.702197948082482,0.0,309.22558275,1.3399999999999952,1.4999999999999951,100000.0,5.0,500000.0,6699.999999999976,7499.999999999975
2025-09-02,TVSSCS-BE,LONG,B_HUGE_GREEN_PULLBACK_HOLD_THEN_BREAK,HUGE,2025-09-02 10:30:00+05:30,2025-09-02 11:30:00+05:30,131.80999450683595,130.8214195480347,133.78714442443848,2025-09-02 12:47:00+05:30,130.8214195480347,SL,-4.5499999999999305,-3.749999999999931,35.431983947753906,79.94351196289062,92.83739471435547,1.4592397479197183,3.9060164468643515,0.008090240258989084,7.203050360610378,0.0,130.8214195480347,-0.9099999999999862,-0.7499999999999862,100000.0,5.0,500000.0,-4549.999999999931,-3749.9999999999313
2025-09-02,ESCORTS,LONG,B_HUGE_GREEN_PULLBACK_HOLD_THEN_BREAK,HUGE,2025-09-02 10:15:00+05:30,2025-09-02 11:45:00+05:30,3690.738,3663.057465,3746.0990699999993,2025-09-02 14:00:00+05:30,3663.057465,SL,-4.549999999999995,-3.749999999999995,46.64376449584961,72.10457611083984,54.07740020751953,1.3935734981834622,2.031935484744785,0.004982625736709396,5.977216315840593,0.0,3663.057465,-0.909999999999999,-0.749999999999999,100000.0,5.0,500000.0,-4549.999999999995,-3749.999999999995
2025-09-02,ACI,LONG,B_HUGE_GREEN_PULLBACK_HOLD_THEN_BREAK,HUGE,2025-09-02 10:15:00+05:30,2025-09-02 12:00:00+05:30,678.4356477905274,673.3473804320985,688.6121825073852,2025-09-02 15:30:00+05:30,673.3473804320985,SL,-4.549999999999944,-3.7499999999999445,54.1558952331543,68.6754379272461,63.043052673339844,0.8906017830515173,2.0812520415462354,0.006491091555586908,5.419116228953497,0.0,673.3473804320985,-0.9099999999999888,-0.7499999999999889,100000.0,5.0,500000.0,-4549.999999999944,-3749.9999999999445
2025-09-02,APOLLO,LONG,B_HUGE_GREEN_PULLBACK_HOLD_THEN_BREAK,HUGE,2025-09-02 11:00:00+05:30,2025-09-02 12:15:00+05:30,288.75775220947264,286.5920690679016,293.0891184926147,2025-09-02 12:16:00+05:30,293.0891184926147,TARGET,6.6999999999999735,7.499999999999973,34.8928337097168,82.0495376586914,79.19236755371094,2.9092858130065027,3.729710223504461,0.014118896112144676,9.256425436637935,0.0,286.5920690679016,1.3399999999999948,1.4999999999999947,100000.0,5.0,500000.0,6699.999999999974,7499.999999999974
2025-09-02,GENESYS,LONG,B_HUGE_GREEN_PULLBACK_HOLD_THEN_BREAK,HUGE,2025-09-02 10:45:00+05:30,2025-09-02 13:15:00+05:30,630.126,625.400055,639.5778899999999,2025-09-02 13:16:00+05:30,639.5778899999999,TARGET,6.6999999999999496,7.4999999999999485,33.69108200073242,78.9965591430664,88.29389190673828,3.0899150535116453,4.442992106244613,0.011840115410489684,10.096411545962596,0.0,625.400055,1.3399999999999899,1.4999999999999898,100000.0,5.0,500000.0,6699.999999999949,7499.999999999948
2025-09-02,ABCAPITAL,SHORT,A_PULLBACK_C2_THEN_BREAK_C2_LOW,MODERATE,2025-09-02 13:00:00+05:30,2025-09-02 13:30:00+05:30,275.19495,277.258912125,271.8926106,2025-09-02 15:30:00+05:30,274.54998779296875,EOD,0.37182783883071946,1.1718278388307193,40.572059631347656,35.34836959838867,22.483732223510742,1.6623160637328538,1.900520653267068,0.004786103722468374,0.7545122382868177,0.0,277.258912125,0.07436556776614389,0.23436556776614387,50000.0,5.0,250000.0,185.91391941535971,585.9139194153597
2025-09-02,BHARTIARTL,SHORT,A_MOD_BREAK_C1_LOW,MODERATE,2025-09-02 14:15:00+05:30,2025-09-02 14:30:00+05:30,1879.1241,1893.2175307500002,1856.5746108,2025-09-02 15:30:00+05:30,1888.699951171875,EOD,-3.347956032247951,-2.5479560322479506,25.524179458618164,27.563772201538086,3.612001419067383,4.287549432632723,3.413187515486026,0.0022262059601081585,0.5928626918792725,0.0,1893.2175307500002,-0.6695912064495901,-0.5095912064495901,50000.0,5.0,250000.0,-1673.9780161239755,-1273.9780161239753
2025-09-02,EIMCOELECO,SHORT,A_MOD_BREAK_C1_LOW,MODERATE,2025-09-02 14:15:00+05:30,2025-09-02 14:30:00+05:30,2036.1926555908203,2051.4641005077515,2011.7583437237304,2025-09-02 14:49:00+05:30,2011.7583437237304,TARGET,5.200000000000026,6.000000000000025,42.377262115478516,15.244522094726562,7.027763366699219,3.2572707251995254,5.205649699936347,0.01453768418502247,0.8456589317321777,0.0,2051.4641005077515,1.0400000000000051,1.200000000000005,50000.0,5.0,250000.0,2600.0000000000127,3000.0000000000127
2025-09-03,PPLPHARMA,LONG,B_HUGE_GREEN_PULLBACK_HOLD_THEN_BREAK,HUGE,2025-09-03 10:00:00+05:30,2025-09-03 11:00:00+05:30,195.68999938964845,194.2223243942261,198.62534938049316,2025-09-03 11:09:00+05:30,198.62534938049316,TARGET,6.6999999999999655,7.499999999999965,30.89513397216797,78.5765609741211,93.21070861816406,1.6683563439971114,4.470580632772695,0.00666324949328417,8.090915291011761,0.0,194.2223243942261,1.3399999999999932,1.4999999999999931,100000.0,5.0,500000.0,6699.999999999966,7499.999999999966
2025-09-03,SIYSIL,LONG,A_MOD_BREAK_C1_HIGH,MODERATE,2025-09-03 11:00:00+05:30,2025-09-03 11:15:00+05:30,642.0784022094726,637.2628141929016,651.7095782426147,2025-09-03 11:16:00+05:30,651.7095782426147,TARGET,6.699999999999995,7.499999999999995,45.58176803588867,68.59796905517578,89.1750717163086,1.9176555703386688,2.033890402858374,0.0052210487426586644,6.365520838968493,0.0,637.2628141929016,1.339999999999999,1.499999999999999,100000.0,5.0,500000.0,6699.999999999995,7499.9999999999945
2025-09-03,AVANTEL,LONG,B_HUGE_GREEN_PULLBACK_HOLD_THEN_BREAK,HUGE,2025-09-03 10:30:00+05:30,2025-09-03 11:30:00+05:30,161.55,160.338375,163.97325,2025-09-03 15:30:00+05:30,162.25,EOD,1.3665119158155015,2.1665119158155015,49.49552917480469,80.20268249511719,92.81874084472656,1.4294590027711778,3.4918351262371914,0.00945203631206462,7.496047450457745,0.0,160.338375,0.2733023831631003,0.43330238316310027,100000.0,5.0,500000.0,1366.5119158155014,2166.5119158155017
2025-09-03,CIGNITITEC,SHORT,A_MOD_BREAK_C1_LOW,MODERATE,2025-09-03 11:15:00+05:30,2025-09-03 11:30:00+05:30,1627.0745444091797,1639.2776034922485,1607.5496498762695,2025-09-03 15:22:00+05:30,1639.2776034922485,SL,-4.550000000000005,-3.7500000000000053,29.10861587524414,26.29107666015625,3.3848466873168945,1.5457340746865411,2.5347933745687024,0.004967262736804625,0.5671327011988068,0.0,1639.2776034922485,-0.910000000000001,-0.7500000000000011,50000.0,5.0,250000.0,-2275.0000000000027,-1875.0000000000027
2025-09-03,SCILAL,LONG,B_HUGE_GREEN_PULLBACK_HOLD_THEN_BREAK,HUGE,2025-09-03 11:30:00+05:30,2025-09-03 12:30:00+05:30,51.8,51.4115,52.57699999999999,2025-09-03 12:31:00+05:30,52.57699999999999,TARGET,6.699999999999942,7.499999999999941,41.826751708984375,74.84327697753906,76.15492248535156,1.2623594656017454,2.3391710202081697,0.008741844228490028,6.035469627525349,0.0,51.4115,1.3399999999999883,1.4999999999999882,100000.0,5.0,500000.0,6699.999999999941,7499.999999999941
2025-09-03,GLOBUSSPR,SHORT,A_MOD_BREAK_C1_LOW,MODERATE,2025-09-03 12:15:00+05:30,2025-09-03 12:30:00+05:30,1102.7794,1111.0502455,1089.5460472,2025-09-03 12:50:00+05:30,1089.5460472,TARGET,5.199999999999965,5.9999999999999645,53.11933898925781,8.470474243164062,4.087658882141113,2.69316169777777,4.3402878651510886,0.011767843800522888,0.96,0.0,1111.0502455,1.039999999999993,1.1999999999999929,50000.0,5.0,250000.0,2599.9999999999827,2999.9999999999823
2025-09-03,SJS,LONG,B_HUGE_GREEN_PULLBACK_HOLD_THEN_BREAK,HUGE,2025-09-03 10:15:00+05:30,2025-09-03 12:45:00+05:30,1409.1818044189454,1398.6129408858033,1430.3195314852294,2025-09-03 15:30:00+05:30,1422.0,EOD,3.7480985990803406,4.54809859908034,31.289791107177734,75.37911224365234,88.08977508544922,1.7166164716968428,3.2683385702636585,0.011003572881008134,7.400229137261787,0.0,1398.6129408858033,0.7496197198160681,0.909619719816068,100000.0,5.0,500000.0,3748.0985990803406,4548.09859908034
2025-09-03,DELTACORP,LONG,B_HUGE_GREEN_PULLBACK_HOLD_THEN_BREAK,HUGE,2025-09-03 11:15:00+05:30,2025-09-03 13:00:00+05:30,90.8,90.119,92.16199999999999,2025-09-03 13:01:00+05:30,92.16199999999999,TARGET,6.699999999999972,7.499999999999972,36.5804443359375,83.1883773803711,88.59127044677734,2.1511830861240644,4.920044377097472,0.009295115531883261,9.352461384836426,0.0,90.119,1.3399999999999943,1.4999999999999942,100000.0,5.0,500000.0,6699.999999999972,7499.999999999971
2025-09-03,LXCHEM,LONG,B_HUGE_GREEN_PULLBACK_HOLD_THEN_BREAK,HUGE,2025-09-03 10:45:00+05:30,2025-09-03 14:15:00+05:30,217.05,215.42212500000002,220.30575,2025-09-03 15:30:00+05:30,217.33999633789062,EOD,-0.13195959942268215,0.6680404005773177,32.54705810546875,72.0178451538086,78.88748931884766,1.7350962573047004,2.8428453351955345,0.008090013099232659,6.731752036931834,0.0,215.42212500000002,-0.02639191988453643,0.13360808011546355,100000.0,5.0,500000.0,-131.95959942268215,668.0404005773177
2025-09-04,ZUARI,SHORT,A_MOD_BREAK_C1_LOW,MODERATE,2025-09-04 10:15:00+05:30,2025-09-04 10:30:00+05:30,312.03758610229494,314.3778679980622,308.2931350690674,2025-09-04 10:39:00+05:30,308.2931350690674,TARGET,5.200000000000038,6.000000000000037,42.803138732910156,33.152076721191406,19.519174575805664,1.1434372785279874,2.099188543977129,0.015737333657508436,0.7021486047360501,0.0,314.3778679980622,1.0400000000000076,1.2000000000000075,50000.0,5.0,250000.0,2600.000000000019,3000.0000000000186
2025-09-04,GALAXYSURF,LONG,B_HUGE_GREEN_PULLBACK_HOLD_THEN_BREAK,HUGE,2025-09-04 10:00:00+05:30,2025-09-04 11:15:00+05:30,2365.473,2347.7319525000003,2400.955095,2025-09-04 15:30:00+05:30,2364.5,EOD,-1.0056671118207556,-0.20566711182075562,47.10771179199219,82.84521484375,89.31568908691406,1.7441725338950638,4.635519077226291,0.004031726331973415,9.030964691371125,0.0,2347.7319525000003,-0.2011334223641511,-0.04113342236415112,100000.0,5.0,500000.0,-1005.6671118207556,-205.6671118207556
2025-09-04,SONACOMS,SHORT,A_MOD_BREAK_C1_LOW,MODERATE,2025-09-04 14:15:00+05:30,2025-09-04 14:30:00+05:30,442.11157220458983,445.42740899612426,436.80623333813475,2025-09-04 15:01:00+05:30,436.80623333813475,TARGET,5.200000000000012,6.000000000000011,27.267465591430664,30.60542869567871,2.7772693634033203,3.9377805724100243,2.5013578285456393,0.004044957491587573,0.6190119838714598,0.0,445.42740899612426,1.0400000000000023,1.2000000000000022,50000.0,5.0,250000.0,2600.0000000000055,3000.0000000000055
2025-09-05,JTEKTINDIA,LONG,B_HUGE_GREEN_PULLBACK_HOLD_THEN_BREAK,HUGE,2025-09-05 10:00:00+05:30,2025-09-05 11:00:00+05:30,151.88999633789064,150.75082136535647,154.168346282959,2025-09-05 11:01:00+05:30,154.168346282959,TARGET,6.6999999999999895,7.499999999999989,44.54045486450195,81.31201171875,69.7630386352539,1.6206915763922356,3.814305295500338,0.010037397767795485,7.5654205514107975,0.0,150.75082136535647,1.3399999999999979,1.4999999999999978,100000.0,5.0,500000.0,6699.999999999989,7499.999999999989
2025-09-05,GMDCLTD,LONG,B_HUGE_GREEN_PULLBACK_HOLD_THEN_BREAK,HUGE,2025-09-05 10:00:00+05:30,2025-09-05 11:15:00+05:30,503.6007,499.82369475,511.15471049999996,2025-09-05 11:36:00+05:30,511.15471049999996,TARGET,6.699999999999947,7.499999999999947,31.88996696472168,73.94147491455078,80.9886245727539,1.9667115214652826,2.9129209961734666,0.007894342181279733,6.615275952897308,0.0,499.82369475,1.3399999999999894,1.4999999999999893,100000.0,5.0,500000.0,6699.999999999947,7499.999999999947
2025-09-05,ACE,SHORT,A_MOD_BREAK_C1_LOW,MODERATE,2025-09-05 11:00:00+05:30,2025-09-05 11:15:00+05:30,1050.1899444091796,1058.0663689922485,1037.5876650762693,2025-09-05 12:46:00+05:30,1058.0663689922485,SL,-4.550000000000029,-3.75000000000003,29.016569137573242,26.991655349731445,4.649144649505615,1.9130075267656326,2.860503539173544,0.006288931716989978,0.6300248542475844,0.0,1058.0663689922485,-0.9100000000000059,-0.750000000000006,50000.0,5.0,250000.0,-2275.000000000015,-1875.0000000000148
2025-09-05,JLHL,SHORT,A_MOD_BREAK_C1_LOW,MODERATE,2025-09-05 11:00:00+05:30,2025-09-05 11:15:00+05:30,1426.2147,1436.91131025,1409.1001236,2025-09-05 15:30:00+05:30,1426.699951171875,EOD,-0.9701185564399968,-0.17011855643999693,34.457069396972656,32.0909423828125,15.829733848571777,1.1907935312326994,1.8646263740920235,0.0042361534565238,0.5784762276249134,0.0,1436.91131025,-0.19402371128799936,-0.034023711287999386,50000.0,5.0,250000.0,-485.0592782199984,-85.05927821999848
2025-09-05,KALAMANDIR,SHORT,A_MOD_BREAK_C1_LOW,MODERATE,2025-09-05 11:45:00+05:30,2025-09-05 12:00:00+05:30,172.0500061035156,173.340381149292,169.98540603027342,2025-09-05 12:29:00+05:30,169.98540603027342,TARGET,5.200000000000006,6.000000000000006,37.34662628173828,32.96609878540039,40.70513153076172,0.8135298866519061,1.3771706938858788,0.009511076157028031,0.5314256590844517,0.0,173.340381149292,1.0400000000000014,1.2000000000000013,50000.0,5.0,250000.0,2600.000000000003,3000.000000000003
2025-09-05,ABBOTINDIA,SHORT,A_MOD_BREAK_C1_LOW,MODERATE,2025-09-05 12:00:00+05:30,2025-09-05 12:15:00+05:30,31043.79,31276.618425000004,30671.26452,2025-09-05 14:55:00+05:30,31276.618425000004,SL,-4.550000000000054,-3.7500000000000537,32.004032135009766,17.783905029296875,0.6551390290260315,2.264564689192795,3.6816324961824947,0.0067244471711747165,0.6900604820251464,0.0,31276.618425000004,-0.9100000000000108,-0.7500000000000108,50000.0,5.0,250000.0,-2275.000000000027,-1875.0000000000268
2025-09-05,FINEORG,SHORT,A_MOD_BREAK_C1_LOW,MODERATE,2025-09-05 12:00:00+05:30,2025-09-05 12:15:00+05:30,4786.5425,4822.4415687499995,4729.10399,2025-09-05 13:51:00+05:30,4822.4415687499995,SL,-4.549999999999997,-3.7499999999999973,49.886146545410156,22.478525161743164,0.3745318353176117,2.093599415722891,2.4384997220555653,0.0038687101916918243,0.9582921981811523,0.0,4822.4415687499995,-0.9099999999999995,-0.7499999999999994,50000.0,5.0,250000.0,-2274.9999999999986,-1874.9999999999986
2025-09-05,GUJGASLTD,SHORT,A_MOD_BREAK_C1_LOW,MODERATE,2025-09-05 12:30:00+05:30,2025-09-05 12:45:00+05:30,435.0129861022949,438.27558349806213,429.7928302690674,2025-09-05 15:30:00+05:30,433.79998779296875,EOD,0.5942093087778835,1.3942093087778833,33.195884704589844,23.469158172607422,11.059234619140625,1.4907520065001516,1.799316692243686,0.004826475837176554,0.6087857063185584,0.0,438.27558349806213,0.1188418617555767,0.2788418617555767,50000.0,5.0,250000.0,297.10465438894175,697.1046543889418
2025-09-05,CHAMBLFERT,SHORT,A_MOD_BREAK_C1_LOW,MODERATE,2025-09-05 12:45:00+05:30,2025-09-05 13:00:00+05:30,551.9895555908203,556.1294772577514,545.3656809237305,2025-09-05 14:32:00+05:30,556.1294772577514,SL,-4.5500000000000185,-3.7500000000000187,32.22087860107422,32.748538970947266,9.874882698059082,1.6203981674871109,1.6614096032797312,0.005164852401250088,0.6099533384903442,0.0,556.1294772577514,-0.9100000000000037,-0.7500000000000038,50000.0,5.0,250000.0,-2275.000000000009,-1875.0000000000095
2025-09-05,BSE,LONG,B_HUGE_GREEN_PULLBACK_HOLD_THEN_BREAK,HUGE,2025-09-05 10:00:00+05:30,2025-09-05 14:15:00+05:30,2334.7669088378907,2317.2561570216067,2369.7884124704588,2025-09-05 15:08:00+05:30,2317.2561570216067,SL,-4.549999999999967,-3.749999999999967,27.300485610961914,79.36537170410156,94.48504638671875,3.9287603364714845,4.7855322214120575,0.006994819805823871,11.078810602160075,0.0,2317.2561570216067,-0.9099999999999935,-0.7499999999999934,100000.0,5.0,500000.0,-4549.999999999967,-3749.9999999999673
2025-09-08,ELGIEQUIP,SHORT,A_MOD_BREAK_C1_LOW,MODERATE,2025-09-08 10:15:00+05:30,2025-09-08 10:30:00+05:30,474.4051,477.96313825000004,468.7122388,2025-09-08 15:30:00+05:30,474.70001220703125,EOD,-1.110823183636986,-0.31082318363698613,31.363950729370117,40.02167510986328,45.911930084228516,0.8439171937948261,1.1260306354647485,0.00528375818556051,0.4344463016278838,0.0,477.96313825000004,-0.2221646367273972,-0.06216463672739723,50000.0,5.0,250000.0,-555.411591818493,-155.41159181849306
2025-09-08,GRINFRA,SHORT,A_MOD_BREAK_C1_LOW,MODERATE,2025-09-08 10:15:00+05:30,2025-09-08 10:30:00+05:30,1269.8459555908203,1279.3698002577514,1254.6078041237304,2025-09-08 10:45:00+05:30,1279.3698002577514,SL,-4.550000000000001,-3.7500000000000004,25.930835723876953,18.22462272644043,9.699615478515625,1.6126966509990404,3.7384478661333267,0.003147142126652127,0.5311844497829863,0.0,1279.3698002577514,-0.9100000000000001,-0.7500000000000001,50000.0,5.0,250000.0,-2275.0000000000005,-1875.0000000000005
2025-09-08,ERIS,SHORT,A_MOD_BREAK_C1_LOW,MODERATE,2025-09-08 11:00:00+05:30,2025-09-08 11:15:00+05:30,1707.9583888183595,1720.7680767344973,1687.462888152539,2025-09-08 12:23:00+05:30,1720.7680767344973,SL,-4.550000000000036,-3.750000000000036,52.99858474731445,28.069236755371094,36.88888931274414,1.1381177035779084,1.8521852405905768,0.005702097799243419,0.8017798601556629,0.0,1720.7680767344973,-0.9100000000000072,-0.7500000000000072,50000.0,5.0,250000.0,-2275.000000000018,-1875.0000000000182
2025-09-08,SHK,SHORT,A_MOD_BREAK_C1_LOW,MODERATE,2025-09-08 11:00:00+05:30,2025-09-08 11:15:00+05:30,254.99899305114747,256.9114854990311,251.9390051345337,2025-09-08 11:52:00+05:30,256.9114854990311,SL,-4.550000000000004,-3.750000000000004,33.61716079711914,22.239307403564453,13.9179105758667,1.6249607051816624,3.065894724404797,0.0075859234564025334,0.6486255353635779,0.0,256.9114854990311,-0.9100000000000008,-0.7500000000000008,50000.0,5.0,250000.0,-2275.000000000002,-1875.0000000000018
2025-09-08,ABSLAMC,LONG,B_HUGE_GREEN_PULLBACK_HOLD_THEN_BREAK,HUGE,2025-09-08 10:00:00+05:30,2025-09-08 11:30:00+05:30,852.0203455810547,845.6301929891969,864.8006507647705,2025-09-08 15:30:00+05:30,854.0,EOD,0.36174128306480247,1.1617412830648024,25.751575469970703,73.56452941894531,70.64189910888672,1.3168736710929556,3.299155021006744,0.005431360457802887,6.3548245736062,0.0,845.6301929891969,0.07234825661296049,0.23234825661296046,100000.0,5.0,500000.0,361.7412830648025,1161.7412830648022
2025-09-08,PARADEEP,SHORT,A_MOD_BREAK_C1_LOW,MODERATE,2025-09-08 11:15:00+05:30,2025-09-08 11:30:00+05:30,188.16000671386718,189.5712067642212,185.90208663330077,2025-09-08 12:22:00+05:30,185.90208663330077,TARGET,5.200000000000004,6.0000000000000036,42.930782318115234,14.327500343322754,3.76800799369812,2.599570882938945,4.1409792216257975,0.010629596498581992,0.8539617347717285,0.0,189.5712067642212,1.0400000000000007,1.2000000000000006,50000.0,5.0,250000.0,2600.000000000002,3000.0000000000014
2025-09-08,CONCORDBIO,SHORT,A_MOD_BREAK_C1_LOW,MODERATE,2025-09-08 12:15:00+05:30,2025-09-08 12:30:00+05:30,1624.675,1636.8600625000001,1605.1788999999999,2025-09-08 15:25:00+05:30,1605.1788999999999,TARGET,5.200000000000022,6.000000000000022,25.183279037475586,29.709938049316406,3.071664810180664,2.12682385148471,2.368713202514573,0.005836007897535082,0.5877491855621337,0.0,1636.8600625000001,1.0400000000000045,1.2000000000000044,50000.0,5.0,250000.0,2600.0000000000114,3000.000000000011
2025-09-08,CARERATING,LONG,B_HUGE_GREEN_PULLBACK_HOLD_THEN_BREAK,HUGE,2025-09-08 12:00:00+05:30,2025-09-08 13:00:00+05:30,1664.3328,1651.850304,1689.2977919999998,2025-09-08 13:20:00+05:30,1651.850304,SL,-4.549999999999956,-3.7499999999999565,44.92702865600586,81.5818862915039,86.3850326538086,3.4439143673604837,3.707611627887605,0.0073100832611204605,9.598534162771571,0.0,1651.850304,-0.9099999999999913,-0.7499999999999913,100000.0,5.0,500000.0,-4549.999999999956,-3749.9999999999563
2025-09-09,BAJAJCON,SHORT,A_MOD_BREAK_C1_LOW,MODERATE,2025-09-09 10:15:00+05:30,2025-09-09 10:30:00+05:30,220.22999877929686,221.8817237701416,217.5872387939453,2025-09-09 11:07:00+05:30,221.8817237701416,SL,-4.550000000000033,-3.7500000000000333,38.86564254760742,25.06252098083496,16.274690628051758,1.2148111233347523,2.892965967759601,0.005090932751639012,0.6555765847976929,0.0,221.8817237701416,-0.9100000000000066,-0.7500000000000067,50000.0,5.0,250000.0,-2275.0000000000164,-1875.0000000000166
2025-09-09,GSFC,SHORT,A_MOD_BREAK_C1_LOW,MODERATE,2025-09-09 10:15:00+05:30,2025-09-09 10:30:00+05:30,204.06000061035155,205.5904506149292,201.61128060302732,2025-09-09 15:30:00+05:30,203.60000610351562,EOD,0.32710601161438896,1.127106011614389,25.637325286865234,19.84512710571289,4.027324676513672,1.6834107668292813,4.116246847264217,0.005869605720020944,0.5391567634981027,0.0,205.5904506149292,0.06542120232287779,0.22542120232287777,50000.0,5.0,250000.0,163.55300580719447,563.5530058071944
2025-09-09,AFFLE,LONG,B_HUGE_GREEN_PULLBACK_HOLD_THEN_BREAK,HUGE,2025-09-09 11:30:00+05:30,2025-09-09 13:00:00+05:30,2010.402,1995.3239850000002,2040.55803,2025-09-09 13:04:00+05:30,2040.55803,TARGET,6.699999999999969,7.499999999999969,50.246036529541016,75.30072021484375,42.73316192626953,2.803984588207195,2.491145501508883,0.007027537983914557,8.489666901196365,0.0,1995.3239850000002,1.3399999999999939,1.4999999999999938,100000.0,5.0,500000.0,6699.999999999969,7499.999999999968
2025-09-09,ASHAPURMIN,LONG,B_HUGE_GREEN_PULLBACK_HOLD_THEN_BREAK,HUGE,2025-09-09 12:45:00+05:30,2025-09-09 14:15:00+05:30,607.5215044189454,602.9650931358033,616.6343269852294,2025-09-09 14:27:00+05:30,616.6343269852294,TARGET,6.6999999999999185,7.499999999999918,25.860681533813477,77.26478576660156,82.8384780883789,2.5632152584005414,3.751197533733625,0.009097205967234841,8.08940293069548,0.0,602.9650931358033,1.3399999999999836,1.4999999999999836,100000.0,5.0,500000.0,6699.999999999918,7499.999999999918
2025-09-09,GODREJPROP,SHORT,A_MOD_BREAK_C1_LOW,MODERATE,2025-09-09 14:15:00+05:30,2025-09-09 14:30:00+05:30,1948.8101111816407,1963.426187015503,1925.424389847461,2025-09-09 15:30:00+05:30,1950.0,EOD,-1.1052859823366457,-0.3052859823366457,29.03765296936035,36.3942756652832,27.017744064331055,2.1048131712752984,1.7531790822880733,0.0021685008513621794,0.6332237486548089,0.0,1963.426187015503,-0.22105719646732913,-0.06105719646732914,50000.0,5.0,250000.0,-552.6429911683229,-152.64299116832285
2025-09-10,GREENPANEL,LONG,A_MOD_BREAK_C1_HIGH,MODERATE,2025-09-10 11:15:00+05:30,2025-09-10 11:30:00+05:30,270.45407389526366,268.4256683410492,274.5108850036926,2025-09-10 15:25:00+05:30,274.5108850036926,TARGET,6.69999999999993,7.49999999999993,35.902259826660156,56.59483337402344,34.53104019165039,0.3061410205105768,0.8148223992851292,0.006069167676857609,2.7309751909157955,0.0,268.4256683410492,1.339999999999986,1.499999999999986,100000.0,5.0,500000.0,6699.999999999931,7499.99999999993
2025-09-10,RAYMOND,LONG,B_HUGE_GREEN_PULLBACK_HOLD_THEN_BREAK,HUGE,2025-09-10 10:45:00+05:30,2025-09-10 12:30:00+05:30,629.3258522094726,624.6059083179016,638.7657399926146,2025-09-10 13:17:00+05:30,624.6059083179016,SL,-4.54999999999997,-3.7499999999999694,41.98535919189453,70.33251190185547,71.8688735961914,0.7405839818399219,2.025094057811589,0.006654202469460983,5.22844460355874,0.0,624.6059083179016,-0.9099999999999939,-0.7499999999999939,100000.0,5.0,500000.0,-4549.99999999997,-3749.9999999999695
2025-09-10,VRLLOG,LONG,B_HUGE_GREEN_PULLBACK_HOLD_THEN_BREAK,HUGE,2025-09-10 10:30:00+05:30,2025-09-10 12:45:00+05:30,270.4040761047363,268.3760455339508,274.46013724630734,2025-09-10 13:39:00+05:30,268.3760455339508,SL,-4.549999999999992,-3.7499999999999916,37.52846145629883,81.39500427246094,83.7836685180664,1.3001431958973184,3.5693270452057164,0.006038266121930319,7.3872747828868635,0.0,268.3760455339508,-0.9099999999999984,-0.7499999999999983,100000.0,5.0,500000.0,-4549.999999999992,-3749.999999999992
2025-09-11,ENDURANCE,SHORT,A_MOD_BREAK_C1_LOW,MODERATE,2025-09-11 11:00:00+05:30,2025-09-11 11:15:00+05:30,2957.2084888183595,2979.3875524844975,2921.7219869525393,2025-09-11 13:13:00+05:30,2921.7219869525393,TARGET,5.199999999999977,5.999999999999977,25.570682525634766,29.031368255615234,6.863710403442383,1.771197706664915,2.2921305173903264,0.006155884588086928,0.5535198365508815,0.0,2979.3875524844975,1.0399999999999954,1.1999999999999953,50000.0,5.0,250000.0,2599.9999999999886,2999.999999999988
2025-09-11,FINOPB,LONG,A_MOD_BREAK_C1_HIGH,MODERATE,2025-09-11 11:00:00+05:30,2025-09-11 11:15:00+05:30,279.60589779052737,277.5088535570984,283.7999862573852,2025-09-11 11:16:00+05:30,283.7999862573852,TARGET,6.699999999999916,7.499999999999916,43.529335021972656,75.62957000732422,86.22052001953125,1.6602350787243327,3.0551105189880183,0.00834613547102952,7.2060038409584415,0.0,277.5088535570984,1.3399999999999832,1.4999999999999831,100000.0,5.0,500000.0,6699.999999999916,7499.999999999915
2025-09-11,ANGELONE,SHORT,B_HUGE_RED_FAILED_BOUNCE,HUGE,2025-09-11 10:15:00+05:30,2025-09-11 11:45:00+05:30,2308.5382,2325.8522365,2280.8357416,2025-09-11 11:46:00+05:30,2280.8357416,TARGET,5.200000000000015,6.000000000000015,31.03253746032715,38.23811721801758,38.43501663208008,0.689552598999231,1.3330667803241092,0.005208018743233575,0.4528131057459781,0.0,2325.8522365,1.0400000000000031,1.200000000000003,50000.0,5.0,250000.0,2600.0000000000077,3000.0000000000077
2025-09-11,NUVAMA,SHORT,A_MOD_BREAK_C1_LOW,MODERATE,2025-09-11 14:00:00+05:30,2025-09-11 14:15:00+05:30,1237.2525,1246.53189375,1222.4054700000002,2025-09-11 15:30:00+05:30,1232.5,EOD,1.120586137429528,1.9205861374295279,50.37025833129883,24.637226104736328,9.608159065246582,3.3933557533699377,3.3383197592338765,0.004761904706858625,0.96,0.0,1246.53189375,0.22411722748590562,0.3841172274859056,50000.0,5.0,250000.0,560.293068714764,960.293068714764
2025-09-12,METROPOLIS,SHORT,A_MOD_BREAK_C1_LOW,MODERATE,2025-09-12 10:30:00+05:30,2025-09-12 10:45:00+05:30,2091.5816,2107.268462,2066.4826208,2025-09-12 12:31:00+05:30,2066.4826208,TARGET,5.200000000000008,6.000000000000007,33.61182403564453,16.50318145751953,19.21491813659668,0.9552352863896304,3.0881271721963177,0.0038104210027545176,0.5313435356528533,0.0,2107.268462,1.0400000000000016,1.2000000000000015,50000.0,5.0,250000.0,2600.0000000000036,3000.000000000004
2025-09-12,TRITURBINE,LONG,A_MOD_BREAK_C1_HIGH,MODERATE,2025-09-12 10:30:00+05:30,2025-09-12 10:45:00+05:30,518.6037,514.71417225,526.3827554999999,2025-09-12 11:13:00+05:30,526.3827554999999,TARGET,6.699999999999918,7.4999999999999165,27.13772964477539,67.14163208007812,79.2079086303711,1.581509552170407,1.97697867709323,0.003714045888623261,4.8279208630193065,0.0,514.71417225,1.3399999999999834,1.4999999999999833,100000.0,5.0,500000.0,6699.999999999917,7499.999999999916
2025-09-12,ORIENTHOT,SHORT,A_MOD_BREAK_C1_LOW,MODERATE,2025-09-12 11:00:00+05:30,2025-09-12 11:15:00+05:30,142.33999938964843,143.4075493850708,140.63191939697265,2025-09-12 15:30:00+05:30,142.5,EOD,-1.362036711527518,-0.5620367115275181,41.244754791259766,28.806316375732422,17.550119400024414,1.7748550337446138,2.9051683497857836,0.006797251515162719,0.7892709527742039,0.0,143.4075493850708,-0.2724073423055036,-0.11240734230550363,50000.0,5.0,250000.0,-681.0183557637591,-281.0183557637591
2025-09-12,MIDHANI,LONG,B_HUGE_GREEN_PULLBACK_HOLD_THEN_BREAK,HUGE,2025-09-12 10:30:00+05:30,2025-09-12 12:00:00+05:30,399.87994779052735,396.8808481820984,405.8781470073852,2025-09-12 15:30:00+05:30,401.20001220703125,EOD,0.8505759088417677,1.6505759088417675,34.274139404296875,70.9491958618164,78.60199737548828,1.088143012210001,2.90061559119687,0.00643637686723124,5.954394428185669,0.0,396.8808481820984,0.17011518176835355,0.3301151817683535,100000.0,5.0,500000.0,850.5759088417678,1650.5759088417678
2025-09-12,GRSE,LONG,B_HUGE_GREEN_PULLBACK_HOLD_THEN_BREAK,HUGE,2025-09-12 10:45:00+05:30,2025-09-12 12:00:00+05:30,2507.5014,2488.6951395,2545.1139209999997,2025-09-12 12:34:00+05:30,2545.1139209999997,TARGET,6.699999999999912,7.499999999999912,33.22970962524414,84.48892211914062,93.0283432006836,1.8182970794559004,4.358717246148943,0.009110998808192676,8.453513422149047,0.0,2488.6951395,1.3399999999999825,1.4999999999999825,100000.0,5.0,500000.0,6699.999999999913,7499.999999999912
2025-09-12,HAL,LONG,B_HUGE_GREEN_PULLBACK_HOLD_THEN_BREAK,HUGE,2025-09-12 10:30:00+05:30,2025-09-12 12:15:00+05:30,4709.541817675781,4674.220254043213,4780.184944940917,2025-09-12 15:30:00+05:30,4744.0,EOD,2.858337016447212,3.6583370164472124,37.95309066772461,80.80770111083984,90.6320571899414,1.9858981590103124,4.696884986941049,0.003956055432704243,8.887558436615215,0.0,4674.220254043213,0.5716674032894424,0.7316674032894425,100000.0,5.0,500000.0,2858.3370164472126,3658.337016447212
2025-09-12,GMRP&UI,LONG,A_MOD_BREAK_C1_HIGH,MODERATE,2025-09-12 13:00:00+05:30,2025-09-12 13:15:00+05:30,117.05,116.17212500000001,118.80574999999999,2025-09-12 14:27:00+05:30,116.17212500000001,SL,-4.549999999999953,-3.749999999999953,34.304115295410156,65.46128845214844,49.84080505371094,0.8018002215976189,2.1464249516574494,0.005649549571331742,4.432926936227478,0.0,116.17212500000001,-0.9099999999999906,-0.7499999999999906,100000.0,5.0,500000.0,-4549.999999999954,-3749.999999999953
2025-09-12,SRHHYPOLTD,SHORT,A_MOD_BREAK_C1_LOW,MODERATE,2025-09-12 13:15:00+05:30,2025-09-12 13:30:00+05:30,607.0785722045898,611.6316614961243,599.7936293381347,2025-09-12 15:30:00+05:30,601.0999755859375,EOD,4.1240715225223665,4.924071522522367,27.435331344604492,37.055641174316406,13.715758323669434,1.496223870886062,1.7447490856944363,0.0037860238503036187,0.52060660185885,0.0,611.6316614961243,0.8248143045044734,0.9848143045044734,50000.0,5.0,250000.0,2062.0357612611833,2462.0357612611833
2025-09-12,PUNJABCHEM,LONG,B_HUGE_GREEN_PULLBACK_HOLD_THEN_BREAK,HUGE,2025-09-12 10:00:00+05:30,2025-09-12 13:45:00+05:30,1280.6561044189452,1271.0511836358032,1299.8659459852292,2025-09-12 14:09:00+05:30,1271.0511836358032,SL,-4.549999999999967,-3.749999999999968,38.331478118896484,86.94676208496094,85.05807495117188,1.2272015276770991,5.831934422402287,0.01311494213392136,9.080014780069895,0.0,1271.0511836358032,-0.9099999999999935,-0.7499999999999936,100000.0,5.0,500000.0,-4549.999999999967,-3749.9999999999677
2025-09-15,WELCORP,LONG,A_MOD_BREAK_C1_HIGH,MODERATE,2025-09-15 10:15:00+05:30,2025-09-15 10:30:00+05:30,899.92995,893.180475375,913.4288992499999,2025-09-15 10:34:00+05:30,913.4288992499999,TARGET,6.6999999999999424,7.499999999999942,38.796512603759766,83.07146453857422,91.51988983154297,1.7748848106687063,3.1692631506679785,0.005868341340960364,7.141449203737221,0.0,893.180475375,1.3399999999999885,1.4999999999999885,100000.0,5.0,500000.0,6699.999999999943,7499.999999999943
2025-09-15,KRBL,SHORT,A_MOD_BREAK_C1_LOW,MODERATE,2025-09-15 11:00:00+05:30,2025-09-15 11:15:00+05:30,395.62087220458983,398.5880287461243,390.87342173813477,2025-09-15 11:40:00+05:30,398.5880287461243,SL,-4.5500000000000345,-3.7500000000000338,49.55707931518555,15.4238920211792,23.853971481323242,0.7796029979467458,3.4798708859516143,0.018860452499415828,0.7397867143684638,0.0,398.5880287461243,-0.9100000000000068,-0.7500000000000068,50000.0,5.0,250000.0,-2275.000000000017,-1875.0000000000168
2025-09-15,JBCHEPHARM,SHORT,A_MOD_BREAK_C1_LOW,MODERATE,2025-09-15 11:15:00+05:30,2025-09-15 11:30:00+05:30,1673.2652555908203,1685.8147450077515,1653.1860725237304,2025-09-15 12:31:00+05:30,1685.8147450077515,SL,-4.550000000000026,-3.7500000000000258,35.00066375732422,21.126453399658203,8.390847206115723,1.596909020482752,2.4870719759160065,0.0038144122044756878,0.6644690349443447,0.0,1685.8147450077515,-0.910000000000005,-0.7500000000000051,50000.0,5.0,250000.0,-2275.0000000000127,-1875.0000000000127
2025-09-15,PRUDENT,LONG,B_HUGE_GREEN_PULLBACK_HOLD_THEN_BREAK,HUGE,2025-09-15 12:00:00+05:30,2025-09-15 14:30:00+05:30,2918.6837176757813,2896.793589793213,2962.463973440918,2025-09-15 14:38:00+05:30,2962.463973440918,TARGET,6.699999999999989,7.499999999999988,36.757991790771484,77.8238525390625,94.49077606201172,3.133229952990087,3.3924235087746917,0.0067269467295413094,8.766493888791452,0.0,2896.793589793213,1.3399999999999976,1.4999999999999976,100000.0,5.0,500000.0,6699.999999999988,7499.999999999987
2025-09-15,EXPLEOSOL,SHORT,A_MOD_BREAK_C1_LOW,MODERATE,2025-09-15 14:15:00+05:30,2025-09-15 14:30:00+05:30,984.803,992.1890225000001,972.985364,2025-09-15 15:30:00+05:30,979.0,EOD,2.146274534094635,2.946274534094635,39.0949821472168,38.319602966308594,41.80077362060547,2.700382854796141,1.9337673624027447,0.0030091215973720494,0.7931131003283891,0.0,992.1890225000001,0.42925490681892703,0.589254906818927,50000.0,5.0,250000.0,1073.1372670473174,1473.1372670473174
2025-09-16,JKTYRE,LONG,A_MOD_BREAK_C1_HIGH,MODERATE,2025-09-16 10:00:00+05:30,2025-09-16 10:15:00+05:30,376.0752,373.254636,381.716328,2025-09-16 15:30:00+05:30,377.5,EOD,1.094301990665703,1.894301990665703,34.30186080932617,74.71247100830078,81.28811645507812,0.7100902585056607,2.4658115939506797,0.004669961535660786,4.7735379503575714,0.0,373.254636,0.21886039813314062,0.3788603981331406,100000.0,5.0,500000.0,1094.3019906657032,1894.301990665703
2025-09-16,AHLUCONT,LONG,A_MOD_BREAK_C1_HIGH,MODERATE,2025-09-16 10:15:00+05:30,2025-09-16 10:30:00+05:30,943.4886477905274,936.4124829320984,957.6409775073852,2025-09-16 13:56:00+05:30,957.6409775073852,TARGET,6.699999999999954,7.499999999999954,28.78879737854004,69.07391357421875,54.36695098876953,1.1782809369453415,1.436591197949204,0.006640812059888345,5.024929671927172,0.0,936.4124829320984,1.3399999999999908,1.4999999999999907,100000.0,5.0,500000.0,6699.999999999954,7499.999999999954
2025-09-16,POCL,LONG,B_HUGE_GREEN_PULLBACK_HOLD_THEN_BREAK,HUGE,2025-09-16 12:15:00+05:30,2025-09-16 14:15:00+05:30,1288.8576955810547,1279.191262864197,1308.1905610147703,2025-09-16 14:40:00+05:30,1308.1905610147703,TARGET,6.699999999999914,7.499999999999913,25.04426383972168,70.7274398803711,80.04178619384766,2.0798831293578077,2.5822907913247914,0.010054898410503705,6.410278432600726,0.0,1279.191262864197,1.3399999999999828,1.4999999999999827,100000.0,5.0,500000.0,6699.999999999914,7499.999999999913
2025-09-17,BRITANNIA,SHORT,A_MOD_BREAK_C1_LOW,MODERATE,2025-09-17 10:00:00+05:30,2025-09-17 10:15:00+05:30,6079.2839,6124.878529250001,6006.3324932000005,2025-09-17 15:30:00+05:30,6101.5,EOD,-2.6271971144495856,-1.8271971144495853,31.147348403930664,22.079566955566406,9.731690406799316,1.4878087403468876,3.894178850843866,0.003966949818912322,0.5875767556196654,0.0,6124.878529250001,-0.5254394228899171,-0.36543942288991704,50000.0,5.0,250000.0,-1313.5985572247926,-913.5985572247927
2025-09-17,ANTELOPUS,LONG,A_MOD_BREAK_C1_HIGH,MODERATE,2025-09-17 10:15:00+05:30,2025-09-17 10:30:00+05:30,567.1134,562.8600495,575.6201009999999,2025-09-17 10:31:00+05:30,575.6201009999999,TARGET,6.699999999999919,7.499999999999919,44.212646484375,83.95452117919922,92.81390380859375,3.0184302766002453,4.800253783123423,0.003992779267364701,10.468945487569423,0.0,562.8600495,1.3399999999999839,1.4999999999999838,100000.0,5.0,500000.0,6699.99999999992,7499.999999999919
2025-09-17,SUPRIYA,LONG,A_MOD_BREAK_C1_HIGH,MODERATE,2025-09-17 11:15:00+05:30,2025-09-17 11:30:00+05:30,655.0810022094727,650.1678946929017,664.9072172426147,2025-09-17 12:38:00+05:30,664.9072172426147,TARGET,6.699999999999957,7.4999999999999565,34.875770568847656,61.65520477294922,68.03614807128906,1.8459403767852807,1.224201183835237,0.004167999465260634,4.836464649454667,0.0,650.1678946929017,1.3399999999999914,1.4999999999999913,100000.0,5.0,500000.0,6699.999999999957,7499.999999999956
2025-09-17,KALYANKJIL,LONG,A_MOD_BREAK_C1_HIGH,MODERATE,2025-09-17 11:30:00+05:30,2025-09-17 11:45:00+05:30,520.0040044189453,516.1039743858032,527.8040644852294,2025-09-17 11:46:00+05:30,527.8040644852294,TARGET,6.699999999999942,7.499999999999941,42.886436462402344,75.4150619506836,89.18035125732422,2.20125075473922,3.2733692693240997,0.00609320542062366,7.936492860452985,0.0,516.1039743858032,1.3399999999999883,1.4999999999999882,100000.0,5.0,500000.0,6699.999999999941,7499.999999999941
2025-09-18,SOBHA,LONG,A_MOD_BREAK_C1_HIGH,MODERATE,2025-09-18 10:30:00+05:30,2025-09-18 10:45:00+05:30,1638.3276,1626.0401430000002,1662.9025139999999,2025-09-18 15:20:00+05:30,1626.0401430000002,SL,-4.5499999999999705,-3.7499999999999707,33.50470733642578,74.86335754394531,89.19139099121094,1.6793171599440497,2.712041300240644,0.004962854064568103,6.355265826339242,0.0,1626.0401430000002,-0.9099999999999941,-0.7499999999999941,100000.0,5.0,500000.0,-4549.999999999971,-3749.9999999999704
2025-09-18,KFINTECH,LONG,B_HUGE_GREEN_PULLBACK_HOLD_THEN_BREAK,HUGE,2025-09-18 10:00:00+05:30,2025-09-18 11:15:00+05:30,1144.1288044189453,1135.5478383858033,1161.2907364852294,2025-09-18 13:48:00+05:30,1135.5478383858033,SL,-4.549999999999951,-3.7499999999999507,27.630556106567383,80.48873901367188,83.522705078125,1.3870960238375334,4.432350258554201,0.004355632056570007,7.4891642800528935,0.0,1135.5478383858033,-0.9099999999999902,-0.7499999999999901,100000.0,5.0,500000.0,-4549.999999999951,-3749.9999999999504
2025-09-18,GABRIEL,SHORT,A_MOD_BREAK_C1_LOW,MODERATE,2025-09-18 11:30:00+05:30,2025-09-18 11:45:00+05:30,1246.6506444091797,1256.0005242422485,1231.6908366762696,2025-09-18 13:31:00+05:30,1256.0005242422485,SL,-4.549999999999991,-3.749999999999991,46.082820892333984,20.135501861572266,49.99505615234375,0.889886953618478,2.0617951735188975,0.013250205055637078,0.7069725302682435,0.0,1256.0005242422485,-0.9099999999999981,-0.7499999999999982,50000.0,5.0,250000.0,-2274.9999999999955,-1874.9999999999957
2025-09-18,YATRA,SHORT,A_MOD_BREAK_C1_LOW,MODERATE,2025-09-18 11:30:00+05:30,2025-09-18 11:45:00+05:30,156.39999694824218,157.572996925354,154.52319698486326,2025-09-18 11:47:00+05:30,154.52319698486326,TARGET,5.200000000000028,6.0000000000000275,28.328935623168945,23.46518325805664,5.759210109710693,2.3837181079672733,3.357568203765685,0.0075036842194649515,0.6349340343475343,0.0,157.572996925354,1.0400000000000056,1.2000000000000055,50000.0,5.0,250000.0,2600.0000000000136,3000.000000000014
2025-09-18,ERIS,SHORT,A_MOD_BREAK_C1_LOW,MODERATE,2025-09-18 12:00:00+05:30,2025-09-18 12:15:00+05:30,1612.6774,1624.7724805,1593.3252712,2025-09-18 13:32:00+05:30,1624.7724805,SL,-4.549999999999999,-3.7499999999999982,38.44509506225586,15.78416633605957,10.196133613586426,1.452298389520376,2.5941203782898756,0.004645293792138096,0.6908286440999036,0.0,1624.7724805,-0.9099999999999997,-0.7499999999999997,50000.0,5.0,250000.0,-2274.999999999999,-1874.999999999999
2025-09-18,ETERNAL,LONG,B_HUGE_GREEN_PULLBACK_HOLD_THEN_BREAK,HUGE,2025-09-18 10:00:00+05:30,2025-09-18 12:30:00+05:30,333.51670220947267,331.01532694290165,338.5194527426147,2025-09-18 15:30:00+05:30,338.0,EOD,5.921249282009714,6.721249282009714,38.81468963623047,77.78309631347656,83.66594696044922,1.3916977979507799,3.3346673225350503,0.003521349022940588,7.216616888176398,0.0,331.01532694290165,1.1842498564019428,1.3442498564019427,100000.0,5.0,500000.0,5921.249282009714,6721.249282009714
2025-09-19,FLUOROCHEM,LONG,B_HUGE_GREEN_PULLBACK_HOLD_THEN_BREAK,HUGE,2025-09-19 10:15:00+05:30,2025-09-19 11:15:00+05:30,3836.667082324219,3807.8920792067875,3894.2170885590817,2025-09-19 12:00:00+05:30,3807.8920792067875,SL,-4.549999999999972,-3.7499999999999716,25.595394134521484,80.24107360839844,87.42314910888672,1.5697969841036674,3.643083476863753,0.0057753273157721795,7.251332369568724,0.0,3807.8920792067875,-0.9099999999999944,-0.7499999999999943,100000.0,5.0,500000.0,-4549.999999999972,-3749.999999999972
2025-09-19,EXICOM,LONG,A_MOD_BREAK_C1_HIGH,MODERATE,2025-09-19 11:00:00+05:30,2025-09-19 11:15:00+05:30,148.43999938964845,147.3266993942261,150.66659938049315,2025-09-19 11:16:00+05:30,150.66659938049315,TARGET,6.699999999999925,7.4999999999999245,32.426021575927734,70.09709930419922,80.51599884033203,1.7529708774471149,2.092316267255776,0.006560891626555661,5.775825354338815,0.0,147.3266993942261,1.339999999999985,1.499999999999985,100000.0,5.0,500000.0,6699.9999999999245,7499.9999999999245
2025-09-19,AARTIDRUGS,LONG,A_MOD_BREAK_C1_HIGH,MODERATE,2025-09-19 11:15:00+05:30,2025-09-19 11:30:00+05:30,525.7551544189453,521.8119907608032,533.6414817352294,2025-09-19 12:01:00+05:30,533.6414817352294,TARGET,6.699999999999934,7.499999999999933,27.0949764251709,74.34666442871094,87.51042175292969,1.0247827850984366,1.9906640280510015,0.005334342701892171,4.932265147688807,0.0,521.8119907608032,1.3399999999999868,1.4999999999999867,100000.0,5.0,500000.0,6699.999999999934,7499.999999999934
2025-09-19,INDHOTEL,SHORT,A_MOD_BREAK_C1_LOW,MODERATE,2025-09-19 12:00:00+05:30,2025-09-19 12:15:00+05:30,768.6462277954101,774.4110745038757,759.4224730618652,2025-09-19 13:44:00+05:30,774.4110745038757,SL,-4.550000000000014,-3.750000000000014,32.299678802490234,31.15306854248047,5.928489685058594,1.5353321423673574,2.1467618585489094,0.004286651028458256,0.613178306951641,0.0,774.4110745038757,-0.9100000000000028,-0.7500000000000029,50000.0,5.0,250000.0,-2275.0000000000073,-1875.0000000000073
2025-09-19,ADANIENSOL,LONG,B_HUGE_GREEN_PULLBACK_HOLD_THEN_BREAK,HUGE,2025-09-19 12:45:00+05:30,2025-09-19 13:45:00+05:30,891.8783522094726,885.1892645679017,905.2565274926146,2025-09-19 14:06:00+05:30,885.1892645679017,SL,-4.5499999999999465,-3.7499999999999467,47.797630310058594,79.57401275634766,67.7998275756836,3.008885957119023,2.9454046715084217,0.010601294781528624,8.770811806403863,0.0,885.1892645679017,-0.9099999999999893,-0.7499999999999893,100000.0,5.0,500000.0,-4549.999999999946,-3749.9999999999463
2025-09-19,IGARASHI,LONG,B_HUGE_GREEN_PULLBACK_HOLD_THEN_BREAK,HUGE,2025-09-19 13:00:00+05:30,2025-09-19 14:15:00+05:30,541.1082,537.0498885000001,549.2248229999999,2025-09-19 15:30:00+05:30,544.0,EOD,1.8721088314684473,2.672108831468447,50.2379264831543,69.00494384765625,76.42179870605469,2.5472623554531646,2.173517738971013,0.0070618055075284325,7.531658168111234,0.0,537.0498885000001,0.37442176629368945,0.5344217662936894,100000.0,5.0,500000.0,1872.1088314684473,2672.1088314684475
2025-09-22,MPHASIS,SHORT,A_PULLBACK_C2_THEN_BREAK_C2_LOW,MODERATE,2025-09-22 10:15:00+05:30,2025-09-22 10:45:00+05:30,2871.4256,2892.9612920000004,2836.9684928,2025-09-22 15:30:00+05:30,2853.0,EOD,2.408441131123166,3.2084411311231658,33.1065788269043,19.087425231933594,38.53482437133789,0.49955347355359253,3.5855301268391027,0.007867184936602113,0.4440205402754432,0.0,2892.9612920000004,0.4816882262246332,0.6416882262246332,50000.0,5.0,250000.0,1204.220565561583,1604.220565561583
2025-09-22,SBICARD,SHORT,A_MOD_BREAK_C1_LOW,MODERATE,2025-09-22 10:45:00+05:30,2025-09-22 11:00:00+05:30,865.8767777954101,872.3708536288758,855.4862564618652,2025-09-22 15:30:00+05:30,871.0999755859375,EOD,-3.8161322745171864,-3.0161322745171866,37.46192932128906,35.6037483215332,40.931175231933594,1.08345987288124,1.857914614567127,0.004803091596979584,0.6044301483019092,0.0,872.3708536288758,-0.7632264549034373,-0.6032264549034373,50000.0,5.0,250000.0,-1908.0661372585932,-1508.066137258593
2025-09-22,LTIM,SHORT,A_MOD_BREAK_C1_LOW,MODERATE,2025-09-22 11:00:00+05:30,2025-09-22 11:15:00+05:30,5274.9448,5314.506886,5211.6454624,2025-09-22 12:19:00+05:30,5314.506886,SL,-4.549999999999991,-3.749999999999991,39.85596466064453,19.998319625854492,33.33333206176758,0.5000796661769296,3.0195985216351273,0.008038672371831371,0.5453534114906307,0.0,5314.506886,-0.9099999999999981,-0.7499999999999982,50000.0,5.0,250000.0,-2274.9999999999955,-1874.9999999999957
2025-09-22,NUVAMA,SHORT,A_MOD_BREAK_C1_LOW,MODERATE,2025-09-22 11:00:00+05:30,2025-09-22 11:15:00+05:30,1256.2487,1265.6705652500002,1241.1737156000002,2025-09-22 15:30:00+05:30,1258.0,EOD,-1.4970355471810244,-0.6970355471810242,36.68309020996094,20.35965919494629,2.4265644550323486,2.0984178320557274,3.5725911458333335,0.003581376840429765,0.7602463531494139,0.0,1265.6705652500002,-0.29940710943620485,-0.13940710943620485,50000.0,5.0,250000.0,-748.5177735905122,-348.51777359051215
2025-09-22,APTECHT,SHORT,A_MOD_BREAK_C1_LOW,MODERATE,2025-09-22 11:15:00+05:30,2025-09-22 11:30:00+05:30,128.3000061035156,129.262256149292,126.76040603027343,2025-09-22 15:30:00+05:30,128.25999450683594,EOD,-0.6440701684480287,0.1559298315519712,30.64752197265625,35.67360305786133,4.3484954833984375,1.2939848055541188,1.6841983228041795,0.005831809709343607,0.5303700867020236,0.0,129.262256149292,-0.12881403368960573,0.03118596631039424,50000.0,5.0,250000.0,-322.03508422401427,77.9649157759856
2025-09-22,ATGL,LONG,B_HUGE_GREEN_PULLBACK_HOLD_THEN_BREAK,HUGE,2025-09-22 11:00:00+05:30,2025-09-22 12:30:00+05:30,765.153,759.4143525000001,776.6302949999999,2025-09-22 12:40:00+05:30,776.6302949999999,TARGET,6.6999999999999424,7.499999999999942,45.24049758911133,79.40302276611328,89.2853012084961,2.297588118263109,4.5404896192179605,0.016552622133442794,8.873587860874084,0.0,759.4143525000001,1.3399999999999885,1.4999999999999885,100000.0,5.0,500000.0,6699.999999999943,7499.999999999943
2025-09-22,CONFIPET,SHORT,A_MOD_BREAK_C1_LOW,MODERATE,2025-09-22 12:15:00+05:30,2025-09-22 12:30:00+05:30,47.13999862670899,47.493548616409306,46.57431864318848,2025-09-22 15:30:00+05:30,47.099998474121094,EOD,-0.37573023172268566,0.4242697682773142,47.4129524230957,29.128841400146484,7.51786470413208,1.854326590524591,1.7840019760483814,0.004358378058031405,0.884901538490658,0.0,47.493548616409306,-0.07514604634453713,0.08485395365546285,50000.0,5.0,250000.0,-187.86511586134282,212.13488413865713
2025-09-22,CHEMCON,LONG,B_HUGE_GREEN_PULLBACK_HOLD_THEN_BREAK,HUGE,2025-09-22 12:00:00+05:30,2025-09-22 13:15:00+05:30,259.0518,257.10891150000003,262.937577,2025-09-22 13:26:00+05:30,262.937577,TARGET,6.6999999999999265,7.499999999999925,43.44806671142578,77.15092468261719,79.96710205078125,1.5128951904525851,3.3909590551941178,0.017363084667550807,6.994882708049959,0.0,257.10891150000003,1.3399999999999852,1.4999999999999851,100000.0,5.0,500000.0,6699.999999999925,7499.999999999926
2025-09-22,CUMMINSIND,SHORT,A_MOD_BREAK_C1_LOW,MODERATE,2025-09-22 14:15:00+05:30,2025-09-22 14:30:00+05:30,4010.0977223632813,4040.173455281006,3961.9765496949217,2025-09-22 15:30:00+05:30,3999.0,EOD,0.5837221847976581,1.383722184797658,37.21057891845703,23.142728805541992,8.437673568725586,4.278496583050604,3.2927482149152225,0.002840061596393823,0.7681586837768555,0.0,4040.173455281006,0.11674443695953163,0.2767444369595316,50000.0,5.0,250000.0,291.86109239882904,691.861092398829
2025-09-22,SIEMENS,SHORT,A_MOD_BREAK_C1_LOW,MODERATE,2025-09-22 14:15:00+05:30,2025-09-22 14:30:00+05:30,3265.246722363281,3289.736072781006,3226.0637616949216,2025-09-22 15:30:00+05:30,3240.5,EOD,2.989410796096025,3.7894107960960244,43.27555847167969,25.697250366210938,11.844449043273926,2.3793450590464817,2.2601935097443353,0.0030718386848293242,0.8591333770751952,0.0,3289.736072781006,0.597882159219205,0.7578821592192049,50000.0,5.0,250000.0,1494.7053980480123,1894.705398048012
2025-09-23,INDHOTEL,SHORT,A_MOD_BREAK_C1_LOW,MODERATE,2025-09-23 10:15:00+05:30,2025-09-23 10:30:00+05:30,753.8492,759.5030690000001,744.8030096,2025-09-23 15:30:00+05:30,752.8499755859375,EOD,-0.13725179116559627,0.6627482088344037,33.739036560058594,17.843273162841797,3.223729372024536,1.8327815724875993,4.4201956420784425,0.0040179410365146564,0.6868223235862088,0.0,759.5030690000001,-0.027450358233119254,0.13254964176688072,50000.0,5.0,250000.0,-68.62589558279814,331.3741044172018
2025-09-23,DBL,SHORT,A_MOD_BREAK_C1_LOW,MODERATE,2025-09-23 11:00:00+05:30,2025-09-23 11:15:00+05:30,551.0397944091796,555.1725928672486,544.4273168762695,2025-09-23 11:20:00+05:30,544.4273168762695,TARGET,5.19999999999998,5.99999999999998,33.83121871948242,27.11772346496582,10.263008117675781,1.2450915204757487,2.3473042475020884,0.007296430106582007,0.5853592968754924,0.0,555.1725928672486,1.039999999999996,1.199999999999996,50000.0,5.0,250000.0,2599.99999999999,2999.99999999999
2025-09-23,KEI,SHORT,A_MOD_BREAK_C1_LOW,MODERATE,2025-09-23 11:00:00+05:30,2025-09-23 11:15:00+05:30,4061.3875111816405,4091.847917515503,4012.6508610474607,2025-09-23 12:04:00+05:30,4091.847917515503,SL,-4.550000000000019,-3.75000000000002,40.07849884033203,18.77393913269043,10.116630554199219,1.477448035857294,2.6131382012402793,0.005732540771244256,0.7197308888800069,0.0,4091.847917515503,-0.9100000000000039,-0.750000000000004,50000.0,5.0,250000.0,-2275.0000000000095,-1875.00000000001
2025-09-23,SJVN,SHORT,A_MOD_BREAK_C1_LOW,MODERATE,2025-09-23 11:00:00+05:30,2025-09-23 11:15:00+05:30,92.85000152587891,93.54637653732301,91.73580150756837,2025-09-23 15:30:00+05:30,92.9000015258789,EOD,-1.0692514764583028,-0.26925147645830294,25.108285903930664,31.252819061279297,14.431137084960938,1.4612209643874439,2.1754699928078676,0.003913581242866947,0.4923379573267626,0.0,93.54637653732301,-0.21385029529166055,-0.05385029529166059,50000.0,5.0,250000.0,-534.6257382291514,-134.6257382291515
2025-09-23,KRN,SHORT,A_MOD_BREAK_C1_LOW,MODERATE,2025-09-23 11:15:00+05:30,2025-09-23 11:30:00+05:30,862.4774944091797,868.9460756172487,852.1277644762696,2025-09-23 11:55:00+05:30,852.1277644762696,TARGET,5.19999999999998,5.99999999999998,26.113096237182617,26.33852767944336,5.842104911804199,2.1604976429880516,2.3660594408439675,0.00479997357423752,0.6016964435577392,0.0,868.9460756172487,1.039999999999996,1.199999999999996,50000.0,5.0,250000.0,2599.99999999999,2999.99999999999
2025-09-23,POWERMECH,SHORT,A_PULLBACK_C2_THEN_BREAK_C2_LOW,MODERATE,2025-09-23 11:15:00+05:30,2025-09-23 11:45:00+05:30,2931.2136888183595,2953.1977914844974,2896.0391245525393,2025-09-23 13:28:00+05:30,2896.0391245525393,TARGET,5.199999999999982,5.999999999999982,26.90688705444336,27.78722381591797,1.9553653001785278,2.4181883886106186,3.1028770793967975,0.005070535535389612,0.6136033058166503,0.0,2953.1977914844974,1.0399999999999965,1.1999999999999964,50000.0,5.0,250000.0,2599.9999999999914,2999.999999999991
2025-09-23,CRISIL,SHORT,A_MOD_BREAK_C1_LOW,MODERATE,2025-09-23 12:00:00+05:30,2025-09-23 12:15:00+05:30,4865.0268,4901.514501,4806.6464784,2025-09-23 15:30:00+05:30,4850.0,EOD,0.7443697041915209,1.5443697041915208,50.74796676635742,16.606548309326172,5.999713897705078,1.5869863752927136,2.309127908402187,0.0036743995890981406,0.8877226156762248,0.0,4901.514501,0.1488739408383042,0.30887394083830416,50000.0,5.0,250000.0,372.18485209576045,772.1848520957603
2025-09-23,GODREJCP,SHORT,A_MOD_BREAK_C1_LOW,MODERATE,2025-09-23 13:45:00+05:30,2025-09-23 14:00:00+05:30,1193.7612,1202.714409,1179.4360656,2025-09-23 15:30:00+05:30,1192.199951171875,EOD,-0.1460799244752982,0.6539200755247017,44.38015365600586,21.135255813598633,6.224196434020996,2.492613853435413,3.0692365052589485,0.003761610329832056,0.8757023048400878,0.0,1202.714409,-0.029215984895059638,0.13078401510494034,50000.0,5.0,250000.0,-73.0399622376491,326.96003776235085
2025-09-24,NAVKARCORP,SHORT,B_HUGE_RED_FAILED_BOUNCE,HUGE,2025-09-24 10:00:00+05:30,2025-09-24 11:30:00+05:30,124.28000183105469,125.21210184478761,122.78864180908204,2025-09-24 12:53:00+05:30,122.78864180908204,TARGET,5.199999999999988,5.999999999999988,27.417194366455078,25.41908836364746,9.331113815307617,0.921847753573502,3.550367925656637,0.0053788188398341584,0.47258127237218894,0.0,125.21210184478761,1.0399999999999976,1.1999999999999975,50000.0,5.0,250000.0,2599.9999999999936,2999.999999999994
2025-09-24,NESCO,SHORT,A_MOD_BREAK_C1_LOW,MODERATE,2025-09-24 11:15:00+05:30,2025-09-24 11:30:00+05:30,1444.8109555908204,1455.6470377577516,1427.4732241237305,2025-09-24 14:49:00+05:30,1427.4732241237305,TARGET,5.200000000000038,6.000000000000037,32.315486907958984,31.81128692626953,34.75479507446289,0.7361769448436438,1.630223798122748,0.008231882937373258,0.4550744588731599,0.0,1455.6470377577516,1.0400000000000076,1.2000000000000075,50000.0,5.0,250000.0,2600.000000000019,3000.0000000000186
2025-09-24,IFBIND,LONG,B_HUGE_GREEN_PULLBACK_HOLD_THEN_BREAK,HUGE,2025-09-24 10:30:00+05:30,2025-09-24 11:45:00+05:30,1843.5685911621094,1829.7418267283938,1871.222120029541,2025-09-24 11:47:00+05:30,1871.222120029541,TARGET,6.699999999999971,7.49999999999997,50.910133361816406,76.88776397705078,90.63602447509766,1.714311458291136,3.838264801119557,0.0108989970996838,8.130834449487587,0.0,1829.7418267283938,1.339999999999994,1.499999999999994,100000.0,5.0,500000.0,6699.999999999971,7499.99999999997
2025-09-24,GODREJPROP,SHORT,A_MOD_BREAK_C1_LOW,MODERATE,2025-09-24 12:00:00+05:30,2025-09-24 12:15:00+05:30,2043.8911888183593,2059.2203727344972,2019.3644945525389,2025-09-24 14:41:00+05:30,2019.3644945525389,TARGET,5.200000000000028,6.0000000000000275,38.435302734375,17.20690155029297,4.129907608032227,3.021819095360919,3.3923939442070914,0.004784250255915883,0.786529541015625,0.0,2059.2203727344972,1.0400000000000056,1.2000000000000055,50000.0,5.0,250000.0,2600.0000000000136,3000.000000000014
2025-09-24,VTL,SHORT,A_MOD_BREAK_C1_LOW,MODERATE,2025-09-24 12:15:00+05:30,2025-09-24 12:30:00+05:30,412.56746389770507,415.66171987693787,407.6166543309326,2025-09-24 15:08:00+05:30,415.66171987693787,SL,-4.550000000000011,-3.7500000000000124,27.904428482055664,29.539798736572266,9.486238479614258,1.941073936387845,2.2624363100908362,0.004280007859080083,0.6182543660987079,0.0,415.66171987693787,-0.9100000000000024,-0.7500000000000024,50000.0,5.0,250000.0,-2275.000000000006,-1875.000000000006
2025-09-24,NSIL,LONG,B_HUGE_GREEN_PULLBACK_HOLD_THEN_BREAK,HUGE,2025-09-24 10:15:00+05:30,2025-09-24 13:15:00+05:30,7634.0265,7576.771301250001,7748.536897499999,2025-09-24 13:52:00+05:30,7576.771301250001,SL,-4.5499999999999465,-3.7499999999999467,25.662519454956055,87.97083282470703,88.27156066894531,1.3671194337059072,5.490368696085645,0.008908400424691133,8.528397664522636,0.0,7576.771301250001,-0.9099999999999893,-0.7499999999999893,100000.0,5.0,500000.0,-4549.999999999946,-3749.9999999999463
2025-09-24,INNOVACAP,SHORT,A_MOD_BREAK_C1_LOW,MODERATE,2025-09-24 13:00:00+05:30,2025-09-24 13:15:00+05:30,845.8308,852.174531,835.6808304,2025-09-24 14:05:00+05:30,852.174531,SL,-4.550000000000028,-3.7500000000000284,28.75071907043457,27.43182945251465,2.9774515628814697,1.919178064176896,2.6611363517748376,0.004544739114273018,0.6271169472874754,0.0,852.174531,-0.9100000000000057,-0.7500000000000057,50000.0,5.0,250000.0,-2275.0000000000146,-1875.0000000000143
2025-09-25,KSCL,SHORT,A_MOD_BREAK_C1_LOW,MODERATE,2025-09-25 10:45:00+05:30,2025-09-25 11:00:00+05:30,1119.776,1128.17432,1106.338688,2025-09-25 12:08:00+05:30,1106.338688,TARGET,5.200000000000009,6.000000000000009,26.371068954467773,30.814085006713867,11.900860786437988,1.093966102115595,2.39665085995917,0.005295487740395689,0.44701010218724574,0.0,1128.17432,1.0400000000000018,1.2000000000000017,50000.0,5.0,250000.0,2600.0000000000045,3000.0000000000045
2025-09-25,MANAPPURAM,SHORT,A_MOD_BREAK_C1_LOW,MODERATE,2025-09-25 11:30:00+05:30,2025-09-25 11:45:00+05:30,280.14397220458983,282.2450519961243,276.78224453813476,2025-09-25 13:41:00+05:30,282.2450519961243,SL,-4.550000000000064,-3.750000000000064,46.09992599487305,18.35797882080078,9.167155265808105,1.2766332531669853,2.7731369492325944,0.006110470013962703,0.774909709227318,0.0,282.2450519961243,-0.9100000000000128,-0.7500000000000128,50000.0,5.0,250000.0,-2275.0000000000323,-1875.000000000032
2025-09-25,GRAVITA,SHORT,A_PULLBACK_C2_THEN_BREAK_C2_LOW,MODERATE,2025-09-25 11:45:00+05:30,2025-09-25 12:15:00+05:30,1614.7769555908203,1626.8877827577517,1595.3996321237305,2025-09-25 15:19:00+05:30,1595.3996321237305,TARGET,5.19999999999999,5.999999999999989,43.676143646240234,21.27530860900879,2.7890565395355225,1.5238301364803755,2.6331530272708035,0.004481407327353434,0.7818124285776691,0.0,1626.8877827577517,1.039999999999998,1.199999999999998,50000.0,5.0,250000.0,2599.999999999995,2999.999999999995
2025-09-25,EXPLEOSOL,SHORT,A_MOD_BREAK_C1_LOW,MODERATE,2025-09-25 12:00:00+05:30,2025-09-25 12:15:00+05:30,978.8042,986.1452315000001,967.0585496,2025-09-25 12:16:00+05:30,967.0585496,TARGET,5.200000000000023,6.000000000000023,53.53477478027344,29.585494995117188,16.438411712646484,2.0633865217356138,2.112810290385483,0.005318840385335702,0.96,0.0,986.1452315000001,1.0400000000000047,1.2000000000000046,50000.0,5.0,250000.0,2600.0000000000114,3000.0000000000114
2025-09-25,RKFORGE,SHORT,A_MOD_BREAK_C1_LOW,MODERATE,2025-09-25 12:00:00+05:30,2025-09-25 12:15:00+05:30,548.8902,553.0068765000001,542.3035176000001,2025-09-25 14:39:00+05:30,542.3035176000001,TARGET,5.199999999999974,5.999999999999974,26.905818939208984,23.232973098754883,0.0,2.24325421488381,2.909538836143808,0.004605787916478781,0.6135872840881347,0.0,553.0068765000001,1.039999999999995,1.1999999999999948,50000.0,5.0,250000.0,2599.9999999999873,2999.9999999999873
2025-09-25,TCS,SHORT,A_MOD_BREAK_C1_LOW,MODERATE,2025-09-25 12:00:00+05:30,2025-09-25 12:15:00+05:30,2996.4006,3018.8736045,2960.4437927999998,2025-09-25 14:12:00+05:30,2960.4437927999998,TARGET,5.200000000000031,6.000000000000031,53.77739334106445,19.014638900756836,3.086244583129883,2.0269281823496756,3.0886394567326176,0.002471347342797815,0.96,0.0,3018.8736045,1.0400000000000063,1.2000000000000062,50000.0,5.0,250000.0,2600.0000000000155,3000.0000000000155
2025-09-25,MUFTI,SHORT,A_MOD_BREAK_C1_LOW,MODERATE,2025-09-25 12:15:00+05:30,2025-09-25 12:30:00+05:30,111.56000061035157,112.39670061492922,110.22128060302734,2025-09-25 15:19:00+05:30,110.22128060302734,TARGET,5.200000000000037,6.000000000000036,50.42609786987305,16.232892990112305,5.898470401763916,1.6241103178953649,2.3431282557718878,0.004366785506902649,0.8942193056316887,0.0,112.39670061492922,1.0400000000000074,1.2000000000000073,50000.0,5.0,250000.0,2600.0000000000186,3000.000000000018
2025-09-25,AJANTPHARM,SHORT,A_MOD_BREAK_C1_LOW,MODERATE,2025-09-25 13:45:00+05:30,2025-09-25 14:00:00+05:30,2483.4031223632815,2502.028645781006,2453.602284894922,2025-09-25 15:30:00+05:30,2483.0,EOD,-0.7188367044296394,0.08116329557036053,29.66176414489746,27.144630432128906,5.618180274963379,2.49129665808808,2.506986722328521,0.0033902523022342995,0.6549264621734618,0.0,2502.028645781006,-0.14376734088592788,0.016232659114072106,50000.0,5.0,250000.0,-359.4183522148197,40.581647785180266
2025-09-25,IONEXCHANG,SHORT,A_MOD_BREAK_C1_LOW,MODERATE,2025-09-25 13:45:00+05:30,2025-09-25 14:00:00+05:30,414.7670361022949,417.8777888730622,409.7898316690674,2025-09-25 15:30:00+05:30,411.95001220703125,EOD,2.595911017587358,3.395911017587358,37.427513122558594,23.332839965820312,10.16686725616455,2.4880234386281135,2.592117904851732,0.003546893982681817,0.7714126968383788,0.0,417.8777888730622,0.5191822035174716,0.6791822035174716,50000.0,5.0,250000.0,1297.955508793679,1697.955508793679
2025-09-26,HLEGLAS,SHORT,A_MOD_BREAK_C1_LOW,MODERATE,2025-09-26 10:45:00+05:30,2025-09-26 11:00:00+05:30,489.902,493.57626500000003,484.023176,2025-09-26 11:34:00+05:30,484.023176,TARGET,5.200000000000009,6.000000000000009,28.137311935424805,26.169658660888672,26.78740692138672,1.1798301244015665,3.0376830598008464,0.010738301056129529,0.48852995080164624,0.0,493.57626500000003,1.0400000000000018,1.2000000000000017,50000.0,5.0,250000.0,2600.0000000000045,3000.0000000000045
2025-09-26,KRN,SHORT,A_MOD_BREAK_C1_LOW,MODERATE,2025-09-26 11:00:00+05:30,2025-09-26 11:15:00+05:30,833.7332444091796,839.9862437422486,823.7284454762695,2025-09-26 11:22:00+05:30,823.7284454762695,TARGET,5.199999999999996,5.999999999999996,45.07078552246094,20.44663429260254,5.197507381439209,1.9385104321889097,2.860500080020427,0.005812645529558558,0.8753011084699731,0.0,839.9862437422486,1.0399999999999991,1.199999999999999,50000.0,5.0,250000.0,2599.9999999999977,2999.9999999999973
2025-09-26,ELIN,SHORT,A_PULLBACK_C2_THEN_BREAK_C2_LOW,MODERATE,2025-09-26 11:00:00+05:30,2025-09-26 11:30:00+05:30,207.47000427246093,209.0260293045044,204.9803642211914,2025-09-26 11:48:00+05:30,204.9803642211914,TARGET,5.200000000000004,6.0000000000000036,39.25177764892578,29.219539642333984,17.581567764282227,1.2385214677688694,2.058077625832369,0.012471444447009305,0.6655179215934388,0.0,209.0260293045044,1.0400000000000007,1.2000000000000006,50000.0,5.0,250000.0,2600.000000000002,3000.0000000000014
2025-09-26,AARTIIND,SHORT,A_MOD_BREAK_C1_LOW,MODERATE,2025-09-26 11:15:00+05:30,2025-09-26 11:30:00+05:30,373.4253,376.22598975,368.9441964,2025-09-26 15:30:00+05:30,374.29998779296875,EOD,-1.9711683608057045,-1.1711683608057046,26.348163604736328,26.76975440979004,17.122039794921875,1.1027680922537972,2.202409412390669,0.0051307051641613895,0.4482068702154594,0.0,376.22598975,-0.3942336721611409,-0.23423367216114094,50000.0,5.0,250000.0,-985.5841804028522,-585.5841804028523
2025-09-26,BOMDYEING,SHORT,A_MOD_BREAK_C1_LOW,MODERATE,2025-09-26 11:15:00+05:30,2025-09-26 11:30:00+05:30,169.34999389648436,170.620118850708,167.31779396972655,2025-09-26 15:30:00+05:30,168.3000030517578,EOD,2.300061655060823,3.1000616550608227,36.93362045288086,24.463851928710938,12.567119598388672,1.4412049873643273,2.895008003250938,0.0063785317246926355,0.6662151795819702,0.0,170.620118850708,0.4600123310121646,0.6200123310121646,50000.0,5.0,250000.0,1150.0308275304114,1550.0308275304114
2025-09-26,PPLPHARMA,SHORT,A_MOD_BREAK_C1_LOW,MODERATE,2025-09-26 11:15:00+05:30,2025-09-26 11:30:00+05:30,189.2500030517578,190.669378074646,186.9790030151367,2025-09-26 15:30:00+05:30,187.72999572753906,EOD,3.215871333442022,4.015871333442022,41.319618225097656,29.060558319091797,38.14358139038086,0.8727770664771519,2.4363269506685756,0.008813545250246566,0.6325302600099665,0.0,190.669378074646,0.6431742666884044,0.8031742666884044,50000.0,5.0,250000.0,1607.9356667210109,2007.935666721011
2025-09-26,VASCONEQ,SHORT,A_MOD_BREAK_C1_LOW,MODERATE,2025-09-26 11:15:00+05:30,2025-09-26 11:30:00+05:30,58.95,59.39212500000001,58.2426,2025-09-26 13:39:00+05:30,58.2426,TARGET,5.199999999999999,5.999999999999998,25.629405975341797,29.855087280273438,32.78235626220703,0.22950757519728482,1.8858376278339897,0.010811148053508694,0.27889679668135126,0.0,59.39212500000001,1.0399999999999998,1.1999999999999997,50000.0,5.0,250000.0,2599.9999999999995,2999.999999999999
2025-09-26,ABCAPITAL,SHORT,A_MOD_BREAK_C1_LOW,MODERATE,2025-09-26 11:30:00+05:30,2025-09-26 11:45:00+05:30,283.19335,285.31730012500003,279.7950298,2025-09-26 14:00:00+05:30,279.7950298,TARGET,5.200000000000001,6.000000000000001,42.350372314453125,29.856351852416992,27.3583984375,0.7208021998552261,2.050566600638282,0.007156730756807912,0.6213959696914615,0.0,285.31730012500003,1.0400000000000003,1.2000000000000002,50000.0,5.0,250000.0,2600.000000000001,3000.0000000000005
2025-09-26,DEVYANI,SHORT,A_MOD_BREAK_C1_LOW,MODERATE,2025-09-26 11:30:00+05:30,2025-09-26 11:45:00+05:30,168.14999694824218,169.411121925354,166.13219698486327,2025-09-26 15:00:00+05:30,169.411121925354,SL,-4.55000000000001,-3.7500000000000098,63.73222351074219,12.178081512451172,2.496326208114624,2.2968984037461575,3.673417077714993,0.005094472579049143,0.96,0.0,169.411121925354,-0.9100000000000019,-0.750000000000002,50000.0,5.0,250000.0,-2275.000000000005,-1875.000000000005
2025-09-26,IEX,SHORT,A_MOD_BREAK_C1_LOW,MODERATE,2025-09-26 11:30:00+05:30,2025-09-26 11:45:00+05:30,138.3000061035156,139.337256149292,136.64040603027343,2025-09-26 15:30:00+05:30,137.75,EOD,1.1884529256778986,1.9884529256778984,25.284765243530273,27.947200775146484,11.321677207946777,1.3281803966448522,2.096572459730875,0.004687957815314889,0.47170304806580327,0.0,139.337256149292,0.23769058513557972,0.3976905851355797,50000.0,5.0,250000.0,594.2264628389494,994.2264628389493
2025-09-26,IOLCP,SHORT,A_MOD_BREAK_C1_LOW,MODERATE,2025-09-26 11:30:00+05:30,2025-09-26 11:45:00+05:30,106.75000305175782,107.550628074646,105.46900301513672,2025-09-26 13:26:00+05:30,105.46900301513672,TARGET,5.200000000000004,6.0000000000000036,40.19265365600586,21.13954734802246,5.6233229637146,1.89168418854859,2.801063557835993,0.009685904693643744,0.7939345378360911,0.0,107.550628074646,1.0400000000000007,1.2000000000000006,50000.0,5.0,250000.0,2600.000000000002,3000.0000000000014
2025-09-26,LAURUSLABS,SHORT,A_MOD_BREAK_C1_LOW,MODERATE,2025-09-26 11:30:00+05:30,2025-09-26 11:45:00+05:30,849.2301444091797,855.5993704922487,839.0393826762696,2025-09-26 12:02:00+05:30,839.0393826762696,TARGET,5.199999999999978,5.999999999999978,42.95438003540039,22.81435203552246,7.719930648803711,1.7257328959025238,3.37479587225475,0.010572208392073857,0.8063189573139475,0.0,855.5993704922487,1.0399999999999956,1.1999999999999955,50000.0,5.0,250000.0,2599.999999999989,2999.9999999999886
2025-09-26,PNCINFRA,SHORT,A_MOD_BREAK_C1_LOW,MODERATE,2025-09-26 11:30:00+05:30,2025-09-26 11:45:00+05:30,293.6412722045898,295.84358174612424,290.11757693813473,2025-09-26 12:56:00+05:30,295.84358174612424,SL,-4.549999999999992,-3.7499999999999916,45.16627502441406,12.284278869628906,1.709572434425354,2.400521759850639,3.3369325303850434,0.004328271987590384,0.887494125366211,0.0,295.84358174612424,-0.9099999999999984,-0.7499999999999983,50000.0,5.0,250000.0,-2274.999999999996,-1874.999999999996
2025-09-26,TECHM,SHORT,A_MOD_BREAK_C1_LOW,MODERATE,2025-09-26 11:30:00+05:30,2025-09-26 11:45:00+05:30,1415.9167111816407,1426.536086515503,1398.925710647461,2025-09-26 15:30:00+05:30,1407.0,EOD,2.348741416505834,3.1487414165058336,49.31437301635742,28.178911209106445,11.025556564331055,1.4008278369940428,2.689901116481861,0.004496430711335672,0.8448604667193187,0.0,1426.536086515503,0.46974828330116675,0.6297482833011667,50000.0,5.0,250000.0,1174.370708252917,1574.370708252917
2025-09-26,PGEL,SHORT,A_PULLBACK_C2_THEN_BREAK_C2_LOW,MODERATE,2025-09-26 11:45:00+05:30,2025-09-26 12:15:00+05:30,521.14575,525.0543431250001,514.892001,2025-09-26 13:39:00+05:30,514.892001,TARGET,5.199999999999973,5.999999999999972,43.761966705322266,18.575176239013672,6.611097812652588,2.334077824481854,3.978208060355734,0.0065644483104755165,0.8664295005798339,0.0,525.0543431250001,1.0399999999999945,1.1999999999999944,50000.0,5.0,250000.0,2599.999999999986,2999.9999999999864
2025-09-26,JYOTICNC,SHORT,A_MOD_BREAK_C1_LOW,MODERATE,2025-09-26 13:30:00+05:30,2025-09-26 13:45:00+05:30,867.9263555908203,874.4358032577516,857.5112393237305,2025-09-26 15:30:00+05:30,866.9000244140625,EOD,-0.2087452407991625,0.5912547592008374,39.97565460205078,31.163360595703125,6.1546125411987305,2.6891851483116094,2.45940848585647,0.0036700611421784817,0.8096348190307616,0.0,874.4358032577516,-0.041749048159832505,0.11825095184016747,50000.0,5.0,250000.0,-104.37262039958127,295.6273796004187
2025-09-26,SAMHI,SHORT,A_MOD_BREAK_C1_LOW,MODERATE,2025-09-26 13:30:00+05:30,2025-09-26 13:45:00+05:30,202.19000549316405,203.7064305343628,199.76372542724607,2025-09-26 15:30:00+05:30,202.0,EOD,-0.3301313418024632,0.4698686581975367,25.1207275390625,32.05076217651367,13.426519393920898,1.8427019985835946,1.776767045641624,0.004551155984088986,0.5481221151201477,0.0,203.7064305343628,-0.06602626836049263,0.09397373163950734,50000.0,5.0,250000.0,-165.06567090123158,234.93432909876836
2025-09-26,DOMS,SHORT,A_MOD_BREAK_C1_LOW,MODERATE,2025-09-26 14:00:00+05:30,2025-09-26 14:15:00+05:30,2479.4039223632813,2497.999451781006,2449.651075294922,2025-09-26 15:30:00+05:30,2478.199951171875,EOD,-0.5572055161027029,0.24279448389729705,48.798553466796875,23.7006893157959,5.109143257141113,2.7678350840650183,3.311962890625,0.004030307994838136,0.941978302001953,0.0,2497.999451781006,-0.11144110322054057,0.04855889677945941,50000.0,5.0,250000.0,-278.60275805135143,121.39724194864853
2025-09-26,KAMDHENU,SHORT,A_MOD_BREAK_C1_LOW,MODERATE,2025-09-26 14:00:00+05:30,2025-09-26 14:15:00+05:30,26.63000030517578,26.8297253074646,26.310440301513673,2025-09-26 15:21:00+05:30,26.310440301513673,TARGET,5.199999999999976,5.999999999999975,38.967323303222656,24.665922164916992,3.901249885559082,2.6993528438957997,3.332185687085284,0.006559212383875498,0.7945098495483398,0.0,26.8297253074646,1.0399999999999952,1.199999999999995,50000.0,5.0,250000.0,2599.9999999999877,2999.9999999999873
2025-09-26,LYKALABS,SHORT,A_MOD_BREAK_C1_LOW,MODERATE,2025-09-26 14:15:00+05:30,2025-09-26 14:30:00+05:30,93.95,94.65462500000001,92.82260000000001,2025-09-26 14:52:00+05:30,94.65462500000001,SL,-4.550000000000037,-3.7500000000000377,34.901336669921875,28.556100845336914,1.004338026046753,4.285234585514512,4.65454850257679,0.0033872494645430695,0.7335200500488281,0.0,94.65462500000001,-0.9100000000000075,-0.7500000000000075,50000.0,5.0,250000.0,-2275.0000000000186,-1875.0000000000189
2025-09-29,TANLA,SHORT,A_MOD_BREAK_C1_LOW,MODERATE,2025-09-29 10:30:00+05:30,2025-09-29 10:45:00+05:30,670.8658,675.8972935,662.8154104,2025-09-29 11:51:00+05:30,662.8154104,TARGET,5.200000000000013,6.000000000000012,69.8568115234375,13.024662971496582,2.899840831756592,2.3875130699013494,4.112301404135714,0.008001495037639634,0.96,0.0,675.8972935,1.0400000000000025,1.2000000000000024,50000.0,5.0,250000.0,2600.0000000000064,3000.000000000006
2025-09-29,GRSE,SHORT,A_MOD_BREAK_C1_LOW,MODERATE,2025-09-29 11:15:00+05:30,2025-09-29 11:30:00+05:30,2533.4932,2552.494399,2503.0912816,2025-09-29 12:47:00+05:30,2503.0912816,TARGET,5.199999999999978,5.999999999999978,36.79996109008789,21.292766571044922,4.666106224060059,2.9382801721187213,3.3338121810904346,0.009030692346937793,0.7619994163513182,0.0,2552.494399,1.0399999999999956,1.1999999999999955,50000.0,5.0,250000.0,2599.999999999989,2999.9999999999886
2025-09-29,FSL,SHORT,A_MOD_BREAK_C1_LOW,MODERATE,2025-09-29 11:30:00+05:30,2025-09-29 11:45:00+05:30,345.13097220458985,347.7194544961243,340.98940053813476,2025-09-29 11:46:00+05:30,340.98940053813476,TARGET,5.2000000000000215,6.000000000000021,32.51935577392578,35.1639518737793,21.20349884033203,0.8961121647379169,1.9058678153943445,0.008592519459153227,0.49990335620773935,0.0,347.7194544961243,1.0400000000000043,1.2000000000000042,50000.0,5.0,250000.0,2600.000000000011,3000.0000000000105
2025-09-29,WHIRLPOOL,SHORT,A_MOD_BREAK_C1_LOW,MODERATE,2025-09-29 11:30:00+05:30,2025-09-29 11:45:00+05:30,1215.8567555908203,1224.9756812577516,1201.2664745237305,2025-09-29 13:03:00+05:30,1201.2664745237305,TARGET,5.199999999999979,5.999999999999979,50.112632751464844,23.491540908813477,11.618453979492188,1.2416802343718427,2.1534677904336195,0.0055879592871591445,0.8272940410150724,0.0,1224.9756812577516,1.0399999999999958,1.1999999999999957,50000.0,5.0,250000.0,2599.9999999999895,2999.999999999989
2025-09-29,SONATSOFTW,SHORT,A_MOD_BREAK_C1_LOW,MODERATE,2025-09-29 12:00:00+05:30,2025-09-29 12:15:00+05:30,347.48047779541014,350.08658137887574,343.3107120618652,2025-09-29 12:58:00+05:30,350.08658137887574,SL,-4.550000000000029,-3.75000000000003,34.38999938964844,24.124454498291016,2.047494888305664,2.249265497037195,2.4681255920369316,0.006930333452239442,0.7258499908447265,0.0,350.08658137887574,-0.9100000000000059,-0.750000000000006,50000.0,5.0,250000.0,-2275.000000000015,-1875.0000000000148
2025-09-29,COROMANDEL,SHORT,A_MOD_BREAK_C1_LOW,MODERATE,2025-09-29 13:00:00+05:30,2025-09-29 13:15:00+05:30,2151.3696888183595,2167.5049614844975,2125.553252552539,2025-09-29 13:35:00+05:30,2167.5049614844975,SL,-4.550000000000072,-3.750000000000072,53.977970123291016,25.876123428344727,11.379691123962402,1.9116048208368264,2.9059151944757513,0.0064572861494207245,0.9445308436464446,0.0,2167.5049614844975,-0.9100000000000144,-0.7500000000000144,50000.0,5.0,250000.0,-2275.0000000000355,-1875.0000000000362
2025-09-30,BHEL,LONG,B_HUGE_GREEN_PULLBACK_HOLD_THEN_BREAK,HUGE,2025-09-30 10:00:00+05:30,2025-09-30 11:00:00+05:30,237.29000549316407,235.51033045196536,240.8493555755615,2025-09-30 15:30:00+05:30,238.85000610351562,EOD,2.4871182397871623,3.287118239787162,26.709762573242188,67.67799377441406,61.34143829345703,1.234561367299403,2.0042699963836967,0.0058033278566494715,5.166315724292023,0.0,235.51033045196536,0.4974236479574325,0.6574236479574325,100000.0,5.0,500000.0,2487.118239787162,3287.118239787162
2025-09-30,HDFCAMC,SHORT,A_PULLBACK_C2_THEN_BREAK_C2_LOW,MODERATE,2025-09-30 11:30:00+05:30,2025-09-30 12:00:00+05:30,2764.447,2785.1803525000005,2731.273636,2025-09-30 13:44:00+05:30,2731.273636,TARGET,5.200000000000039,6.000000000000039,29.807172775268555,26.974349975585938,8.95961856842041,1.318380957778479,2.4440780549201744,0.004598295063480977,0.5378242592402622,0.0,2785.1803525000005,1.0400000000000078,1.2000000000000077,50000.0,5.0,250000.0,2600.0000000000196,3000.000000000019
2025-09-30,CCL,SHORT,A_MOD_BREAK_C1_LOW,MODERATE,2025-09-30 12:00:00+05:30,2025-09-30 12:15:00+05:30,839.8819777954102,846.1810926288758,829.8033940618652,2025-09-30 12:49:00+05:30,846.1810926288758,SL,-4.550000000000036,-3.750000000000036,55.479549407958984,28.774442672729492,7.4973368644714355,1.1577416745936797,2.0069441165851796,0.008234096124077227,0.812604793053894,0.0,846.1810926288758,-0.9100000000000072,-0.7500000000000072,50000.0,5.0,250000.0,-2275.000000000018,-1875.0000000000182
2025-09-30,FIEMIND,SHORT,A_MOD_BREAK_C1_LOW,MODERATE,2025-09-30 12:30:00+05:30,2025-09-30 12:45:00+05:30,1910.9177888183594,1925.2496722344972,1887.986775352539,2025-09-30 13:35:00+05:30,1887.986775352539,TARGET,5.200000000000008,6.000000000000007,37.55350875854492,32.74589920043945,5.566921710968018,1.7519195866319732,1.7939590441486455,0.00820382469368779,0.7195865112462014,0.0,1925.2496722344972,1.0400000000000016,1.2000000000000015,50000.0,5.0,250000.0,2600.0000000000036,3000.000000000004
2025-09-30,DMART,SHORT,A_MOD_BREAK_C1_LOW,MODERATE,2025-09-30 13:00:00+05:30,2025-09-30 13:15:00+05:30,4443.511022363281,4476.837355031006,4390.188890094922,2025-09-30 14:29:00+05:30,4476.837355031006,SL,-4.550000000000065,-3.750000000000065,25.504695892333984,26.984899520874023,4.538177013397217,2.6076647088323397,2.4896106454025784,0.004141616541783457,0.5925704383850097,0.0,4476.837355031006,-0.910000000000013,-0.750000000000013,50000.0,5.0,250000.0,-2275.0000000000327,-1875.0000000000325
2025-09-30,CRISIL,SHORT,A_MOD_BREAK_C1_LOW,MODERATE,2025-09-30 13:15:00+05:30,2025-09-30 13:30:00+05:30,4478.1042,4511.6899815,4424.366949599999,2025-09-30 14:11:00+05:30,4424.366949599999,TARGET,5.200000000000051,6.000000000000051,61.24225616455078,12.82020378112793,6.915826320648193,2.353000765170606,4.135454594128482,0.0037698884791747085,0.96,0.0,4511.6899815,1.0400000000000102,1.2000000000000102,50000.0,5.0,250000.0,2600.0000000000255,3000.000000000025
2025-09-30,BDL,SHORT,A_MOD_BREAK_C1_LOW,MODERATE,2025-09-30 13:30:00+05:30,2025-09-30 13:45:00+05:30,1479.704,1490.80178,1461.9475519999999,2025-09-30 14:26:00+05:30,1461.9475519999999,TARGET,5.200000000000031,6.000000000000031,25.407268524169922,25.34752655029297,1.388909101486206,3.1636461863656096,3.2758485419590935,0.0033156404624114164,0.5911090278625488,0.0,1490.80178,1.0400000000000063,1.2000000000000062,50000.0,5.0,250000.0,2600.0000000000155,3000.0000000000155
2025-09-30,HARIOMPIPE,SHORT,A_MOD_BREAK_C1_LOW,MODERATE,2025-09-30 13:30:00+05:30,2025-09-30 13:45:00+05:30,478.1043722045898,481.69015499612425,472.36711973813476,2025-09-30 15:30:00+05:30,481.69015499612425,SL,-4.550000000000004,-3.750000000000004,38.16960525512695,26.599117279052734,5.921074867248535,2.631837625953697,2.504852837577118,0.006012124175747805,0.7825440788269042,0.0,481.69015499612425,-0.9100000000000008,-0.7500000000000008,50000.0,5.0,250000.0,-2275.000000000002,-1875.0000000000018
2025-10-01,NAVA,SHORT,A_MOD_BREAK_C1_LOW,MODERATE,2025-10-01 11:00:00+05:30,2025-10-01 11:15:00+05:30,639.9719555908204,644.7717452577516,632.2922921237305,2025-10-01 13:30:00+05:30,644.7717452577516,SL,-4.5500000000000735,-3.7500000000000737,34.36668014526367,28.0639591217041,15.307829856872559,1.686769415890161,2.268127757161161,0.005774767502506341,0.6706848499597331,0.0,644.7717452577516,-0.9100000000000148,-0.7500000000000148,50000.0,5.0,250000.0,-2275.000000000037,-1875.000000000037
2025-10-03,JPPOWER,LONG,A_MOD_BREAK_C1_HIGH,MODERATE,2025-10-03 10:00:00+05:30,2025-10-03 10:15:00+05:30,17.990000534057618,17.855075530052186,18.25985054206848,2025-10-03 12:01:00+05:30,18.25985054206848,TARGET,6.699999999999965,7.4999999999999645,37.19709777832031,74.61954498291016,81.64517974853516,1.2057773542188979,2.510782983698669,0.0052984048813337695,5.883269325547003,0.0,17.855075530052186,1.339999999999993,1.499999999999993,100000.0,5.0,500000.0,6699.9999999999645,7499.9999999999645
2025-10-03,MOIL,LONG,A_MOD_BREAK_C1_HIGH,MODERATE,2025-10-03 10:00:00+05:30,2025-10-03 10:15:00+05:30,373.1746261047363,370.3758164089508,378.77224549630733,2025-10-03 10:20:00+05:30,378.77224549630733,TARGET,6.699999999999962,7.499999999999961,30.618968963623047,74.58282470703125,78.06285095214844,0.875327277043532,2.6893899214011947,0.006783987778005534,5.2412397678397955,0.0,370.3758164089508,1.3399999999999923,1.4999999999999922,100000.0,5.0,500000.0,6699.999999999961,7499.999999999962
2025-10-03,BATAINDIA,LONG,B_HUGE_GREEN_PULLBACK_HOLD_THEN_BREAK,HUGE,2025-10-03 10:00:00+05:30,2025-10-03 11:30:00+05:30,1221.2442,1212.0848685,1239.5628629999999,2025-10-03 13:32:00+05:30,1212.0848685,SL,-4.5500000000000025,-3.7500000000000027,40.80628967285156,80.00505828857422,91.48721313476562,2.2566126638521506,4.571017409617442,0.004354690226355038,9.18202115800794,0.0,1212.0848685,-0.9100000000000006,-0.7500000000000006,100000.0,5.0,500000.0,-4550.000000000003,-3750.0000000000027
2025-10-03,SANDUMA,LONG,B_HUGE_GREEN_PULLBACK_HOLD_THEN_BREAK,HUGE,2025-10-03 10:45:00+05:30,2025-10-03 11:45:00+05:30,196.27999572753907,194.80789575958255,199.22419566345215,2025-10-03 11:54:00+05:30,194.80789575958255,SL,-4.549999999999951,-3.749999999999951,30.596773147583008,90.70840454101562,90.0179672241211,1.997804545166909,5.863378631058356,0.01376439130343466,10.086746261268654,0.0,194.80789575958255,-0.9099999999999902,-0.7499999999999902,100000.0,5.0,500000.0,-4549.999999999951,-3749.9999999999513
2025-10-03,MAXHEALTH,SHORT,A_MOD_BREAK_C1_LOW,MODERATE,2025-10-03 11:45:00+05:30,2025-10-03 12:00:00+05:30,1064.9869111816406,1072.974313015503,1052.207068247461,2025-10-03 15:30:00+05:30,1068.5,EOD,-2.449357743965837,-1.6493577439658371,42.721744537353516,13.541677474975586,2.663261651992798,2.755757574928643,4.174987983378738,0.0059211489752000615,0.8508261680603026,0.0,1072.974313015503,-0.4898715487931674,-0.32987154879316744,50000.0,5.0,250000.0,-1224.6788719829185,-824.6788719829186
2025-10-03,ABDL,LONG,B_HUGE_GREEN_PULLBACK_HOLD_THEN_BREAK,HUGE,2025-10-03 10:45:00+05:30,2025-10-03 12:15:00+05:30,550.11,545.984175,558.3616499999999,2025-10-03 15:30:00+05:30,553.0,EOD,1.8267473777971557,2.6267473777971557,55.65422439575195,84.63177490234375,84.41368865966797,2.1227613941665395,3.683721524027902,0.01040403938445006,8.975348784067872,0.0,545.984175,0.36534947555943115,0.5253494755594311,100000.0,5.0,500000.0,1826.7473777971557,2626.7473777971554
2025-10-03,ADSL,LONG,B_HUGE_GREEN_PULLBACK_HOLD_THEN_BREAK,HUGE,2025-10-03 11:15:00+05:30,2025-10-03 12:45:00+05:30,189.05,187.63212500000003,191.88575,2025-10-03 12:56:00+05:30,191.88575,TARGET,6.6999999999999735,7.499999999999973,39.55840301513672,74.43050384521484,73.24978637695312,1.7098314052679782,2.333374813121868,0.00978803027282182,6.391579964797583,0.0,187.63212500000003,1.3399999999999948,1.4999999999999947,100000.0,5.0,500000.0,6699.999999999974,7499.999999999974
2025-10-03,TVSHLTD,LONG,B_HUGE_GREEN_PULLBACK_HOLD_THEN_BREAK,HUGE,2025-10-03 12:00:00+05:30,2025-10-03 13:00:00+05:30,13331.6658,13231.678306500002,13531.640787,2025-10-03 15:17:00+05:30,13231.678306500002,SL,-4.549999999999958,-3.7499999999999583,29.82961082458496,83.11125946044922,70.96785736083984,210.6542418531594,3.326921253460654,0.007306367510198613,258.2279319293186,0.0,13231.678306500002,-0.9099999999999917,-0.7499999999999917,100000.0,5.0,500000.0,-4549.999999999958,-3749.999999999958
2025-10-03,KSCL,SHORT,A_MOD_BREAK_C1_LOW,MODERATE,2025-10-03 13:00:00+05:30,2025-10-03 13:15:00+05:30,1037.7924,1045.575843,1025.3388912,2025-10-03 15:30:00+05:30,1041.5,EOD,-2.5862917477522274,-1.786291747752227,26.251371383666992,34.212032318115234,5.220897197723389,1.5918155262175258,1.87878399431856,0.00517181927992853,0.526277487559,0.0,1045.575843,-0.5172583495504455,-0.35725834955044544,50000.0,5.0,250000.0,-1293.1458738761137,-893.1458738761137
2025-10-03,FINOPB,LONG,B_HUGE_GREEN_PULLBACK_HOLD_THEN_BREAK,HUGE,2025-10-03 11:45:00+05:30,2025-10-03 13:30:00+05:30,291.0582,288.8752635,295.42407299999996,2025-10-03 15:13:00+05:30,288.8752635,SL,-4.54999999999997,-3.74999999999997,34.54928970336914,83.70641326904297,78.29952239990234,1.708521360100684,4.332105455678837,0.007583899250144101,8.174130516683423,0.0,288.8752635,-0.9099999999999939,-0.749999999999994,100000.0,5.0,500000.0,-4549.99999999997,-3749.99999999997
2025-10-06,AADHARHFC,LONG,A_MOD_BREAK_C1_HIGH,MODERATE,2025-10-06 10:00:00+05:30,2025-10-06 10:15:00+05:30,520.0540022094726,516.1535971929017,527.8548122426147,2025-10-06 10:50:00+05:30,516.1535971929017,SL,-4.54999999999993,-3.7499999999999294,28.87232208251953,79.83772277832031,93.96469116210938,1.7018852869197851,2.9819695370230734,0.005709887040143648,6.530127326339193,0.0,516.1535971929017,-0.9099999999999859,-0.7499999999999859,100000.0,5.0,500000.0,-4549.99999999993,-3749.9999999999295
2025-10-06,ANUP,LONG,A_MOD_BREAK_C1_HIGH,MODERATE,2025-10-06 10:30:00+05:30,2025-10-06 10:45:00+05:30,2437.4874,2419.2062445,2474.0497109999997,2025-10-06 10:57:00+05:30,2474.0497109999997,TARGET,6.699999999999935,7.499999999999934,41.05050277709961,80.21863555908203,90.42662811279297,1.5116856498245137,3.385270871823371,0.009822887740111703,7.260858404250067,0.0,2419.2062445,1.339999999999987,1.499999999999987,100000.0,5.0,500000.0,6699.999999999935,7499.9999999999345
2025-10-06,AUBANK,LONG,B_HUGE_GREEN_PULLBACK_HOLD_THEN_BREAK,HUGE,2025-10-06 11:00:00+05:30,2025-10-06 12:30:00+05:30,759.8019544189453,754.1034397608033,771.1989837352295,2025-10-06 15:30:00+05:30,764.4000244140625,EOD,2.225834540418831,3.0258345404188307,40.393863677978516,78.73023223876953,85.13307189941406,1.4961186120500443,3.4877987672110815,0.0049914776957374046,7.456535327721106,0.0,754.1034397608033,0.4451669080837662,0.6051669080837662,100000.0,5.0,500000.0,2225.8345404188312,3025.8345404188312
2025-10-06,GRMOVER,LONG,B_HUGE_GREEN_PULLBACK_HOLD_THEN_BREAK,HUGE,2025-10-06 11:15:00+05:30,2025-10-06 12:30:00+05:30,126.7000015258789,125.74975151443482,128.60050154876708,2025-10-06 15:21:00+05:30,128.60050154876708,TARGET,6.699999999999991,7.499999999999991,51.7238655090332,80.36730194091797,86.24442291259766,1.2290689906328875,3.818428150816778,0.00629337852144327,7.651308964198044,0.0,125.74975151443482,1.3399999999999983,1.4999999999999982,100000.0,5.0,500000.0,6699.999999999992,7499.999999999991
2025-10-07,CMSINFO,SHORT,A_MOD_BREAK_C1_LOW,MODERATE,2025-10-07 10:30:00+05:30,2025-10-07 10:45:00+05:30,365.27693610229494,368.01651312306217,360.8936128690674,2025-10-07 14:41:00+05:30,360.8936128690674,TARGET,5.2000000000000055,6.000000000000005,32.55998229980469,21.55829620361328,6.787764072418213,1.2962444695992785,3.7462686772490987,0.004505212317305809,0.5752425166769439,0.0,368.01651312306217,1.0400000000000011,1.200000000000001,50000.0,5.0,250000.0,2600.0000000000027,3000.0000000000027
2025-10-07,SOTL,SHORT,A_MOD_BREAK_C1_LOW,MODERATE,2025-10-07 12:15:00+05:30,2025-10-07 12:30:00+05:30,399.96997779541016,402.96975262887577,395.1703380618652,2025-10-07 15:30:00+05:30,399.0,EOD,0.4125632538179098,1.2125632538179096,37.993770599365234,39.28035354614258,26.82912826538086,0.8030154066634477,1.3619142346904176,0.0033745935375812867,0.5385299668911028,0.0,402.96975262887577,0.08251265076358197,0.24251265076358194,50000.0,5.0,250000.0,206.28162690895493,606.2816269089549
2025-10-07,TBOTEK,SHORT,A_PULLBACK_C2_THEN_BREAK_C2_LOW,MODERATE,2025-10-07 12:30:00+05:30,2025-10-07 13:00:00+05:30,1556.1887,1567.86011525,1537.5144355999998,2025-10-07 14:51:00+05:30,1537.5144355999998,TARGET,5.200000000000028,6.0000000000000275,38.25844192504883,25.135591506958008,1.5794737339019775,2.3822398545205727,2.369656048074401,0.005335348419601058,0.7838766288757324,0.0,1567.86011525,1.0400000000000056,1.2000000000000055,50000.0,5.0,250000.0,2600.0000000000136,3000.000000000014
2025-10-07,IRCON,LONG,B_HUGE_GREEN_PULLBACK_HOLD_THEN_BREAK,HUGE,2025-10-07 13:15:00+05:30,2025-10-07 14:15:00+05:30,176.58999328613282,175.26556833648684,179.2388431854248,2025-10-07 15:03:00+05:30,179.2388431854248,TARGET,6.6999999999999496,7.4999999999999485,29.405977249145508,75.50909423828125,62.01238250732422,1.432587465953877,2.925593484862368,0.005453047855746759,6.835434315515993,0.0,175.26556833648684,1.3399999999999899,1.4999999999999898,100000.0,5.0,500000.0,6699.999999999949,7499.999999999948
2025-10-08,RKSWAMY,SHORT,A_MOD_BREAK_C1_LOW,MODERATE,2025-10-08 10:15:00+05:30,2025-10-08 10:30:00+05:30,143.66000671386718,144.73745676422118,141.93608663330076,2025-10-08 12:38:00+05:30,141.93608663330076,TARGET,5.200000000000032,6.000000000000032,37.116912841796875,35.3134651184082,72.93721008300781,0.3664276295713659,1.3704705946942668,0.00510876784544979,0.44940205753665546,0.0,144.73745676422118,1.0400000000000065,1.2000000000000064,50000.0,5.0,250000.0,2600.0000000000164,3000.000000000016
2025-10-08,JAGSNPHARM,SHORT,A_MOD_BREAK_C1_LOW,MODERATE,2025-10-08 11:15:00+05:30,2025-10-08 11:30:00+05:30,213.14999694824218,214.748621925354,210.59219698486328,2025-10-08 13:16:00+05:30,214.748621925354,SL,-4.55000000000002,-3.7500000000000213,25.516021728515625,31.483802795410156,14.63980770111084,1.6711291597973927,1.9970774350163896,0.00474183620370616,0.5350418006430975,0.0,214.748621925354,-0.9100000000000041,-0.7500000000000042,50000.0,5.0,250000.0,-2275.0000000000105,-1875.0000000000105
2025-10-08,WHEELS,LONG,A_MOD_BREAK_C1_HIGH,MODERATE,2025-10-08 13:00:00+05:30,2025-10-08 13:15:00+05:30,898.4796477905273,891.7410504320984,911.9568425073852,2025-10-08 13:16:00+05:30,911.9568425073852,TARGET,6.699999999999976,7.499999999999975,35.10234832763672,64.96894073486328,73.20362854003906,2.5300644274165944,1.7180771892991347,0.006132799975984496,6.134606752327501,0.0,891.7410504320984,1.3399999999999952,1.4999999999999951,100000.0,5.0,500000.0,6699.999999999976,7499.999999999975
2025-10-08,GMBREW,LONG,B_HUGE_GREEN_PULLBACK_HOLD_THEN_BREAK,HUGE,2025-10-08 12:30:00+05:30,2025-10-08 13:30:00+05:30,755.7510955810546,750.0829623641968,767.0873620147704,2025-10-08 14:16:00+05:30,767.0873620147704,TARGET,6.699999999999964,7.499999999999964,45.46626663208008,70.73609161376953,82.55648803710938,1.8551702589719767,2.409101098257271,0.0065545540948309475,6.675642324381954,0.0,750.0829623641968,1.3399999999999928,1.4999999999999927,100000.0,5.0,500000.0,6699.999999999964,7499.999999999964
2025-10-09,VINCOFE,SHORT,A_MOD_BREAK_C1_LOW,MODERATE,2025-10-09 11:15:00+05:30,2025-10-09 11:30:00+05:30,137.6199981689453,138.6521481552124,135.96855819091795,2025-10-09 11:37:00+05:30,138.6521481552124,SL,-4.549999999999987,-3.749999999999987,51.01897430419922,18.979501724243164,10.848093032836914,1.6889102819024437,3.1517784505811264,0.009302552079548637,0.9055592993329276,0.0,138.6521481552124,-0.9099999999999975,-0.7499999999999974,50000.0,5.0,250000.0,-2274.9999999999936,-1874.9999999999936
2025-10-09,GMBREW,LONG,B_HUGE_GREEN_PULLBACK_HOLD_THEN_BREAK,HUGE,2025-10-09 12:30:00+05:30,2025-10-09 14:30:00+05:30,895.0289455810547,888.3162284891969,908.4543797647705,2025-10-09 14:36:00+05:30,888.3162284891969,SL,-4.549999999999953,-3.749999999999953,38.36222457885742,87.43904876708984,76.77457427978516,1.2312927019704558,5.878412448566806,0.019632800031741927,8.538897381637915,0.0,888.3162284891969,-0.9099999999999906,-0.7499999999999906,100000.0,5.0,500000.0,-4549.999999999954,-3749.999999999953
2025-10-10,SBIN,LONG,A_MOD_BREAK_C1_HIGH,MODERATE,2025-10-10 10:00:00+05:30,2025-10-10 10:15:00+05:30,873.2245977905274,866.6754133070984,886.3229667573852,2025-10-10 15:30:00+05:30,880.9500122070312,EOD,3.6234979385893906,4.42349793858939,30.150814056396484,80.19898223876953,93.89108276367188,1.7447789987422966,3.4517804630514326,0.0030885006151404244,7.261189823839128,0.0,866.6754133070984,0.7246995877178781,0.884699587717878,100000.0,5.0,500000.0,3623.4979385893903,4423.49793858939
2025-10-10,LTFOODS,LONG,B_HUGE_GREEN_PULLBACK_HOLD_THEN_BREAK,HUGE,2025-10-10 11:30:00+05:30,2025-10-10 14:30:00+05:30,402.5305022094727,399.51152344290165,408.5684597426147,2025-10-10 15:30:00+05:30,401.5,EOD,-2.0800299652029968,-1.280029965202997,26.091806411743164,75.3226318359375,88.0301284790039,2.3374980125013916,2.9671239429795384,0.007712406313809221,6.746302817969285,0.0,399.51152344290165,-0.4160059930405994,-0.2560059930405994,100000.0,5.0,500000.0,-2080.0299652029967,-1280.029965202997
2025-10-13,KNRCON,SHORT,A_MOD_BREAK_C1_LOW,MODERATE,2025-10-13 10:45:00+05:30,2025-10-13 11:00:00+05:30,190.45,191.878375,188.16459999999998,2025-10-13 15:30:00+05:30,190.5,EOD,-0.9312680493568162,-0.1312680493568164,38.525482177734375,21.628435134887695,15.566680908203125,1.2306095196479188,2.852390584608013,0.0033972666453427687,0.6532388986044013,0.0,191.878375,-0.18625360987136325,-0.02625360987136328,50000.0,5.0,250000.0,-465.63402467840814,-65.63402467840821
2025-10-13,SIEMENS,SHORT,A_MOD_BREAK_C1_LOW,MODERATE,2025-10-13 10:45:00+05:30,2025-10-13 11:00:00+05:30,3041.3916,3064.202037,3004.8949008,2025-10-13 11:57:00+05:30,3064.202037,SL,-4.550000000000015,-3.7500000000000155,40.95001220703125,12.576982498168945,2.481940746307373,2.0232714499989704,5.175551194947608,0.004754866363575501,0.8242501831054687,0.0,3064.202037,-0.910000000000003,-0.7500000000000031,50000.0,5.0,250000.0,-2275.0000000000073,-1875.0000000000077
2025-10-13,MINDACORP,SHORT,A_MOD_BREAK_C1_LOW,MODERATE,2025-10-13 11:15:00+05:30,2025-10-13 11:30:00+05:30,564.5870722045898,568.8214752461244,557.8120273381347,2025-10-13 11:37:00+05:30,557.8120273381347,TARGET,5.200000000000036,6.0000000000000355,27.646076202392578,23.565967559814453,13.317981719970703,2.1217470170886825,3.3110396875049557,0.008249059187627472,0.6246911430358886,0.0,568.8214752461244,1.0400000000000071,1.200000000000007,50000.0,5.0,250000.0,2600.0000000000177,3000.0000000000177
2025-10-13,KROSS,SHORT,A_PULLBACK_C2_THEN_BREAK_C2_LOW,MODERATE,2025-10-13 11:15:00+05:30,2025-10-13 11:45:00+05:30,184.95,186.337125,182.73059999999998,2025-10-13 15:30:00+05:30,184.9499969482422,EOD,-0.7999917497761526,8.250223847340678e-06,35.369667053222656,25.781259536743164,5.9667463302612305,1.5422655261075338,2.641307084873189,0.006353933892520103,0.6604414728671582,0.0,186.337125,-0.15999834995523052,1.6500447694681356e-06,50000.0,5.0,250000.0,-399.9958748880763,0.004125111923670339
2025-10-13,POLYMED,SHORT,A_PULLBACK_C2_THEN_BREAK_C2_LOW,MODERATE,2025-10-13 11:30:00+05:30,2025-10-13 12:00:00+05:30,1873.1253,1887.17373975,1850.6477963999998,2025-10-13 15:30:00+05:30,1864.0,EOD,1.6358487923898966,2.4358487923898964,29.245044708251953,28.8420467376709,16.66666603088379,1.2629242869503732,1.9454811486993075,0.004273898957219161,0.51696147827506,0.0,1887.17373975,0.3271697584779793,0.4871697584779793,50000.0,5.0,250000.0,817.9243961949481,1217.9243961949483
2025-10-13,ORCHPHARMA,SHORT,A_MOD_BREAK_C1_LOW,MODERATE,2025-10-13 11:45:00+05:30,2025-10-13 12:00:00+05:30,729.5040944091797,734.9753751172486,720.7500452762696,2025-10-13 15:30:00+05:30,730.9000244140625,EOD,-1.7567663948571193,-0.9567663948571193,34.87110900878906,29.48894691467285,9.271993637084961,1.5768077320592384,2.2440979872521214,0.00554494214164104,0.6590079882422026,0.0,734.9753751172486,-0.3513532789714239,-0.19135327897142387,50000.0,5.0,250000.0,-878.3831974285597,-478.3831974285597
2025-10-13,CHOICEIN,LONG,B_HUGE_GREEN_PULLBACK_HOLD_THEN_BREAK,HUGE,2025-10-13 11:30:00+05:30,2025-10-13 13:00:00+05:30,821.1642,815.0054685000001,833.481663,2025-10-13 15:30:00+05:30,819.5,EOD,-1.8133174339553835,-1.0133174339553834,25.691770553588867,78.36088562011719,92.64848327636719,2.9492240549893927,3.573596520390576,0.004161580539829436,8.238244696801685,0.0,815.0054685000001,-0.3626634867910767,-0.2026634867910767,100000.0,5.0,500000.0,-1813.3174339553834,-1013.3174339553834
2025-10-14,PETRONET,SHORT,A_MOD_BREAK_C1_LOW,MODERATE,2025-10-14 10:00:00+05:30,2025-10-14 10:15:00+05:30,273.4952777954102,275.54649237887577,270.21333446186526,2025-10-14 13:53:00+05:30,270.21333446186526,TARGET,5.199999999999989,5.9999999999999885,29.167179107666016,49.662269592285156,45.298851013183594,1.5404628683771613,0.09756050765368358,0.00331496210903569,0.4719667139636776,0.0,275.54649237887577,1.0399999999999978,1.1999999999999977,50000.0,5.0,250000.0,2599.9999999999945,2999.9999999999945
2025-10-14,BRIGADE,SHORT,A_MOD_BREAK_C1_LOW,MODERATE,2025-10-14 11:00:00+05:30,2025-10-14 11:15:00+05:30,922.7154444091797,929.6358102422486,911.6428590762695,2025-10-14 12:30:00+05:30,911.6428590762695,TARGET,5.200000000000021,6.0000000000000195,29.04021644592285,34.60298538208008,33.20109176635742,1.318760327945958,1.6882351830759235,0.004130908552464324,0.5107980632331817,0.0,929.6358102422486,1.040000000000004,1.200000000000004,50000.0,5.0,250000.0,2600.0000000000105,3000.00000000001
2025-10-14,SCHAEFFLER,SHORT,A_MOD_BREAK_C1_LOW,MODERATE,2025-10-14 11:00:00+05:30,2025-10-14 11:15:00+05:30,3945.2108,3974.799881,3897.8682704,2025-10-14 12:59:00+05:30,3974.799881,SL,-4.55000000000001,-3.7500000000000098,57.3347053527832,14.466755867004395,7.540085315704346,2.0550108435661576,3.351233994871155,0.004180524513306406,0.96,0.0,3974.799881,-0.9100000000000019,-0.750000000000002,50000.0,5.0,250000.0,-2275.000000000005,-1875.000000000005
2025-10-14,PNBHOUSING,SHORT,A_MOD_BREAK_C1_LOW,MODERATE,2025-10-14 11:15:00+05:30,2025-10-14 11:30:00+05:30,841.9815944091797,848.2964563672487,831.8778152762695,2025-10-14 15:30:00+05:30,843.0,EOD,-1.40476713361823,-0.6047671336182301,28.56975746154785,30.939620971679688,9.535496711730957,1.7383587144961672,1.9583606916174217,0.00397179466543092,0.590677171540918,0.0,848.2964563672487,-0.280953426723646,-0.12095342672364601,50000.0,5.0,250000.0,-702.383566809115,-302.38356680911505
2025-10-14,SUNPHARMA,SHORT,A_MOD_BREAK_C1_LOW,MODERATE,2025-10-14 11:30:00+05:30,2025-10-14 11:45:00+05:30,1652.6694,1665.0644205,1632.8373672,2025-10-14 15:30:00+05:30,1652.0999755859375,EOD,-0.6277258554970231,0.17227414450297682,26.987977981567383,32.26122283935547,17.226940155029297,1.201311663845755,1.6910308456393128,0.002815001953925541,0.45960075317848353,0.0,1665.0644205,-0.1255451710994046,0.03445482890059536,50000.0,5.0,250000.0,-313.86292774851154,86.1370722514884
2025-10-14,RPTECH,SHORT,A_MOD_BREAK_C1_LOW,MODERATE,2025-10-14 11:45:00+05:30,2025-10-14 12:00:00+05:30,325.9348,328.37931100000003,322.0235824,2025-10-14 14:13:00+05:30,328.37931100000003,SL,-4.550000000000052,-3.7500000000000524,33.50203323364258,23.98171615600586,10.993087768554688,1.9028157962315488,2.500273584898504,0.006741238990036972,0.6955232628451598,0.0,328.37931100000003,-0.9100000000000104,-0.7500000000000104,50000.0,5.0,250000.0,-2275.000000000026,-1875.0000000000261
2025-10-14,NBCC,SHORT,A_MOD_BREAK_C1_LOW,MODERATE,2025-10-14 12:30:00+05:30,2025-10-14 12:45:00+05:30,109.7999984741211,110.623498462677,108.48239849243164,2025-10-14 13:34:00+05:30,110.623498462677,SL,-4.550000000000004,-3.7500000000000044,26.574419021606445,17.89455795288086,3.470850944519043,3.3614796040291663,3.428230773522046,0.004648774885291714,0.6086162853240966,0.0,110.623498462677,-0.9100000000000008,-0.7500000000000009,50000.0,5.0,250000.0,-2275.000000000002,-1875.0000000000023
2025-10-14,NCC,SHORT,A_MOD_BREAK_C1_LOW,MODERATE,2025-10-14 12:30:00+05:30,2025-10-14 12:45:00+05:30,203.84999389648436,205.37886885070802,201.40379396972654,2025-10-14 15:30:00+05:30,203.91000366210938,EOD,-0.9471909919592258,-0.14719099195922591,37.0321044921875,12.588088989257812,6.212298393249512,2.895208819301151,3.2890935350633552,0.0036278070626583584,0.7654815673828124,0.0,205.37886885070802,-0.18943819839184517,-0.029438198391845184,50000.0,5.0,250000.0,-473.5954959796129,-73.59549597961296
2025-10-14,VTL,SHORT,A_MOD_BREAK_C1_LOW,MODERATE,2025-10-14 14:00:00+05:30,2025-10-14 14:15:00+05:30,389.12217220458984,392.0405884961243,384.4527061381348,2025-10-14 14:37:00+05:30,392.0405884961243,SL,-4.550000000000059,-3.7500000000000595,50.89840316772461,19.030113220214844,1.8474422693252563,4.559967388446251,3.5318823128385435,0.002679495786229861,0.96,0.0,392.0405884961243,-0.9100000000000119,-0.7500000000000119,50000.0,5.0,250000.0,-2275.0000000000296,-1875.0000000000296
2025-10-15,LAOPALA,SHORT,A_MOD_BREAK_C1_LOW,MODERATE,2025-10-15 10:00:00+05:30,2025-10-15 10:15:00+05:30,228.44000549316405,230.1533055343628,225.69872542724607,2025-10-15 15:30:00+05:30,228.0,EOD,0.1630657559610725,0.9630657559610724,40.90507888793945,26.220102310180664,9.770356178283691,1.1387645221245486,2.716353285165359,0.004301826299251122,0.6728599746908879,0.0,230.1533055343628,0.0326131511922145,0.19261315119221448,50000.0,5.0,250000.0,81.53287798053624,481.5328779805362
2025-10-15,OLAELEC,LONG,A_MOD_BREAK_C1_HIGH,MODERATE,2025-10-15 10:00:00+05:30,2025-10-15 10:15:00+05:30,51.7000015258789,51.31225151443481,52.475501548767085,2025-10-15 10:17:00+05:30,52.475501548767085,TARGET,6.699999999999977,7.499999999999977,29.063987731933594,78.47432708740234,85.88105773925781,1.8065533102044424,3.7196340283753924,0.009307154221706505,7.372221478759122,0.0,51.31225151443481,1.3399999999999954,1.4999999999999953,100000.0,5.0,500000.0,6699.999999999976,7499.999999999976
2025-10-15,GRINFRA,SHORT,A_MOD_BREAK_C1_LOW,MODERATE,2025-10-15 11:45:00+05:30,2025-10-15 12:00:00+05:30,1238.9521111816407,1248.244252015503,1224.084685847461,2025-10-15 15:29:00+05:30,1224.084685847461,TARGET,5.199999999999982,5.999999999999982,45.91706466674805,32.68791961669922,8.052390098571777,0.9236256477097348,1.6997950553926084,0.007028783277401673,0.6953802111200547,0.0,1248.244252015503,1.0399999999999965,1.1999999999999964,50000.0,5.0,250000.0,2599.9999999999914,2999.999999999991
2025-10-15,TATVA,LONG,B_HUGE_GREEN_PULLBACK_HOLD_THEN_BREAK,HUGE,2025-10-15 11:45:00+05:30,2025-10-15 13:15:00+05:30,1233.8466955810547,1224.5928453641968,1252.3543960147704,2025-10-15 13:22:00+05:30,1252.3543960147704,TARGET,6.699999999999921,7.499999999999921,49.52102279663086,77.998779296875,85.13681030273438,1.4811203323148836,2.9484475741299536,0.019843221127247613,7.071714030347447,0.0,1224.5928453641968,1.3399999999999843,1.4999999999999842,100000.0,5.0,500000.0,6699.999999999921,7499.999999999921
2025-10-15,ONMOBILE,LONG,B_HUGE_GREEN_PULLBACK_HOLD_THEN_BREAK,HUGE,2025-10-15 13:00:00+05:30,2025-10-15 14:00:00+05:30,71.24999694824218,70.71562197113037,72.3187469024658,2025-10-15 14:01:00+05:30,72.3187469024658,TARGET,6.699999999999909,7.499999999999908,26.252531051635742,73.52796173095703,71.77731323242188,2.1713921567764642,2.8757275681100674,0.00743962224875211,7.271658450114927,0.0,70.71562197113037,1.3399999999999817,1.4999999999999816,100000.0,5.0,500000.0,6699.999999999908,7499.999999999908
2025-10-15,GMBREW,LONG,B_HUGE_GREEN_PULLBACK_HOLD_THEN_BREAK,HUGE,2025-10-15 12:30:00+05:30,2025-10-15 14:15:00+05:30,1105.221,1096.9318425000001,1121.799315,2025-10-15 14:16:00+05:30,1121.799315,TARGET,6.6999999999999895,7.499999999999989,49.52154541015625,80.6968994140625,91.71568298339844,2.956130080272144,2.727593069159315,0.021306367743208623,8.540888528948948,0.0,1096.9318425000001,1.3399999999999979,1.4999999999999978,100000.0,5.0,500000.0,6699.999999999989,7499.999999999989
2025-10-15,BLS,SHORT,A_MOD_BREAK_C1_LOW,MODERATE,2025-10-15 14:00:00+05:30,2025-10-15 14:15:00+05:30,280.4938777954101,282.5975818788757,277.1279512618652,2025-10-15 15:21:00+05:30,277.1279512618652,TARGET,5.200000000000051,6.000000000000051,45.064632415771484,24.882295608520508,17.634981155395508,3.382340014583261,3.625165761794839,0.004363310942136063,0.8859694862365721,0.0,282.5975818788757,1.0400000000000102,1.2000000000000102,50000.0,5.0,250000.0,2600.0000000000255,3000.000000000025
2025-10-16,RALLIS,SHORT,A_MOD_BREAK_C1_LOW,MODERATE,2025-10-16 10:00:00+05:30,2025-10-16 10:15:00+05:30,290.7918361022949,292.9727748730621,287.30233406906734,2025-10-16 13:21:00+05:30,287.30233406906734,TARGET,5.200000000000023,6.000000000000023,34.697513580322266,45.849098205566406,32.31275939941406,1.2117092261404643,0.5689491729333023,0.004565539228957134,0.5209592769260802,0.0,292.9727748730621,1.0400000000000047,1.2000000000000046,50000.0,5.0,250000.0,2600.0000000000114,3000.0000000000114
2025-10-16,TSFINV,SHORT,B_HUGE_RED_FAILED_BOUNCE,HUGE,2025-10-16 10:30:00+05:30,2025-10-16 11:45:00+05:30,655.0689722045898,659.9819894961244,647.2081445381348,2025-10-16 12:02:00+05:30,659.9819894961244,SL,-4.55000000000007,-3.75000000000007,37.112518310546875,23.726526260375977,10.95312213897705,0.8941331858986087,2.8632950389971046,0.010580185226138883,0.6131610821904596,0.0,659.9819894961244,-0.9100000000000139,-0.750000000000014,50000.0,5.0,250000.0,-2275.000000000035,-1875.000000000035
2025-10-16,FUSION,SHORT,A_MOD_BREAK_C1_LOW,MODERATE,2025-10-16 11:30:00+05:30,2025-10-16 11:45:00+05:30,182.7399932861328,184.1105432357788,180.5471133666992,2025-10-16 11:58:00+05:30,180.5471133666992,TARGET,5.200000000000039,6.000000000000039,30.482664108276367,16.224220275878906,3.5082669258117676,2.4458817814874005,3.937472852155129,0.007033581290740133,0.6672399616241456,0.0,184.1105432357788,1.0400000000000078,1.2000000000000077,50000.0,5.0,250000.0,2600.0000000000196,3000.000000000019
2025-10-16,PDSL,LONG,A_MOD_BREAK_C1_HIGH,MODERATE,2025-10-16 13:00:00+05:30,2025-10-16 13:15:00+05:30,305.11099779052734,302.8226653070984,309.6876627573852,2025-10-16 13:16:00+05:30,309.6876627573852,TARGET,6.699999999999969,7.499999999999969,26.62652587890625,71.85213470458984,82.41436767578125,3.7915668791010937,2.4158081092673735,0.005957265969597256,8.128818322535407,0.0,302.8226653070984,1.3399999999999939,1.4999999999999938,100000.0,5.0,500000.0,6699.999999999969,7499.999999999968
2025-10-16,APARINDS,LONG,B_HUGE_GREEN_PULLBACK_HOLD_THEN_BREAK,HUGE,2025-10-16 10:00:00+05:30,2025-10-16 14:15:00+05:30,8851.77,8785.381725000001,8984.54655,2025-10-16 14:56:00+05:30,8785.381725000001,SL,-4.549999999999963,-3.7499999999999627,28.385135650634766,84.07740783691406,90.952880859375,2.30570564228946,5.8630115301888175,0.005706075471023034,9.465002958399383,0.0,8785.381725000001,-0.9099999999999926,-0.7499999999999926,100000.0,5.0,500000.0,-4549.999999999963,-3749.999999999963
2025-10-17,IRCON,SHORT,A_MOD_BREAK_C1_LOW,MODERATE,2025-10-17 10:15:00+05:30,2025-10-17 10:30:00+05:30,169.7,170.97275,167.66359999999997,2025-10-17 15:30:00+05:30,168.89999389648438,EOD,1.5571187493094099,2.35711874930941,30.075361251831055,15.324745178222656,12.73148250579834,1.5931591477834932,4.10623192216671,0.003700758388627913,0.5899332696395772,0.0,170.97275,0.311423749861882,0.47142374986188196,50000.0,5.0,250000.0,778.559374654705,1178.559374654705
2025-10-17,JSWINFRA,SHORT,A_MOD_BREAK_C1_LOW,MODERATE,2025-10-17 11:45:00+05:30,2025-10-17 12:00:00+05:30,296.14077220458984,298.3618279961243,292.58708293813476,2025-10-17 15:18:00+05:30,298.3618279961243,SL,-4.5500000000000735,-3.7500000000000746,48.312034606933594,13.853981971740723,8.477646827697754,1.4054780841341752,3.1382943007056063,0.006399305378204281,0.8306391838274845,0.0,298.3618279961243,-0.9100000000000148,-0.7500000000000149,50000.0,5.0,250000.0,-2275.000000000037,-1875.0000000000373
2025-10-17,MONARCH,SHORT,A_MOD_BREAK_C1_LOW,MODERATE,2025-10-17 11:45:00+05:30,2025-10-17 12:00:00+05:30,310.23792779541014,312.5647122538757,306.51507266186525,2025-10-17 15:30:00+05:30,308.29998779296875,EOD,2.3233125108406956,3.1233125108406954,40.82197570800781,31.554052352905273,11.267662048339844,1.7512468470404063,1.9611370111872934,0.0028198658896592317,0.7768546844115529,0.0,312.5647122538757,0.46466250216813915,0.6246625021681391,50000.0,5.0,250000.0,1161.6562554203479,1561.6562554203479
2025-10-17,WIPRO,SHORT,A_MOD_BREAK_C1_LOW,MODERATE,2025-10-17 11:45:00+05:30,2025-10-17 12:00:00+05:30,235.45,237.215875,232.6246,2025-10-17 15:30:00+05:30,234.60000610351562,EOD,1.0050411902407386,1.8050411902407384,51.87434005737305,20.76582908630371,1.989625334739685,1.1844578476627223,3.093938854571156,0.006110321938258102,0.8172801233409763,0.0,237.215875,0.2010082380481477,0.3610082380481477,50000.0,5.0,250000.0,502.5205951203693,902.5205951203692
2025-10-17,SCHAEFFLER,SHORT,A_MOD_BREAK_C1_LOW,MODERATE,2025-10-17 13:15:00+05:30,2025-10-17 13:30:00+05:30,3899.22,3928.4641500000002,3852.4293599999996,2025-10-17 14:58:00+05:30,3852.4293599999996,TARGET,5.200000000000022,6.000000000000022,30.405166625976562,32.389217376708984,3.4391934871673584,2.082422680100914,2.0248808870252897,0.003160359094889156,0.6660774993896483,0.0,3928.4641500000002,1.0400000000000045,1.2000000000000044,50000.0,5.0,250000.0,2600.0000000000114,3000.000000000011
2025-10-20,AVANTEL,SHORT,A_MOD_BREAK_C1_LOW,MODERATE,2025-10-20 10:00:00+05:30,2025-10-20 10:15:00+05:30,163.0699951171875,164.2930200805664,161.11315517578123,2025-10-20 10:18:00+05:30,161.11315517578123,TARGET,5.200000000000027,6.000000000000027,42.803802490234375,8.39148235321045,4.7878642082214355,1.3720493475159437,6.68700673861805,0.019581400692748118,0.7421656731688058,0.0,164.2930200805664,1.0400000000000054,1.2000000000000053,50000.0,5.0,250000.0,2600.000000000013,3000.000000000013
2025-10-20,JSFB,SHORT,A_MOD_BREAK_C1_LOW,MODERATE,2025-10-20 10:00:00+05:30,2025-10-20 10:15:00+05:30,421.71562779541017,424.8784950038758,416.6550402618652,2025-10-20 10:42:00+05:30,424.8784950038758,SL,-4.550000000000061,-3.7500000000000604,30.02573013305664,10.436792373657227,6.456893444061279,1.3490903524321307,5.2009521513934045,0.01017264280274016,0.5464767636714725,0.0,424.8784950038758,-0.9100000000000121,-0.7500000000000121,50000.0,5.0,250000.0,-2275.0000000000305,-1875.0000000000302
2025-10-20,RICOAUTO,SHORT,A_MOD_BREAK_C1_LOW,MODERATE,2025-10-20 10:00:00+05:30,2025-10-20 10:15:00+05:30,84.31000061035157,84.9423256149292,83.29828060302735,2025-10-20 13:01:00+05:30,84.9423256149292,SL,-4.550000000000005,-3.750000000000005,37.99905776977539,16.35725975036621,6.642327308654785,1.2234945259747338,3.156197577481939,0.0043141355700406225,0.6440974085922093,0.0,84.9423256149292,-0.910000000000001,-0.750000000000001,50000.0,5.0,250000.0,-2275.0000000000027,-1875.0000000000025
2025-10-20,EQUITASBNK,LONG,B_HUGE_GREEN_PULLBACK_HOLD_THEN_BREAK,HUGE,2025-10-20 10:15:00+05:30,2025-10-20 12:15:00+05:30,57.71999816894531,57.28709818267822,58.585798141479486,2025-10-20 15:21:00+05:30,58.585798141479486,TARGET,6.699999999999974,7.499999999999974,35.13859939575195,85.37310791015625,73.5323715209961,1.257702471922946,3.5181317781099803,0.005123470750862028,6.961748190431262,0.0,57.28709818267822,1.339999999999995,1.499999999999995,100000.0,5.0,500000.0,6699.999999999975,7499.9999999999745
2025-10-20,PFS,SHORT,A_MOD_BREAK_C1_LOW,MODERATE,2025-10-20 12:00:00+05:30,2025-10-20 12:15:00+05:30,33.67000122070313,33.922526229858406,33.26596120605469,2025-10-20 14:20:00+05:30,33.26596120605469,TARGET,5.199999999999997,5.9999999999999964,31.568565368652344,15.969477653503418,3.7166693210601807,2.346566993590551,2.8715715178225727,0.005673647315935496,0.6835284805297852,0.0,33.922526229858406,1.0399999999999994,1.1999999999999993,50000.0,5.0,250000.0,2599.9999999999986,2999.999999999998
2025-10-20,SURYODAY,LONG,B_HUGE_GREEN_PULLBACK_HOLD_THEN_BREAK,HUGE,2025-10-20 12:45:00+05:30,2025-10-20 13:45:00+05:30,148.99000244140626,147.87257742309572,151.22485247802734,2025-10-20 15:30:00+05:30,148.50999450683594,EOD,-2.4108729669935336,-1.6108729669935338,40.646976470947266,79.56198120117188,74.71638488769531,2.2587443787661625,2.5276773189232067,0.010226296567416361,7.342634346718507,0.0,147.87257742309572,-0.4821745933987067,-0.32217459339870674,100000.0,5.0,500000.0,-2410.8729669935337,-1610.8729669935337
2025-10-20,GSLSU,LONG,B_HUGE_GREEN_PULLBACK_HOLD_THEN_BREAK,HUGE,2025-10-20 12:45:00+05:30,2025-10-20 14:00:00+05:30,106.03999786376953,105.24469787979126,107.63059783172606,2025-10-20 14:22:00+05:30,107.63059783172606,TARGET,6.699999999999965,7.4999999999999645,30.369443893432617,78.7418441772461,75.89891052246094,1.5072405570810743,4.389495576460953,0.017700004577636718,7.59402360928031,0.0,105.24469787979126,1.339999999999993,1.499999999999993,100000.0,5.0,500000.0,6699.9999999999645,7499.9999999999645
2025-10-23,MUTHOOTFIN,SHORT,A_MOD_BREAK_C1_LOW,MODERATE,2025-10-23 11:30:00+05:30,2025-10-23 11:45:00+05:30,3122.0754111816404,3145.490976765503,3084.6105062474608,2025-10-23 12:39:00+05:30,3145.490976765503,SL,-4.550000000000054,-3.750000000000054,41.01839828491211,20.873014450073242,2.84004545211792,1.2000799190988214,3.126152181691466,0.00885939651736522,0.6852899601159754,0.0,3145.490976765503,-0.9100000000000108,-0.7500000000000109,50000.0,5.0,250000.0,-2275.000000000027,-1875.0000000000273
2025-10-23,KIRLOSIND,LONG,B_HUGE_GREEN_PULLBACK_HOLD_THEN_BREAK,HUGE,2025-10-23 10:45:00+05:30,2025-10-23 12:00:00+05:30,3960.0919088378905,3930.3912195216067,4019.4932874704587,2025-10-23 15:11:00+05:30,3930.3912195216067,SL,-4.549999999999957,-3.7499999999999574,25.4537410736084,70.02864837646484,70.31192779541016,1.4582412742097683,2.5768272081854358,0.004584082591382763,5.613475776801243,0.0,3930.3912195216067,-0.9099999999999915,-0.7499999999999915,100000.0,5.0,500000.0,-4549.999999999958,-3749.9999999999573
2025-10-23,ELECON,LONG,B_HUGE_GREEN_PULLBACK_HOLD_THEN_BREAK,HUGE,2025-10-23 10:30:00+05:30,2025-10-23 13:00:00+05:30,569.1138,564.8454465,577.650507,2025-10-23 14:12:00+05:30,564.8454465,SL,-4.549999999999991,-3.7499999999999907,25.177879333496094,80.79289245605469,87.86785125732422,2.24073559863313,3.2963006480220827,0.008446311483278497,7.558322605063555,0.0,564.8454465,-0.9099999999999981,-0.7499999999999981,100000.0,5.0,500000.0,-4549.999999999991,-3749.999999999991
2025-10-24,CELLO,LONG,A_MOD_BREAK_C1_HIGH,MODERATE,2025-10-24 10:00:00+05:30,2025-10-24 10:15:00+05:30,638.5777022094727,633.7883694429017,648.1563677426147,2025-10-24 11:22:00+05:30,633.7883694429017,SL,-4.549999999999937,-3.749999999999937,38.932716369628906,66.9804916381836,64.16108703613281,1.0572193008007928,1.5823970436519033,0.008602138757679316,4.327337906478177,0.0,633.7883694429017,-0.9099999999999873,-0.7499999999999873,100000.0,5.0,500000.0,-4549.999999999936,-3749.9999999999363
2025-10-24,GRAVITA,LONG,A_MOD_BREAK_C1_HIGH,MODERATE,2025-10-24 10:00:00+05:30,2025-10-24 10:15:00+05:30,1662.5323911621094,1650.0633982283937,1687.470377029541,2025-10-24 10:16:00+05:30,1687.470377029541,TARGET,6.69999999999996,7.49999999999996,42.14594268798828,71.2548599243164,70.09163665771484,1.3774058580086481,2.9396292752397692,0.008269593723890118,6.076877589694771,0.0,1650.0633982283937,1.339999999999992,1.499999999999992,100000.0,5.0,500000.0,6699.99999999996,7499.99999999996
2025-10-24,AEGISLOG,SHORT,A_MOD_BREAK_C1_LOW,MODERATE,2025-10-24 10:30:00+05:30,2025-10-24 10:45:00+05:30,794.4410555908203,800.3993635077514,784.9077629237304,2025-10-24 14:02:00+05:30,784.9077629237304,TARGET,5.200000000000024,6.000000000000024,38.01195526123047,35.5160026550293,43.49486541748047,0.7810547659391676,1.3529813358792826,0.0037220686906572283,0.5345129797517755,0.0,800.3993635077514,1.040000000000005,1.2000000000000048,50000.0,5.0,250000.0,2600.0000000000123,3000.0000000000123
2025-10-24,PNBGILTS,SHORT,A_MOD_BREAK_C1_LOW,MODERATE,2025-10-24 10:30:00+05:30,2025-10-24 10:45:00+05:30,90.07000274658203,90.7455277671814,88.98916271362305,2025-10-24 15:30:00+05:30,90.37999725341797,EOD,-2.5208532107416772,-1.720853210741677,31.103471755981445,20.919111251831055,11.736659049987793,1.5622894468456268,3.127523552785612,0.0041271302622474335,0.5999527295377063,0.0,90.7455277671814,-0.5041706421483354,-0.34417064214833537,50000.0,5.0,250000.0,-1260.4266053708386,-860.4266053708384
2025-10-24,VIPIND,SHORT,A_MOD_BREAK_C1_LOW,MODERATE,2025-10-24 12:30:00+05:30,2025-10-24 12:45:00+05:30,424.915,428.10186250000004,419.81602000000004,2025-10-24 15:30:00+05:30,428.10186250000004,SL,-4.55000000000002,-3.7500000000000213,44.20616149902344,27.92966651916504,36.35874557495117,1.270398027018146,1.7228186703276531,0.005736130675731302,0.7315530107299097,0.0,428.10186250000004,-0.9100000000000041,-0.7500000000000042,50000.0,5.0,250000.0,-2275.0000000000105,-1875.0000000000105
2025-10-24,NOCIL,LONG,B_HUGE_GREEN_PULLBACK_HOLD_THEN_BREAK,HUGE,2025-10-24 10:15:00+05:30,2025-10-24 13:00:00+05:30,188.79000549316407,187.37408045196534,191.6218555755615,2025-10-24 15:29:00+05:30,187.37408045196534,SL,-4.550000000000006,-3.750000000000006,51.85725784301758,85.94246673583984,91.76016235351562,1.3797026590376584,4.871368253218377,0.005484290030333785,8.34072058150583,0.0,187.37408045196534,-0.9100000000000013,-0.7500000000000012,100000.0,5.0,500000.0,-4550.000000000006,-3750.000000000006
2025-10-24,SURYAROSNI,SHORT,A_MOD_BREAK_C1_LOW,MODERATE,2025-10-24 13:30:00+05:30,2025-10-24 13:45:00+05:30,262.5474861022949,264.5165922480621,259.39691626906733,2025-10-24 14:59:00+05:30,264.5165922480621,SL,-4.550000000000029,-3.75000000000003,30.211885452270508,26.325111389160156,24.34501075744629,2.471522909408398,2.5469167578621774,0.006345282438669654,0.6631782817840575,0.0,264.5165922480621,-0.9100000000000059,-0.750000000000006,50000.0,5.0,250000.0,-2275.000000000015,-1875.0000000000148
2025-10-24,CREDITACC,LONG,B_HUGE_GREEN_PULLBACK_HOLD_THEN_BREAK,HUGE,2025-10-24 10:15:00+05:30,2025-10-24 14:00:00+05:30,1410.7821,1400.20123425,1431.9438314999998,2025-10-24 15:30:00+05:30,1417.0,EOD,1.4037067240930052,2.203706724093005,29.8999080657959,82.17488861083984,93.2713851928711,1.6731764008768728,4.209155454356373,0.007883873974390667,7.534850400006096,0.0,1400.20123425,0.280741344818601,0.440741344818601,100000.0,5.0,500000.0,1403.7067240930053,2203.706724093005
2025-10-24,UTKARSHBNK,LONG,B_HUGE_GREEN_PULLBACK_HOLD_THEN_BREAK,HUGE,2025-10-24 12:30:00+05:30,2025-10-24 14:00:00+05:30,21.150000381469727,20.991375378608705,21.467250387191772,2025-10-24 14:09:00+05:30,21.467250387191772,TARGET,6.699999999999971,7.49999999999997,38.158294677734375,82.14594268798828,77.89376068115234,1.572064487502562,3.635844630923976,0.01758297740963326,7.280848432759834,0.0,20.991375378608705,1.339999999999994,1.499999999999994,100000.0,5.0,500000.0,6699.999999999971,7499.99999999997
2025-10-24,WOCKPHARMA,SHORT,A_MOD_BREAK_C1_LOW,MODERATE,2025-10-24 13:45:00+05:30,2025-10-24 14:00:00+05:30,1326.4346111816405,1336.382870765503,1310.5173958474609,2025-10-24 15:30:00+05:30,1331.199951171875,EOD,-2.596296609747426,-1.7962966097474258,35.22395706176758,19.739309310913086,6.731019020080566,3.128079625869214,3.2082732079352057,0.003067683036148707,0.7383593559265136,0.0,1336.382870765503,-0.5192593219494852,-0.3592593219494852,50000.0,5.0,250000.0,-1298.148304873713,-898.148304873713
2025-10-24,REPCOHOME,LONG,B_HUGE_GREEN_PULLBACK_HOLD_THEN_BREAK,HUGE,2025-10-24 12:30:00+05:30,2025-10-24 14:30:00+05:30,418.2836522094727,415.14652481790165,424.55790699261473,2025-10-24 15:30:00+05:30,418.0,EOD,-1.1390668126453898,-0.33906681264538996,26.97637367248535,63.97046661376953,58.7122802734375,2.1540352876655673,1.8310153261068427,0.005470035307239439,5.858009098271656,0.0,415.14652481790165,-0.22781336252907797,-0.06781336252907799,100000.0,5.0,500000.0,-1139.0668126453897,-339.06681264539
2025-10-27,BLS,SHORT,A_MOD_BREAK_C1_LOW,MODERATE,2025-10-27 10:00:00+05:30,2025-10-27 10:15:00+05:30,314.0371861022949,316.39246499806217,310.26873986906736,2025-10-27 14:49:00+05:30,316.39246499806217,SL,-4.550000000000047,-3.750000000000048,36.032630920410156,19.61404037475586,4.678697109222412,1.2342935733372906,3.080609889442352,0.004793705924108489,0.6164908391401782,0.0,316.39246499806217,-0.9100000000000095,-0.7500000000000095,50000.0,5.0,250000.0,-2275.0000000000236,-1875.0000000000239
2025-10-27,INDIGOPNTS,SHORT,A_MOD_BREAK_C1_LOW,MODERATE,2025-10-27 10:15:00+05:30,2025-10-27 10:30:00+05:30,1020.9957722045898,1028.6532404961242,1008.7438229381347,2025-10-27 15:21:00+05:30,1008.7438229381347,TARGET,5.200000000000004,6.0000000000000036,26.326122283935547,30.31717872619629,4.545218467712402,1.0951561349991996,2.6195807176549355,0.0035602603334365128,0.4465441578838932,0.0,1028.6532404961242,1.0400000000000007,1.2000000000000006,50000.0,5.0,250000.0,2600.000000000002,3000.0000000000014
2025-10-27,FIEMIND,LONG,B_HUGE_GREEN_PULLBACK_HOLD_THEN_BREAK,HUGE,2025-10-27 10:00:00+05:30,2025-10-27 11:15:00+05:30,2080.416,2064.8128800000004,2111.62224,2025-10-27 15:30:00+05:30,2088.0,EOD,1.0227123806007627,1.8227123806007626,30.904062271118164,76.38056945800781,79.94465637207031,1.3840818762021636,3.2913341199753505,0.006672187729673687,7.053916490416041,0.0,2064.8128800000004,0.20454247612015253,0.3645424761201525,100000.0,5.0,500000.0,1022.7123806007626,1822.7123806007626
2025-10-27,CESC,LONG,B_HUGE_GREEN_PULLBACK_HOLD_THEN_BREAK,HUGE,2025-10-27 11:00:00+05:30,2025-10-27 12:00:00+05:30,181.38999633789064,180.02957136535647,184.110846282959,2025-10-27 15:04:00+05:30,180.02957136535647,SL,-4.549999999999951,-3.7499999999999507,53.61377716064453,74.25933074951172,74.6480941772461,1.587285168276341,2.0913748546410718,0.0063707057130642395,6.172350447460873,0.0,180.02957136535647,-0.9099999999999902,-0.7499999999999901,100000.0,5.0,500000.0,-4549.999999999951,-3749.9999999999504
2025-10-27,HAL,SHORT,A_MOD_BREAK_C1_LOW,MODERATE,2025-10-27 12:15:00+05:30,2025-10-27 12:30:00+05:30,4767.0464,4802.799248,4709.8418432,2025-10-27 15:30:00+05:30,4759.0,EOD,0.043960738456434584,0.8439607384564345,25.07581329345703,32.04551696777344,12.883846282958984,1.4115017358975401,2.0360413960133084,0.003020804362972773,0.4831500031839249,0.0,4802.799248,0.008792147691286917,0.1687921476912869,50000.0,5.0,250000.0,21.980369228217292,421.9803692282172
2025-10-27,HERITGFOOD,LONG,B_HUGE_GREEN_PULLBACK_HOLD_THEN_BREAK,HUGE,2025-10-27 11:45:00+05:30,2025-10-27 12:45:00+05:30,488.7477238952637,485.08211596604923,496.07893975369257,2025-10-27 12:46:00+05:30,496.07893975369257,TARGET,6.699999999999935,7.499999999999934,32.4333381652832,66.5855484008789,63.55305480957031,2.5332596850518674,1.710344961981085,0.003740768883559722,6.726588928317031,0.0,485.08211596604923,1.339999999999987,1.499999999999987,100000.0,5.0,500000.0,6699.999999999935,7499.9999999999345
2025-10-27,COHANCE,SHORT,A_MOD_BREAK_C1_LOW,MODERATE,2025-10-27 14:15:00+05:30,2025-10-27 14:30:00+05:30,851.8296,858.2183220000001,841.6076448,2025-10-27 15:30:00+05:30,851.0,EOD,-0.31304814953599414,0.48695185046400574,57.53360366821289,17.95005226135254,2.2914886474609375,3.5284241362421653,3.671816802290071,0.002807693839527778,0.96,0.0,858.2183220000001,-0.06260962990719883,0.09739037009280115,50000.0,5.0,250000.0,-156.5240747679971,243.47592523200285
2025-10-28,KSB,SHORT,A_MOD_BREAK_C1_LOW,MODERATE,2025-10-28 10:00:00+05:30,2025-10-28 10:15:00+05:30,789.842,795.7658150000001,780.363896,2025-10-28 12:16:00+05:30,795.7658150000001,SL,-4.550000000000066,-3.750000000000066,26.4532527923584,35.16761016845703,28.20484733581543,1.0726193417051513,1.881176724447961,0.005363917682324589,0.43856601290617553,0.0,795.7658150000001,-0.9100000000000132,-0.7500000000000132,50000.0,5.0,250000.0,-2275.000000000033,-1875.0000000000332
2025-10-28,BSE,SHORT,A_MOD_BREAK_C1_LOW,MODERATE,2025-10-28 11:00:00+05:30,2025-10-28 11:15:00+05:30,2429.514,2447.7353550000003,2400.359832,2025-10-28 15:30:00+05:30,2424.0,EOD,0.33479486020663474,1.1347948602066347,28.06212615966797,23.37019157409668,2.2590789794921875,2.738072065035348,3.629501995638572,0.00512638602237152,0.6309318923950196,0.0,2447.7353550000003,0.06695897204132695,0.22695897204132692,50000.0,5.0,250000.0,167.39743010331736,567.3974301033173
2025-10-28,ADANIENSOL,SHORT,A_MOD_BREAK_C1_LOW,MODERATE,2025-10-28 11:15:00+05:30,2025-10-28 11:30:00+05:30,924.3151,931.2474632500001,913.2233188,2025-10-28 15:30:00+05:30,923.0,EOD,-0.08860839772063131,0.7113916022793686,29.813892364501953,26.109027862548828,9.239968299865723,1.7622976483765964,2.4828500018275896,0.005400382262182408,0.6156104739334336,0.0,931.2474632500001,-0.017721679544126262,0.1422783204558737,50000.0,5.0,250000.0,-44.30419886031565,355.69580113968425
2025-10-28,PGEL,SHORT,A_PULLBACK_C2_THEN_BREAK_C2_LOW,MODERATE,2025-10-28 13:15:00+05:30,2025-10-28 13:45:00+05:30,565.0369944091797,569.2747718672485,558.2565504762695,2025-10-28 15:30:00+05:30,568.0,EOD,-3.4219571639893607,-2.621957163989361,30.053913116455078,31.04276466369629,6.360386848449707,2.3541057811311292,1.6953521801629132,0.0033734206992361336,0.6455763057549719,0.0,569.2747718672485,-0.6843914327978722,-0.5243914327978721,50000.0,5.0,250000.0,-1710.9785819946806,-1310.9785819946803
2025-10-28,REMSONSIND,LONG,B_HUGE_GREEN_PULLBACK_HOLD_THEN_BREAK,HUGE,2025-10-28 12:00:00+05:30,2025-10-28 14:15:00+05:30,142.77999572753907,141.70914575958253,144.92169566345214,2025-10-28 14:17:00+05:30,141.70914575958253,SL,-4.550000000000017,-3.750000000000016,30.728578567504883,77.04681396484375,78.20731353759766,1.8503629969962223,3.240262141523732,0.020911476196396328,7.152120559858592,0.0,141.70914575958253,-0.9100000000000033,-0.7500000000000032,100000.0,5.0,500000.0,-4550.0000000000155,-3750.000000000016
2025-10-28,SHANKARA,LONG,B_HUGE_GREEN_PULLBACK_HOLD_THEN_BREAK,HUGE,2025-10-28 13:15:00+05:30,2025-10-28 14:15:00+05:30,139.4999969482422,138.45374697113039,141.59249690246583,2025-10-28 15:30:00+05:30,139.5,EOD,-0.7999890617997565,1.0938200243343341e-05,37.96163558959961,78.75102996826172,93.29248046875,4.794122692315358,5.0215932837072295,0.0053914091282132055,12.412890772539136,0.0,138.45374697113039,-0.1599978123599513,2.187640048668668e-06,100000.0,5.0,500000.0,-799.9890617997565,0.01093820024334334
2025-10-28,SFL,SHORT,A_MOD_BREAK_C1_LOW,MODERATE,2025-10-28 14:00:00+05:30,2025-10-28 14:15:00+05:30,668.4162777954101,673.4293998788758,660.3952824618652,2025-10-28 15:30:00+05:30,667.6500244140625,EOD,-0.2268142422601605,0.5731857577398394,48.482025146484375,28.326143264770508,11.296613693237305,2.502003768399381,2.517391979837387,0.0026429252783354493,0.9372303771972657,0.0,673.4293998788758,-0.045362848452032103,0.11463715154796787,50000.0,5.0,250000.0,-113.40712113008026,286.5928788699197
2025-10-28,TORNTPOWER,SHORT,A_MOD_BREAK_C1_LOW,MODERATE,2025-10-28 14:00:00+05:30,2025-10-28 14:15:00+05:30,1272.7454,1282.2909905000001,1257.4724552,2025-10-28 15:29:00+05:30,1282.2909905000001,SL,-4.550000000000046,-3.750000000000046,43.604759216308594,17.35755157470703,1.3848309516906738,3.3254321905790207,3.911556804483328,0.004581353387336044,0.8640713882446289,0.0,1282.2909905000001,-0.9100000000000092,-0.7500000000000092,50000.0,5.0,250000.0,-2275.000000000023,-1875.0000000000232
2025-10-29,SAMMAANCAP,SHORT,A_MOD_BREAK_C1_LOW,MODERATE,2025-10-29 10:15:00+05:30,2025-10-29 10:30:00+05:30,181.5000030517578,182.861253074646,179.32200301513672,2025-10-29 10:38:00+05:30,182.861253074646,SL,-4.550000000000006,-3.750000000000006,29.7402400970459,23.906822204589844,4.214053630828857,1.877229395091862,3.7287609040322582,0.0069638414979970266,0.6346187455967642,0.0,182.861253074646,-0.9100000000000013,-0.7500000000000012,50000.0,5.0,250000.0,-2275.000000000003,-1875.000000000003
2025-10-29,MOTILALOFS,SHORT,A_MOD_BREAK_C1_LOW,MODERATE,2025-10-29 10:30:00+05:30,2025-10-29 10:45:00+05:30,1004.2991,1011.83134325,992.2475108,2025-10-29 11:00:00+05:30,1011.83134325,SL,-4.55000000000004,-3.7500000000000395,45.30936813354492,15.390677452087402,6.24630880355835,1.5252168368209984,4.57036433050926,0.011612294470763772,0.8065534684468485,0.0,1011.83134325,-0.9100000000000079,-0.7500000000000079,50000.0,5.0,250000.0,-2275.0000000000196,-1875.0000000000196
2025-10-29,PATANJALI,LONG,B_HUGE_GREEN_PULLBACK_HOLD_THEN_BREAK,HUGE,2025-10-29 10:15:00+05:30,2025-10-29 11:45:00+05:30,600.8201522094727,596.3140010679017,609.8324544926147,2025-10-29 15:30:00+05:30,604.9000244140625,EOD,2.5952524641412222,3.3952524641412225,28.5888729095459,74.02857971191406,81.08992767333984,1.111356410097063,2.730272538942288,0.00368213534503552,5.9875603076208925,0.0,596.3140010679017,0.5190504928282444,0.6790504928282445,100000.0,5.0,500000.0,2595.252464141222,3395.2524641412224
2025-10-29,BOSCHLTD,SHORT,A_MOD_BREAK_C1_LOW,MODERATE,2025-10-29 12:30:00+05:30,2025-10-29 12:45:00+05:30,36997.599,37275.08099250001,36553.627812,2025-10-29 14:23:00+05:30,37275.08099250001,SL,-4.550000000000064,-3.750000000000064,63.44129943847656,13.381235122680664,2.363206386566162,2.532033064674118,3.5012050028196957,0.005808456031338646,0.96,0.0,37275.08099250001,-0.9100000000000128,-0.7500000000000128,50000.0,5.0,250000.0,-2275.0000000000323,-1875.000000000032
2025-10-29,AJANTPHARM,LONG,B_HUGE_GREEN_PULLBACK_HOLD_THEN_BREAK,HUGE,2025-10-29 11:00:00+05:30,2025-10-29 13:00:00+05:30,2445.1888911621095,2426.849974478394,2481.866724529541,2025-10-29 15:30:00+05:30,2456.89990234375,EOD,1.5947048066447533,2.394704806644753,30.185625076293945,76.92847442626953,92.77299499511719,2.592657294107782,3.7928355855285627,0.0037767825156895447,8.304635840736955,0.0,2426.849974478394,0.31894096132895067,0.47894096132895064,100000.0,5.0,500000.0,1594.7048066447533,2394.7048066447533
2025-10-29,LUPIN,LONG,B_HUGE_GREEN_PULLBACK_HOLD_THEN_BREAK,HUGE,2025-10-29 11:00:00+05:30,2025-10-29 13:15:00+05:30,1951.4901955810546,1936.854019114197,1980.7625485147703,2025-10-29 15:30:00+05:30,1956.199951171875,EOD,0.4067074693700998,1.2067074693700997,37.50900650024414,78.41329193115234,89.65570831298828,1.8265559410173615,2.9581985495044387,0.004243316045470878,7.337350681959149,0.0,1936.854019114197,0.08134149387401995,0.24134149387401993,100000.0,5.0,500000.0,406.7074693700998,1206.7074693700997
2025-10-29,JKIL,LONG,B_HUGE_GREEN_PULLBACK_HOLD_THEN_BREAK,HUGE,2025-10-29 12:15:00+05:30,2025-10-29 13:15:00+05:30,646.1292,641.283231,655.8211379999999,2025-10-29 15:30:00+05:30,652.0,EOD,3.7430542374497477,4.543054237449748,51.68382263183594,79.31682586669922,81.4882583618164,2.1925967400030433,3.0414229552000656,0.006768424053398947,8.381496731216439,0.0,641.283231,0.7486108474899495,0.9086108474899496,100000.0,5.0,500000.0,3743.0542374497477,4543.054237449748
2025-10-29,RECLTD,LONG,B_HUGE_GREEN_PULLBACK_HOLD_THEN_BREAK,HUGE,2025-10-29 11:15:00+05:30,2025-10-29 14:30:00+05:30,384.17682610473634,381.29549990895083,389.93947849630734,2025-10-29 15:30:00+05:30,388.20001220703125,EOD,4.436112421312592,5.236112421312592,31.298206329345703,82.1111068725586,89.00965118408203,2.3790848922080947,4.218590114264466,0.005399499662439518,8.997282583277107,0.0,381.29549990895083,0.8872224842625185,1.0472224842625184,100000.0,5.0,500000.0,4436.112421312592,5236.112421312592
2025-10-30,AIIL,SHORT,A_MOD_BREAK_C1_LOW,MODERATE,2025-10-30 10:15:00+05:30,2025-10-30 10:30:00+05:30,589.4820555908203,593.9031710077516,582.4082709237305,2025-10-30 13:01:00+05:30,582.4082709237305,TARGET,5.200000000000008,6.000000000000007,26.741289138793945,24.210533142089844,4.135931015014648,1.0075360205295354,2.486297906199287,0.004188866534475553,0.4374381406745778,0.0,593.9031710077516,1.0400000000000016,1.2000000000000015,50000.0,5.0,250000.0,2600.0000000000036,3000.000000000004
2025-10-30,UBL,SHORT,A_MOD_BREAK_C1_LOW,MODERATE,2025-10-30 10:45:00+05:30,2025-10-30 11:00:00+05:30,1785.8427111816407,1799.236531515503,1764.412598647461,2025-10-30 15:30:00+05:30,1793.0,EOD,-2.8038967523695235,-2.0038967523695232,34.0694465637207,14.946659088134766,47.61366271972656,0.7106804659555895,2.7313755439638028,0.007110090458530039,0.4954107799980387,0.0,1799.236531515503,-0.5607793504739047,-0.40077935047390467,50000.0,5.0,250000.0,-1401.9483761847619,-1001.9483761847616
2025-10-30,VADILALIND,SHORT,A_MOD_BREAK_C1_LOW,MODERATE,2025-10-30 11:30:00+05:30,2025-10-30 11:45:00+05:30,5425.4147,5466.105310250001,5360.3097236,2025-10-30 15:30:00+05:30,5403.0,EOD,1.2657130596855821,2.065713059685582,34.031715393066406,37.92609786987305,26.305221557617188,0.8110244408428149,1.3383966161870635,0.004725051888317743,0.4793248388528419,0.0,5466.105310250001,0.2531426119371164,0.4131426119371164,50000.0,5.0,250000.0,632.8565298427909,1032.856529842791
2025-10-30,GREAVESCOT,LONG,B_HUGE_GREEN_PULLBACK_HOLD_THEN_BREAK,HUGE,2025-10-30 11:00:00+05:30,2025-10-30 12:00:00+05:30,236.05,234.279625,239.59074999999999,2025-10-30 12:29:00+05:30,234.279625,SL,-4.5500000000000025,-3.7500000000000027,31.160215377807617,69.12144470214844,84.30976104736328,1.7555039407239235,2.181393519869451,0.008282239597500308,5.7289444287974725,0.0,234.279625,-0.9100000000000006,-0.7500000000000006,100000.0,5.0,500000.0,-4550.000000000003,-3750.0000000000027
2025-10-30,INDIASHLTR,LONG,B_HUGE_GREEN_PULLBACK_HOLD_THEN_BREAK,HUGE,2025-10-30 11:30:00+05:30,2025-10-30 12:30:00+05:30,880.9761477905273,874.3688266820984,894.1907900073851,2025-10-30 14:00:00+05:30,874.3688266820984,SL,-4.549999999999964,-3.749999999999964,28.575551986694336,65.30496978759766,46.571449279785156,0.8439823589490858,1.8031911978729493,0.005050177425338952,4.407766252538239,0.0,874.3688266820984,-0.9099999999999928,-0.7499999999999928,100000.0,5.0,500000.0,-4549.999999999964,-3749.999999999964
2025-10-30,DCMSRIND,SHORT,B_HUGE_RED_FAILED_BOUNCE,HUGE,2025-10-30 11:30:00+05:30,2025-10-30 13:00:00+05:30,171.0500061035156,172.33288114929198,168.99740603027342,2025-10-30 15:16:00+05:30,172.33288114929198,SL,-4.549999999999993,-3.749999999999993,31.57839584350586,31.643308639526367,40.467384338378906,0.28123824830733674,1.755126765040161,0.008372760738653121,0.4106489693583799,0.0,172.33288114929198,-0.9099999999999986,-0.7499999999999986,50000.0,5.0,250000.0,-2274.999999999997,-1874.9999999999964
2025-10-30,ASALCBR,LONG,B_HUGE_GREEN_PULLBACK_HOLD_THEN_BREAK,HUGE,2025-10-30 10:15:00+05:30,2025-10-30 13:30:00+05:30,1165.233,1156.4937525,1182.7114949999998,2025-10-30 13:31:00+05:30,1182.7114949999998,TARGET,6.699999999999932,7.499999999999931,35.7330207824707,89.73389434814453,88.56689453125,2.6051871834090856,6.1602910795612145,0.011888786498136693,10.945825129003547,0.0,1156.4937525,1.3399999999999863,1.4999999999999862,100000.0,5.0,500000.0,6699.999999999932,7499.999999999931
2025-10-30,WELCORP,LONG,B_HUGE_GREEN_PULLBACK_HOLD_THEN_BREAK,HUGE,2025-10-30 11:45:00+05:30,2025-10-30 14:15:00+05:30,926.1852,919.238811,940.0779779999999,2025-10-30 15:30:00+05:30,928.0,EOD,0.1797176633787667,0.9797176633787665,43.78392028808594,79.35015106201172,66.02005767822266,2.9412167821500104,2.616216100302743,0.006074991565813749,7.958090062279238,0.0,919.238811,0.03594353267575334,0.19594353267575332,100000.0,5.0,500000.0,179.7176633787667,979.7176633787666
2025-10-30,KSCL,SHORT,A_MOD_BREAK_C1_LOW,MODERATE,2025-10-30 14:15:00+05:30,2025-10-30 14:30:00+05:30,1033.7932,1041.5466490000001,1021.3876816000001,2025-10-30 15:30:00+05:30,1034.0,EOD,-0.9000200040007662,-0.10002000400076637,36.012168884277344,28.80928611755371,13.053675651550293,2.88727509900626,2.413134871661269,0.0031893439400233264,0.7501825332641601,0.0,1041.5466490000001,-0.18000400080015325,-0.020004000800153274,50000.0,5.0,250000.0,-450.0100020003831,-50.01000200038319
2025-10-31,CHAMBLFERT,SHORT,A_MOD_BREAK_C1_LOW,MODERATE,2025-10-31 10:30:00+05:30,2025-10-31 10:45:00+05:30,477.4045,480.98503375,471.675646,2025-10-31 12:03:00+05:30,480.98503375,SL,-4.550000000000031,-3.7500000000000306,42.91839599609375,20.17053985595703,7.500412940979004,1.3390405748361989,3.450680410899987,0.0032593239545198336,0.7381080405377409,0.0,480.98503375,-0.9100000000000061,-0.7500000000000061,50000.0,5.0,250000.0,-2275.0000000000155,-1875.0000000000152
2025-10-31,MANYAVAR,SHORT,A_MOD_BREAK_C1_LOW,MODERATE,2025-10-31 10:45:00+05:30,2025-10-31 11:00:00+05:30,658.8682,663.8097115,650.9617816,2025-10-31 12:00:00+05:30,650.9617816,TARGET,5.2000000000000055,6.000000000000005,48.40941619873047,19.306406021118164,3.5367677211761475,0.7281987452617336,3.105796387797395,0.0063082668958556855,0.7135760234017603,0.0,663.8097115,1.0400000000000011,1.200000000000001,50000.0,5.0,250000.0,2600.0000000000027,3000.0000000000027
2025-10-31,TECHM,SHORT,A_MOD_BREAK_C1_LOW,MODERATE,2025-10-31 10:45:00+05:30,2025-10-31 11:00:00+05:30,1430.4138111816405,1441.1419147655029,1413.2488454474608,2025-10-31 15:30:00+05:30,1424.0,EOD,1.4419425523940514,2.2419425523940513,44.04496383666992,35.759979248046875,65.67024993896484,0.5296163008404134,1.1968795250387083,0.0027203874767951245,0.5732012864490565,0.0,1441.1419147655029,0.2883885104788103,0.4483885104788103,50000.0,5.0,250000.0,720.9712761970258,1120.9712761970256
2025-10-31,LATENTVIEW,LONG,A_MOD_BREAK_C1_HIGH,MODERATE,2025-10-31 11:00:00+05:30,2025-10-31 11:15:00+05:30,433.33665,430.08662512500007,439.83669975,2025-10-31 12:20:00+05:30,439.83669975,TARGET,6.699999999999954,7.499999999999954,36.800865173339844,72.01956176757812,92.44123840332031,1.7813531623475563,3.007950331438068,0.006977903374898791,6.872712697662834,0.0,430.08662512500007,1.3399999999999908,1.4999999999999907,100000.0,5.0,500000.0,6699.999999999954,7499.999999999954
2025-10-31,NH,SHORT,A_MOD_BREAK_C1_LOW,MODERATE,2025-10-31 11:15:00+05:30,2025-10-31 11:30:00+05:30,1745.6508,1758.743181,1724.7029903999999,2025-10-31 14:53:00+05:30,1758.743181,SL,-4.550000000000046,-3.750000000000046,29.661510467529297,25.541587829589844,3.416154384613037,2.23998533646957,2.601478607093608,0.005903999533868887,0.6549226570129394,0.0,1758.743181,-0.9100000000000092,-0.7500000000000092,50000.0,5.0,250000.0,-2275.000000000023,-1875.0000000000232
2025-10-31,VISHNU,LONG,B_HUGE_GREEN_PULLBACK_HOLD_THEN_BREAK,HUGE,2025-10-31 11:00:00+05:30,2025-10-31 12:15:00+05:30,513.85275,509.99885437500006,521.5605412499999,2025-10-31 15:30:00+05:30,518.0,EOD,3.2354459521720824,4.035445952172082,27.911970138549805,85.44754028320312,92.25428009033203,1.47153376932368,4.574308843232649,0.0078480433910648,8.113227508663208,0.0,509.99885437500006,0.6470891904344165,0.8070891904344164,100000.0,5.0,500000.0,3235.4459521720823,4035.445952172082
2025-10-31,MUFIN,LONG,B_HUGE_GREEN_PULLBACK_HOLD_THEN_BREAK,HUGE,2025-10-31 11:15:00+05:30,2025-10-31 12:15:00+05:30,104.55,103.76587500000001,106.11824999999999,2025-10-31 12:16:00+05:30,106.11824999999999,TARGET,6.699999999999962,7.499999999999961,31.42470359802246,69.64669036865234,70.0793685913086,2.5074302714764074,2.1619956059234813,0.009572393063478464,6.737392052453833,0.0,103.76587500000001,1.3399999999999923,1.4999999999999922,100000.0,5.0,500000.0,6699.999999999961,7499.999999999962
2025-10-31,FORTIS,SHORT,A_MOD_BREAK_C1_LOW,MODERATE,2025-10-31 12:15:00+05:30,2025-10-31 12:30:00+05:30,1029.9939111816407,1037.718865515503,1017.633984247461,2025-10-31 15:30:00+05:30,1024.25,EOD,1.9883228819532914,2.7883228819532913,28.607105255126953,27.47964096069336,7.144434928894043,1.3556988240922234,1.8804244291929997,0.0052395741106906505,0.5203750945026934,0.0,1037.718865515503,0.3976645763906583,0.5576645763906583,50000.0,5.0,250000.0,994.1614409766457,1394.1614409766457
2025-10-31,VRLLOG,LONG,B_HUGE_GREEN_PULLBACK_HOLD_THEN_BREAK,HUGE,2025-10-31 12:45:00+05:30,2025-10-31 14:00:00+05:30,282.8565477905273,280.7351236820984,287.0993960073852,2025-10-31 15:03:00+05:30,280.7351236820984,SL,-4.549999999999948,-3.7499999999999485,53.07768249511719,92.15747833251953,85.38448333740234,2.9056869131554843,4.480333887276381,0.007059487174766019,10.585612584806904,0.0,280.7351236820984,-0.9099999999999897,-0.7499999999999897,100000.0,5.0,500000.0,-4549.999999999948,-3749.999999999948
2025-11-03,PATANJALI,SHORT,A_MOD_BREAK_C1_LOW,MODERATE,2025-11-03 10:00:00+05:30,2025-11-03 10:15:00+05:30,578.8842,583.2258315,571.9375895999999,2025-11-03 10:30:00+05:30,571.9375895999999,TARGET,5.200000000000048,6.000000000000048,35.653587341308594,11.251279830932617,1.9605388641357422,1.9556566827996698,4.911817668011724,0.007142867449034063,0.7370437296095711,0.0,583.2258315,1.0400000000000096,1.2000000000000095,50000.0,5.0,250000.0,2600.000000000024,3000.000000000024
2025-11-03,ANURAS,SHORT,A_MOD_BREAK_C1_LOW,MODERATE,2025-11-03 10:45:00+05:30,2025-11-03 11:00:00+05:30,1069.786,1077.8093950000002,1056.948568,2025-11-03 15:02:00+05:30,1077.8093950000002,SL,-4.550000000000076,-3.7500000000000764,27.83571434020996,30.7833309173584,46.67177963256836,0.8332026196419904,1.6441557877581465,0.005232668723119607,0.40555396292840507,0.0,1077.8093950000002,-0.9100000000000152,-0.7500000000000153,50000.0,5.0,250000.0,-2275.000000000038,-1875.0000000000382
2025-11-03,HLEGLAS,LONG,B_HUGE_GREEN_PULLBACK_HOLD_THEN_BREAK,HUGE,2025-11-03 10:30:00+05:30,2025-11-03 11:30:00+05:30,591.2181955810547,586.7840591141968,600.0864685147704,2025-11-03 11:31:00+05:30,600.0864685147704,TARGET,6.699999999999924,7.499999999999924,25.442371368408203,71.25569152832031,86.71429443359375,2.899968834030584,2.841229041369784,0.008337873970235318,7.7651776607147545,0.0,586.7840591141968,1.3399999999999848,1.4999999999999847,100000.0,5.0,500000.0,6699.999999999924,7499.999999999924
2025-11-03,SHARDACROP,SHORT,A_MOD_BREAK_C1_LOW,MODERATE,2025-11-03 11:15:00+05:30,2025-11-03 11:30:00+05:30,835.8328,842.1015460000001,825.8028064,2025-11-03 11:53:00+05:30,825.8028064,TARGET,5.200000000000008,6.000000000000007,28.974376678466797,26.113187789916992,4.790234088897705,1.6450829719007216,3.1360927502296803,0.008969105272737456,0.5825051702596282,0.0,842.1015460000001,1.0400000000000016,1.2000000000000015,50000.0,5.0,250000.0,2600.0000000000036,3000.000000000004
2025-11-03,VASCONEQ,LONG,B_HUGE_GREEN_PULLBACK_HOLD_THEN_BREAK,HUGE,2025-11-03 10:30:00+05:30,2025-11-03 12:00:00+05:30,69.18999938964843,68.67107439422607,70.22784938049315,2025-11-03 15:30:00+05:30,69.5,EOD,1.4402125530148855,2.240212553014885,29.882429122924805,73.5693359375,78.83319091796875,1.3557794944385813,2.3619380680706095,0.010578146027680608,5.400324806523019,0.0,68.67107439422607,0.2880425106029771,0.44804251060297706,100000.0,5.0,500000.0,1440.2125530148853,2240.212553014885
2025-11-04,SUPRIYA,LONG,A_MOD_BREAK_C1_HIGH,MODERATE,2025-11-04 10:00:00+05:30,2025-11-04 10:15:00+05:30,817.8635522094727,811.7295755679016,830.1315054926147,2025-11-04 10:25:00+05:30,830.1315054926147,TARGET,6.699999999999941,7.49999999999994,34.329551696777344,80.68354034423828,92.20232391357422,1.7668681505661432,3.9603122854262254,0.008617666693295337,7.539840638561369,0.0,811.7295755679016,1.339999999999988,1.499999999999988,100000.0,5.0,500000.0,6699.99999999994,7499.99999999994
2025-11-04,AFFLE,SHORT,A_MOD_BREAK_C1_LOW,MODERATE,2025-11-04 10:15:00+05:30,2025-11-04 10:30:00+05:30,1825.6348,1839.3270610000002,1803.7271824,2025-11-04 10:39:00+05:30,1803.7271824,TARGET,5.200000000000026,6.000000000000025,25.695812225341797,20.141172409057617,9.902799606323242,1.378978334857102,4.1086854531514945,0.007600693369087794,0.4867583919801198,0.0,1839.3270610000002,1.0400000000000051,1.200000000000005,50000.0,5.0,250000.0,2600.0000000000127,3000.0000000000127
2025-11-04,NH,LONG,A_MOD_BREAK_C1_HIGH,MODERATE,2025-11-04 10:15:00+05:30,2025-11-04 10:30:00+05:30,1837.1674088378907,1823.3886532716065,1864.7249199704588,2025-11-04 15:30:00+05:30,1830.5999755859375,EOD,-2.587380186574131,-1.7873801865741306,38.00019073486328,80.56820678710938,91.74987030029297,1.90754301049495,3.7281953603330305,0.006856101839207387,7.655963369610364,0.0,1823.3886532716065,-0.5174760373148262,-0.35747603731482613,100000.0,5.0,500000.0,-2587.380186574131,-1787.3801865741307
2025-11-04,TATAPOWER,SHORT,A_MOD_BREAK_C1_LOW,MODERATE,2025-11-04 10:15:00+05:30,2025-11-04 10:30:00+05:30,400.5698638977051,403.5741378769379,395.7630255309326,2025-11-04 15:30:00+05:30,400.54998779296875,EOD,-0.775190214582123,0.02480978541787697,27.389726638793945,26.479459762573242,7.3209991455078125,1.243908286945529,3.1475770478251586,0.003885585965771119,0.48852984979737674,0.0,403.5741378769379,-0.1550380429164246,0.004961957083575394,50000.0,5.0,250000.0,-387.5951072910615,12.404892708938487
2025-11-04,NTPC,SHORT,A_MOD_BREAK_C1_LOW,MODERATE,2025-11-04 10:30:00+05:30,2025-11-04 10:45:00+05:30,330.68385,333.16397887500005,326.7156438,2025-11-04 15:30:00+05:30,330.5,EOD,-0.5220154537332156,0.2779845462667843,42.6363639831543,22.576799392700195,8.562821388244629,1.1959062954097437,3.308933876450951,0.0030103608560706195,0.7088290614440196,0.0,333.16397887500005,-0.10440309074664311,0.05559690925335686,50000.0,5.0,250000.0,-261.00772686660775,138.99227313339216
2025-11-04,NATIONALUM,SHORT,A_MOD_BREAK_C1_LOW,MODERATE,2025-11-04 11:00:00+05:30,2025-11-04 11:15:00+05:30,233.5000030517578,235.251253074646,230.6980030151367,2025-11-04 15:30:00+05:30,233.0,EOD,0.2706703323831866,1.0706703323831865,25.129173278808594,25.177474975585938,13.034743309020996,2.250725194652246,3.3785596822367405,0.004277173676637809,0.5869375991821288,0.0,235.251253074646,0.05413406647663732,0.2141340664766373,50000.0,5.0,250000.0,135.3351661915933,535.3351661915932
2025-11-04,WIPRO,SHORT,A_MOD_BREAK_C1_LOW,MODERATE,2025-11-04 11:15:00+05:30,2025-11-04 11:30:00+05:30,232.84999389648436,234.59636885070802,230.05579396972655,2025-11-04 15:30:00+05:30,232.3000030517578,EOD,0.3809981944235197,1.1809981944235195,35.32575607299805,33.918701171875,15.930910110473633,1.4375374859321264,1.959597987067915,0.0022843642246468455,0.6394353004864886,0.0,234.59636885070802,0.07619963888470394,0.2361996388847039,50000.0,5.0,250000.0,190.49909721175985,590.4990972117598
2025-11-04,JUBLFOOD,SHORT,A_MOD_BREAK_C1_LOW,MODERATE,2025-11-04 11:30:00+05:30,2025-11-04 11:45:00+05:30,593.7312055908203,598.1841896327516,586.6064311237304,2025-11-04 15:30:00+05:30,594.0,EOD,-1.0263603518297595,-0.22636035182975955,31.497194290161133,33.01062774658203,11.025254249572754,1.7342321348918164,1.733135967946446,0.003810005997990554,0.6226053363558071,0.0,598.1841896327516,-0.20527207036595188,-0.04527207036595191,50000.0,5.0,250000.0,-513.1801759148797,-113.18017591487977
2025-11-04,DYNAMATECH,LONG,B_HUGE_GREEN_PULLBACK_HOLD_THEN_BREAK,HUGE,2025-11-04 10:45:00+05:30,2025-11-04 12:30:00+05:30,8571.714,8507.426145000001,8700.28971,2025-11-04 12:51:00+05:30,8700.28971,TARGET,6.699999999999951,7.499999999999951,62.997676849365234,85.48947143554688,91.20787048339844,1.4687397960412514,5.697091300006715,0.0071816768898630414,9.889130979581045,0.0,8507.426145000001,1.3399999999999903,1.4999999999999902,100000.0,5.0,500000.0,6699.999999999952,7499.999999999951
2025-11-04,MANORAMA,SHORT,A_MOD_BREAK_C1_LOW,MODERATE,2025-11-04 13:00:00+05:30,2025-11-04 13:15:00+05:30,1348.7302,1358.8456765,1332.5454376,2025-11-04 14:46:00+05:30,1332.5454376,TARGET,5.199999999999983,5.999999999999983,29.55514144897461,21.848987579345703,3.4126009941101074,2.60104353496604,2.750549835186106,0.004267716602186877,0.653327121734619,0.0,1358.8456765,1.0399999999999967,1.1999999999999966,50000.0,5.0,250000.0,2599.999999999992,2999.9999999999914
2025-11-04,SINDHUTRAD,LONG,A_MOD_BREAK_C1_HIGH,MODERATE,2025-11-04 13:00:00+05:30,2025-11-04 13:15:00+05:30,24.699999618530274,24.5147496213913,25.070499612808227,2025-11-04 13:16:00+05:30,25.070499612808227,TARGET,6.699999999999977,7.499999999999977,30.004844665527344,80.56121826171875,88.58765411376953,2.2396347918581165,3.464347556641088,0.008507550115390713,7.548488724375618,0.0,24.5147496213913,1.3399999999999954,1.4999999999999953,100000.0,5.0,500000.0,6699.999999999976,7499.999999999976
2025-11-04,ETERNAL,SHORT,A_MOD_BREAK_C1_LOW,MODERATE,2025-11-04 13:45:00+05:30,2025-11-04 14:00:00+05:30,314.2371277954102,316.5939062538758,310.4662822618653,2025-11-04 15:30:00+05:30,313.70001220703125,EOD,0.054634193208103754,0.8546341932081036,33.692626953125,28.245946884155273,2.0472826957702637,3.089041587230253,3.1223560352813085,0.0029080445108567938,0.7153894042968749,0.0,316.5939062538758,0.01092683864162075,0.17092683864162073,50000.0,5.0,250000.0,27.317096604051876,427.3170966040518
2025-11-04,BDL,SHORT,A_MOD_BREAK_C1_LOW,MODERATE,2025-11-04 14:00:00+05:30,2025-11-04 14:15:00+05:30,1485.2029,1496.34192175,1467.3804652,2025-11-04 15:30:00+05:30,1480.5,EOD,0.7832516890453151,1.583251689045315,35.40205764770508,23.693178176879883,6.352690696716309,3.4834287897858958,3.288088489546176,0.0037419611604404515,0.7410308647155761,0.0,1496.34192175,0.156650337809063,0.316650337809063,50000.0,5.0,250000.0,391.62584452265753,791.6258445226574
2025-11-06,ABFRL,SHORT,A_MOD_BREAK_C1_LOW,MODERATE,2025-11-06 10:00:00+05:30,2025-11-06 10:15:00+05:30,79.56000061035157,80.1567006149292,78.60528060302734,2025-11-06 10:47:00+05:30,78.60528060302734,TARGET,5.200000000000049,6.000000000000049,32.17288589477539,13.807371139526367,9.14222526550293,1.0373715562004078,4.25472534277766,0.010459937824166756,0.5241333107567021,0.0,80.1567006149292,1.0400000000000098,1.2000000000000097,50000.0,5.0,250000.0,2600.0000000000246,3000.0000000000246
2025-11-06,ADOR,SHORT,A_MOD_BREAK_C1_LOW,MODERATE,2025-11-06 10:00:00+05:30,2025-11-06 10:15:00+05:30,1062.1875444091797,1070.1539509922486,1049.4412938762696,2025-11-06 10:17:00+05:30,1049.4412938762696,TARGET,5.199999999999999,5.999999999999998,31.36907196044922,29.577585220336914,31.215389251708984,0.5786136916050767,2.4405007732782678,0.006639975427598905,0.43179347543762664,0.0,1070.1539509922486,1.0399999999999998,1.1999999999999997,50000.0,5.0,250000.0,2599.9999999999995,2999.999999999999
2025-11-06,BAJAJHIND,SHORT,A_MOD_BREAK_C1_LOW,MODERATE,2025-11-06 10:00:00+05:30,2025-11-06 10:15:00+05:30,21.460000228881835,21.62095023059845,21.202480226135254,2025-11-06 15:21:00+05:30,21.202480226135254,TARGET,5.19999999999998,5.99999999999998,49.87335205078125,16.0551700592041,5.5284810066223145,1.234456050601551,4.192282437390252,0.004711028261426529,0.8241300896169901,0.0,21.62095023059845,1.039999999999996,1.199999999999996,50000.0,5.0,250000.0,2599.99999999999,2999.99999999999
2025-11-06,HINDALCO,SHORT,A_MOD_BREAK_C1_LOW,MODERATE,2025-11-06 10:00:00+05:30,2025-11-06 10:15:00+05:30,778.9441555908203,784.7862367577515,769.5968257237305,2025-11-06 13:47:00+05:30,784.7862367577515,SL,-4.550000000000009,-3.750000000000009,48.681209564208984,4.655730247497559,11.559786796569824,1.108687105885741,6.50667930415664,0.008705213790218214,0.7842383869931395,0.0,784.7862367577515,-0.9100000000000017,-0.7500000000000018,50000.0,5.0,250000.0,-2275.0000000000045,-1875.0000000000045
2025-11-06,KKCL,SHORT,A_MOD_BREAK_C1_LOW,MODERATE,2025-11-06 10:00:00+05:30,2025-11-06 10:15:00+05:30,513.8972,517.751429,507.73043359999997,2025-11-06 13:55:00+05:30,517.751429,SL,-4.550000000000031,-3.750000000000031,29.513856887817383,32.52064895629883,25.714284896850586,0.7680250335916471,2.1900855600343734,0.004252384608821646,0.437112234195799,0.0,517.751429,-0.9100000000000061,-0.7500000000000062,50000.0,5.0,250000.0,-2275.0000000000155,-1875.0000000000155
2025-11-06,NETWEB,SHORT,A_MOD_BREAK_C1_LOW,MODERATE,2025-11-06 10:00:00+05:30,2025-11-06 10:15:00+05:30,3424.315,3449.9973625000002,3383.22322,2025-11-06 11:38:00+05:30,3383.22322,TARGET,5.2000000000000295,6.000000000000028,49.03928756713867,11.836734771728516,4.640668869018555,1.86726029549102,5.135974577853886,0.012397711921605986,0.9223598652180085,0.0,3449.9973625000002,1.0400000000000058,1.2000000000000057,50000.0,5.0,250000.0,2600.0000000000146,3000.0000000000146
2025-11-06,PCBL,SHORT,A_MOD_BREAK_C1_LOW,MODERATE,2025-11-06 10:00:00+05:30,2025-11-06 10:15:00+05:30,350.7798361022949,353.4106848730621,346.57047806906735,2025-11-06 12:16:00+05:30,346.57047806906735,TARGET,5.200000000000009,6.000000000000009,37.26664352416992,20.51605796813965,9.364971160888672,1.838541328098789,3.7299602802160092,0.0038681444802891765,0.7407443852798368,0.0,353.4106848730621,1.0400000000000018,1.2000000000000017,50000.0,5.0,250000.0,2600.0000000000045,3000.0000000000045
2025-11-06,POKARNA,SHORT,A_MOD_BREAK_C1_LOW,MODERATE,2025-11-06 10:00:00+05:30,2025-11-06 10:15:00+05:30,876.1247277954102,882.6956632538759,865.6112310618653,2025-11-06 10:38:00+05:30,882.6956632538759,SL,-4.550000000000053,-3.7500000000000533,31.007091522216797,19.368635177612305,1.601462960243225,2.2447377241402227,3.7917424767129995,0.005034603216709235,0.6751063728332518,0.0,882.6956632538759,-0.9100000000000106,-0.7500000000000107,50000.0,5.0,250000.0,-2275.0000000000264,-1875.0000000000266
2025-11-06,POWERMECH,SHORT,A_MOD_BREAK_C1_LOW,MODERATE,2025-11-06 10:00:00+05:30,2025-11-06 10:15:00+05:30,2418.916022363281,2437.057892531006,2389.889030094922,2025-11-06 11:58:00+05:30,2389.889030094922,TARGET,5.1999999999999655,5.999999999999965,30.595712661743164,17.43243980407715,12.605804443359375,1.7182062967118241,3.657123567742026,0.0050005335631620376,0.6196217918507165,0.0,2437.057892531006,1.0399999999999932,1.199999999999993,50000.0,5.0,250000.0,2599.999999999983,2999.9999999999827
2025-11-06,SWANCORP,SHORT,A_MOD_BREAK_C1_LOW,MODERATE,2025-11-06 10:00:00+05:30,2025-11-06 10:15:00+05:30,443.9112,447.240534,438.5842656,2025-11-06 12:13:00+05:30,438.5842656,TARGET,5.200000000000031,6.000000000000031,48.1552734375,14.464495658874512,5.808481693267822,1.6994914562192254,4.431662496678567,0.00612176174626454,0.8797401064008643,0.0,447.240534,1.0400000000000063,1.2000000000000062,50000.0,5.0,250000.0,2600.0000000000155,3000.0000000000155
2025-11-06,ASAHIINDIA,SHORT,A_MOD_BREAK_C1_LOW,MODERATE,2025-11-06 10:15:00+05:30,2025-11-06 10:30:00+05:30,897.07055,903.7985791250001,886.3057034,2025-11-06 10:31:00+05:30,886.3057034,TARGET,5.200000000000031,6.000000000000031,45.804019927978516,22.760812759399414,21.085941314697266,0.7529381731274031,3.4882389958997724,0.011786985526403813,0.6788244792169733,0.0,903.7985791250001,1.0400000000000063,1.2000000000000062,50000.0,5.0,250000.0,2600.0000000000155,3000.0000000000155
2025-11-06,GRASIM,SHORT,A_MOD_BREAK_C1_LOW,MODERATE,2025-11-06 10:15:00+05:30,2025-11-06 10:30:00+05:30,2729.454,2749.9249050000003,2696.7005520000002,2025-11-06 12:29:00+05:30,2696.7005520000002,TARGET,5.199999999999988,5.999999999999988,39.708709716796875,9.89178466796875,5.826147556304932,1.703469303022755,5.503506797988404,0.007276034311576997,0.7537377737809352,0.0,2749.9249050000003,1.0399999999999976,1.1999999999999975,50000.0,5.0,250000.0,2599.9999999999936,2999.999999999994
2025-11-06,HINDCOPPER,SHORT,A_MOD_BREAK_C1_LOW,MODERATE,2025-11-06 10:15:00+05:30,2025-11-06 10:30:00+05:30,324.98497779541015,327.42236512887575,321.08515806186523,2025-11-06 15:30:00+05:30,321.6000061035156,EOD,4.407889476702956,5.207889476702956,42.01553726196289,15.69609260559082,18.48329734802246,1.9072454207069545,3.322443080295101,0.00590392509770407,0.8240010075531603,0.0,327.42236512887575,0.8815778953405913,1.0415778953405912,50000.0,5.0,250000.0,2203.9447383514785,2603.944738351478
2025-11-06,IONEXCHANG,SHORT,A_MOD_BREAK_C1_LOW,MODERATE,2025-11-06 10:15:00+05:30,2025-11-06 10:30:00+05:30,385.7228277954102,388.6157490038758,381.09415386186527,2025-11-06 14:06:00+05:30,388.6157490038758,SL,-4.550000000000059,-3.75000000000006,46.644046783447266,15.969413757324219,4.6729278564453125,1.6275577104459529,3.802431414181955,0.006103436411942092,0.8444833010797506,0.0,388.6157490038758,-0.9100000000000119,-0.750000000000012,50000.0,5.0,250000.0,-2275.0000000000296,-1875.00000000003
2025-11-06,J&KBANK,SHORT,A_MOD_BREAK_C1_LOW,MODERATE,2025-11-06 10:15:00+05:30,2025-11-06 10:30:00+05:30,103.45,104.22587500000002,102.2086,2025-11-06 15:30:00+05:30,102.6500015258789,EOD,3.066594848337828,3.8665948483378276,36.114830017089844,13.636876106262207,3.5648820400238037,2.6325046333812425,4.053458022900763,0.004030368466308151,0.7517224502563475,0.0,104.22587500000002,0.6133189696675656,0.7733189696675655,50000.0,5.0,250000.0,1533.297424168914,1933.2974241689137
2025-11-06,TARC,SHORT,A_MOD_BREAK_C1_LOW,MODERATE,2025-11-06 10:15:00+05:30,2025-11-06 10:30:00+05:30,153.95,155.104625,152.1026,2025-11-06 10:41:00+05:30,152.1026,TARGET,5.199999999999979,5.999999999999979,25.717161178588867,27.252538681030273,4.1647047996521,1.44827465609113,3.352195464419101,0.006553819427242527,0.49920548249478075,0.0,155.104625,1.0399999999999958,1.1999999999999957,50000.0,5.0,250000.0,2599.9999999999895,2999.999999999989
2025-11-06,TARSONS,SHORT,A_MOD_BREAK_C1_LOW,MODERATE,2025-11-06 10:15:00+05:30,2025-11-06 10:30:00+05:30,284.4431,286.57642325,281.0297828,2025-11-06 15:30:00+05:30,283.95001220703125,EOD,0.06675998287313953,0.8667599828731394,34.787384033203125,28.107177734375,5.209800720214844,1.340996433574658,2.6716783060010743,0.004205372714828732,0.6164851363736119,0.0,286.57642325,0.013351996574627906,0.17335199657462788,50000.0,5.0,250000.0,33.37999143656977,433.3799914365697
2025-11-06,UNICHEMLAB,SHORT,A_MOD_BREAK_C1_LOW,MODERATE,2025-11-06 10:15:00+05:30,2025-11-06 10:30:00+05:30,462.75743610229495,466.22811687306216,457.2043468690674,2025-11-06 15:01:00+05:30,466.22811687306216,SL,-4.550000000000005,-3.750000000000005,49.38161087036133,27.75701332092285,13.961858749389648,0.9974596530814912,2.7163521973258864,0.00486068017099733,0.7752796023446809,0.0,466.22811687306216,-0.910000000000001,-0.750000000000001,50000.0,5.0,250000.0,-2275.0000000000027,-1875.0000000000025
2025-11-06,CONCORDBIO,SHORT,A_MOD_BREAK_C1_LOW,MODERATE,2025-11-06 10:30:00+05:30,2025-11-06 10:45:00+05:30,1426.3146555908204,1437.0120155077516,1409.1988797237304,2025-11-06 14:20:00+05:30,1409.1988797237304,TARGET,5.200000000000038,6.000000000000037,27.43954849243164,15.91474723815918,2.507237434387207,2.021052152308325,4.074317135721725,0.003816000835568839,0.6215932273864746,0.0,1437.0120155077516,1.0400000000000076,1.2000000000000075,50000.0,5.0,250000.0,2600.000000000019,3000.0000000000186
2025-11-06,JTLIND,SHORT,A_MOD_BREAK_C1_LOW,MODERATE,2025-11-06 10:30:00+05:30,2025-11-06 10:45:00+05:30,61.92000122070313,62.384401229858405,61.17696120605469,2025-11-06 10:46:00+05:30,61.17696120605469,TARGET,5.199999999999988,5.999999999999988,53.716392517089844,6.845207691192627,4.227575302124023,1.899069364674763,5.5353711845805185,0.006963306228965304,0.9423371388180835,0.0,62.384401229858405,1.0399999999999976,1.1999999999999975,50000.0,5.0,250000.0,2599.9999999999936,2999.999999999994
2025-11-06,TATAELXSI,SHORT,A_MOD_BREAK_C1_LOW,MODERATE,2025-11-06 10:30:00+05:30,2025-11-06 10:45:00+05:30,5253.949,5293.3536175,5190.901612,2025-11-06 15:30:00+05:30,5227.5,EOD,1.7170590730895576,2.5170590730895577,41.95249557495117,16.269378662109375,1.9125683307647705,2.15063809038831,4.152443068689509,0.004002990504880954,0.8392874336242675,0.0,5293.3536175,0.34341181461791154,0.5034118146179115,50000.0,5.0,250000.0,858.5295365447789,1258.529536544779
2025-11-06,MGL,SHORT,A_MOD_BREAK_C1_LOW,MODERATE,2025-11-06 11:00:00+05:30,2025-11-06 11:15:00+05:30,1242.4514111816407,1251.769796765503,1227.541994247461,2025-11-06 13:47:00+05:30,1227.541994247461,TARGET,5.200000000000012,6.000000000000011,42.90137481689453,17.7844295501709,4.645434856414795,2.1217945136582776,3.5906292449350934,0.0035165515547246886,0.853520622253418,0.0,1251.769796765503,1.0400000000000023,1.2000000000000022,50000.0,5.0,250000.0,2600.0000000000055,3000.0000000000055
2025-11-06,LTF,SHORT,A_MOD_BREAK_C1_LOW,MODERATE,2025-11-06 11:30:00+05:30,2025-11-06 11:45:00+05:30,274.2951361022949,276.35234962306214,271.00359446906737,2025-11-06 12:55:00+05:30,276.35234962306214,SL,-4.550000000000015,-3.7500000000000155,33.48234558105469,29.564420700073242,7.445135593414307,2.1321511348379594,2.824102599708388,0.0050360156505575675,0.7122351837158203,0.0,276.35234962306214,-0.910000000000003,-0.7500000000000031,50000.0,5.0,250000.0,-2275.0000000000073,-1875.0000000000077
2025-11-06,HITECH,SHORT,B_HUGE_RED_FAILED_BOUNCE,HUGE,2025-11-06 10:00:00+05:30,2025-11-06 12:15:00+05:30,106.36999816894532,107.16777315521242,105.09355819091797,2025-11-06 12:55:00+05:30,105.09355819091797,TARGET,5.199999999999987,5.999999999999987,34.24144744873047,21.304006576538086,4.676916599273682,1.6495998855483909,4.08858026363721,0.009520679421295144,0.7023016917019254,0.0,107.16777315521242,1.0399999999999974,1.1999999999999973,50000.0,5.0,250000.0,2599.999999999993,2999.999999999993
2025-11-06,CHEMCON,SHORT,A_MOD_BREAK_C1_LOW,MODERATE,2025-11-06 12:00:00+05:30,2025-11-06 12:15:00+05:30,234.95,236.71212500000001,232.1306,2025-11-06 15:08:00+05:30,232.1306,TARGET,5.200000000000004,6.0000000000000036,33.6929817199707,25.60515785217285,6.680233478546143,1.5354956005822662,2.5291493651600825,0.008282670061639014,0.6341064559014571,0.0,236.71212500000001,1.0400000000000007,1.2000000000000006,50000.0,5.0,250000.0,2600.000000000002,3000.0000000000014
2025-11-06,TRACXN,SHORT,A_MOD_BREAK_C1_LOW,MODERATE,2025-11-06 12:15:00+05:30,2025-11-06 12:30:00+05:30,49.0499984741211,49.41787346267701,48.46139849243164,2025-11-06 12:34:00+05:30,48.46139849243164,TARGET,5.200000000000023,6.000000000000023,42.414241790771484,26.47245979309082,14.730643272399902,1.0180637709171085,2.5416738712063127,0.012498180451551483,0.6743747867720662,0.0,49.41787346267701,1.0400000000000047,1.2000000000000046,50000.0,5.0,250000.0,2600.0000000000114,3000.0000000000114
2025-11-07,ABREL,SHORT,A_MOD_BREAK_C1_LOW,MODERATE,2025-11-07 10:00:00+05:30,2025-11-07 10:15:00+05:30,1775.3448111816406,1788.659897265503,1754.040673447461,2025-11-07 10:41:00+05:30,1788.659897265503,SL,-4.550000000000062,-3.750000000000062,33.20859146118164,20.1589412689209,11.405699729919434,0.9956953883811721,3.2702976422395804,0.004910479776640834,0.5323755648844297,0.0,1788.659897265503,-0.9100000000000124,-0.7500000000000124,50000.0,5.0,250000.0,-2275.000000000031,-1875.0000000000312
2025-11-07,SUPREMEIND,SHORT,A_MOD_BREAK_C1_LOW,MODERATE,2025-11-07 10:00:00+05:30,2025-11-07 10:15:00+05:30,3803.2392,3831.7634940000003,3757.6003296,2025-11-07 14:38:00+05:30,3831.7634940000003,SL,-4.550000000000037,-3.7500000000000373,27.234079360961914,23.188549041748047,12.955462455749512,0.6687677673667113,2.851486377193959,0.003167712726051499,0.38554554970360316,0.0,3831.7634940000003,-0.9100000000000075,-0.7500000000000074,50000.0,5.0,250000.0,-2275.0000000000186,-1875.0000000000186
2025-11-07,SUZLON,SHORT,A_MOD_BREAK_C1_LOW,MODERATE,2025-11-07 12:15:00+05:30,2025-11-07 12:30:00+05:30,57.119998168945315,57.54839815521241,56.43455819091797,2025-11-07 13:33:00+05:30,57.54839815521241,SL,-4.550000000000047,-3.750000000000048,34.084346771240234,23.670759201049805,13.851201057434082,1.902611049566308,2.992115048018806,0.007786769204590992,0.7042221352427074,0.0,57.54839815521241,-0.9100000000000095,-0.7500000000000095,50000.0,5.0,250000.0,-2275.0000000000236,-1875.0000000000239
2025-11-10,MEDANTA,SHORT,A_MOD_BREAK_C1_LOW,MODERATE,2025-11-10 10:00:00+05:30,2025-11-10 10:15:00+05:30,1192.7614,1201.7071105000002,1178.4482632000002,2025-11-10 10:40:00+05:30,1178.4482632000002,TARGET,5.199999999999974,5.999999999999974,29.74791145324707,14.928071022033691,6.8771281242370605,2.0728085570422725,5.508179051658979,0.007226684167419076,0.656218671798706,0.0,1201.7071105000002,1.039999999999995,1.1999999999999948,50000.0,5.0,250000.0,2599.9999999999873,2999.9999999999873
2025-11-10,SHK,SHORT,A_MOD_BREAK_C1_LOW,MODERATE,2025-11-10 10:00:00+05:30,2025-11-10 10:15:00+05:30,192.97999877929686,194.4273487701416,190.6642387939453,2025-11-10 10:59:00+05:30,190.6642387939453,TARGET,5.200000000000036,6.0000000000000355,28.41571807861328,10.212966918945312,3.628000497817993,1.56683151803462,6.311653896591325,0.014663554119002,0.5604312868352577,0.0,194.4273487701416,1.0400000000000071,1.200000000000007,50000.0,5.0,250000.0,2600.0000000000177,3000.0000000000177
2025-11-10,GANECOS,SHORT,A_MOD_BREAK_C1_LOW,MODERATE,2025-11-10 10:30:00+05:30,2025-11-10 10:45:00+05:30,1078.9841111816406,1087.076492015503,1066.036301847461,2025-11-10 10:48:00+05:30,1066.036301847461,TARGET,5.200000000000023,6.000000000000023,61.98774719238281,10.641676902770996,20.841548919677734,1.5926349691483785,4.119705667415013,0.01295223429991886,0.8887111196009663,0.0,1087.076492015503,1.0400000000000047,1.2000000000000046,50000.0,5.0,250000.0,2600.0000000000114,3000.0000000000114
2025-11-10,KAMATHOTEL,SHORT,A_MOD_BREAK_C1_LOW,MODERATE,2025-11-10 10:30:00+05:30,2025-11-10 10:45:00+05:30,230.0500061035156,231.775381149292,227.28940603027343,2025-11-10 10:46:00+05:30,227.28940603027343,TARGET,5.2,6.0,43.307865142822266,8.778841972351074,8.27351188659668,1.3856748725285601,5.452975361558167,0.024410913825529852,0.752111079834832,0.0,231.775381149292,1.04,1.2,50000.0,5.0,250000.0,2600.0,3000.0
2025-11-10,SURYODAY,SHORT,A_MOD_BREAK_C1_LOW,MODERATE,2025-11-10 12:00:00+05:30,2025-11-10 12:15:00+05:30,138.89999694824218,139.941746925354,137.23319698486327,2025-11-10 13:12:00+05:30,137.23319698486327,TARGET,5.200000000000003,6.000000000000002,28.494110107421875,27.101524353027344,3.692857027053833,2.197891786768327,2.4265249827597017,0.007004113506070144,0.6374116516113282,0.0,139.941746925354,1.0400000000000005,1.2000000000000004,50000.0,5.0,250000.0,2600.0000000000014,3000.000000000001
2025-11-10,THERMAX,SHORT,A_PULLBACK_C2_THEN_BREAK_C2_LOW,MODERATE,2025-11-10 12:00:00+05:30,2025-11-10 12:30:00+05:30,3139.5719111816406,3163.118700515503,3101.897048247461,2025-11-10 15:30:00+05:30,3138.0,EOD,-0.5496615420652964,0.2503384579347035,33.96635818481445,28.280746459960938,9.036494255065918,1.4519561456225483,2.3067423987860756,0.003864371866224049,0.6235876982561628,0.0,3163.118700515503,-0.10993230841305927,0.0500676915869407,50000.0,5.0,250000.0,-274.8307710326482,125.16922896735176
2025-11-10,CHAMBLFERT,SHORT,A_MOD_BREAK_C1_LOW,MODERATE,2025-11-10 12:15:00+05:30,2025-11-10 12:30:00+05:30,470.20592779541016,473.73247225387576,464.56345666186525,2025-11-10 15:30:00+05:30,469.0,EOD,0.4823400600926381,1.282340060092638,28.764028549194336,27.205493927001953,9.31589126586914,1.3919454720809206,1.9851472369885028,0.005125898193733092,0.5343082477015013,0.0,473.73247225387576,0.09646801201852762,0.2564680120185276,50000.0,5.0,250000.0,241.17003004631903,641.170030046319
2025-11-10,TRENT,SHORT,A_MOD_BREAK_C1_LOW,MODERATE,2025-11-10 12:15:00+05:30,2025-11-10 12:30:00+05:30,4285.1428,4317.281371,4233.7210864,2025-11-10 15:30:00+05:30,4284.0,EOD,-0.6666555522957571,0.13334444770424275,69.6452407836914,10.667664527893066,4.476406097412109,1.457462768135701,2.925785505409906,0.009904723982463927,0.8650559844237475,0.0,4317.281371,-0.13333111045915141,0.026668889540848548,50000.0,5.0,250000.0,-333.3277761478785,66.67222385212138
2025-11-10,ACI,SHORT,A_MOD_BREAK_C1_LOW,MODERATE,2025-11-10 12:30:00+05:30,2025-11-10 12:45:00+05:30,632.7234055908203,637.4688311327516,625.1307247237305,2025-11-10 14:33:00+05:30,637.4688311327516,SL,-4.55000000000007,-3.7500000000000693,26.9460391998291,31.531631469726562,46.40452194213867,1.112269629201969,1.7059921452735545,0.0049605472824043794,0.4441373803714588,0.0,637.4688311327516,-0.9100000000000139,-0.7500000000000139,50000.0,5.0,250000.0,-2275.000000000035,-1875.0000000000346
2025-11-10,ARVINDFASN,SHORT,A_MOD_BREAK_C1_LOW,MODERATE,2025-11-10 13:00:00+05:30,2025-11-10 13:15:00+05:30,504.94897779541014,508.7360951288758,498.8895900618652,2025-11-10 15:30:00+05:30,501.0,EOD,3.1102740762554317,3.9102740762554316,29.226791381835938,32.1953125,8.440360069274902,1.7370624222837747,2.1846738805273587,0.004681880439912925,0.6023877946271996,0.0,508.7360951288758,0.6220548152510863,0.7820548152510863,50000.0,5.0,250000.0,1555.1370381277156,1955.1370381277159
2025-11-10,SUNCLAY,SHORT,A_MOD_BREAK_C1_LOW,MODERATE,2025-11-10 13:15:00+05:30,2025-11-10 13:30:00+05:30,1414.717,1425.3273775000002,1397.7403960000001,2025-11-10 14:42:00+05:30,1425.3273775000002,SL,-4.55000000000005,-3.7500000000000493,51.79761505126953,18.88002586364746,4.196963787078857,3.5280793680237403,4.469095380793664,0.005734482755088133,0.96,0.0,1425.3273775000002,-0.9100000000000099,-0.7500000000000099,50000.0,5.0,250000.0,-2275.000000000025,-1875.0000000000246
2025-11-11,UTIAMC,SHORT,A_MOD_BREAK_C1_LOW,MODERATE,2025-11-11 10:30:00+05:30,2025-11-11 10:45:00+05:30,1178.1643444091796,1187.0005769922486,1164.0263722762695,2025-11-11 15:30:00+05:30,1173.4000244140625,EOD,1.2219250470978806,2.0219250470978807,25.850339889526367,21.74864959716797,5.062276363372803,1.514751781422643,3.4017334825158634,0.003968261479320316,0.5128366600918581,0.0,1187.0005769922486,0.24438500941957614,0.4043850094195761,50000.0,5.0,250000.0,610.9625235489403,1010.9625235489403
2025-11-11,AVANTIFEED,LONG,B_HUGE_GREEN_PULLBACK_HOLD_THEN_BREAK,HUGE,2025-11-11 10:15:00+05:30,2025-11-11 11:15:00+05:30,722.4444477905273,717.0261144320984,733.2811145073852,2025-11-11 11:52:00+05:30,733.2811145073852,TARGET,6.699999999999958,7.499999999999957,31.057825088500977,82.64611053466797,82.91351318359375,1.5183910480850789,4.1836509899164165,0.006329363584518433,7.912603102003392,0.0,717.0261144320984,1.3399999999999916,1.4999999999999916,100000.0,5.0,500000.0,6699.999999999958,7499.999999999958
2025-11-11,ORIENTCEM,SHORT,A_MOD_BREAK_C1_LOW,MODERATE,2025-11-11 11:15:00+05:30,2025-11-11 11:30:00+05:30,192.0500061035156,193.490381149292,189.74540603027341,2025-11-11 15:30:00+05:30,191.17999267578125,EOD,1.465070034065564,2.265070034065564,49.1408805847168,15.265877723693848,5.355248928070068,2.027572247548162,3.5233905319664687,0.005629203990573244,0.9471132087707519,0.0,193.490381149292,0.2930140068131128,0.45301400681311277,50000.0,5.0,250000.0,732.535017032782,1132.535017032782
2025-11-11,BAJAJCON,SHORT,A_MOD_BREAK_C1_LOW,MODERATE,2025-11-11 12:30:00+05:30,2025-11-11 12:45:00+05:30,284.34311389770505,286.47568725193787,280.9309965309326,2025-11-11 13:17:00+05:30,280.9309965309326,TARGET,5.200000000000005,6.000000000000004,48.32835006713867,21.174251556396484,7.926153182983398,1.8774418886671973,1.9841173232348457,0.013603047134805877,0.9126834476855819,0.0,286.47568725193787,1.040000000000001,1.2000000000000008,50000.0,5.0,250000.0,2600.0000000000023,3000.0000000000023
2025-11-11,DEVYANI,SHORT,A_MOD_BREAK_C1_LOW,MODERATE,2025-11-11 13:15:00+05:30,2025-11-11 13:30:00+05:30,142.59999389648436,143.669493850708,140.88879396972655,2025-11-11 14:00:00+05:30,140.88879396972655,TARGET,5.200000000000006,6.000000000000006,38.68228530883789,19.68074607849121,3.88944149017334,4.171128066938785,3.948264251487869,0.004142548989614255,0.7902342796325683,0.0,143.669493850708,1.0400000000000014,1.2000000000000013,50000.0,5.0,250000.0,2600.000000000003,3000.000000000003
2025-11-11,AWFIS,LONG,B_HUGE_GREEN_PULLBACK_HOLD_THEN_BREAK,HUGE,2025-11-11 11:45:00+05:30,2025-11-11 13:45:00+05:30,628.7256955810547,624.0102528641968,638.1565810147704,2025-11-11 13:51:00+05:30,638.1565810147704,TARGET,6.699999999999929,7.499999999999929,56.826263427734375,78.40007781982422,80.32754516601562,1.7935032837080356,3.0848310807561905,0.00818388207392389,7.457112414673737,0.0,624.0102528641968,1.3399999999999859,1.4999999999999858,100000.0,5.0,500000.0,6699.999999999929,7499.999999999928
2025-11-12,GREAVESCOT,LONG,B_HUGE_GREEN_PULLBACK_HOLD_THEN_BREAK,HUGE,2025-11-12 11:15:00+05:30,2025-11-12 12:30:00+05:30,214.7100036621094,213.09967863464357,217.930653717041,2025-11-12 13:07:00+05:30,213.09967863464357,SL,-4.549999999999997,-3.749999999999998,33.100467681884766,80.64906311035156,84.17376708984375,2.004492722174056,4.045466059782263,0.00877707051083298,8.398366439874131,0.0,213.09967863464357,-0.9099999999999995,-0.7499999999999996,100000.0,5.0,500000.0,-4549.999999999997,-3749.9999999999977
2025-11-12,TITAN,LONG,B_HUGE_GREEN_PULLBACK_HOLD_THEN_BREAK,HUGE,2025-11-12 11:15:00+05:30,2025-11-12 12:45:00+05:30,3870.5740088378907,3841.5447037716067,3928.6326189704587,2025-11-12 15:22:00+05:30,3841.5447037716067,SL,-4.549999999999976,-3.749999999999976,38.87248229980469,77.67375183105469,92.07294464111328,1.660619517162865,3.5515421329810164,0.0033602626315371188,7.446216659450954,0.0,3841.5447037716067,-0.9099999999999953,-0.7499999999999952,100000.0,5.0,500000.0,-4549.999999999976,-3749.999999999976
2025-11-12,GNFC,LONG,B_HUGE_GREEN_PULLBACK_HOLD_THEN_BREAK,HUGE,2025-11-12 12:15:00+05:30,2025-11-12 13:15:00+05:30,518.0036044189453,514.1185773858033,525.7736584852295,2025-11-12 14:06:00+05:30,514.1185773858033,SL,-4.549999999999935,-3.7499999999999356,36.603153228759766,77.42817687988281,80.98185729980469,1.7254076350070515,3.020399908915081,0.008054758716781785,6.677679297880761,0.0,514.1185773858033,-0.909999999999987,-0.7499999999999871,100000.0,5.0,500000.0,-4549.999999999935,-3749.999999999936
2025-11-13,HONASA,LONG,A_MOD_BREAK_C1_HIGH,MODERATE,2025-11-13 11:30:00+05:30,2025-11-13 11:45:00+05:30,300.06,297.80955,304.56089999999995,2025-11-13 12:01:00+05:30,297.80955,SL,-4.550000000000001,-3.750000000000001,51.14640808105469,71.18914031982422,60.143577575683594,0.4109050484852691,2.0063805430968156,0.016267324627970974,4.358374818831651,0.0,297.80955,-0.9100000000000001,-0.7500000000000002,100000.0,5.0,500000.0,-4550.000000000001,-3750.0000000000014
2025-11-13,DEVYANI,SHORT,A_MOD_BREAK_C1_LOW,MODERATE,2025-11-13 11:45:00+05:30,2025-11-13 12:00:00+05:30,140.59999389648436,141.654493850708,138.91279396972655,2025-11-13 13:19:00+05:30,138.91279396972655,TARGET,5.200000000000004,6.0000000000000036,27.49830436706543,24.057493209838867,2.676175355911255,1.9501711316866135,2.5492245537099936,0.004667861713131295,0.6137545135511389,0.0,141.654493850708,1.0400000000000007,1.2000000000000006,50000.0,5.0,250000.0,2600.000000000002,3000.0000000000014
2025-11-13,ROHLTD,SHORT,A_MOD_BREAK_C1_LOW,MODERATE,2025-11-13 11:45:00+05:30,2025-11-13 12:00:00+05:30,429.96397779541013,433.18870762887576,424.8044100618652,2025-11-13 12:19:00+05:30,424.8044100618652,TARGET,5.199999999999996,5.999999999999996,38.419742584228516,28.403240203857422,14.691975593566895,1.1795955831541423,2.3637409609689763,0.00905699906935548,0.6427253658154026,0.0,433.18870762887576,1.0399999999999991,1.199999999999999,50000.0,5.0,250000.0,2599.9999999999977,2999.9999999999973
2025-11-13,HCG,SHORT,A_MOD_BREAK_C1_LOW,MODERATE,2025-11-13 13:45:00+05:30,2025-11-13 14:00:00+05:30,729.10415,734.5724311250001,720.3549002,2025-11-13 14:40:00+05:30,734.5724311250001,SL,-4.550000000000062,-3.7500000000000617,29.816286087036133,31.078651428222656,20.52222442626953,2.5183470822344414,2.8782593819336793,0.0031232703664000184,0.6572442913055419,0.0,734.5724311250001,-0.9100000000000124,-0.7500000000000123,50000.0,5.0,250000.0,-2275.000000000031,-1875.0000000000307
2025-11-14,AGARIND,SHORT,A_MOD_BREAK_C1_LOW,MODERATE,2025-11-14 10:00:00+05:30,2025-11-14 10:15:00+05:30,811.6376277954101,817.7249100038757,801.8979762618652,2025-11-14 10:42:00+05:30,817.7249100038757,SL,-4.5500000000000025,-3.7500000000000027,35.44210433959961,30.51502227783203,9.42434310913086,0.5470352481127738,2.5258024825451932,0.010285786475367036,0.48736273351372955,0.0,817.7249100038757,-0.9100000000000006,-0.7500000000000006,50000.0,5.0,250000.0,-2275.0000000000014,-1875.0000000000014
2025-11-14,ESCORTS,SHORT,A_MOD_BREAK_C1_LOW,MODERATE,2025-11-14 10:00:00+05:30,2025-11-14 10:15:00+05:30,3549.3900776367186,3576.010503218994,3506.797396705078,2025-11-14 15:30:00+05:30,3555.0,EOD,-1.5902656851704255,-0.7902656851704258,25.744916915893555,29.184419631958008,6.531142711639404,1.1184393496640508,3.141901954047855,0.004053298585543002,0.4419006399296122,0.0,3576.010503218994,-0.3180531370340851,-0.15805313703408516,50000.0,5.0,250000.0,-795.1328425852128,-395.13284258521287
2025-11-14,JASH,SHORT,A_MOD_BREAK_C1_LOW,MODERATE,2025-11-14 10:15:00+05:30,2025-11-14 10:30:00+05:30,476.5546638977051,480.12882387693793,470.8360079309326,2025-11-14 10:43:00+05:30,480.12882387693793,SL,-4.550000000000045,-3.7500000000000453,42.37474822998047,25.1285400390625,13.401082992553711,0.7719783869370693,2.2160520587482244,0.007403086982221147,0.6307174411636942,0.0,480.12882387693793,-0.910000000000009,-0.7500000000000091,50000.0,5.0,250000.0,-2275.0000000000227,-1875.0000000000227
2025-11-14,BBL,SHORT,A_MOD_BREAK_C1_LOW,MODERATE,2025-11-14 10:30:00+05:30,2025-11-14 10:45:00+05:30,2918.4162,2940.3043215000002,2883.3952056000003,2025-11-14 11:12:00+05:30,2940.3043215000002,SL,-4.55000000000002,-3.7500000000000213,44.698638916015625,31.58477210998535,0.0,1.4574551994768636,2.3133095103755252,0.0033352921457476875,0.7855342436486854,0.0,2940.3043215000002,-0.9100000000000041,-0.7500000000000042,50000.0,5.0,250000.0,-2275.0000000000105,-1875.0000000000105
2025-11-14,MIDHANI,SHORT,A_MOD_BREAK_C1_LOW,MODERATE,2025-11-14 13:30:00+05:30,2025-11-14 13:45:00+05:30,362.4275,365.14570625000005,358.07837,2025-11-14 15:22:00+05:30,365.14570625000005,SL,-4.5500000000000504,-3.750000000000051,34.780311584472656,24.87662696838379,4.580520153045654,2.7125962023785126,3.125215599900566,0.0073002829696192885,0.7317046737670898,0.0,365.14570625000005,-0.9100000000000101,-0.7500000000000102,50000.0,5.0,250000.0,-2275.0000000000255,-1875.0000000000255
2025-11-14,HDFCAMC,SHORT,A_MOD_BREAK_C1_LOW,MODERATE,2025-11-14 14:00:00+05:30,2025-11-14 14:15:00+05:30,2693.4612,2713.6621590000004,2661.1396656,2025-11-14 15:30:00+05:30,2706.5,EOD,-3.2204543952591203,-2.4204543952591204,38.41722869873047,25.54506492614746,11.762530326843262,2.255169919501231,2.59916875640372,0.003113077726845218,0.786258430480957,0.0,2713.6621590000004,-0.644090879051824,-0.4840908790518241,50000.0,5.0,250000.0,-1610.2271976295601,-1210.2271976295601
2025-11-14,PCBL,SHORT,A_MOD_BREAK_C1_LOW,MODERATE,2025-11-14 14:15:00+05:30,2025-11-14 14:30:00+05:30,343.0313861022949,345.6041214980621,338.91500946906734,2025-11-14 15:00:00+05:30,338.91500946906734,TARGET,5.200000000000031,6.000000000000031,25.03952407836914,28.116769790649414,6.696982383728027,2.8171204718323195,2.5346222270698497,0.0033800458148037986,0.585592861175537,0.0,345.6041214980621,1.0400000000000063,1.2000000000000062,50000.0,5.0,250000.0,2600.0000000000155,3000.0000000000155
2025-11-17,SAKSOFT,LONG,B_HUGE_GREEN_PULLBACK_HOLD_THEN_BREAK,HUGE,2025-11-17 10:00:00+05:30,2025-11-17 11:00:00+05:30,212.79000549316407,211.19408045196536,215.98185557556153,2025-11-17 11:12:00+05:30,215.98185557556153,TARGET,6.699999999999977,7.499999999999977,32.111507415771484,88.05748748779297,89.92807006835938,1.6584133598086166,5.3467810972297665,0.008281671775961822,9.102230305916457,0.0,211.19408045196536,1.3399999999999954,1.4999999999999953,100000.0,5.0,500000.0,6699.999999999976,7499.999999999976
2025-11-17,EMAMILTD,SHORT,A_MOD_BREAK_C1_LOW,MODERATE,2025-11-17 11:00:00+05:30,2025-11-17 11:15:00+05:30,518.9461777954101,522.8382741288757,512.7188236618651,2025-11-17 13:47:00+05:30,522.8382741288757,SL,-4.550000000000011,-3.7500000000000115,43.25676345825195,50.4212760925293,41.21563720703125,0.38165200993415027,0.012726456056295852,0.0054955737316441985,0.4762768764150704,0.0,522.8382741288757,-0.9100000000000024,-0.7500000000000023,50000.0,5.0,250000.0,-2275.000000000006,-1875.0000000000057
2025-11-17,GABRIEL,SHORT,A_MOD_BREAK_C1_LOW,MODERATE,2025-11-17 11:30:00+05:30,2025-11-17 11:45:00+05:30,1046.2907,1054.13788025,1033.7352116,2025-11-17 11:47:00+05:30,1033.7352116,TARGET,5.200000000000028,6.0000000000000275,79.58643341064453,8.943312644958496,3.152998208999634,2.0987011875767467,4.4656661920538685,0.013505782101161422,0.96,0.0,1054.13788025,1.0400000000000056,1.2000000000000055,50000.0,5.0,250000.0,2600.0000000000136,3000.000000000014
2025-11-17,LICI,LONG,A_MOD_BREAK_C1_HIGH,MODERATE,2025-11-17 11:30:00+05:30,2025-11-17 11:45:00+05:30,915.4830477905274,908.6169249320985,929.2152935073852,2025-11-17 15:30:00+05:30,916.0,EOD,-0.5176615062833524,0.28233849371664754,32.44475173950195,66.25106048583984,82.44324493408203,0.8888077428252437,1.8678420592637681,0.002841527084183823,4.307436719318885,0.0,908.6169249320985,-0.10353230125667047,0.056467698743329506,100000.0,5.0,500000.0,-517.6615062833523,282.3384937166475
2025-11-17,FINEORG,LONG,B_HUGE_GREEN_PULLBACK_HOLD_THEN_BREAK,HUGE,2025-11-17 10:45:00+05:30,2025-11-17 13:15:00+05:30,4607.9214,4573.3619895,4677.040220999999,2025-11-17 15:30:00+05:30,4590.0,EOD,-2.744629524279665,-1.944629524279665,39.419612884521484,77.70844268798828,87.34637451171875,1.592076600548444,3.779424861954994,0.0053556606164495,7.433842601237753,0.0,4573.3619895,-0.548925904855933,-0.388925904855933,100000.0,5.0,500000.0,-2744.629524279665,-1944.6295242796648
2025-11-17,ISGEC,LONG,B_HUGE_GREEN_PULLBACK_HOLD_THEN_BREAK,HUGE,2025-11-17 12:30:00+05:30,2025-11-17 13:30:00+05:30,893.6787,886.9761097500001,907.0838805,2025-11-17 15:30:00+05:30,891.0,EOD,-2.298692986640528,-1.498692986640528,36.75071334838867,66.10250091552734,47.01983642578125,1.915612749931884,1.8587675656051863,0.005098330074720167,5.693763878769597,0.0,886.9761097500001,-0.45973859732810557,-0.2997385973281056,100000.0,5.0,500000.0,-2298.6929866405276,-1498.692986640528
2025-11-18,CEMPRO,SHORT,A_MOD_BREAK_C1_LOW,MODERATE,2025-11-18 10:00:00+05:30,2025-11-18 10:15:00+05:30,808.9881944091796,815.0556058672486,799.2803360762695,2025-11-18 15:29:00+05:30,799.2803360762695,TARGET,5.2000000000000135,6.000000000000013,25.405763626098633,28.523448944091797,3.7634780406951904,1.4468472097684844,3.431560781921236,0.00755964822701445,0.4942847161009642,0.0,815.0556058672486,1.0400000000000027,1.2000000000000026,50000.0,5.0,250000.0,2600.000000000007,3000.0000000000064
2025-11-18,DBREALTY,SHORT,A_MOD_BREAK_C1_LOW,MODERATE,2025-11-18 10:00:00+05:30,2025-11-18 10:15:00+05:30,137.95,138.984625,136.29459999999997,2025-11-18 10:38:00+05:30,138.984625,SL,-4.550000000000019,-3.75000000000002,41.13581848144531,15.53936767578125,1.713304042816162,1.3860493853646807,4.628938820234896,0.006941003643948099,0.7195959196604989,0.0,138.984625,-0.9100000000000039,-0.750000000000004,50000.0,5.0,250000.0,-2275.0000000000095,-1875.00000000001
2025-11-18,HIRECT,SHORT,A_MOD_BREAK_C1_LOW,MODERATE,2025-11-18 10:00:00+05:30,2025-11-18 10:15:00+05:30,1522.7953555908202,1534.2163207577514,1504.5218113237304,2025-11-18 15:30:00+05:30,1520.4000244140625,EOD,-0.013508509871838215,0.7864914901281617,26.234731674194336,24.647703170776367,6.871406078338623,1.132453626595768,3.1984632684452503,0.004429709411101685,0.45170035976717443,0.0,1534.2163207577514,-0.002701701974367643,0.15729829802563233,50000.0,5.0,250000.0,-6.754254935919107,393.24574506408084
2025-11-18,IGL,SHORT,A_MOD_BREAK_C1_LOW,MODERATE,2025-11-18 10:00:00+05:30,2025-11-18 10:15:00+05:30,209.5500061035156,211.121631149292,207.03540603027344,2025-11-18 15:30:00+05:30,208.35000610351562,EOD,2.0632783704315445,2.8632783704315443,25.7987060546875,31.379236221313477,18.73200035095215,1.0891626458587829,1.8919421451976568,0.004104102347915959,0.4321811611054823,0.0,211.121631149292,0.41265567408630893,0.5726556740863089,50000.0,5.0,250000.0,1031.6391852157724,1431.6391852157724
2025-11-18,GOKULAGRO,LONG,A_MOD_BREAK_C1_HIGH,MODERATE,2025-11-18 10:15:00+05:30,2025-11-18 10:30:00+05:30,214.9499938964844,213.33786894226077,218.17424380493162,2025-11-18 12:10:00+05:30,218.17424380493162,TARGET,6.699999999999927,7.499999999999927,35.265201568603516,81.5151138305664,82.57217407226562,1.2913714861761219,3.6013920256893446,0.014464930972228176,6.93366406704876,0.0,213.33786894226077,1.3399999999999854,1.4999999999999853,100000.0,5.0,500000.0,6699.999999999927,7499.999999999927
2025-11-18,NATIONALUM,SHORT,A_MOD_BREAK_C1_LOW,MODERATE,2025-11-18 10:15:00+05:30,2025-11-18 10:30:00+05:30,255.52888583068847,257.44535247441866,252.46253920072022,2025-11-18 11:19:00+05:30,257.44535247441866,SL,-4.55000000000005,-3.7500000000000497,32.00758361816406,27.535791397094727,17.734651565551758,1.0926474268129682,3.1086283474987684,0.0056526183543560305,0.5313270539647303,0.0,257.44535247441866,-0.9100000000000099,-0.75000000000001,50000.0,5.0,250000.0,-2275.000000000025,-1875.000000000025
2025-11-18,SAMHI,LONG,A_MOD_BREAK_C1_HIGH,MODERATE,2025-11-18 11:00:00+05:30,2025-11-18 11:15:00+05:30,186.71999816894532,185.31959818267825,189.52079814147947,2025-11-18 13:54:00+05:30,189.52079814147947,TARGET,6.699999999999921,7.499999999999921,30.2850284576416,62.567264556884766,72.53961181640625,1.0290981031912059,1.2949173713884559,0.006564490343486698,3.8216242497243917,0.0,185.31959818267825,1.3399999999999843,1.4999999999999842,100000.0,5.0,500000.0,6699.999999999921,7499.999999999921
2025-11-18,SENCO,SHORT,A_MOD_BREAK_C1_LOW,MODERATE,2025-11-18 11:30:00+05:30,2025-11-18 11:45:00+05:30,323.0353861022949,325.45815149806214,319.1589614690674,2025-11-18 15:30:00+05:30,321.54998779296875,EOD,1.499126308186859,2.299126308186859,28.620180130004883,20.193374633789062,7.724151134490967,1.5860782149646233,2.856257872450792,0.004903256211610627,0.5668663895688824,0.0,325.45815149806214,0.29982526163737183,0.4598252616373718,50000.0,5.0,250000.0,749.5631540934296,1149.5631540934296
2025-11-19,FINPIPE,SHORT,A_MOD_BREAK_C1_LOW,MODERATE,2025-11-19 10:30:00+05:30,2025-11-19 10:45:00+05:30,181.2,182.559,179.0256,2025-11-19 15:10:00+05:30,182.559,SL,-4.550000000000024,-3.7500000000000244,43.73249053955078,11.50696086883545,8.105711936950684,2.272478146491702,4.735869993088356,0.0031921146655904836,0.8659873580932615,0.0,182.559,-0.9100000000000048,-0.7500000000000049,50000.0,5.0,250000.0,-2275.000000000012,-1875.0000000000123
2025-11-19,COHANCE,SHORT,A_MOD_BREAK_C1_LOW,MODERATE,2025-11-19 10:45:00+05:30,2025-11-19 11:00:00+05:30,575.9847555908203,580.3046412577515,569.0729385237305,2025-11-19 11:14:00+05:30,580.3046412577515,SL,-4.550000000000053,-3.7500000000000533,26.74416160583496,15.272950172424316,2.5957651138305664,2.0118784205403837,4.2109928299817145,0.007175064874316674,0.6111624240875244,0.0,580.3046412577515,-0.9100000000000106,-0.7500000000000107,50000.0,5.0,250000.0,-2275.0000000000264,-1875.0000000000266
2025-11-19,INTELLECT,LONG,B_HUGE_GREEN_PULLBACK_HOLD_THEN_BREAK,HUGE,2025-11-19 10:15:00+05:30,2025-11-19 11:30:00+05:30,1165.1330044189453,1156.3945068858034,1182.6099994852293,2025-11-19 11:36:00+05:30,1156.3945068858034,SL,-4.549999999999953,-3.749999999999953,25.298690795898438,65.57280731201172,49.463924407958984,1.73357239077779,2.3123308896417365,0.012977882343850961,5.801996826008065,0.0,1156.3945068858034,-0.9099999999999906,-0.7499999999999906,100000.0,5.0,500000.0,-4549.999999999954,-3749.999999999953
2025-11-19,ORIENTCEM,SHORT,A_MOD_BREAK_C1_LOW,MODERATE,2025-11-19 11:15:00+05:30,2025-11-19 11:30:00+05:30,180.7500030517578,182.105628074646,178.5810030151367,2025-11-19 15:10:00+05:30,182.105628074646,SL,-4.550000000000059,-3.7500000000000595,28.585798263549805,22.77549934387207,20.18454933166504,1.7387783199274711,2.487398471610341,0.004081063035529263,0.5930731799405544,0.0,182.105628074646,-0.9100000000000119,-0.7500000000000119,50000.0,5.0,250000.0,-2275.0000000000296,-1875.0000000000296
2025-11-19,LTTS,LONG,B_HUGE_GREEN_PULLBACK_HOLD_THEN_BREAK,HUGE,2025-11-19 10:45:00+05:30,2025-11-19 11:45:00+05:30,4347.769282324219,4315.161012706787,4412.985821559081,2025-11-19 13:01:00+05:30,4412.985821559081,TARGET,6.699999999999906,7.499999999999906,30.584674835205078,87.02855682373047,93.07131958007812,2.1553494715602755,6.225383869258605,0.005605221264408913,10.425989919531169,0.0,4315.161012706787,1.3399999999999812,1.4999999999999811,100000.0,5.0,500000.0,6699.999999999905,7499.999999999906
2025-11-19,LINDEINDIA,LONG,B_HUGE_GREEN_PULLBACK_HOLD_THEN_BREAK,HUGE,2025-11-19 11:15:00+05:30,2025-11-19 12:30:00+05:30,5976.195,5931.3735375,6065.837924999999,2025-11-19 12:55:00+05:30,6065.837924999999,TARGET,6.699999999999934,7.499999999999933,30.460803985595703,78.89395141601562,94.21635437011719,2.5934639312792296,4.124779312846624,0.005542238854578108,8.622027241176633,0.0,5931.3735375,1.3399999999999868,1.4999999999999867,100000.0,5.0,500000.0,6699.999999999934,7499.999999999934
2025-11-19,BODALCHEM,SHORT,A_MOD_BREAK_C1_LOW,MODERATE,2025-11-19 12:45:00+05:30,2025-11-19 13:00:00+05:30,55.85000152587891,56.268876537323,55.179801507568364,2025-11-19 15:30:00+05:30,55.790000915527344,EOD,-0.262841461841651,0.5371585381583489,53.1634407043457,37.317928314208984,55.82345199584961,0.37107342276748934,0.9093947507833817,0.004600058708974092,0.6204075865234797,0.0,56.268876537323,-0.0525682923683302,0.10743170763166977,50000.0,5.0,250000.0,-131.4207309208255,268.5792690791744
2025-11-19,RAJRATAN,SHORT,A_MOD_BREAK_C1_LOW,MODERATE,2025-11-19 13:00:00+05:30,2025-11-19 13:15:00+05:30,454.95897779541014,458.37117012887575,449.4994700618652,2025-11-19 13:16:00+05:30,449.4994700618652,TARGET,5.199999999999988,5.999999999999988,37.57386779785156,24.625734329223633,11.182554244995117,2.36434300942035,3.126769701148309,0.007911250306013256,0.7736080169677733,0.0,458.37117012887575,1.0399999999999976,1.1999999999999975,50000.0,5.0,250000.0,2599.9999999999936,2999.999999999994
2025-11-20,WCIL,SHORT,A_MOD_BREAK_C1_LOW,MODERATE,2025-11-20 10:15:00+05:30,2025-11-20 10:30:00+05:30,116.14999694824219,117.02112192535401,114.75619698486328,2025-11-20 11:44:00+05:30,114.75619698486328,TARGET,5.200000000000018,6.000000000000018,33.82672119140625,15.054207801818848,2.066462278366089,1.4806611821741433,3.1357569055485945,0.007825189839464928,0.6265165247515689,0.0,117.02112192535401,1.0400000000000036,1.2000000000000035,50000.0,5.0,250000.0,2600.000000000009,3000.0000000000086
2025-11-20,SWARAJENG,SHORT,A_MOD_BREAK_C1_LOW,MODERATE,2025-11-20 11:15:00+05:30,2025-11-20 11:30:00+05:30,3681.363677636719,3708.9739052189943,3637.1873135050782,2025-11-20 11:31:00+05:30,3637.1873135050782,TARGET,5.200000000000003,6.000000000000002,30.747507095336914,27.761459350585938,10.443573951721191,1.6660715974653182,3.274886930042483,0.007259612320198367,0.6127751359864844,0.0,3708.9739052189943,1.0400000000000005,1.2000000000000004,50000.0,5.0,250000.0,2600.0000000000014,3000.000000000001
2025-11-20,SAGCEM,SHORT,A_PULLBACK_C2_THEN_BREAK_C2_LOW,MODERATE,2025-11-20 12:30:00+05:30,2025-11-20 13:00:00+05:30,216.86000366210936,218.4864536895752,214.25768361816404,2025-11-20 15:30:00+05:30,216.25,EOD,0.6064457525782705,1.4064457525782703,27.899497985839844,39.065284729003906,21.207862854003906,0.9875279354096913,1.3501137423034772,0.0043632316674878414,0.4188155455994675,0.0,218.4864536895752,0.12128915051565409,0.28128915051565406,50000.0,5.0,250000.0,303.22287628913523,703.2228762891352
2025-11-20,DCXINDIA,SHORT,A_MOD_BREAK_C1_LOW,MODERATE,2025-11-20 14:00:00+05:30,2025-11-20 14:15:00+05:30,195.75999755859374,197.2281975402832,193.4108775878906,2025-11-20 15:30:00+05:30,194.25,EOD,3.056757196121682,3.8567571961216816,26.67034339904785,30.05807876586914,11.535248756408691,1.8051386251903314,1.9722392139363145,0.004675662335084409,0.5745663710908415,0.0,197.2281975402832,0.6113514392243364,0.7713514392243364,50000.0,5.0,250000.0,1528.3785980608411,1928.378598060841
2025-11-21,JSWENERGY,SHORT,A_MOD_BREAK_C1_LOW,MODERATE,2025-11-21 10:00:00+05:30,2025-11-21 10:15:00+05:30,494.0011861022949,497.7061949980622,488.0731718690674,2025-11-21 12:02:00+05:30,488.0731718690674,TARGET,5.200000000000005,6.000000000000004,45.34139633178711,14.42117691040039,1.7046297788619995,1.7884060589646948,4.256457866531498,0.0055183944898198,0.8530920052956281,0.0,497.7061949980622,1.040000000000001,1.2000000000000008,50000.0,5.0,250000.0,2600.0000000000023,3000.0000000000023
2025-11-21,KHAICHEM,SHORT,A_MOD_BREAK_C1_LOW,MODERATE,2025-11-21 10:00:00+05:30,2025-11-21 10:15:00+05:30,88.95,89.617125,87.8826,2025-11-21 13:16:00+05:30,89.617125,SL,-4.549999999999992,-3.749999999999992,26.285154342651367,20.440099716186523,6.834103107452393,1.4654864602890956,3.842798420066136,0.005023526349824659,0.5107374456903622,0.0,89.617125,-0.9099999999999984,-0.7499999999999984,50000.0,5.0,250000.0,-2274.999999999996,-1874.9999999999961
2025-11-21,NIACL,SHORT,A_MOD_BREAK_C1_LOW,MODERATE,2025-11-21 10:00:00+05:30,2025-11-21 10:15:00+05:30,175.5000030517578,176.816253074646,173.39400301513672,2025-11-21 15:30:00+05:30,174.02999877929688,EOD,3.388046287461882,4.188046287461882,27.51491928100586,26.772438049316406,3.469050645828247,1.2484794414506124,2.880211385172113,0.0033475011750814182,0.4912076914689451,0.0,176.816253074646,0.6776092574923764,0.8376092574923764,50000.0,5.0,250000.0,1694.023143730941,2094.023143730941
2025-11-21,PRAKASH,SHORT,A_MOD_BREAK_C1_LOW,MODERATE,2025-11-21 10:00:00+05:30,2025-11-21 10:15:00+05:30,135.6700012207031,136.6875262298584,134.04196120605468,2025-11-21 10:39:00+05:30,134.04196120605468,TARGET,5.199999999999988,5.999999999999988,34.41693115234375,21.31165313720703,1.6757299900054932,0.9418161764598251,4.232179006788774,0.004639179068599267,0.5410717981656257,0.0,136.6875262298584,1.0399999999999976,1.1999999999999975,50000.0,5.0,250000.0,2599.9999999999936,2999.999999999994
2025-11-21,RHIM,SHORT,A_MOD_BREAK_C1_LOW,MODERATE,2025-11-21 10:00:00+05:30,2025-11-21 10:15:00+05:30,465.85682220458983,469.35074837112427,460.26654033813475,2025-11-21 12:53:00+05:30,469.35074837112427,SL,-4.550000000000013,-3.7500000000000133,43.28087615966797,17.94473648071289,4.265780925750732,1.2941298959511598,3.6342076694099106,0.004673044940700197,0.7356858741864725,0.0,469.35074837112427,-0.9100000000000026,-0.7500000000000027,50000.0,5.0,250000.0,-2275.000000000007,-1875.0000000000066
2025-11-21,SANDHAR,SHORT,A_MOD_BREAK_C1_LOW,MODERATE,2025-11-21 10:00:00+05:30,2025-11-21 10:15:00+05:30,533.4432777954102,537.4441023788758,527.0419584618652,2025-11-21 12:03:00+05:30,527.0419584618652,TARGET,5.200000000000038,6.000000000000037,30.700363159179688,35.0805778503418,38.00008010864258,1.0198950022206588,1.5287825009144305,0.0057763536090891425,0.4754261978220321,0.0,537.4441023788758,1.0400000000000076,1.2000000000000075,50000.0,5.0,250000.0,2600.000000000019,3000.0000000000186
2025-11-21,GABRIEL,SHORT,A_MOD_BREAK_C1_LOW,MODERATE,2025-11-21 10:15:00+05:30,2025-11-21 10:30:00+05:30,1023.9951111816406,1031.675074515503,1011.7071698474609,2025-11-21 11:46:00+05:30,1031.675074515503,SL,-4.550000000000027,-3.7500000000000275,29.979990005493164,25.899682998657227,9.055778503417969,1.1504950860915826,4.004244901406636,0.007087191178319979,0.5110364901484243,0.0,1031.675074515503,-0.9100000000000055,-0.7500000000000056,50000.0,5.0,250000.0,-2275.0000000000136,-1875.0000000000139
2025-11-21,HINDZINC,SHORT,A_MOD_BREAK_C1_LOW,MODERATE,2025-11-21 10:15:00+05:30,2025-11-21 10:30:00+05:30,464.907,468.3938025,459.32811599999997,2025-11-21 15:11:00+05:30,459.32811599999997,TARGET,5.200000000000018,6.000000000000018,33.37200164794922,16.999189376831055,4.285287857055664,1.5135414411293637,4.005043639258458,0.003323864770281513,0.625449776916877,0.0,468.3938025,1.0400000000000036,1.2000000000000035,50000.0,5.0,250000.0,2600.000000000009,3000.0000000000086
2025-11-21,KIRLOSBROS,SHORT,A_MOD_BREAK_C1_LOW,MODERATE,2025-11-21 10:15:00+05:30,2025-11-21 10:30:00+05:30,1707.1585,1719.9621887500002,1686.6725979999999,2025-11-21 14:18:00+05:30,1719.9621887500002,SL,-4.550000000000064,-3.7500000000000644,27.539955139160156,22.86716651916504,6.808084487915039,1.3506175750139282,3.585863163973193,0.0044454637679339016,0.5094574027148397,0.0,1719.9621887500002,-0.9100000000000128,-0.7500000000000129,50000.0,5.0,250000.0,-2275.0000000000323,-1875.0000000000323
2025-11-21,LICHSGFIN,SHORT,A_MOD_BREAK_C1_LOW,MODERATE,2025-11-21 10:15:00+05:30,2025-11-21 10:30:00+05:30,548.5902722045898,552.7046992461243,542.0071889381347,2025-11-21 15:30:00+05:30,546.8499755859375,EOD,0.7861533705826593,1.5861533705826592,37.56610107421875,10.757569313049316,2.3487579822540283,1.371658417443967,4.595345809316354,0.0027788029216967197,0.6635317391659754,0.0,552.7046992461243,0.15723067411653185,0.31723067411653183,50000.0,5.0,250000.0,393.0766852913296,793.0766852913296
2025-11-21,MANINFRA,SHORT,A_MOD_BREAK_C1_LOW,MODERATE,2025-11-21 10:45:00+05:30,2025-11-21 11:00:00+05:30,122.89000244140625,123.8116774597168,121.41532241210938,2025-11-21 15:13:00+05:30,123.8116774597168,SL,-4.550000000000019,-3.75000000000002,44.46120834350586,16.800081253051758,3.638607978820801,1.746670990283243,3.9306805430298306,0.004465008675165093,0.8325855484521554,0.0,123.8116774597168,-0.9100000000000039,-0.750000000000004,50000.0,5.0,250000.0,-2275.0000000000095,-1875.00000000001
2025-11-21,XPROINDIA,SHORT,A_MOD_BREAK_C1_LOW,MODERATE,2025-11-21 10:45:00+05:30,2025-11-21 11:00:00+05:30,1006.3986555908203,1013.9466455077516,994.3218717237305,2025-11-21 12:47:00+05:30,1013.9466455077516,SL,-4.550000000000031,-3.750000000000031,27.433937072753906,32.17339324951172,15.60604190826416,0.7941430138442351,2.4072835199291513,0.0050665668857650566,0.4104840835140497,0.0,1013.9466455077516,-0.9100000000000061,-0.7500000000000062,50000.0,5.0,250000.0,-2275.0000000000155,-1875.0000000000155
2025-11-21,DYNAMATECH,SHORT,A_MOD_BREAK_C1_LOW,MODERATE,2025-11-21 12:30:00+05:30,2025-11-21 12:45:00+05:30,9370.1256,9440.401542,9257.6840928,2025-11-21 14:04:00+05:30,9440.401542,SL,-4.550000000000011,-3.7500000000000115,28.907367706298828,23.650066375732422,4.471102237701416,2.953900589310965,3.8500685563312778,0.006975416814512437,0.6436105155944825,0.0,9440.401542,-0.9100000000000024,-0.7500000000000023,50000.0,5.0,250000.0,-2275.000000000006,-1875.0000000000057
2025-11-24,ABSLAMC,SHORT,A_MOD_BREAK_C1_LOW,MODERATE,2025-11-24 10:00:00+05:30,2025-11-24 10:15:00+05:30,720.1559277954102,725.5570972538758,711.5140566618653,2025-11-24 15:30:00+05:30,720.0,EOD,-0.6917402541644391,0.1082597458355608,29.861141204833984,21.68262481689453,5.255009174346924,1.5548198981608439,3.774721680291396,0.004103446789143509,0.5800106002506573,0.0,725.5570972538758,-0.13834805083288781,0.02165194916711216,50000.0,5.0,250000.0,-345.87012708221954,54.1298729177804
2025-11-24,APOLLO,SHORT,A_MOD_BREAK_C1_LOW,MODERATE,2025-11-24 10:00:00+05:30,2025-11-24 10:15:00+05:30,264.4471,266.43045324999997,261.2737348,2025-11-24 11:44:00+05:30,261.2737348,TARGET,5.199999999999959,5.999999999999959,51.000091552734375,16.009464263916016,6.785434246063232,1.3106117811228024,3.9611858439217182,0.006955486707116038,0.8393570616964903,0.0,266.43045324999997,1.0399999999999918,1.1999999999999917,50000.0,5.0,250000.0,2599.9999999999795,2999.999999999979
2025-11-24,EIMCOELECO,SHORT,A_MOD_BREAK_C1_LOW,MODERATE,2025-11-24 10:00:00+05:30,2025-11-24 10:15:00+05:30,1613.6772,1625.7797790000002,1594.3130736,2025-11-24 10:17:00+05:30,1594.3130736,TARGET,5.20000000000001,6.00000000000001,30.568235397338867,18.837547302246094,11.045945167541504,1.7875342444665598,4.51435183767084,0.005802739736834547,0.6313420237417309,0.0,1625.7797790000002,1.040000000000002,1.200000000000002,50000.0,5.0,250000.0,2600.000000000005,3000.000000000005
2025-11-24,PATELENG,SHORT,A_MOD_BREAK_C1_LOW,MODERATE,2025-11-24 10:00:00+05:30,2025-11-24 10:15:00+05:30,32.40999908447266,32.653074077606206,32.02107909545899,2025-11-24 11:40:00+05:30,32.02107909545899,TARGET,5.200000000000006,6.000000000000006,60.15544891357422,13.910638809204102,4.403496742248535,1.6512293865216754,4.913299431482317,0.0036055033969178796,0.8989651426412932,0.0,32.653074077606206,1.0400000000000014,1.2000000000000013,50000.0,5.0,250000.0,2600.000000000003,3000.000000000003
2025-11-24,PREMEXPLN,SHORT,A_MOD_BREAK_C1_LOW,MODERATE,2025-11-24 10:00:00+05:30,2025-11-24 10:15:00+05:30,538.3923,542.43024225,531.9315924,2025-11-24 10:23:00+05:30,531.9315924,TARGET,5.19999999999998,5.99999999999998,44.78191375732422,10.644683837890625,5.074329853057861,1.9221601236369064,4.825698914030086,0.0057524777409699345,0.8681067279963217,0.0,542.43024225,1.039999999999996,1.199999999999996,50000.0,5.0,250000.0,2599.99999999999,2999.99999999999
2025-11-24,TARC,SHORT,A_MOD_BREAK_C1_LOW,MODERATE,2025-11-24 10:15:00+05:30,2025-11-24 10:30:00+05:30,130.95,131.93212499999998,129.37859999999998,2025-11-24 11:17:00+05:30,131.93212499999998,SL,-4.5499999999999865,-3.7499999999999867,28.828811645507812,23.319244384765625,3.286336898803711,2.0161692505924043,3.635304107206078,0.006493971093010357,0.6424321746826172,0.0,131.93212499999998,-0.9099999999999973,-0.7499999999999973,50000.0,5.0,250000.0,-2274.999999999993,-1874.9999999999934
2025-11-24,IRFC,SHORT,A_MOD_BREAK_C1_LOW,MODERATE,2025-11-24 10:30:00+05:30,2025-11-24 10:45:00+05:30,117.65999908447266,118.54244907760621,116.24807909545899,2025-11-24 15:30:00+05:30,117.08000183105469,EOD,1.664717227311761,2.464717227311761,31.177478790283203,19.23985481262207,7.563994407653809,1.8191392774604092,3.1938861013800692,0.0032073441650316884,0.6460115554098196,0.0,118.54244907760621,0.3329434454623522,0.4929434454623522,50000.0,5.0,250000.0,832.3586136558805,1232.3586136558804
2025-11-24,RITCO,SHORT,A_MOD_BREAK_C1_LOW,MODERATE,2025-11-24 10:30:00+05:30,2025-11-24 10:45:00+05:30,265.2969361022949,267.28666312306217,262.1133728690674,2025-11-24 11:23:00+05:30,267.28666312306217,SL,-4.550000000000067,-3.7500000000000675,47.80029296875,26.709138870239258,7.004756450653076,1.129591116855253,3.164289404621303,0.006519151053591484,0.7746828399809191,0.0,267.28666312306217,-0.9100000000000135,-0.7500000000000135,50000.0,5.0,250000.0,-2275.0000000000337,-1875.0000000000337
2025-11-24,CERA,SHORT,A_MOD_BREAK_C1_LOW,MODERATE,2025-11-24 10:45:00+05:30,2025-11-24 11:00:00+05:30,5449.9098,5490.7841235000005,5384.5108824,2025-11-24 13:36:00+05:30,5490.7841235000005,SL,-4.550000000000015,-3.7500000000000155,53.60626220703125,9.918797492980957,2.41445255279541,2.0919902775494124,4.631559556472027,0.00432761565574695,0.96,0.0,5490.7841235000005,-0.910000000000003,-0.7500000000000031,50000.0,5.0,250000.0,-2275.0000000000073,-1875.0000000000077
2025-11-24,BAJAJCON,SHORT,B_HUGE_RED_FAILED_BOUNCE,HUGE,2025-11-24 10:00:00+05:30,2025-11-24 11:30:00+05:30,257.49847779541017,259.42971637887575,254.40849606186524,2025-11-24 11:41:00+05:30,259.42971637887575,SL,-4.5500000000000185,-3.750000000000018,45.03660583496094,14.076921463012695,13.863237380981445,1.772421525406585,5.16233156669382,0.006614529203534423,0.8857228544705664,0.0,259.42971637887575,-0.9100000000000037,-0.7500000000000037,50000.0,5.0,250000.0,-2275.000000000009,-1875.0000000000093
2025-11-24,CAPACITE,SHORT,A_MOD_BREAK_C1_LOW,MODERATE,2025-11-24 11:15:00+05:30,2025-11-24 11:30:00+05:30,279.04418610229493,281.13701749806216,275.69565586906737,2025-11-24 15:30:00+05:30,277.5,EOD,1.966920400428708,2.766920400428708,32.70682144165039,23.617719650268555,10.09464168548584,1.2406554935913714,2.563247077528557,0.0069614599547388085,0.5677170330032457,0.0,281.13701749806216,0.3933840800857416,0.5533840800857416,50000.0,5.0,250000.0,983.460200214354,1383.460200214354
2025-11-24,CMSINFO,SHORT,A_MOD_BREAK_C1_LOW,MODERATE,2025-11-24 11:15:00+05:30,2025-11-24 11:30:00+05:30,349.88002220458986,352.5041223711243,345.68146193813476,2025-11-24 13:17:00+05:30,345.68146193813476,TARGET,5.200000000000037,6.000000000000036,28.33957862854004,25.018070220947266,5.597850799560547,1.0401611902570467,2.1518003677367705,0.004174055473577507,0.4671218877230838,0.0,352.5041223711243,1.0400000000000074,1.2000000000000073,50000.0,5.0,250000.0,2600.0000000000186,3000.000000000018
2025-11-24,DEEPAKNTR,SHORT,A_MOD_BREAK_C1_LOW,MODERATE,2025-11-24 11:15:00+05:30,2025-11-24 11:30:00+05:30,1662.7673555908202,1675.2381107577514,1642.8141473237304,2025-11-24 11:44:00+05:30,1642.8141473237304,TARGET,5.200000000000003,6.000000000000002,54.55449295043945,12.442571640014648,3.2191109657287598,2.5058506072923814,4.382424219779454,0.0028762187062315136,0.96,0.0,1675.2381107577514,1.0400000000000005,1.2000000000000004,50000.0,5.0,250000.0,2600.0000000000014,3000.000000000001
2025-11-24,GREENPLY,SHORT,A_MOD_BREAK_C1_LOW,MODERATE,2025-11-24 11:15:00+05:30,2025-11-24 11:30:00+05:30,282.9434,285.0654755,279.5480792,2025-11-24 15:21:00+05:30,279.5480792,TARGET,5.199999999999964,5.999999999999963,32.90599060058594,24.752168655395508,7.041782379150391,1.8272192240751046,2.757412049951155,0.004574567830056929,0.6733532232219324,0.0,285.0654755,1.0399999999999927,1.1999999999999926,50000.0,5.0,250000.0,2599.999999999982,2999.9999999999814
2025-11-24,NHPC,SHORT,A_MOD_BREAK_C1_LOW,MODERATE,2025-11-24 11:15:00+05:30,2025-11-24 11:30:00+05:30,77.35000152587891,77.930126537323,76.42180150756836,2025-11-24 13:30:00+05:30,76.42180150756836,TARGET,5.200000000000008,6.000000000000007,59.153968811035156,12.71422004699707,8.6094331741333,1.9264610240335545,3.3737019089050317,0.0036875802770214524,0.947130679205872,0.0,77.930126537323,1.0400000000000016,1.2000000000000015,50000.0,5.0,250000.0,2600.0000000000036,3000.000000000004
2025-11-24,HSCL,SHORT,A_PULLBACK_C2_THEN_BREAK_C2_LOW,MODERATE,2025-11-24 11:15:00+05:30,2025-11-24 11:45:00+05:30,430.0639638977051,433.2894436269379,424.90319633093264,2025-11-24 12:05:00+05:30,424.90319633093264,TARGET,5.199999999999987,5.999999999999987,64.47549438476562,18.6512451171875,2.85771107673645,2.2198353180969264,3.301116943359375,0.004644681773458227,0.96,0.0,433.2894436269379,1.0399999999999974,1.1999999999999973,50000.0,5.0,250000.0,2599.999999999993,2999.999999999993
2025-11-24,NYKAA,SHORT,A_MOD_BREAK_C1_LOW,MODERATE,2025-11-24 11:30:00+05:30,2025-11-24 11:45:00+05:30,266.5466861022949,268.54578624806214,263.34812586906736,2025-11-24 12:43:00+05:30,268.54578624806214,SL,-4.550000000000006,-3.7500000000000067,25.692760467529297,36.344871520996094,62.91971206665039,0.8864071192074523,1.278412289380514,0.006232269865060132,0.3644332673432693,0.0,268.54578624806214,-0.9100000000000013,-0.7500000000000013,50000.0,5.0,250000.0,-2275.000000000003,-1875.0000000000034
2025-11-24,ROUTE,SHORT,A_MOD_BREAK_C1_LOW,MODERATE,2025-11-24 11:45:00+05:30,2025-11-24 12:00:00+05:30,659.6680277954101,664.6155380038757,651.7520114618652,2025-11-24 15:02:00+05:30,651.7520114618652,TARGET,5.199999999999997,5.9999999999999964,32.02764129638672,27.69122314453125,14.35573673248291,1.0143202757417014,2.028083594893523,0.004452453708073985,0.5179206677005985,0.0,664.6155380038757,1.0399999999999994,1.1999999999999993,50000.0,5.0,250000.0,2599.9999999999986,2999.999999999998
2025-11-24,SPIC,SHORT,A_MOD_BREAK_C1_LOW,MODERATE,2025-11-24 11:45:00+05:30,2025-11-24 12:00:00+05:30,86.00000305175782,86.645003074646,84.96800301513672,2025-11-24 15:30:00+05:30,85.04000091552734,EOD,4.781407570722461,5.581407570722461,29.902280807495117,27.43759536743164,4.213919639587402,1.4403012987316028,2.18618122327361,0.003739754519202887,0.5605869393904572,0.0,86.645003074646,0.9562815141444923,1.1162815141444922,50000.0,5.0,250000.0,2390.7037853612305,2790.7037853612305
2025-11-24,GSFC,SHORT,A_MOD_BREAK_C1_LOW,MODERATE,2025-11-24 12:00:00+05:30,2025-11-24 12:15:00+05:30,184.7500030517578,186.135628074646,182.5330030151367,2025-11-24 15:29:00+05:30,182.5330030151367,TARGET,5.2000000000000215,6.000000000000021,35.188663482666016,15.43320083618164,0.5106197595596313,2.8475998720947118,3.10873747737728,0.0035095804504984003,0.7378299522399903,0.0,186.135628074646,1.0400000000000043,1.2000000000000042,50000.0,5.0,250000.0,2600.000000000011,3000.0000000000105
2025-11-24,UPL,SHORT,A_MOD_BREAK_C1_LOW,MODERATE,2025-11-24 13:15:00+05:30,2025-11-24 13:30:00+05:30,743.9511555908203,749.5307892577515,735.0237417237305,2025-11-24 15:30:00+05:30,735.0237417237305,TARGET,5.200000000000006,6.000000000000006,25.46122932434082,33.757755279541016,13.168937683105469,2.479150476899587,2.0996129358570306,0.0032617977334606038,0.5919184398651123,0.0,749.5307892577515,1.0400000000000014,1.2000000000000013,50000.0,5.0,250000.0,2600.000000000003,3000.000000000003
2025-11-24,HINDPETRO,SHORT,A_MOD_BREAK_C1_LOW,MODERATE,2025-11-24 14:15:00+05:30,2025-11-24 14:30:00+05:30,464.5070861022949,467.99088924806216,458.93300106906736,2025-11-24 15:30:00+05:30,463.79998779296875,EOD,-0.03887241929991639,0.7611275807000835,27.59736442565918,26.49472999572754,10.379019737243652,3.327155539160383,2.8171817317507446,0.003287258712194299,0.6239604663848877,0.0,467.99088924806216,-0.007774483859983278,0.1522255161400167,50000.0,5.0,250000.0,-19.436209649958197,380.56379035004176
2025-11-25,THOMASCOOK,SHORT,A_MOD_BREAK_C1_LOW,MODERATE,2025-11-25 11:30:00+05:30,2025-11-25 11:45:00+05:30,152.14999694824218,153.291121925354,150.32419698486328,2025-11-25 15:30:00+05:30,151.39999389648438,EOD,1.6646830982616923,2.464683098261692,38.510013580322266,30.257902145385742,8.636500358581543,1.246299558216855,1.6425812767385664,0.005934428033502844,0.637881690229712,0.0,153.291121925354,0.33293661965233845,0.4929366196523384,50000.0,5.0,250000.0,832.3415491308461,1232.341549130846
2025-11-25,THEJO,SHORT,A_MOD_BREAK_C1_LOW,MODERATE,2025-11-25 13:45:00+05:30,2025-11-25 14:00:00+05:30,1667.2664555908202,1679.7709540077515,1647.2592581237304,2025-11-25 15:30:00+05:30,1650.0,EOD,4.3780732266641795,5.178073226664179,34.17660903930664,39.04301452636719,16.885704040527344,2.0026435542622942,2.187042630924211,0.0029555034315256615,0.7226491355895996,0.0,1679.7709540077515,0.875614645332836,1.0356146453328359,50000.0,5.0,250000.0,2189.03661333209,2589.03661333209
2025-11-26,CHENNPETRO,SHORT,A_MOD_BREAK_C1_LOW,MODERATE,2025-11-26 12:15:00+05:30,2025-11-26 12:30:00+05:30,939.9119555908203,946.9612952577515,928.6330121237304,2025-11-26 12:33:00+05:30,928.6330121237304,TARGET,5.200000000000031,6.000000000000031,33.180023193359375,27.641666412353516,12.254437446594238,1.5617576790377368,2.420239007864127,0.01319456911172009,0.6310079417319945,0.0,946.9612952577515,1.0400000000000063,1.2000000000000062,50000.0,5.0,250000.0,2600.0000000000155,3000.0000000000155
2025-11-26,JAMNAAUTO,LONG,B_HUGE_GREEN_PULLBACK_HOLD_THEN_BREAK,HUGE,2025-11-26 11:15:00+05:30,2025-11-26 13:30:00+05:30,109.55,108.728375,111.19324999999999,2025-11-26 15:30:00+05:30,109.9000015258789,EOD,0.7974510537604251,1.597451053760425,41.689422607421875,83.249267578125,94.23776245117188,2.0941308040849482,4.475734182051258,0.00609459259115511,9.26025222680271,0.0,108.728375,0.15949021075208503,0.319490210752085,100000.0,5.0,500000.0,797.4510537604251,1597.451053760425
2025-11-26,POKARNA,LONG,B_HUGE_GREEN_PULLBACK_HOLD_THEN_BREAK,HUGE,2025-11-26 10:30:00+05:30,2025-11-26 13:45:00+05:30,941.6383022094726,934.5760149429016,955.7628767426146,2025-11-26 15:30:00+05:30,941.9000244140625,EOD,-0.6610282716963728,0.13897172830362708,43.61187744140625,75.93956756591797,92.69928741455078,2.4422484393254003,3.360460023515286,0.007665469728506253,8.400871108160912,0.0,934.5760149429016,-0.13220565433927456,0.027794345660725417,100000.0,5.0,500000.0,-661.0282716963728,138.9717283036271
2025-11-27,AVANTIFEED,SHORT,A_MOD_BREAK_C1_LOW,MODERATE,2025-11-27 10:45:00+05:30,2025-11-27 11:00:00+05:30,814.58705,820.696452875,804.8120054,2025-11-27 12:29:00+05:30,804.8120054,TARGET,5.200000000000001,6.000000000000001,26.87969207763672,19.620609283447266,4.338051795959473,2.1666168245452075,3.4139494127827916,0.005916941597027587,0.6131953811645507,0.0,820.696452875,1.0400000000000003,1.2000000000000002,50000.0,5.0,250000.0,2600.000000000001,3000.0000000000005
2025-11-27,LTTS,LONG,B_HUGE_GREEN_PULLBACK_HOLD_THEN_BREAK,HUGE,2025-11-27 10:45:00+05:30,2025-11-27 13:15:00+05:30,4375.774882324219,4342.956570706788,4441.411505559082,2025-11-27 15:30:00+05:30,4377.0,EOD,-0.6600113455642209,0.13998865443577901,41.342506408691406,82.14935302734375,79.21332550048828,1.3971945972027722,3.3531544336301207,0.00486506594760567,7.369551350656799,0.0,4342.956570706788,-0.13200226911284418,0.027997730887155806,100000.0,5.0,500000.0,-660.011345564221,139.988654435779
2025-11-28,GAIL,SHORT,A_PULLBACK_C2_THEN_BREAK_C2_LOW,MODERATE,2025-11-28 10:30:00+05:30,2025-11-28 11:00:00+05:30,167.33999938964843,168.5950493850708,165.33191939697264,2025-11-28 11:43:00+05:30,168.5950493850708,SL,-4.5500000000000576,-3.7500000000000573,36.03582000732422,10.375374794006348,11.407951354980469,0.7454251127323747,4.846730042377734,0.00847833261950517,0.5309866948380288,0.0,168.5950493850708,-0.9100000000000115,-0.7500000000000114,50000.0,5.0,250000.0,-2275.0000000000286,-1875.0000000000286
2025-11-28,KAYNES,SHORT,A_MOD_BREAK_C1_LOW,MODERATE,2025-11-28 11:15:00+05:30,2025-11-28 11:30:00+05:30,5488.902,5530.068765,5423.035176,2025-11-28 15:30:00+05:30,5512.0,EOD,-2.9040638000095425,-2.1040638000095426,30.012733459472656,23.257047653198242,3.992948055267334,2.4427063599319934,3.03986592669671,0.004474854907840138,0.6601910018920898,0.0,5530.068765,-0.5808127600019085,-0.42081276000190854,50000.0,5.0,250000.0,-1452.0319000047714,-1052.0319000047714
2025-11-28,KOTHARIPET,SHORT,A_MOD_BREAK_C1_LOW,MODERATE,2025-11-28 11:45:00+05:30,2025-11-28 12:00:00+05:30,137.95,138.984625,136.29459999999997,2025-11-28 12:40:00+05:30,136.29459999999997,TARGET,5.2000000000000535,6.000000000000053,39.8415412902832,39.095726013183594,20.861019134521484,0.6054606569989064,1.4614491073264633,0.005001921005653565,0.5366511896953798,0.0,138.984625,1.0400000000000107,1.2000000000000106,50000.0,5.0,250000.0,2600.000000000027,3000.0000000000264
2025-12-01,DCXINDIA,SHORT,A_MOD_BREAK_C1_LOW,MODERATE,2025-12-01 11:45:00+05:30,2025-12-01 12:00:00+05:30,181.84999389648436,183.213868850708,179.66779396972655,2025-12-01 15:30:00+05:30,180.10000610351562,EOD,4.011624557889442,4.811624557889441,35.4075927734375,28.15054702758789,22.472488403320312,1.5135853518707478,1.6494373013373043,0.006519196825670583,0.6384631932458085,0.0,183.213868850708,0.8023249115778883,0.9623249115778884,50000.0,5.0,250000.0,2005.8122789447207,2405.8122789447207
2025-12-01,GPTINFRA,LONG,B_HUGE_GREEN_PULLBACK_HOLD_THEN_BREAK,HUGE,2025-12-01 11:45:00+05:30,2025-12-01 13:15:00+05:30,111.02000122070312,110.18735121154785,112.68530123901365,2025-12-01 15:30:00+05:30,111.30000305175781,EOD,0.46104228056194324,1.2610422805619432,40.102325439453125,78.29256439208984,72.5237045288086,1.3067083647018707,4.049219601039675,0.005235302930914782,7.472962827848985,0.0,110.18735121154785,0.09220845611238865,0.2522084561123886,100000.0,5.0,500000.0,461.04228056194324,1261.042280561943
2025-12-01,ANURAS,LONG,B_HUGE_GREEN_PULLBACK_HOLD_THEN_BREAK,HUGE,2025-12-01 11:45:00+05:30,2025-12-01 13:45:00+05:30,1232.2464,1223.004552,1250.7300959999998,2025-12-01 15:30:00+05:30,1226.0,EOD,-3.334558023460241,-2.534558023460241,32.94090270996094,64.7142105102539,65.22846984863281,3.3460030416905866,1.9503645938200507,0.005064651400400058,7.752342020031033,0.0,1223.004552,-0.6669116046920482,-0.5069116046920482,100000.0,5.0,500000.0,-3334.558023460241,-2534.558023460241
2025-12-01,THANGAMAYL,LONG,B_HUGE_GREEN_PULLBACK_HOLD_THEN_BREAK,HUGE,2025-12-01 10:45:00+05:30,2025-12-01 14:00:00+05:30,3356.6712,3331.4961660000004,3407.021268,2025-12-01 15:30:00+05:30,3351.0,EOD,-1.6447654926702717,-0.8447654926702719,45.13240432739258,82.82417297363281,68.63228607177734,1.5700502227509738,3.563193082262373,0.0068588354061796565,7.68111192549388,0.0,3331.4961660000004,-0.32895309853405436,-0.16895309853405438,100000.0,5.0,500000.0,-1644.765492670272,-844.7654926702719
2025-12-01,NMDC,LONG,B_HUGE_GREEN_PULLBACK_HOLD_THEN_BREAK,HUGE,2025-12-01 12:30:00+05:30,2025-12-01 14:00:00+05:30,73.2000015258789,72.65100151443481,74.29800154876708,2025-12-01 15:30:00+05:30,73.2300033569336,EOD,-0.5950694642807923,0.2049305357192075,34.227413177490234,69.28108215332031,72.09820556640625,1.2981366246791535,2.01435020231017,0.004738963379405844,5.393407319470933,0.0,72.65100151443481,-0.11901389285615847,0.0409861071438415,100000.0,5.0,500000.0,-595.0694642807923,204.9305357192075
2025-12-02,GOKEX,SHORT,A_MOD_BREAK_C1_LOW,MODERATE,2025-12-02 10:00:00+05:30,2025-12-02 10:15:00+05:30,877.7744222045899,884.3577303711244,867.2411291381347,2025-12-02 13:33:00+05:30,867.2411291381347,TARGET,5.200000000000038,6.000000000000037,32.29594421386719,23.94261932373047,4.655900001525879,1.0359300809364411,3.923902704120727,0.005781608583270114,0.525726927371885,0.0,884.3577303711244,1.0400000000000076,1.2000000000000075,50000.0,5.0,250000.0,2600.000000000019,3000.0000000000186
2025-12-02,IRCTC,SHORT,A_MOD_BREAK_C1_LOW,MODERATE,2025-12-02 10:00:00+05:30,2025-12-02 10:15:00+05:30,680.5638722045899,685.6681012461244,672.3971057381348,2025-12-02 15:30:00+05:30,680.0,EOD,-0.3857316060847554,0.4142683939152445,32.826141357421875,34.43675231933594,17.48401641845703,1.1847812662376644,2.234148209965694,0.0024815029490313635,0.5597288419529194,0.0,685.6681012461244,-0.07714632121695107,0.0828536787830489,50000.0,5.0,250000.0,-192.86580304237768,207.13419695762227
2025-12-02,JTEKTINDIA,SHORT,A_MOD_BREAK_C1_LOW,MODERATE,2025-12-02 12:15:00+05:30,2025-12-02 12:30:00+05:30,150.5500061035156,151.67913114929198,148.74340603027343,2025-12-02 15:08:00+05:30,151.67913114929198,SL,-4.549999999999984,-3.7499999999999845,42.372745513916016,24.553115844726562,6.130212306976318,1.7482887756607188,2.817403901220574,0.005677276880873646,0.8015417184493658,0.0,151.67913114929198,-0.9099999999999968,-0.7499999999999969,50000.0,5.0,250000.0,-2274.999999999992,-1874.999999999992
2025-12-02,IGARASHI,SHORT,A_MOD_BREAK_C1_LOW,MODERATE,2025-12-02 12:30:00+05:30,2025-12-02 12:45:00+05:30,448.4103,451.77337725,443.0293764,2025-12-02 14:46:00+05:30,443.0293764,TARGET,5.200000000000019,6.000000000000019,46.890655517578125,27.1199893951416,9.86423397064209,1.6269093719482695,2.415950587678936,0.007680049248060476,0.8480689728546189,0.0,451.77337725,1.0400000000000038,1.2000000000000037,50000.0,5.0,250000.0,2600.0000000000095,3000.000000000009
2025-12-02,NUCLEUS,SHORT,A_MOD_BREAK_C1_LOW,MODERATE,2025-12-02 13:15:00+05:30,2025-12-02 13:30:00+05:30,913.8172,920.670829,902.8513935999999,2025-12-02 15:30:00+05:30,916.0,EOD,-1.9943307698739108,-1.1943307698739107,25.322307586669922,34.363792419433594,21.494699478149414,1.0897687448197086,1.2742449130838733,0.004729359576192431,0.39425638979769145,0.0,920.670829,-0.39886615397478214,-0.23886615397478217,50000.0,5.0,250000.0,-997.1653849369553,-597.1653849369554
2025-12-03,MAXHEALTH,SHORT,A_MOD_BREAK_C1_LOW,MODERATE,2025-12-03 10:00:00+05:30,2025-12-03 10:15:00+05:30,1094.4810111816407,1102.6896187655032,1081.347239047461,2025-12-03 14:25:00+05:30,1081.347239047461,TARGET,5.200000000000009,6.000000000000009,50.723819732666016,18.340787887573242,4.898411273956299,0.9511068066730791,4.210866656671995,0.004220479590707718,0.7764436911677888,0.0,1102.6896187655032,1.0400000000000018,1.2000000000000017,50000.0,5.0,250000.0,2600.0000000000045,3000.0000000000045
2025-12-03,NDRAUTO,SHORT,A_MOD_BREAK_C1_LOW,MODERATE,2025-12-03 10:00:00+05:30,2025-12-03 10:15:00+05:30,837.0325722045899,843.3103164961244,826.9881813381348,2025-12-03 11:56:00+05:30,843.3103164961244,SL,-4.550000000000064,-3.7500000000000644,28.643695831298828,42.516021728515625,8.049524307250977,2.030985647111596,1.0457650712067674,0.0110931476051958,0.5919436910298208,0.0,843.3103164961244,-0.9100000000000128,-0.7500000000000129,50000.0,5.0,250000.0,-2275.0000000000323,-1875.0000000000323
2025-12-03,PFC,SHORT,A_MOD_BREAK_C1_LOW,MODERATE,2025-12-03 10:00:00+05:30,2025-12-03 10:15:00+05:30,355.4289,358.09461675,351.1637532,2025-12-03 14:02:00+05:30,351.1637532,TARGET,5.200000000000036,6.0000000000000355,26.03301239013672,26.561464309692383,4.996022701263428,1.3589104644537484,3.169304488427811,0.003634186756083099,0.4883045171314568,0.0,358.09461675,1.0400000000000071,1.200000000000007,50000.0,5.0,250000.0,2600.0000000000177,3000.0000000000177
2025-12-03,BANKINDIA,SHORT,A_MOD_BREAK_C1_LOW,MODERATE,2025-12-03 10:15:00+05:30,2025-12-03 10:30:00+05:30,142.3000061035156,143.367256149292,140.59240603027342,2025-12-03 11:04:00+05:30,140.59240603027342,TARGET,5.200000000000012,6.000000000000011,35.57425308227539,14.579120635986328,4.427284240722656,1.4258680088171913,4.177033179666015,0.005436683998004958,0.6431406977771392,0.0,143.367256149292,1.0400000000000023,1.2000000000000022,50000.0,5.0,250000.0,2600.0000000000055,3000.0000000000055
2025-12-03,BHEL,SHORT,A_MOD_BREAK_C1_LOW,MODERATE,2025-12-03 10:15:00+05:30,2025-12-03 10:30:00+05:30,281.69365,283.806352375,278.3133262,2025-12-03 13:46:00+05:30,278.3133262,TARGET,5.199999999999974,5.999999999999974,37.96989059448242,19.439971923828125,4.608034133911133,1.7562849090827914,3.253571547780569,0.005044110755584078,0.7368982180067247,0.0,283.806352375,1.039999999999995,1.1999999999999948,50000.0,5.0,250000.0,2599.9999999999873,2999.9999999999873
2025-12-03,SBFC,SHORT,A_MOD_BREAK_C1_LOW,MODERATE,2025-12-03 10:15:00+05:30,2025-12-03 10:30:00+05:30,105.45,106.240875,104.1846,2025-12-03 14:39:00+05:30,106.240875,SL,-4.549999999999999,-3.749999999999999,43.05889892578125,26.117868423461914,31.249711990356445,1.0119753433526506,1.7099536636050994,0.004549763778939632,0.6684768521536875,0.0,106.240875,-0.9099999999999997,-0.7499999999999998,50000.0,5.0,250000.0,-2274.999999999999,-1874.9999999999995
2025-12-03,RVNL,SHORT,A_PULLBACK_C2_THEN_BREAK_C2_LOW,MODERATE,2025-12-03 10:15:00+05:30,2025-12-03 10:45:00+05:30,314.2371277954102,316.5939062538758,310.4662822618653,2025-12-03 15:30:00+05:30,311.8999938964844,EOD,2.9187424594324716,3.718742459432472,30.831857681274414,24.541425704956055,8.206809043884277,1.5912466895081863,2.8010864067073955,0.0030518202241321345,0.6009460358830487,0.0,316.5939062538758,0.5837484918864944,0.7437484918864944,50000.0,5.0,250000.0,1459.371229716236,1859.3712297162358
2025-12-03,CROMPTON,SHORT,A_MOD_BREAK_C1_LOW,MODERATE,2025-12-03 10:30:00+05:30,2025-12-03 10:45:00+05:30,257.0485861022949,258.97645049806215,253.96400306906736,2025-12-03 15:30:00+05:30,257.3999938964844,EOD,-1.4835435267666162,-0.6835435267666162,26.785282135009766,16.012773513793945,5.397366046905518,2.050907934012633,3.7858449451910943,0.0036936285159137536,0.6117792320251465,0.0,258.97645049806215,-0.2967087053533232,-0.13670870535332325,50000.0,5.0,250000.0,-741.7717633833081,-341.7717633833081
2025-12-03,PARACABLES,SHORT,A_MOD_BREAK_C1_LOW,MODERATE,2025-12-03 10:30:00+05:30,2025-12-03 10:45:00+05:30,38.10999984741211,38.39582484626771,37.652679849243164,2025-12-03 12:07:00+05:30,38.39582484626771,SL,-4.550000000000059,-3.75000000000006,44.912174224853516,24.792633056640625,12.967379570007324,0.9240689564870194,2.0157168692327514,0.006787600494053216,0.6953946807580311,0.0,38.39582484626771,-0.9100000000000119,-0.750000000000012,50000.0,5.0,250000.0,-2275.0000000000296,-1875.00000000003
2025-12-03,CANBK,SHORT,A_MOD_BREAK_C1_LOW,MODERATE,2025-12-03 11:15:00+05:30,2025-12-03 11:30:00+05:30,146.95,148.052125,145.1866,2025-12-03 11:50:00+05:30,148.052125,SL,-4.5500000000000025,-3.7500000000000036,43.42365646362305,16.530153274536133,1.2065666913986206,2.8604286173645916,3.9192721252787996,0.006026840828724038,0.8613548469543457,0.0,148.052125,-0.9100000000000006,-0.7500000000000007,50000.0,5.0,250000.0,-2275.0000000000014,-1875.0000000000016
2025-12-03,DIAMONDYD,SHORT,A_MOD_BREAK_C1_LOW,MODERATE,2025-12-03 11:45:00+05:30,2025-12-03 12:00:00+05:30,1061.7876,1069.751007,1049.0461488,2025-12-03 13:20:00+05:30,1069.751007,SL,-4.549999999999981,-3.7499999999999813,31.157251358032227,36.40011978149414,38.79399108886719,0.8767657040652796,1.1851588119626115,0.0070016123705215596,0.4400507091800379,0.0,1069.751007,-0.9099999999999961,-0.7499999999999962,50000.0,5.0,250000.0,-2274.9999999999905,-1874.9999999999907
2025-12-03,CSBBANK,SHORT,A_MOD_BREAK_C1_LOW,MODERATE,2025-12-03 12:15:00+05:30,2025-12-03 12:30:00+05:30,400.06996389770507,403.0704886269379,395.2691243309326,2025-12-03 15:30:00+05:30,398.04998779296875,EOD,1.7245285662744834,2.5245285662744834,67.36188507080078,19.05381965637207,7.3747053146362305,1.6593462070924032,2.455041711529065,0.006593266182397997,0.9003855862411705,0.0,403.0704886269379,0.34490571325489666,0.5049057132548966,50000.0,5.0,250000.0,862.2642831372417,1262.2642831372416
2025-12-03,TOLINS,SHORT,A_MOD_BREAK_C1_LOW,MODERATE,2025-12-03 12:15:00+05:30,2025-12-03 12:30:00+05:30,144.84999389648436,145.936368850708,143.11179396972656,2025-12-03 15:04:00+05:30,143.11179396972656,TARGET,5.199999999999961,5.999999999999961,26.52033805847168,35.58610534667969,13.849637031555176,0.8986049113583808,1.1331273549621037,0.0059215849561384815,0.371717298112897,0.0,145.936368850708,1.0399999999999923,1.1999999999999922,50000.0,5.0,250000.0,2599.999999999981,2999.9999999999804
2025-12-04,PRINCEPIPE,SHORT,A_MOD_BREAK_C1_LOW,MODERATE,2025-12-04 11:15:00+05:30,2025-12-04 11:30:00+05:30,263.64727220458985,265.6246267461243,260.4835049381348,2025-12-04 13:16:00+05:30,260.4835049381348,TARGET,5.19999999999998,5.99999999999998,31.33511734008789,31.52231216430664,23.992746353149414,1.2429991075883595,2.0738077671669766,0.008350043112295785,0.5475516039292814,0.0,265.6246267461243,1.039999999999996,1.199999999999996,50000.0,5.0,250000.0,2599.99999999999,2999.99999999999
2025-12-04,HBLENGINE,SHORT,A_MOD_BREAK_C1_LOW,MODERATE,2025-12-04 11:30:00+05:30,2025-12-04 11:45:00+05:30,828.3842777954102,834.5971598788758,818.4436664618653,2025-12-04 12:20:00+05:30,818.4436664618653,TARGET,5.199999999999983,5.999999999999983,27.744752883911133,31.739816665649414,3.7878212928771973,1.4054248929258897,1.9351575571298836,0.006308981088491586,0.5188785273771919,0.0,834.5971598788758,1.0399999999999967,1.1999999999999966,50000.0,5.0,250000.0,2599.999999999992,2999.9999999999914
2025-12-04,SUZLON,SHORT,A_MOD_BREAK_C1_LOW,MODERATE,2025-12-04 11:45:00+05:30,2025-12-04 12:00:00+05:30,51.720000457763675,52.107900461196905,51.09936045227051,2025-12-04 13:15:00+05:30,51.09936045227051,TARGET,5.200000000000008,6.000000000000007,36.8759651184082,26.837970733642578,9.320796966552734,2.2287332378129836,2.520736926952777,0.004646992487200328,0.763139476776123,0.0,52.107900461196905,1.0400000000000016,1.2000000000000015,50000.0,5.0,250000.0,2600.0000000000036,3000.000000000004
2025-12-04,RBLBANK,SHORT,A_MOD_BREAK_C1_LOW,MODERATE,2025-12-04 12:45:00+05:30,2025-12-04 13:00:00+05:30,297.9404,300.174953,294.3651152,2025-12-04 15:30:00+05:30,298.20001220703125,EOD,-1.2356780870120985,-0.43567808701209865,27.848299026489258,28.184581756591797,0.828916072845459,2.1872275276115096,2.3415710507215244,0.004277807432359099,0.6277244853973389,0.0,300.174953,-0.2471356174024197,-0.08713561740241973,50000.0,5.0,250000.0,-617.8390435060493,-217.83904350604934
2025-12-04,GANDHAR,SHORT,B_HUGE_RED_FAILED_BOUNCE,HUGE,2025-12-04 10:30:00+05:30,2025-12-04 13:45:00+05:30,125.60000152587891,126.542001537323,124.09280150756837,2025-12-04 15:30:00+05:30,125.38999938964844,EOD,0.035995755092416565,0.8359957550924164,29.484106063842773,29.72220230102539,28.183252334594727,0.08309616328620492,1.6830873049346267,0.005733986554756791,0.3409577847794588,0.0,126.542001537323,0.007199151018483313,0.1671991510184833,50000.0,5.0,250000.0,17.99787754620828,417.9978775462082
2025-12-05,GODREJAGRO,SHORT,A_MOD_BREAK_C1_LOW,MODERATE,2025-12-05 10:00:00+05:30,2025-12-05 10:15:00+05:30,579.884,584.2331300000001,572.925392,2025-12-05 15:30:00+05:30,582.5499877929688,EOD,-3.0987250837829077,-2.298725083782908,33.51020812988281,28.614105224609375,3.2917683124542236,1.1787724844037641,2.862496608831741,0.0033743722685452165,0.5689383067189009,0.0,584.2331300000001,-0.6197450167565816,-0.4597450167565816,50000.0,5.0,250000.0,-1549.362541891454,-1149.362541891454
2025-12-05,MEDANTA,SHORT,A_MOD_BREAK_C1_LOW,MODERATE,2025-12-05 10:15:00+05:30,2025-12-05 10:30:00+05:30,1160.9677111816407,1169.674969015503,1147.036098647461,2025-12-05 15:22:00+05:30,1169.674969015503,SL,-4.549999999999992,-3.749999999999992,25.433149337768555,21.224597930908203,3.208665370941162,1.9401820620330896,3.6625980005389907,0.006322988561098748,0.581029100922319,0.0,1169.674969015503,-0.9099999999999984,-0.7499999999999984,50000.0,5.0,250000.0,-2274.999999999996,-1874.9999999999961
2025-12-05,SUNTECK,SHORT,A_MOD_BREAK_C1_LOW,MODERATE,2025-12-05 10:15:00+05:30,2025-12-05 10:30:00+05:30,407.66845,410.72596337500005,402.7764286,2025-12-05 14:41:00+05:30,402.7764286,TARGET,5.20000000000004,6.00000000000004,25.77403450012207,22.351648330688477,10.384978294372559,0.7574635875280562,2.505534166814647,0.00462355816651426,0.3791666453192409,0.0,410.72596337500005,1.040000000000008,1.200000000000008,50000.0,5.0,250000.0,2600.0000000000205,3000.00000000002
2025-12-05,MPSLTD,SHORT,A_MOD_BREAK_C1_LOW,MODERATE,2025-12-05 11:00:00+05:30,2025-12-05 11:15:00+05:30,2116.0767,2131.94727525,2090.6837796,2025-12-05 14:19:00+05:30,2090.6837796,TARGET,5.200000000000022,6.000000000000022,38.61903762817383,26.945384979248047,5.021987438201904,1.4841899280517596,2.1153679114704658,0.005325513389581996,0.6990188018316652,0.0,2131.94727525,1.0400000000000045,1.2000000000000044,50000.0,5.0,250000.0,2600.0000000000114,3000.000000000011
2025-12-05,KIRLOSBROS,SHORT,A_MOD_BREAK_C1_LOW,MODERATE,2025-12-05 11:45:00+05:30,2025-12-05 12:00:00+05:30,1600.8797111816407,1612.886309015503,1581.669154647461,2025-12-05 15:30:00+05:30,1595.699951171875,EOD,0.817785513048449,1.6177855130484489,36.28223419189453,22.334413528442383,8.560078620910645,2.0623622829005246,2.955675239646244,0.004487685482627829,0.7542335128784179,0.0,1612.886309015503,0.1635571026096898,0.3235571026096898,50000.0,5.0,250000.0,408.8927565242245,808.8927565242244
2025-12-05,IXIGO,SHORT,A_PULLBACK_C2_THEN_BREAK_C2_LOW,MODERATE,2025-12-05 11:45:00+05:30,2025-12-05 12:15:00+05:30,233.84999389648436,235.603868850708,231.04379396972655,2025-12-05 13:02:00+05:30,231.04379396972655,TARGET,5.200000000000003,6.000000000000002,29.774215698242188,24.548141479492188,1.307033658027649,2.3683308346197274,3.2302739162649967,0.010920957018697768,0.6566132354736327,0.0,235.603868850708,1.0400000000000005,1.2000000000000004,50000.0,5.0,250000.0,2600.0000000000014,3000.000000000001
2025-12-05,LIKHITHA,SHORT,A_MOD_BREAK_C1_LOW,MODERATE,2025-12-05 12:00:00+05:30,2025-12-05 12:15:00+05:30,187.95,189.359625,185.69459999999998,2025-12-05 12:54:00+05:30,185.69459999999998,TARGET,5.200000000000023,6.000000000000023,25.607709884643555,33.38096618652344,17.258018493652344,0.8440744590417748,1.4965704671929598,0.004703393431099639,0.3666572019616119,0.0,189.359625,1.0400000000000047,1.2000000000000046,50000.0,5.0,250000.0,2600.0000000000114,3000.0000000000114
2025-12-05,VINDHYATEL,SHORT,A_MOD_BREAK_C1_LOW,MODERATE,2025-12-05 12:00:00+05:30,2025-12-05 12:15:00+05:30,1477.1045444091797,1488.1828284922485,1459.3792898762695,2025-12-05 12:41:00+05:30,1488.1828284922485,SL,-4.550000000000006,-3.750000000000006,26.09900665283203,28.205331802368164,5.960353374481201,0.979616549221145,1.8125755132100738,0.005879514718079914,0.41354677156668457,0.0,1488.1828284922485,-0.9100000000000013,-0.7500000000000012,50000.0,5.0,250000.0,-2275.000000000003,-1875.000000000003
2025-12-05,EVEREADY,SHORT,A_MOD_BREAK_C1_LOW,MODERATE,2025-12-05 13:30:00+05:30,2025-12-05 13:45:00+05:30,313.83721389770506,316.19099300193784,310.0711673309326,2025-12-05 14:10:00+05:30,310.0711673309326,TARGET,5.199999999999976,5.999999999999975,25.735437393188477,31.67083168029785,13.851780891418457,1.9623764715749563,2.4392103836511154,0.005129653557091002,0.5894474434234445,0.0,316.19099300193784,1.0399999999999952,1.199999999999995,50000.0,5.0,250000.0,2599.9999999999877,2999.9999999999873
2025-12-05,VINCOFE,LONG,B_HUGE_GREEN_PULLBACK_HOLD_THEN_BREAK,HUGE,2025-12-05 12:30:00+05:30,2025-12-05 14:30:00+05:30,168.72999267578126,167.4645177307129,171.26094256591796,2025-12-05 15:30:00+05:30,169.60000610351562,EOD,1.7781232309009678,2.578123230900968,29.09650230407715,76.93241882324219,84.81695556640625,2.4878206516964734,3.8305429889103237,0.007310620063188998,8.556778477973598,0.0,167.4645177307129,0.35562464618019357,0.5156246461801935,100000.0,5.0,500000.0,1778.1232309009679,2578.123230900968
2025-12-08,ATGL,SHORT,A_MOD_BREAK_C1_LOW,MODERATE,2025-12-08 10:00:00+05:30,2025-12-08 10:15:00+05:30,585.9827555908203,590.3776262577514,578.9509625237304,2025-12-08 11:44:00+05:30,578.9509625237304,TARGET,5.200000000000044,6.000000000000043,26.037748336791992,27.06683921813965,6.8325605392456055,1.4533363463564875,2.7760029777799358,0.0032151946631234015,0.5049000856642651,0.0,590.3776262577514,1.0400000000000087,1.2000000000000086,50000.0,5.0,250000.0,2600.0000000000214,3000.000000000022
2025-12-08,PENIND,SHORT,A_MOD_BREAK_C1_LOW,MODERATE,2025-12-08 10:00:00+05:30,2025-12-08 10:15:00+05:30,199.95,201.449625,197.55059999999997,2025-12-08 11:09:00+05:30,197.55059999999997,TARGET,5.200000000000036,6.0000000000000355,42.444244384765625,19.235090255737305,2.4672086238861084,1.20471576852009,3.9930578851530747,0.00674803196044616,0.7074889252625001,0.0,201.449625,1.0400000000000071,1.200000000000007,50000.0,5.0,250000.0,2600.0000000000177,3000.0000000000177
2025-12-08,PRAKASH,SHORT,A_MOD_BREAK_C1_LOW,MODERATE,2025-12-08 10:00:00+05:30,2025-12-08 10:15:00+05:30,127.46000213623047,128.4159521522522,125.9304821105957,2025-12-08 12:00:00+05:30,125.9304821105957,TARGET,5.2000000000000055,6.000000000000005,33.34916687011719,23.249094009399414,4.839179992675781,1.6205202866573505,3.6948108493014358,0.006964959579685375,0.6438285532167942,0.0,128.4159521522522,1.0400000000000011,1.200000000000001,50000.0,5.0,250000.0,2600.0000000000027,3000.0000000000027
2025-12-08,RUPA,SHORT,A_MOD_BREAK_C1_LOW,MODERATE,2025-12-08 10:00:00+05:30,2025-12-08 10:15:00+05:30,164.0699951171875,165.3005200805664,162.10115517578123,2025-12-08 13:58:00+05:30,162.10115517578123,TARGET,5.200000000000028,6.0000000000000275,26.722414016723633,25.45099639892578,1.657591462135315,1.321805772559508,3.601964080654739,0.0050818653901248305,0.49215222044876833,0.0,165.3005200805664,1.0400000000000056,1.2000000000000055,50000.0,5.0,250000.0,2600.0000000000136,3000.000000000014
2025-12-08,SJVN,SHORT,A_MOD_BREAK_C1_LOW,MODERATE,2025-12-08 10:00:00+05:30,2025-12-08 10:15:00+05:30,72.39999694824219,72.94299692535401,71.53119698486329,2025-12-08 12:41:00+05:30,71.53119698486329,TARGET,5.19999999999999,5.999999999999989,47.86653518676758,13.412847518920898,6.444899082183838,2.0149023532329022,5.279063775640695,0.00348767823186414,0.9279980278015136,0.0,72.94299692535401,1.039999999999998,1.199999999999998,50000.0,5.0,250000.0,2599.999999999995,2999.999999999995
2025-12-08,TEXRAIL,SHORT,A_MOD_BREAK_C1_LOW,MODERATE,2025-12-08 10:00:00+05:30,2025-12-08 10:15:00+05:30,119.99000091552735,120.88992592239381,118.55012090454102,2025-12-08 12:49:00+05:30,118.55012090454102,TARGET,5.200000000000004,6.0000000000000036,47.14904022216797,16.963924407958984,6.676818370819092,2.030777165579834,4.514604529044962,0.0042565861549128375,0.9172356033325195,0.0,120.88992592239381,1.0400000000000007,1.2000000000000006,50000.0,5.0,250000.0,2600.000000000002,3000.0000000000014
2025-12-08,MANYAVAR,SHORT,A_PULLBACK_C2_THEN_BREAK_C2_LOW,MODERATE,2025-12-08 10:15:00+05:30,2025-12-08 10:45:00+05:30,587.0325944091796,591.4353388672486,579.9882032762695,2025-12-08 15:29:00+05:30,591.4353388672486,SL,-4.550000000000065,-3.750000000000065,39.609596252441406,12.36670207977295,17.151893615722656,1.2702996436728502,2.7827425609447163,0.005332665775897311,0.6764463814293697,0.0,591.4353388672486,-0.910000000000013,-0.750000000000013,50000.0,5.0,250000.0,-2275.0000000000327,-1875.0000000000325
2025-12-08,TITAGARH,SHORT,A_PULLBACK_C2_THEN_BREAK_C2_LOW,MODERATE,2025-12-08 10:15:00+05:30,2025-12-08 10:45:00+05:30,774.3950777954102,780.2030408788759,765.1023368618653,2025-12-08 12:46:00+05:30,765.1023368618653,TARGET,5.199999999999989,5.9999999999999885,25.26994514465332,29.169025421142578,14.136199951171875,1.7113517367585356,2.9777900669002686,0.005096444301944203,0.5385357311025436,0.0,780.2030408788759,1.0399999999999978,1.1999999999999977,50000.0,5.0,250000.0,2599.9999999999945,2999.9999999999945
2025-12-08,PNGJL,SHORT,A_MOD_BREAK_C1_LOW,MODERATE,2025-12-08 10:30:00+05:30,2025-12-08 10:45:00+05:30,605.2289055908203,609.7681223827515,597.9661587237305,2025-12-08 14:13:00+05:30,597.9661587237305,TARGET,5.200000000000001,6.000000000000001,26.6792049407959,28.146400451660156,4.729394435882568,1.7397639484503102,2.568725908291883,0.006383230739257007,0.5646467650907427,0.0,609.7681223827515,1.0400000000000003,1.2000000000000002,50000.0,5.0,250000.0,2600.000000000001,3000.0000000000005
2025-12-08,DLF,SHORT,A_MOD_BREAK_C1_LOW,MODERATE,2025-12-08 10:45:00+05:30,2025-12-08 11:00:00+05:30,697.9603555908203,703.1950582577515,689.5848313237304,2025-12-08 12:59:00+05:30,689.5848313237304,TARGET,5.2000000000000215,6.000000000000021,32.765079498291016,23.435062408447266,1.0026440620422363,2.332556973206166,3.8711623891204208,0.005294617531466129,0.7014761924743651,0.0,703.1950582577515,1.0400000000000043,1.2000000000000042,50000.0,5.0,250000.0,2600.000000000011,3000.0000000000105
2025-12-08,GODREJPROP,SHORT,A_MOD_BREAK_C1_LOW,MODERATE,2025-12-08 11:00:00+05:30,2025-12-08 11:15:00+05:30,2003.5992,2018.6261940000002,1979.5560096000002,2025-12-08 12:36:00+05:30,1979.5560096000002,TARGET,5.199999999999989,5.9999999999999885,28.85116195678711,21.15946388244629,3.9019246101379395,2.1802140277794906,3.9271373445052813,0.006190578408616525,0.6427674293518066,0.0,2018.6261940000002,1.0399999999999978,1.1999999999999977,50000.0,5.0,250000.0,2599.9999999999945,2999.9999999999945
2025-12-08,INDNIPPON,SHORT,A_MOD_BREAK_C1_LOW,MODERATE,2025-12-08 11:00:00+05:30,2025-12-08 11:15:00+05:30,792.3415,798.28406125,782.833402,2025-12-08 13:35:00+05:30,782.833402,TARGET,5.200000000000012,6.000000000000011,53.315948486328125,23.302427291870117,14.632308959960938,1.0508189502683905,2.457274660701149,0.00768165470283541,0.7938933162969684,0.0,798.28406125,1.0400000000000023,1.2000000000000022,50000.0,5.0,250000.0,2600.0000000000055,3000.0000000000055
2025-12-08,BLUEDART,SHORT,A_MOD_BREAK_C1_LOW,MODERATE,2025-12-08 11:15:00+05:30,2025-12-08 11:30:00+05:30,5461.9074,5502.871705500001,5396.3645112,2025-12-08 11:42:00+05:30,5396.3645112,TARGET,5.19999999999997,5.99999999999997,27.447996139526367,17.209287643432617,4.022227764129639,3.7686828907881256,3.384261731748157,0.0034972349962660585,0.6217199420928954,0.0,5502.871705500001,1.039999999999994,1.199999999999994,50000.0,5.0,250000.0,2599.999999999985,2999.999999999985
2025-12-08,INDIGO,SHORT,A_MOD_BREAK_C1_LOW,MODERATE,2025-12-08 11:15:00+05:30,2025-12-08 11:30:00+05:30,4985.0028,5022.390321000001,4925.1827664,2025-12-08 11:32:00+05:30,5022.390321000001,SL,-4.550000000000056,-3.750000000000056,49.195068359375,19.45693588256836,8.433682441711426,1.9431438524296754,3.6119875559314814,0.01235424532673033,0.937976199565818,0.0,5022.390321000001,-0.9100000000000112,-0.7500000000000112,50000.0,5.0,250000.0,-2275.000000000028,-1875.0000000000282
2025-12-08,MOL,SHORT,A_MOD_BREAK_C1_LOW,MODERATE,2025-12-08 11:15:00+05:30,2025-12-08 11:30:00+05:30,63.7,64.17775,62.9356,2025-12-08 12:29:00+05:30,62.9356,TARGET,5.200000000000015,6.000000000000015,36.28733825683594,20.483200073242188,5.020092487335205,1.8872165046717742,3.198668118964468,0.005501400255689434,0.7345729621700994,0.0,64.17775,1.0400000000000031,1.200000000000003,50000.0,5.0,250000.0,2600.0000000000077,3000.0000000000077
2025-12-08,AEROFLEX,SHORT,A_MOD_BREAK_C1_LOW,MODERATE,2025-12-08 11:30:00+05:30,2025-12-08 11:45:00+05:30,171.7,172.98775,169.63959999999997,2025-12-08 12:56:00+05:30,169.63959999999997,TARGET,5.200000000000047,6.000000000000046,33.66243362426758,23.432579040527344,9.366238594055176,2.027987412624266,2.844938885024113,0.005903549254911747,0.7149365043640137,0.0,172.98775,1.0400000000000094,1.2000000000000093,50000.0,5.0,250000.0,2600.000000000023,3000.000000000023
2025-12-08,HUDCO,SHORT,A_MOD_BREAK_C1_LOW,MODERATE,2025-12-08 11:30:00+05:30,2025-12-08 11:45:00+05:30,218.0699951171875,219.7055200805664,215.45315517578123,2025-12-08 12:36:00+05:30,215.45315517578123,TARGET,5.200000000000012,6.000000000000011,27.109113693237305,31.64791488647461,2.9798243045806885,2.015288752773301,2.5315914550667733,0.005412934260456616,0.6166367053985595,0.0,219.7055200805664,1.0400000000000023,1.2000000000000022,50000.0,5.0,250000.0,2600.0000000000055,3000.0000000000055
2025-12-08,PREMEXPLN,SHORT,A_MOD_BREAK_C1_LOW,MODERATE,2025-12-08 11:30:00+05:30,2025-12-08 11:45:00+05:30,510.8978,514.7295335,504.7670264,2025-12-08 12:46:00+05:30,504.7670264,TARGET,5.1999999999999975,5.999999999999997,40.29854202270508,17.67177391052246,6.8158183097839355,2.4249976756887457,3.2508718998017065,0.006295331294837899,0.8144781303405761,0.0,514.7295335,1.0399999999999996,1.1999999999999995,50000.0,5.0,250000.0,2599.999999999999,2999.9999999999986
2025-12-08,OLECTRA,SHORT,A_PULLBACK_C2_THEN_BREAK_C2_LOW,MODERATE,2025-12-08 11:30:00+05:30,2025-12-08 12:00:00+05:30,1182.7634,1191.6341255000002,1168.5702392,2025-12-08 14:40:00+05:30,1168.5702392,TARGET,5.199999999999995,5.999999999999995,25.713041305541992,25.608078002929688,7.168810844421387,2.248538913229202,2.8988597470750808,0.005978962120697621,0.5956956195831298,0.0,1191.6341255000002,1.039999999999999,1.1999999999999988,50000.0,5.0,250000.0,2599.9999999999973,2999.999999999997
2025-12-08,HGS,SHORT,A_MOD_BREAK_C1_LOW,MODERATE,2025-12-08 11:45:00+05:30,2025-12-08 12:00:00+05:30,459.908,463.35731000000004,454.38910400000003,2025-12-08 13:40:00+05:30,454.38910400000003,TARGET,5.199999999999982,5.999999999999982,39.433902740478516,25.200742721557617,8.527538299560547,1.6130600461319058,2.3761496710595162,0.004829188533451247,0.7337940491802613,0.0,463.35731000000004,1.0399999999999965,1.1999999999999964,50000.0,5.0,250000.0,2599.9999999999914,2999.999999999991
2025-12-08,GAIL,SHORT,A_MOD_BREAK_C1_LOW,MODERATE,2025-12-08 12:00:00+05:30,2025-12-08 12:15:00+05:30,161.8000061035156,163.013506149292,159.85840603027341,2025-12-08 15:30:00+05:30,161.1699981689453,EOD,1.1468724066896443,1.9468724066896441,41.48189926147461,17.228408813476562,3.5919246673583984,2.0324780925528656,3.0169644958056594,0.00325596035572772,0.8322284889221192,0.0,163.013506149292,0.22937448133792887,0.38937448133792885,50000.0,5.0,250000.0,573.4362033448222,973.4362033448222
2025-12-08,TI,SHORT,A_MOD_BREAK_C1_LOW,MODERATE,2025-12-08 12:00:00+05:30,2025-12-08 12:15:00+05:30,440.6118722045899,443.9164612461243,435.3245297381348,2025-12-08 12:43:00+05:30,435.3245297381348,TARGET,5.199999999999994,5.999999999999993,25.297332763671875,24.162057876586914,3.1881871223449707,2.1767540517027157,2.6085550465109795,0.005701329973008897,0.5894599914550782,0.0,443.9164612461243,1.0399999999999987,1.1999999999999986,50000.0,5.0,250000.0,2599.999999999997,2999.999999999997
2025-12-08,GRSE,SHORT,A_MOD_BREAK_C1_LOW,MODERATE,2025-12-08 12:15:00+05:30,2025-12-08 12:30:00+05:30,2389.522,2407.443415,2360.8477359999997,2025-12-08 13:19:00+05:30,2360.8477359999997,TARGET,5.200000000000047,6.000000000000046,50.59487533569336,15.982337951660156,4.0172600746154785,2.436436369463291,2.7913065762444678,0.006185213518842997,0.96,0.0,2407.443415,1.0400000000000094,1.2000000000000093,50000.0,5.0,250000.0,2600.000000000023,3000.000000000023
2025-12-08,HITECH,SHORT,A_MOD_BREAK_C1_LOW,MODERATE,2025-12-08 12:15:00+05:30,2025-12-08 12:30:00+05:30,93.89000244140625,94.5941774597168,92.76332241210937,2025-12-08 15:07:00+05:30,94.5941774597168,SL,-4.550000000000019,-3.75000000000002,28.142009735107422,25.00063133239746,1.6608459949493408,2.401097575417954,2.832753101197983,0.006569519211308722,0.6321301460266113,0.0,94.5941774597168,-0.9100000000000039,-0.750000000000004,50000.0,5.0,250000.0,-2275.0000000000095,-1875.00000000001
2025-12-08,INDIANB,SHORT,A_MOD_BREAK_C1_LOW,MODERATE,2025-12-08 12:15:00+05:30,2025-12-08 12:30:00+05:30,787.1425277954102,793.0460967538758,777.6968174618652,2025-12-08 14:18:00+05:30,777.6968174618652,TARGET,5.200000000000037,6.000000000000036,29.65472412109375,23.652904510498047,3.202620267868042,2.1746870400991964,3.003441556355094,0.0052202958933870195,0.6548208618164062,0.0,793.0460967538758,1.0400000000000074,1.2000000000000073,50000.0,5.0,250000.0,2600.0000000000186,3000.000000000018
2025-12-08,RITES,SHORT,A_MOD_BREAK_C1_LOW,MODERATE,2025-12-08 12:15:00+05:30,2025-12-08 12:30:00+05:30,222.45,224.11837500000001,219.7806,2025-12-08 15:30:00+05:30,221.85000610351562,EOD,0.548603948043074,1.348603948043074,30.06219482421875,20.38194465637207,1.5125129222869873,2.8081070090109854,3.184784212166456,0.004230186710359391,0.6609329223632812,0.0,224.11837500000001,0.10972078960861481,0.2697207896086148,50000.0,5.0,250000.0,274.30197402153703,674.301974021537
2025-12-08,SIRCA,SHORT,A_MOD_BREAK_C1_LOW,MODERATE,2025-12-08 12:15:00+05:30,2025-12-08 12:30:00+05:30,483.2533361022949,486.87773612306216,477.45429606906737,2025-12-08 12:35:00+05:30,477.45429606906737,TARGET,5.199999999999988,5.999999999999988,38.333961486816406,23.96934700012207,4.833963871002197,3.015127979460305,3.0172286342664876,0.006451275585483586,0.7850094223022461,0.0,486.87773612306216,1.0399999999999976,1.1999999999999975,50000.0,5.0,250000.0,2599.9999999999936,2999.999999999994
2025-12-08,YESBANK,SHORT,A_MOD_BREAK_C1_LOW,MODERATE,2025-12-08 12:15:00+05:30,2025-12-08 12:30:00+05:30,22.099999618530273,22.26574961566925,21.83479962310791,2025-12-08 14:14:00+05:30,21.83479962310791,TARGET,5.200000000000018,6.000000000000018,27.516122817993164,25.628652572631836,2.0357656478881836,2.3070026460061874,2.5621209102855564,0.003932437311621348,0.6227418422698974,0.0,22.26574961566925,1.0400000000000036,1.2000000000000035,50000.0,5.0,250000.0,2600.000000000009,3000.0000000000086
2025-12-08,GESHIP,SHORT,A_MOD_BREAK_C1_LOW,MODERATE,2025-12-08 12:30:00+05:30,2025-12-08 12:45:00+05:30,1066.2867,1074.2838502500001,1053.4912596000001,2025-12-08 15:30:00+05:30,1070.5,EOD,-2.775688152163902,-1.9756881521639018,40.55091857910156,20.01923942565918,3.8943428993225098,2.8420127516566467,2.8702678927334753,0.004640064270279771,0.8182637786865234,0.0,1074.2838502500001,-0.5551376304327804,-0.3951376304327804,50000.0,5.0,250000.0,-1387.844076081951,-987.8440760819509
2025-12-08,ALKYLAMINE,SHORT,A_MOD_BREAK_C1_LOW,MODERATE,2025-12-08 12:45:00+05:30,2025-12-08 13:00:00+05:30,1601.2796555908203,1613.2892530077515,1582.0642997237305,2025-12-08 15:30:00+05:30,1605.0,EOD,-1.9616785350985433,-1.1616785350985435,47.387630462646484,21.583106994628906,6.883554458618164,1.9891088637095364,2.4426769988829586,0.004238123356452917,0.9189085080888661,0.0,1613.2892530077515,-0.39233570701970866,-0.23233570701970868,50000.0,5.0,250000.0,-980.8392675492717,-580.8392675492717
2025-12-08,SAREGAMA,SHORT,A_MOD_BREAK_C1_LOW,MODERATE,2025-12-08 12:45:00+05:30,2025-12-08 13:00:00+05:30,348.0303861022949,350.6406139980622,343.8540214690674,2025-12-08 14:13:00+05:30,350.6406139980622,SL,-4.5500000000000576,-3.7500000000000577,32.06525802612305,19.554780960083008,1.6063642501831055,2.067453830156638,3.293668900048561,0.008035600801934838,0.6909788703918456,0.0,350.6406139980622,-0.9100000000000115,-0.7500000000000115,50000.0,5.0,250000.0,-2275.0000000000286,-1875.0000000000289
2025-12-08,TATAPOWER,SHORT,A_MOD_BREAK_C1_LOW,MODERATE,2025-12-08 12:45:00+05:30,2025-12-08 13:00:00+05:30,375.9248,378.744236,371.4137024,2025-12-08 15:30:00+05:30,374.0,EOD,1.7600864853821894,2.560086485382189,31.92254066467285,26.251201629638672,9.2869291305542,1.6196253856117275,2.380882988695914,0.00393977341297242,0.6222725524521451,0.0,378.744236,0.35201729707643786,0.5120172970764378,50000.0,5.0,250000.0,880.0432426910947,1280.0432426910947
2025-12-08,TNPL,SHORT,A_MOD_BREAK_C1_LOW,MODERATE,2025-12-08 12:45:00+05:30,2025-12-08 13:00:00+05:30,138.0500061035156,139.08538114929198,136.3934060302734,2025-12-08 14:59:00+05:30,136.3934060302734,TARGET,5.200000000000056,6.000000000000055,30.315526962280273,23.65538215637207,7.079873561859131,2.0819298680329776,2.661456216510347,0.0034757348630001673,0.6647329044342041,0.0,139.08538114929198,1.0400000000000111,1.200000000000011,50000.0,5.0,250000.0,2600.0000000000277,3000.0000000000277
2025-12-08,TRENT,SHORT,A_MOD_BREAK_C1_LOW,MODERATE,2025-12-08 12:45:00+05:30,2025-12-08 13:00:00+05:30,4116.376755273437,4147.249580937988,4066.9802342101557,2025-12-08 15:30:00+05:30,4080.0,EOD,3.618540555943439,4.418540555943439,27.313390731811523,26.673818588256836,8.633131980895996,1.8892428590676245,1.8933349719678747,0.004314826565538431,0.5949851099124008,0.0,4147.249580937988,0.7237081111886878,0.8837081111886879,50000.0,5.0,250000.0,1809.2702779717197,2209.2702779717197
2025-12-08,ANTELOPUS,SHORT,A_MOD_BREAK_C1_LOW,MODERATE,2025-12-08 13:00:00+05:30,2025-12-08 13:15:00+05:30,368.9262,371.6931465,364.4990856,2025-12-08 15:10:00+05:30,371.6931465,SL,-4.550000000000024,-3.750000000000024,25.927888870239258,21.962665557861328,5.2324748039245605,3.179834752978352,2.9371646407250234,0.005748352563418763,0.5989183330535888,0.0,371.6931465,-0.9100000000000048,-0.7500000000000048,50000.0,5.0,250000.0,-2275.000000000012,-1875.0000000000118
2025-12-08,LAURUSLABS,SHORT,A_PULLBACK_C2_THEN_BREAK_C2_LOW,MODERATE,2025-12-08 13:00:00+05:30,2025-12-08 13:30:00+05:30,1005.1989444091797,1012.7379364922487,993.1365570762696,2025-12-08 15:30:00+05:30,1003.7999877929688,EOD,-0.1041394323025159,0.695860567697484,26.64049530029297,25.73599624633789,3.724191188812256,3.278223464011884,2.784187643732621,0.00418749863165175,0.6096074295043945,0.0,1012.7379364922487,-0.02082788646050318,0.1391721135394968,50000.0,5.0,250000.0,-52.06971615125795,347.93028384874196
2025-12-08,ASIANPAINT,SHORT,A_MOD_BREAK_C1_LOW,MODERATE,2025-12-08 13:45:00+05:30,2025-12-08 14:00:00+05:30,2929.6139111816406,2951.586015515503,2894.458544247461,2025-12-08 15:30:00+05:30,2924.0,EOD,0.1581315749856313,0.9581315749856312,25.035423278808594,35.650569915771484,31.30957794189453,1.438596464112859,1.7561007747429682,0.0022317765258206383,0.4750907691390276,0.0,2951.586015515503,0.03162631499712626,0.19162631499712623,50000.0,5.0,250000.0,79.06578749281564,479.06578749281556
2025-12-08,GIPCL,SHORT,A_MOD_BREAK_C1_LOW,MODERATE,2025-12-08 13:45:00+05:30,2025-12-08 14:00:00+05:30,146.66000671386718,147.7599567642212,144.90008663330076,2025-12-08 15:30:00+05:30,146.35000610351562,EOD,0.25686825364859195,1.0568682536485918,66.04364776611328,19.379154205322266,11.873092651367188,2.8482002729641756,3.858702836283246,0.006783273349813864,0.96,0.0,147.7599567642212,0.05137365072971839,0.21137365072971837,50000.0,5.0,250000.0,128.43412682429596,528.4341268242958
2025-12-08,MOIL,SHORT,A_MOD_BREAK_C1_LOW,MODERATE,2025-12-08 14:00:00+05:30,2025-12-08 14:15:00+05:30,315.1369722045898,317.5004994961243,311.35532853813476,2025-12-08 14:42:00+05:30,317.5004994961243,SL,-4.550000000000068,-3.750000000000069,28.34385108947754,18.502626419067383,2.8896992206573486,4.267166354739655,4.089208812238043,0.005121452128964065,0.635157766342163,0.0,317.5004994961243,-0.9100000000000137,-0.7500000000000138,50000.0,5.0,250000.0,-2275.0000000000346,-1875.0000000000343
2025-12-10,AFFLE,LONG,A_MOD_BREAK_C1_HIGH,MODERATE,2025-12-10 10:15:00+05:30,2025-12-10 10:30:00+05:30,1655.8311,1643.4123667500003,1680.6685665,2025-12-10 11:10:00+05:30,1643.4123667500003,SL,-4.549999999999948,-3.749999999999949,39.735618591308594,72.08402252197266,83.8921127319336,1.4082639678732274,2.2913105529876043,0.005376028892173756,5.430319787578191,0.0,1643.4123667500003,-0.9099999999999897,-0.7499999999999898,100000.0,5.0,500000.0,-4549.999999999948,-3749.999999999949
2025-12-10,APOLLOHOSP,SHORT,A_MOD_BREAK_C1_LOW,MODERATE,2025-12-10 14:15:00+05:30,2025-12-10 14:30:00+05:30,7011.0975,7063.6807312500005,6926.96433,2025-12-10 15:30:00+05:30,7027.0,EOD,-1.934094911673967,-1.1340949116739671,25.877952575683594,33.404449462890625,15.86972427368164,1.8295037673401653,1.939463881053745,0.0027597866270458525,0.56530564197247,0.0,7063.6807312500005,-0.3868189823347934,-0.22681898233479345,50000.0,5.0,250000.0,-967.0474558369834,-567.0474558369837
2025-12-12,VIJAYA,SHORT,A_MOD_BREAK_C1_LOW,MODERATE,2025-12-12 12:15:00+05:30,2025-12-12 12:30:00+05:30,985.7028444091796,993.0956157422486,973.8744102762695,2025-12-12 14:26:00+05:30,993.0956157422486,SL,-4.550000000000045,-3.750000000000045,41.010597229003906,20.073942184448242,10.166921615600586,1.5531969700285486,2.2056058621761503,0.0031170753192853273,0.7469684281900546,0.0,993.0956157422486,-0.910000000000009,-0.750000000000009,50000.0,5.0,250000.0,-2275.0000000000227,-1875.0000000000225
2025-12-12,RPTECH,LONG,B_HUGE_GREEN_PULLBACK_HOLD_THEN_BREAK,HUGE,2025-12-12 12:00:00+05:30,2025-12-12 13:00:00+05:30,343.0686,340.4955855,348.21462899999995,2025-12-12 13:21:00+05:30,348.21462899999995,TARGET,6.699999999999915,7.499999999999915,52.48949432373047,76.49797058105469,79.37431335449219,2.3078116235764043,2.9734485658654712,0.005343783203030395,8.035584125446952,0.0,340.4955855,1.339999999999983,1.499999999999983,100000.0,5.0,500000.0,6699.999999999915,7499.9999999999145
2025-12-15,MOLDTECH,LONG,B_HUGE_GREEN_PULLBACK_HOLD_THEN_BREAK,HUGE,2025-12-15 10:00:00+05:30,2025-12-15 11:00:00+05:30,167.3299987792969,166.07502378845217,169.83994876098632,2025-12-15 11:14:00+05:30,169.83994876098632,TARGET,6.699999999999934,7.499999999999933,26.681440353393555,76.95470428466797,79.32866668701172,1.1390267505115623,4.2439539779563455,0.007002361518256356,6.93693150124067,0.0,166.07502378845217,1.3399999999999868,1.4999999999999867,100000.0,5.0,500000.0,6699.999999999934,7499.999999999934
2025-12-15,ACUTAAS,SHORT,A_MOD_BREAK_C1_LOW,MODERATE,2025-12-15 10:45:00+05:30,2025-12-15 11:00:00+05:30,1631.4736888183593,1643.709741484497,1611.896004552539,2025-12-15 15:30:00+05:30,1631.5999755859375,EOD,-0.8387032804892147,-0.038703280489214786,25.364709854125977,25.027889251708984,4.215628623962402,1.4285273810568149,2.4178428884053793,0.00548036661544621,0.49046293949683223,0.0,1643.709741484497,-0.16774065609784294,-0.007740656097842957,50000.0,5.0,250000.0,-419.3516402446074,-19.351640244607392
2025-12-15,TARC,LONG,B_HUGE_GREEN_PULLBACK_HOLD_THEN_BREAK,HUGE,2025-12-15 10:30:00+05:30,2025-12-15 12:15:00+05:30,150.77000122070314,149.63922621154788,153.03155123901368,2025-12-15 14:50:00+05:30,149.63922621154788,SL,-4.549999999999947,-3.7499999999999476,29.16322898864746,74.40435028076172,83.10218811035156,2.3024443801712673,3.1296650903316467,0.006301943313797397,7.394844191996229,0.0,149.63922621154788,-0.9099999999999895,-0.7499999999999896,100000.0,5.0,500000.0,-4549.999999999947,-3749.9999999999477
2025-12-15,BALKRISIND,LONG,B_HUGE_GREEN_PULLBACK_HOLD_THEN_BREAK,HUGE,2025-12-15 11:30:00+05:30,2025-12-15 12:45:00+05:30,2360.2720088378906,2342.5699687716065,2395.6760889704587,2025-12-15 15:30:00+05:30,2380.0,EOD,3.3791774609534886,4.179177460953488,40.23772430419922,71.07636260986328,57.35850524902344,2.176325324528216,2.0502250132291855,0.003885306119636879,6.438104323357051,0.0,2342.5699687716065,0.6758354921906977,0.8358354921906976,100000.0,5.0,500000.0,3379.1774609534887,4179.177460953488
2025-12-15,KRSNAA,LONG,B_HUGE_GREEN_PULLBACK_HOLD_THEN_BREAK,HUGE,2025-12-15 13:00:00+05:30,2025-12-15 14:00:00+05:30,756.6513,750.9764152500001,768.0010695,2025-12-15 14:59:00+05:30,750.9764152500001,SL,-4.549999999999955,-3.7499999999999556,25.199764251708984,68.6465072631836,78.38639068603516,2.9633732081877375,1.910897685663979,0.005316826161423676,7.126037513249046,0.0,750.9764152500001,-0.909999999999991,-0.7499999999999911,100000.0,5.0,500000.0,-4549.999999999955,-3749.9999999999554
2025-12-16,NIITMTS,SHORT,A_MOD_BREAK_C1_LOW,MODERATE,2025-12-16 10:00:00+05:30,2025-12-16 10:15:00+05:30,389.47207779541014,392.3931183788757,384.79841286186524,2025-12-16 12:29:00+05:30,392.3931183788757,SL,-4.550000000000009,-3.750000000000009,27.42881202697754,21.79315757751465,6.28881311416626,1.0304347909589149,3.922042616553697,0.00601426323235335,0.4517582688224732,0.0,392.3931183788757,-0.9100000000000017,-0.7500000000000018,50000.0,5.0,250000.0,-2275.0000000000045,-1875.0000000000045
2025-12-16,NCC,SHORT,A_PULLBACK_C2_THEN_BREAK_C2_LOW,MODERATE,2025-12-16 10:30:00+05:30,2025-12-16 11:00:00+05:30,158.75999755859374,159.95069754028322,156.8548775878906,2025-12-16 15:30:00+05:30,157.3000030517578,EOD,3.7981183210118297,4.598118321011829,27.029691696166992,29.47388458251953,9.121291160583496,1.1270920530643231,2.5395521036880995,0.0038903812942264965,0.46268648472876145,0.0,159.95069754028322,0.7596236642023659,0.9196236642023659,50000.0,5.0,250000.0,1899.0591605059149,2299.0591605059144
2025-12-16,JUBLFOOD,SHORT,A_MOD_BREAK_C1_LOW,MODERATE,2025-12-16 10:45:00+05:30,2025-12-16 11:00:00+05:30,565.8868,570.130951,559.0961584,2025-12-16 11:16:00+05:30,570.130951,SL,-4.54999999999999,-3.7499999999999893,49.16716384887695,23.021615982055664,5.729519367218018,1.3706546908106483,3.396372780181313,0.004358252889536338,0.8373720286250177,0.0,570.130951,-0.9099999999999979,-0.7499999999999979,50000.0,5.0,250000.0,-2274.999999999995,-1874.9999999999948
2025-12-16,ETERNAL,SHORT,A_MOD_BREAK_C1_LOW,MODERATE,2025-12-16 11:00:00+05:30,2025-12-16 11:15:00+05:30,284.943,287.0800725,281.523684,2025-12-16 12:09:00+05:30,287.0800725,SL,-4.550000000000079,-3.750000000000079,42.527381896972656,16.52344512939453,1.8987504243850708,2.204549624293076,4.167430187201171,0.006377338444318613,0.8479107284545897,0.0,287.0800725,-0.9100000000000157,-0.7500000000000158,50000.0,5.0,250000.0,-2275.000000000039,-1875.0000000000393
2025-12-16,JIOFIN,SHORT,A_MOD_BREAK_C1_LOW,MODERATE,2025-12-16 11:15:00+05:30,2025-12-16 11:30:00+05:30,295.04098610229494,297.2537934980622,291.5004942690674,2025-12-16 15:30:00+05:30,294.70001220703125,EOD,-0.22215842658303292,0.577841573416967,26.955854415893555,26.39217185974121,2.4913909435272217,1.2908969327520714,2.4378448362739804,0.0031455522137183536,0.4902447794700158,0.0,297.2537934980622,-0.04443168531660659,0.11556831468339339,50000.0,5.0,250000.0,-111.07921329151647,288.9207867084835
2025-12-16,MHRIL,SHORT,A_MOD_BREAK_C1_LOW,MODERATE,2025-12-16 11:15:00+05:30,2025-12-16 11:30:00+05:30,301.4397,303.70049775,297.82242360000004,2025-12-16 15:01:00+05:30,303.70049775,SL,-4.549999999999991,-3.749999999999991,51.07708740234375,20.33469581604004,11.612303733825684,1.3852992566086515,2.969776775659507,0.0063342241607463505,0.8524273699065139,0.0,303.70049775,-0.9099999999999981,-0.7499999999999982,50000.0,5.0,250000.0,-2274.9999999999955,-1874.9999999999957
2025-12-16,GAEL,SHORT,A_MOD_BREAK_C1_LOW,MODERATE,2025-12-16 11:30:00+05:30,2025-12-16 11:45:00+05:30,114.89999694824219,115.76174692535402,113.52119698486328,2025-12-16 12:00:00+05:30,115.76174692535402,SL,-4.550000000000049,-3.7500000000000484,26.221498489379883,22.414396286010742,2.3261256217956543,1.5425744719266143,2.6080588732421663,0.006474295867968734,0.5232730099278557,0.0,115.76174692535402,-0.9100000000000097,-0.7500000000000097,50000.0,5.0,250000.0,-2275.0000000000246,-1875.0000000000243
2025-12-16,HIRECT,SHORT,A_MOD_BREAK_C1_LOW,MODERATE,2025-12-16 11:30:00+05:30,2025-12-16 11:45:00+05:30,1436.7126,1447.4879445000001,1419.4720488,2025-12-16 15:30:00+05:30,1435.0,EOD,-0.20398657323668418,0.5960134267633157,31.403188705444336,25.326190948486328,1.5565108060836792,1.8522194519056385,3.148578553478806,0.0034993612359776292,0.6551862346651518,0.0,1447.4879445000001,-0.04079731464733684,0.11920268535266314,50000.0,5.0,250000.0,-101.9932866183421,298.00671338165785
2025-12-16,SRHHYPOLTD,LONG,B_HUGE_GREEN_PULLBACK_HOLD_THEN_BREAK,HUGE,2025-12-16 10:15:00+05:30,2025-12-16 12:00:00+05:30,540.108,536.05719,548.2096199999999,2025-12-16 12:08:00+05:30,548.2096199999999,TARGET,6.699999999999919,7.499999999999919,41.46705627441406,79.482421875,76.99885559082031,1.7474092198805766,3.854343756925802,0.010965798606335278,7.789931041321162,0.0,536.05719,1.3399999999999839,1.4999999999999838,100000.0,5.0,500000.0,6699.99999999992,7499.999999999919
2025-12-16,AAVAS,SHORT,A_MOD_BREAK_C1_LOW,MODERATE,2025-12-16 11:45:00+05:30,2025-12-16 12:00:00+05:30,1487.7024,1498.860168,1469.8499711999998,2025-12-16 12:14:00+05:30,1469.8499711999998,TARGET,5.200000000000033,6.000000000000033,51.076419830322266,22.77963638305664,6.206563949584961,1.6000234621491785,3.000542374727659,0.0070094669211847906,0.8900041058761061,0.0,1498.860168,1.0400000000000067,1.2000000000000066,50000.0,5.0,250000.0,2600.000000000017,3000.0000000000164
2025-12-16,COALINDIA,SHORT,A_MOD_BREAK_C1_LOW,MODERATE,2025-12-16 11:45:00+05:30,2025-12-16 12:00:00+05:30,379.5240861022949,382.37051674806213,374.9697970690674,2025-12-16 13:40:00+05:30,382.37051674806213,SL,-4.550000000000002,-3.750000000000002,33.81659698486328,22.943307876586914,2.105177402496338,2.206704107843854,2.929166489790353,0.0022674276981727156,0.7172489547729493,0.0,382.37051674806213,-0.9100000000000004,-0.7500000000000004,50000.0,5.0,250000.0,-2275.000000000001,-1875.000000000001
2025-12-16,ONMOBILE,LONG,B_HUGE_GREEN_PULLBACK_HOLD_THEN_BREAK,HUGE,2025-12-16 11:15:00+05:30,2025-12-16 13:15:00+05:30,59.7000015258789,59.25225151443482,60.59550154876708,2025-12-16 13:20:00+05:30,60.59550154876708,TARGET,6.699999999999959,7.499999999999959,44.62871170043945,66.82538604736328,63.098941802978516,2.22867568333284,1.8124340536351842,0.008785791748286566,6.423508758708337,0.0,59.25225151443482,1.3399999999999919,1.4999999999999918,100000.0,5.0,500000.0,6699.999999999959,7499.999999999959
2025-12-16,HEMIPROP,SHORT,A_MOD_BREAK_C1_LOW,MODERATE,2025-12-16 13:00:00+05:30,2025-12-16 13:15:00+05:30,131.45,132.435875,129.87259999999998,2025-12-16 13:16:00+05:30,129.87259999999998,TARGET,5.200000000000045,6.000000000000044,32.17494583129883,34.19204330444336,23.195161819458008,1.6468188518694595,1.6471546139825282,0.0034924058376560384,0.6131752172457643,0.0,132.435875,1.040000000000009,1.2000000000000088,50000.0,5.0,250000.0,2600.0000000000223,3000.0000000000223
2025-12-16,POLYPLEX,SHORT,A_MOD_BREAK_C1_LOW,MODERATE,2025-12-16 13:15:00+05:30,2025-12-16 13:30:00+05:30,805.6388277954102,811.6811190038758,795.9711618618652,2025-12-16 13:50:00+05:30,811.6811190038758,SL,-4.550000000000014,-3.750000000000014,32.008113861083984,18.387039184570312,2.653099298477173,3.59681332508397,4.245913516059775,0.003934782432859056,0.6901217079162598,0.0,811.6811190038758,-0.9100000000000028,-0.7500000000000029,50000.0,5.0,250000.0,-2275.0000000000073,-1875.0000000000073
2025-12-17,SWARAJENG,SHORT,A_MOD_BREAK_C1_LOW,MODERATE,2025-12-17 10:00:00+05:30,2025-12-17 10:15:00+05:30,3660.2678,3687.7198085000005,3616.3445864,2025-12-17 15:25:00+05:30,3616.3445864,TARGET,5.200000000000008,6.000000000000007,30.547903060913086,22.184688568115234,16.070316314697266,0.5348033050004012,2.916118657263285,0.003324934896445197,0.41180912428876654,0.0,3687.7198085000005,1.0400000000000016,1.2000000000000015,50000.0,5.0,250000.0,2600.0000000000036,3000.000000000004
2025-12-17,QUICKHEAL,SHORT,A_MOD_BREAK_C1_LOW,MODERATE,2025-12-17 10:30:00+05:30,2025-12-17 10:45:00+05:30,270.04598610229493,272.07133099806214,266.8054342690674,2025-12-17 13:11:00+05:30,266.8054342690674,TARGET,5.19999999999998,5.99999999999998,39.264312744140625,24.171653747558594,18.32093620300293,1.2384094356531372,2.3930691564996995,0.005978775700147773,0.6656863424014083,0.0,272.07133099806214,1.039999999999996,1.199999999999996,50000.0,5.0,250000.0,2599.99999999999,2999.99999999999
2025-12-17,SYRMA,SHORT,A_PULLBACK_C2_THEN_BREAK_C2_LOW,MODERATE,2025-12-17 10:30:00+05:30,2025-12-17 11:00:00+05:30,710.60785,715.9374088750001,702.0805558,2025-12-17 11:15:00+05:30,715.9374088750001,SL,-4.550000000000063,-3.7500000000000626,28.468425750732422,15.1968994140625,13.747180938720703,1.725417429519291,2.653782523230905,0.0046376218127098245,0.5889744364268623,0.0,715.9374088750001,-0.9100000000000126,-0.7500000000000125,50000.0,5.0,250000.0,-2275.0000000000314,-1875.0000000000314
2025-12-17,HFCL,SHORT,A_MOD_BREAK_C1_LOW,MODERATE,2025-12-17 10:45:00+05:30,2025-12-17 11:00:00+05:30,64.33999938964844,64.8225493850708,63.567919396972655,2025-12-17 11:46:00+05:30,64.8225493850708,SL,-4.549999999999976,-3.749999999999976,25.512908935546875,25.560773849487305,2.859133720397949,1.7542271527268076,2.7846418727756688,0.005386227850931449,0.5496833857603944,0.0,64.8225493850708,-0.9099999999999953,-0.7499999999999952,50000.0,5.0,250000.0,-2274.999999999988,-1874.999999999988
2025-12-17,POLYPLEX,SHORT,A_MOD_BREAK_C1_LOW,MODERATE,2025-12-17 10:45:00+05:30,2025-12-17 11:00:00+05:30,791.8416,797.7804120000001,782.3395008,2025-12-17 15:30:00+05:30,789.0,EOD,0.994298253590094,1.794298253590094,35.460575103759766,22.580724716186523,4.520122051239014,1.5117094542985101,2.904790891618532,0.006926416748701924,0.6564577810586358,0.0,797.7804120000001,0.1988596507180188,0.3588596507180188,50000.0,5.0,250000.0,497.14912679504704,897.149126795047
2025-12-17,SCI,SHORT,A_MOD_BREAK_C1_LOW,MODERATE,2025-12-17 10:45:00+05:30,2025-12-17 11:00:00+05:30,210.34999389648436,211.927618850708,207.82579396972656,2025-12-17 12:02:00+05:30,207.82579396972656,TARGET,5.199999999999976,5.999999999999975,53.817256927490234,11.538636207580566,10.882464408874512,1.6070459823205796,3.496839107767089,0.006936065595956385,0.8912330469061014,0.0,211.927618850708,1.0399999999999952,1.199999999999995,50000.0,5.0,250000.0,2599.9999999999877,2999.9999999999873
2025-12-17,MAXHEALTH,SHORT,A_MOD_BREAK_C1_LOW,MODERATE,2025-12-17 11:30:00+05:30,2025-12-17 11:45:00+05:30,1046.8905555908202,1054.7422347577515,1034.3278689237304,2025-12-17 12:39:00+05:30,1034.3278689237304,TARGET,5.199999999999976,5.999999999999975,43.92219543457031,13.368932723999023,2.383432149887085,2.2085416362556476,3.731597631164034,0.004477913598067888,0.8688329315185546,0.0,1054.7422347577515,1.0399999999999952,1.199999999999995,50000.0,5.0,250000.0,2599.9999999999877,2999.9999999999873
2025-12-17,REMSONSIND,LONG,A_MOD_BREAK_C1_HIGH,MODERATE,2025-12-17 11:45:00+05:30,2025-12-17 12:00:00+05:30,118.35000305175781,117.46237802886964,120.12525309753417,2025-12-17 15:30:00+05:30,118.01000213623047,EOD,-2.2364212368403944,-1.4364212368403948,41.679725646972656,65.26504516601562,79.33892059326172,1.2945797748700216,1.4714895900332672,0.007922408043040887,5.042182610610874,0.0,117.46237802886964,-0.4472842473680789,-0.28728424736807895,100000.0,5.0,500000.0,-2236.4212368403946,-1436.4212368403948
2025-12-17,ARMANFIN,LONG,B_HUGE_GREEN_PULLBACK_HOLD_THEN_BREAK,HUGE,2025-12-17 12:00:00+05:30,2025-12-17 13:15:00+05:30,1525.2050044189452,1513.7659668858032,1548.0830794852293,2025-12-17 14:11:00+05:30,1548.0830794852293,TARGET,6.699999999999959,7.499999999999959,27.324615478515625,57.20545196533203,50.858943939208984,2.551491701408266,0.6378041261140597,0.008321552465457727,5.134541582327261,0.0,1513.7659668858032,1.3399999999999919,1.4999999999999918,100000.0,5.0,500000.0,6699.999999999959,7499.999999999959
2025-12-17,NAVINFLUOR,SHORT,A_MOD_BREAK_C1_LOW,MODERATE,2025-12-17 13:00:00+05:30,2025-12-17 13:15:00+05:30,5922.8152,5967.236314000001,5851.7414176,2025-12-17 15:30:00+05:30,5904.0,EOD,0.788366289057947,1.588366289057947,50.417362213134766,19.532299041748047,2.153938055038452,2.4304334253692157,2.4948926954708646,0.004037555336378943,0.96,0.0,5967.236314000001,0.15767325781158942,0.3176732578115894,50000.0,5.0,250000.0,394.1831445289735,794.1831445289735
2025-12-17,BALMLAWRIE,SHORT,A_MOD_BREAK_C1_LOW,MODERATE,2025-12-17 13:15:00+05:30,2025-12-17 13:30:00+05:30,173.84999389648436,175.153868850708,171.76379396972655,2025-12-17 15:30:00+05:30,173.0,EOD,1.6446187124702352,2.444618712470235,33.88908386230469,26.000804901123047,6.189781188964844,2.43389794543937,2.6137850028320413,0.0034605819603492475,0.7183362579345702,0.0,175.153868850708,0.32892374249404704,0.488923742494047,50000.0,5.0,250000.0,822.3093562351175,1222.3093562351175
2025-12-17,PNCINFRA,SHORT,A_MOD_BREAK_C1_LOW,MODERATE,2025-12-17 13:30:00+05:30,2025-12-17 13:45:00+05:30,250.93980749206543,252.82185604825594,247.92852980216063,2025-12-17 14:17:00+05:30,247.92852980216063,TARGET,5.200000000000032,6.000000000000032,29.836971282958984,25.701732635498047,8.372092247009277,2.0017669042270065,2.1483830345696058,0.004006351517326503,0.6575545692443847,0.0,252.82185604825594,1.0400000000000065,1.2000000000000064,50000.0,5.0,250000.0,2600.0000000000164,3000.000000000016
2025-12-18,SUNTECK,SHORT,A_MOD_BREAK_C1_LOW,MODERATE,2025-12-18 11:00:00+05:30,2025-12-18 11:15:00+05:30,390.17195,393.098239625,385.4898866,2025-12-18 13:55:00+05:30,385.4898866,TARGET,5.2000000000000055,6.000000000000005,34.83633041381836,24.191633224487305,12.436842918395996,1.463009133260911,2.0396090169458345,0.004472301803080892,0.6385715545279347,0.0,393.098239625,1.0400000000000011,1.200000000000001,50000.0,5.0,250000.0,2600.0000000000027,3000.0000000000027
2025-12-18,RAJESHEXPO-BZ,SHORT,A_MOD_BREAK_C1_LOW,MODERATE,2025-12-18 11:15:00+05:30,2025-12-18 11:30:00+05:30,188.72999877929686,190.1454737701416,186.4652387939453,2025-12-18 15:30:00+05:30,188.4499969482422,EOD,-0.058194688534614764,0.7418053114653851,31.349266052246094,21.218759536743164,5.793704032897949,1.3856176642924052,3.0662164037783484,0.006356695754011097,0.5727220820348622,0.0,190.1454737701416,-0.011638937706922953,0.14836106229307702,50000.0,5.0,250000.0,-29.09734426730738,370.90265573269255
2025-12-18,HINDALCO,LONG,B_HUGE_GREEN_PULLBACK_HOLD_THEN_BREAK,HUGE,2025-12-18 10:30:00+05:30,2025-12-18 12:00:00+05:30,858.9717477905274,852.5294596820985,871.8563240073852,2025-12-18 15:30:00+05:30,854.7000122070312,EOD,-3.2865402118777616,-2.4865402118777618,33.22357940673828,75.37319946289062,83.26469421386719,2.416547851759311,3.199679421542334,0.003079865815338011,7.852558188959298,0.0,852.5294596820985,-0.6573080423755523,-0.4973080423755523,100000.0,5.0,500000.0,-3286.5402118777615,-2486.5402118777615
2025-12-18,GODREJAGRO,SHORT,A_MOD_BREAK_C1_LOW,MODERATE,2025-12-18 14:00:00+05:30,2025-12-18 14:15:00+05:30,563.5872722045898,567.8141767461243,556.8242249381348,2025-12-18 15:30:00+05:30,562.0499877929688,EOD,0.5638388297943939,1.3638388297943937,25.409212112426758,26.3231143951416,2.6066250801086426,2.191780335215198,3.1621740606538378,0.0038450942376391625,0.5911381816864014,0.0,567.8141767461243,0.11276776595887877,0.27276776595887875,50000.0,5.0,250000.0,281.91941489719693,681.9194148971969
2025-12-18,PAGEIND,SHORT,A_MOD_BREAK_C1_LOW,MODERATE,2025-12-18 14:00:00+05:30,2025-12-18 14:15:00+05:30,35742.85,36010.921375,35313.9358,2025-12-18 15:30:00+05:30,35610.0,EOD,1.058413640770092,1.8584136407700917,25.79975128173828,31.92168426513672,15.439241409301758,1.4413260965776984,2.142662925437252,0.002136666860732414,0.4992283361271715,0.0,36010.921375,0.2116827281540184,0.37168272815401837,50000.0,5.0,250000.0,529.206820385046,929.206820385046
2025-12-18,SKFINDIA,SHORT,A_MOD_BREAK_C1_LOW,MODERATE,2025-12-18 14:15:00+05:30,2025-12-18 14:30:00+05:30,1764.647,1777.8818525000002,1743.4712359999999,2025-12-18 15:30:00+05:30,1765.0,EOD,-0.9000200040008186,-0.1000200040008187,45.632205963134766,22.457923889160156,5.711016654968262,3.489503489172653,3.434907125184506,0.002593958246900575,0.8944830894470215,0.0,1777.8818525000002,-0.1800040008001637,-0.020004000800163742,50000.0,5.0,250000.0,-450.01000200040926,-50.01000200040936
2025-12-19,JKTYRE,LONG,B_HUGE_GREEN_PULLBACK_HOLD_THEN_BREAK,HUGE,2025-12-19 10:00:00+05:30,2025-12-19 11:45:00+05:30,489.5979,485.92591575,496.94186849999994,2025-12-19 11:51:00+05:30,485.92591575,SL,-4.549999999999979,-3.7499999999999796,25.411989212036133,84.49359893798828,93.23580932617188,1.2265602406687746,5.0967084877363895,0.00725649607990179,8.165458103649845,0.0,485.92591575,-0.9099999999999959,-0.7499999999999959,100000.0,5.0,500000.0,-4549.999999999979,-3749.9999999999795
2025-12-19,GSPL,LONG,B_HUGE_GREEN_PULLBACK_HOLD_THEN_BREAK,HUGE,2025-12-19 10:15:00+05:30,2025-12-19 12:00:00+05:30,288.9577738952637,286.79059059104924,293.2921405036926,2025-12-19 12:14:00+05:30,286.79059059104924,SL,-4.549999999999972,-3.7499999999999716,35.2191276550293,81.70570373535156,86.62594604492188,1.5517301945336635,4.297563083530845,0.004832960724212171,8.124937186104916,0.0,286.79059059104924,-0.9099999999999944,-0.7499999999999943,100000.0,5.0,500000.0,-4549.999999999972,-3749.999999999972
2025-12-19,AEROFLEX,LONG,B_HUGE_GREEN_PULLBACK_HOLD_THEN_BREAK,HUGE,2025-12-19 10:00:00+05:30,2025-12-19 12:15:00+05:30,199.9499938964844,198.45036894226075,202.94924380493163,2025-12-19 12:22:00+05:30,198.45036894226075,SL,-4.5500000000000025,-3.7500000000000036,30.481769561767578,83.96769714355469,88.956298828125,1.1188591142206155,6.265334165984698,0.011319728685391554,9.085667694290974,0.0,198.45036894226075,-0.9100000000000006,-0.7500000000000007,100000.0,5.0,500000.0,-4550.000000000003,-3750.000000000003
2025-12-19,SAIL,SHORT,A_PULLBACK_C2_THEN_BREAK_C2_LOW,MODERATE,2025-12-19 12:00:00+05:30,2025-12-19 12:30:00+05:30,124.72999877929688,125.66547377014162,123.23323879394532,2025-12-19 15:00:00+05:30,125.66547377014162,SL,-4.55000000000005,-3.7500000000000493,37.613094329833984,26.599071502685547,7.9283366203308105,1.3881903255730026,2.28097871325626,0.005757782276433987,0.6671297219227852,0.0,125.66547377014162,-0.9100000000000099,-0.7500000000000099,50000.0,5.0,250000.0,-2275.000000000025,-1875.0000000000246
2025-12-19,APOLLO,LONG,B_HUGE_GREEN_PULLBACK_HOLD_THEN_BREAK,HUGE,2025-12-19 11:30:00+05:30,2025-12-19 12:45:00+05:30,233.7499969482422,231.9968719711304,237.25624690246582,2025-12-19 13:10:00+05:30,237.25624690246582,TARGET,6.699999999999972,7.499999999999972,30.99504852294922,70.7808609008789,57.480201721191406,1.8624208936641757,2.783756743506585,0.008223526906408273,6.410869970376107,0.0,231.9968719711304,1.3399999999999943,1.4999999999999942,100000.0,5.0,500000.0,6699.999999999972,7499.999999999971
2025-12-19,UDS,LONG,B_HUGE_GREEN_PULLBACK_HOLD_THEN_BREAK,HUGE,2025-12-19 12:30:00+05:30,2025-12-19 13:45:00+05:30,177.4600036621094,176.12905363464358,180.12190371704102,2025-12-19 13:50:00+05:30,180.12190371704102,TARGET,6.699999999999985,7.499999999999984,32.995941162109375,73.68815612792969,71.33032989501953,3.2366303833023493,2.572553690971049,0.00816903084035967,8.117686516011142,0.0,176.12905363464358,1.339999999999997,1.499999999999997,100000.0,5.0,500000.0,6699.9999999999845,7499.9999999999845
2025-12-19,SHALBY,LONG,B_HUGE_GREEN_PULLBACK_HOLD_THEN_BREAK,HUGE,2025-12-19 13:15:00+05:30,2025-12-19 14:30:00+05:30,198.55,197.060875,201.52824999999999,2025-12-19 15:30:00+05:30,199.3000030517578,EOD,1.088700709538658,1.8887007095386579,39.548770904541016,72.31035614013672,69.03008270263672,1.911324844877283,2.937585197732726,0.0049732108147620266,6.87394102257603,0.0,197.060875,0.2177401419077316,0.3777401419077316,100000.0,5.0,500000.0,1088.700709538658,1888.700709538658
2025-12-22,CONFIPET,LONG,B_HUGE_GREEN_PULLBACK_HOLD_THEN_BREAK,HUGE,2025-12-22 10:00:00+05:30,2025-12-22 11:00:00+05:30,35.380001831054685,35.11465181732178,35.910701858520504,2025-12-22 11:11:00+05:30,35.910701858520504,TARGET,6.699999999999987,7.499999999999987,38.29268264770508,85.66365051269531,86.96117401123047,2.1308709675778355,3.9135810702011486,0.006010122170544163,8.853759626629321,0.0,35.11465181732178,1.3399999999999974,1.4999999999999973,100000.0,5.0,500000.0,6699.999999999987,7499.999999999986
2025-12-22,MUNJALAU,LONG,A_MOD_BREAK_C1_HIGH,MODERATE,2025-12-22 10:45:00+05:30,2025-12-22 11:00:00+05:30,80.28999786376953,79.68782287979126,81.49434783172606,2025-12-22 12:31:00+05:30,79.68782287979126,SL,-4.550000000000009,-3.7500000000000084,43.672542572021484,80.25287628173828,94.68560791015625,1.6096449066360254,2.4779840723128173,0.006311168069340373,6.321283075745125,0.0,79.68782287979126,-0.9100000000000017,-0.7500000000000017,100000.0,5.0,500000.0,-4550.000000000009,-3750.0000000000086
2025-12-22,SUNTECK,LONG,B_HUGE_GREEN_PULLBACK_HOLD_THEN_BREAK,HUGE,2025-12-22 10:00:00+05:30,2025-12-22 12:15:00+05:30,412.0824,408.991782,418.26363599999996,2025-12-22 15:30:00+05:30,416.5,EOD,4.560093029937694,5.360093029937694,40.93578338623047,89.74011993408203,86.48092651367188,0.8636150310619163,5.8037184551419685,0.006824341938855376,8.84716329577264,0.0,408.991782,0.9120186059875388,1.0720186059875387,100000.0,5.0,500000.0,4560.093029937694,5360.093029937693
2025-12-22,POONAWALLA,LONG,B_HUGE_GREEN_PULLBACK_HOLD_THEN_BREAK,HUGE,2025-12-22 11:30:00+05:30,2025-12-22 12:30:00+05:30,464.39284779052736,460.9099014320984,471.3587405073852,2025-12-22 14:26:00+05:30,471.3587405073852,TARGET,6.699999999999953,7.499999999999952,55.39931106567383,84.7618637084961,88.80949401855469,2.496931309304633,3.2700353710894188,0.00654826138470624,8.422322369501938,0.0,460.9099014320984,1.3399999999999905,1.4999999999999905,100000.0,5.0,500000.0,6699.999999999953,7499.999999999952
2025-12-22,ECLERX,LONG,B_HUGE_GREEN_PULLBACK_HOLD_THEN_BREAK,HUGE,2025-12-22 12:00:00+05:30,2025-12-22 13:00:00+05:30,4640.928,4606.12104,4710.54192,2025-12-22 15:30:00+05:30,4660.0,EOD,1.254761461500816,2.054761461500816,38.34351348876953,72.44612121582031,81.118896484375,1.8496261221296255,2.76274658942461,0.00628434802565387,7.004704672782738,0.0,4606.12104,0.2509522923001632,0.41095229230016317,100000.0,5.0,500000.0,1254.761461500816,2054.761461500816
2025-12-22,JKPAPER,LONG,B_HUGE_GREEN_PULLBACK_HOLD_THEN_BREAK,HUGE,2025-12-22 10:45:00+05:30,2025-12-22 13:30:00+05:30,365.2230238952637,362.48385121604923,370.7013692536926,2025-12-22 15:30:00+05:30,367.0,EOD,1.6327273863844771,2.432727386384477,45.762935638427734,75.80252838134766,82.71319580078125,2.406097670390489,3.317631892106307,0.005056649535090618,8.302511890516914,0.0,362.48385121604923,0.3265454772768954,0.4865454772768954,100000.0,5.0,500000.0,1632.727386384477,2432.727386384477
2025-12-23,SANDUMA,LONG,A_MOD_BREAK_C1_HIGH,MODERATE,2025-12-23 10:15:00+05:30,2025-12-23 10:30:00+05:30,227.8,226.09150000000002,231.21699999999998,2025-12-23 10:31:00+05:30,231.21699999999998,TARGET,6.699999999999942,7.499999999999941,35.26018524169922,74.69293212890625,80.4283447265625,2.339464221378122,2.840536721378782,0.007686554668566297,7.111952122688414,0.0,226.09150000000002,1.3399999999999883,1.4999999999999882,100000.0,5.0,500000.0,6699.999999999941,7499.999999999941
2025-12-23,WEL,SHORT,A_MOD_BREAK_C1_LOW,MODERATE,2025-12-23 11:00:00+05:30,2025-12-23 11:15:00+05:30,141.84999389648436,142.913868850708,140.14779396972654,2025-12-23 15:30:00+05:30,142.3000030517578,EOD,-2.3862149264590204,-1.5862149264590206,28.073040008544922,45.489688873291016,18.582040786743164,0.8127224920668812,0.4340170324383146,0.007178098209076173,0.34502288786179375,0.0,142.913868850708,-0.4772429852918041,-0.3172429852918041,50000.0,5.0,250000.0,-1193.1074632295101,-793.1074632295102
2025-12-24,GMBREW,LONG,B_HUGE_GREEN_PULLBACK_HOLD_THEN_BREAK,HUGE,2025-12-24 10:00:00+05:30,2025-12-24 11:00:00+05:30,1099.2198,1090.9756515000001,1115.708097,2025-12-24 11:01:00+05:30,1115.708097,TARGET,6.6999999999999424,7.499999999999942,34.6403923034668,77.75433349609375,80.3958969116211,2.388766769097626,2.972981726023383,0.009295805631109247,7.637459748730974,0.0,1090.9756515000001,1.3399999999999885,1.4999999999999885,100000.0,5.0,500000.0,6699.999999999943,7499.999999999943
2025-12-24,KAJARIACER,SHORT,A_MOD_BREAK_C1_LOW,MODERATE,2025-12-24 11:00:00+05:30,2025-12-24 11:15:00+05:30,995.3009,1002.7656567500001,983.3572892,2025-12-24 11:24:00+05:30,983.3572892,TARGET,5.199999999999995,5.999999999999995,59.137908935546875,12.817477226257324,3.183664560317993,1.4929183647188347,2.9200543948572135,0.006196202044506149,0.871260713825796,0.0,1002.7656567500001,1.039999999999999,1.1999999999999988,50000.0,5.0,250000.0,2599.9999999999973,2999.999999999997
2025-12-24,CYIENT,SHORT,A_PULLBACK_C2_THEN_BREAK_C2_LOW,MODERATE,2025-12-24 11:15:00+05:30,2025-12-24 11:45:00+05:30,1127.7744,1136.232708,1114.2411072,2025-12-24 15:30:00+05:30,1118.0,EOD,3.533490811637512,4.333490811637511,42.23243713378906,23.201128005981445,4.501440048217773,1.331570744394097,2.0738850131684923,0.005000316415363358,0.7265114372758028,0.0,1136.232708,0.7066981623275024,0.8666981623275023,50000.0,5.0,250000.0,1766.745405818756,2166.7454058187554
2025-12-24,SOMANYCERA,SHORT,A_MOD_BREAK_C1_LOW,MODERATE,2025-12-24 12:45:00+05:30,2025-12-24 13:00:00+05:30,412.96737779541013,416.06463312887576,408.0117692618652,2025-12-24 15:30:00+05:30,410.0,EOD,2.792750850262331,3.5927508502623304,34.44584655761719,30.53809356689453,19.523693084716797,2.2835144375933694,2.719803384496684,0.004124382659502282,0.7266876983642578,0.0,416.06463312887576,0.5585501700524662,0.7185501700524661,50000.0,5.0,250000.0,1396.3754251311655,1796.3754251311652
2025-12-24,JASH,SHORT,A_MOD_BREAK_C1_LOW,MODERATE,2025-12-24 13:30:00+05:30,2025-12-24 13:45:00+05:30,426.51468610229495,429.7135462480622,421.3965098690674,2025-12-24 15:30:00+05:30,424.0,EOD,2.1479478482621643,2.947947848262164,35.89889907836914,21.66094207763672,5.5387067794799805,3.181374216547842,2.6501161602014576,0.005419892505404542,0.7484834861755372,0.0,429.7135462480622,0.42958956965243283,0.5895895696524328,50000.0,5.0,250000.0,1073.9739241310822,1473.973924131082
2025-12-26,HINDCOPPER,LONG,A_MOD_BREAK_C1_HIGH,MODERATE,2025-12-26 10:15:00+05:30,2025-12-26 10:30:00+05:30,455.44107610473634,452.02526803395085,462.2726922463073,2025-12-26 10:50:00+05:30,462.2726922463073,TARGET,6.699999999999925,7.4999999999999245,59.30385208129883,79.37885284423828,80.81497192382812,1.530745655908476,3.8577223719604863,0.00987038728257738,7.945520499599967,0.0,452.02526803395085,1.339999999999985,1.499999999999985,100000.0,5.0,500000.0,6699.9999999999245,7499.9999999999245
2025-12-26,AUTOAXLES,SHORT,B_HUGE_RED_FAILED_BOUNCE,HUGE,2025-12-26 10:15:00+05:30,2025-12-26 11:15:00+05:30,1814.1371,1827.74312825,1792.3674548,2025-12-26 15:28:00+05:30,1827.74312825,SL,-4.550000000000002,-3.750000000000002,27.362791061401367,30.800058364868164,13.835657119750977,0.48512872901706816,3.1360731032342386,0.0035633743829856794,0.3953393934990074,0.0,1827.74312825,-0.9100000000000004,-0.7500000000000004,50000.0,5.0,250000.0,-2275.000000000001,-1875.000000000001
2025-12-26,GALAPREC,SHORT,A_MOD_BREAK_C1_LOW,MODERATE,2025-12-26 11:30:00+05:30,2025-12-26 11:45:00+05:30,779.1441277954101,784.9877087538757,769.7943982618651,2025-12-26 15:27:00+05:30,784.9877087538757,SL,-4.550000000000029,-3.75000000000003,35.02799987792969,32.639408111572266,14.085254669189453,1.2884029841520364,2.6000128442033548,0.006393089208564408,0.6108905203955517,0.0,784.9877087538757,-0.9100000000000059,-0.750000000000006,50000.0,5.0,250000.0,-2275.000000000015,-1875.0000000000148
2025-12-26,GRWRHITECH,SHORT,A_MOD_BREAK_C1_LOW,MODERATE,2025-12-26 14:15:00+05:30,2025-12-26 14:30:00+05:30,3144.1710888183593,3167.752371984497,3106.441035752539,2025-12-26 15:30:00+05:30,3144.0,EOD,-0.7727926990093288,0.02720730099067108,36.44855880737305,27.4119815826416,1.749674916267395,3.3465338860314056,2.7708216155410375,0.0026914158355658612,0.7567283821105957,0.0,3167.752371984497,-0.15455853980186576,0.005441460198134216,50000.0,5.0,250000.0,-386.39634950466444,13.60365049533554
2025-12-29,ASAHIINDIA,SHORT,A_MOD_BREAK_C1_LOW,MODERATE,2025-12-29 10:00:00+05:30,2025-12-29 10:15:00+05:30,953.7092444091796,960.8620637422486,942.2647334762695,2025-12-29 11:06:00+05:30,960.8620637422486,SL,-4.550000000000037,-3.7500000000000377,37.693626403808594,25.16940689086914,8.339064598083496,1.2934150657604646,3.5655255114461144,0.008085263836446232,0.6517520325652102,0.0,960.8620637422486,-0.9100000000000075,-0.7500000000000075,50000.0,5.0,250000.0,-2275.0000000000186,-1875.0000000000189
2025-12-29,FINCABLES,SHORT,A_MOD_BREAK_C1_LOW,MODERATE,2025-12-29 10:15:00+05:30,2025-12-29 10:30:00+05:30,752.8494,758.4957705,743.8152071999999,2025-12-29 13:09:00+05:30,743.8152071999999,TARGET,5.200000000000019,6.000000000000019,58.48375701904297,14.09649658203125,2.344041585922241,1.3699693049308164,4.527629311132058,0.0035166913421805627,0.8497446283628929,0.0,758.4957705,1.0400000000000038,1.2000000000000037,50000.0,5.0,250000.0,2600.0000000000095,3000.000000000009
2025-12-29,TRACXN,SHORT,A_MOD_BREAK_C1_LOW,MODERATE,2025-12-29 10:15:00+05:30,2025-12-29 10:30:00+05:30,39.400000762939456,39.6955007686615,38.927200753784184,2025-12-29 15:15:00+05:30,39.6955007686615,SL,-4.5500000000000185,-3.750000000000018,43.11113739013672,31.052053451538086,8.53056526184082,1.513803742053672,2.288911804613297,0.004451849185798463,0.7715827157114434,0.0,39.6955007686615,-0.9100000000000037,-0.7500000000000037,50000.0,5.0,250000.0,-2275.000000000009,-1875.0000000000093
2025-12-29,APTUS,SHORT,A_PULLBACK_C2_THEN_BREAK_C2_LOW,MODERATE,2025-12-29 10:15:00+05:30,2025-12-29 10:45:00+05:30,275.19495,277.258912125,271.8926106,2025-12-29 11:33:00+05:30,271.8926106,TARGET,5.199999999999989,5.9999999999999885,30.032115936279297,14.751283645629883,1.2254868745803833,1.8234700048920887,4.6955424331855635,0.003670651146850228,0.6295889899003049,0.0,277.258912125,1.0399999999999978,1.1999999999999977,50000.0,5.0,250000.0,2599.9999999999945,2999.9999999999945
2025-12-29,KPITTECH,SHORT,A_MOD_BREAK_C1_LOW,MODERATE,2025-12-29 10:45:00+05:30,2025-12-29 11:00:00+05:30,1202.0595888183593,1211.075035734497,1187.634873752539,2025-12-29 14:57:00+05:30,1187.634873752539,TARGET,5.199999999999969,5.999999999999969,31.043245315551758,34.25111770629883,32.48292541503906,1.1832092676415031,1.9420465024103386,0.004734968992410786,0.5298126266910563,0.0,1211.075035734497,1.0399999999999938,1.1999999999999937,50000.0,5.0,250000.0,2599.9999999999845,2999.9999999999845
2025-12-29,SWSOLAR,SHORT,A_MOD_BREAK_C1_LOW,MODERATE,2025-12-29 10:45:00+05:30,2025-12-29 11:00:00+05:30,212.58999938964843,214.1844243850708,210.03891939697263,2025-12-29 15:30:00+05:30,212.9499969482422,EOD,-1.646694481460379,-0.8466944814603792,46.435665130615234,22.822961807250977,16.427188873291016,1.210531666801028,2.5329122644442683,0.0058813173416518765,0.7683780186494085,0.0,214.1844243850708,-0.3293388962920758,-0.16933889629207582,50000.0,5.0,250000.0,-823.3472407301895,-423.3472407301895
2025-12-29,ARE&M,SHORT,A_MOD_BREAK_C1_LOW,MODERATE,2025-12-29 11:00:00+05:30,2025-12-29 11:15:00+05:30,911.7176444091797,918.5555267422486,900.7770326762695,2025-12-29 15:30:00+05:30,908.4500122070312,EOD,0.9920198332159937,1.7920198332159938,61.29880142211914,20.971261978149414,5.558359622955322,1.1670917884327952,2.9356825324098317,0.0024938463151993966,0.8142410629757391,0.0,918.5555267422486,0.19840396664319876,0.35840396664319873,50000.0,5.0,250000.0,496.0099166079969,896.0099166079968
2025-12-29,KSOLVES,SHORT,A_MOD_BREAK_C1_LOW,MODERATE,2025-12-29 11:45:00+05:30,2025-12-29 12:00:00+05:30,281.74362779541013,283.85670500387573,278.3627042618652,2025-12-29 12:43:00+05:30,278.3627042618652,TARGET,5.20000000000004,6.00000000000004,40.565879821777344,22.347320556640625,4.455971717834473,1.5684073505636236,2.6682662609897165,0.007003560133859621,0.7429594836752942,0.0,283.85670500387573,1.040000000000008,1.200000000000008,50000.0,5.0,250000.0,2600.0000000000205,3000.00000000002
2025-12-29,KIRLOSENG,SHORT,A_MOD_BREAK_C1_LOW,MODERATE,2025-12-29 12:30:00+05:30,2025-12-29 12:45:00+05:30,1233.9531111816407,1243.207759515503,1219.145673847461,2025-12-29 13:03:00+05:30,1219.145673847461,TARGET,5.199999999999992,5.999999999999992,28.473596572875977,31.117420196533203,10.825072288513184,2.103985442099216,2.1922918629059893,0.006724793297951752,0.6371039485931396,0.0,1243.207759515503,1.0399999999999985,1.1999999999999984,50000.0,5.0,250000.0,2599.9999999999964,2999.9999999999964
2025-12-29,GRANULES,SHORT,A_MOD_BREAK_C1_LOW,MODERATE,2025-12-29 13:00:00+05:30,2025-12-29 13:15:00+05:30,603.7792444091797,608.3075887422485,596.5338934762696,2025-12-29 15:30:00+05:30,602.5999755859375,EOD,0.1765728402904447,0.9765728402904446,36.084617614746094,30.108379364013672,12.625028610229492,2.0350230005426804,1.9869443265261921,0.004694108390222695,0.7506164805475011,0.0,608.3075887422485,0.03531456805808894,0.19531456805808892,50000.0,5.0,250000.0,88.28642014522235,488.28642014522234
2025-12-29,MGL,SHORT,A_MOD_BREAK_C1_LOW,MODERATE,2025-12-29 14:15:00+05:30,2025-12-29 14:30:00+05:30,1120.2759,1128.6779692500002,1106.8325892,2025-12-29 15:30:00+05:30,1121.9000244140625,EOD,-1.5248769763155698,-0.7248769763155699,37.073490142822266,27.80135154724121,16.524600982666016,2.7149075910070946,2.6394938053572887,0.0020577552914466946,0.7661023521423338,0.0,1128.6779692500002,-0.30497539526311396,-0.14497539526311398,50000.0,5.0,250000.0,-762.4384881577848,-362.43848815778495
2025-12-30,ZENSARTECH,SHORT,A_MOD_BREAK_C1_LOW,MODERATE,2025-12-30 10:30:00+05:30,2025-12-30 10:45:00+05:30,704.0591722045898,709.3396159961243,695.6104621381347,2025-12-30 13:09:00+05:30,695.6104621381347,TARGET,5.2,6.0,45.78825378417969,23.69189453125,1.477676510810852,1.6318663172999772,3.036511425696157,0.0036667710345502143,0.8324004122901913,0.0,709.3396159961243,1.04,1.2,50000.0,5.0,250000.0,2600.0,3000.0
2025-12-30,CRISIL,SHORT,A_MOD_BREAK_C1_LOW,MODERATE,2025-12-30 11:00:00+05:30,2025-12-30 11:15:00+05:30,4224.255077636719,4255.936990718995,4173.564016705078,2025-12-30 15:02:00+05:30,4173.564016705078,TARGET,5.200000000000045,6.000000000000044,30.507707595825195,28.806854248046875,9.044293403625488,1.3632120696366705,2.513143701349455,0.004564558154219257,0.5561777261237952,0.0,4255.936990718995,1.040000000000009,1.2000000000000088,50000.0,5.0,250000.0,2600.0000000000223,3000.0000000000223
2025-12-30,MOTILALOFS,SHORT,A_MOD_BREAK_C1_LOW,MODERATE,2025-12-30 11:00:00+05:30,2025-12-30 11:15:00+05:30,838.8322,845.1234415,828.7662135999999,2025-12-30 11:43:00+05:30,845.1234415,SL,-4.550000000000042,-3.7500000000000417,27.227825164794922,26.02316665649414,12.166097640991211,1.2905826433273107,2.378384481609067,0.007521264893668039,0.49426934005420314,0.0,845.1234415,-0.9100000000000084,-0.7500000000000083,50000.0,5.0,250000.0,-2275.000000000021,-1875.0000000000207
2025-12-30,AUTOAXLES,LONG,A_MOD_BREAK_C1_HIGH,MODERATE,2025-12-30 11:15:00+05:30,2025-12-30 11:30:00+05:30,1872.5743911621094,1858.5300832283936,1900.6630070295407,2025-12-30 15:30:00+05:30,1876.0,EOD,0.11467897191650062,0.9146789719165005,35.07521057128906,76.05348205566406,94.16525268554688,2.194869360492865,4.224382611410488,0.005062164865298589,8.355656374332133,0.0,1858.5300832283936,0.022935794383300123,0.1829357943833001,100000.0,5.0,500000.0,114.67897191650061,914.6789719165005
2025-12-30,PGEL,SHORT,A_MOD_BREAK_C1_LOW,MODERATE,2025-12-30 11:15:00+05:30,2025-12-30 11:30:00+05:30,562.1875277954101,566.4039342538757,555.4412774618652,2025-12-30 13:15:00+05:30,566.4039342538757,SL,-4.55000000000002,-3.7500000000000204,38.6711540222168,28.538740158081055,13.699254989624023,1.92138158777755,2.4932587600957055,0.005942847781711154,0.7763090881943231,0.0,566.4039342538757,-0.9100000000000041,-0.7500000000000041,50000.0,5.0,250000.0,-2275.0000000000105,-1875.0000000000102
2025-12-30,SANOFI,SHORT,A_MOD_BREAK_C1_LOW,MODERATE,2025-12-30 11:30:00+05:30,2025-12-30 11:45:00+05:30,4054.189,4084.5954175,4005.538732,2025-12-30 15:30:00+05:30,4065.60009765625,EOD,-2.2073218658836757,-1.407321865883676,28.158626556396484,28.571914672851562,8.532495498657227,1.3765383708062504,2.0350435576614596,0.0024385777328322375,0.523273613237041,0.0,4084.5954175,-0.44146437317673515,-0.28146437317673517,50000.0,5.0,250000.0,-1103.660932941838,-703.6609329418379
2025-12-30,GSLSU,SHORT,A_MOD_BREAK_C1_LOW,MODERATE,2025-12-30 11:45:00+05:30,2025-12-30 12:00:00+05:30,100.95,101.707125,99.7386,2025-12-30 12:56:00+05:30,101.707125,SL,-4.55000000000001,-3.7500000000000098,55.62593460083008,38.07093811035156,15.042682647705078,0.968895788811006,1.8415778889577,0.010855721955252166,0.7716356574898111,0.0,101.707125,-0.9100000000000019,-0.750000000000002,50000.0,5.0,250000.0,-2275.000000000005,-1875.000000000005
2025-12-30,JKCEMENT,SHORT,A_MOD_BREAK_C1_LOW,MODERATE,2025-12-30 11:45:00+05:30,2025-12-30 12:00:00+05:30,5530.3937,5571.87165275,5464.028975599999,2025-12-30 13:25:00+05:30,5464.028975599999,TARGET,5.200000000000031,6.000000000000031,33.14255142211914,20.38642692565918,4.39031457901001,2.0401915015177385,3.0733086060000336,0.0061648700229732685,0.7071382713317871,0.0,5571.87165275,1.0400000000000063,1.2000000000000062,50000.0,5.0,250000.0,2600.0000000000155,3000.0000000000155
2025-12-30,RIIL,SHORT,A_MOD_BREAK_C1_LOW,MODERATE,2025-12-30 11:45:00+05:30,2025-12-30 12:00:00+05:30,798.8402,804.8315015000001,789.2541176,2025-12-30 13:43:00+05:30,789.2541176,TARGET,5.200000000000006,6.000000000000006,41.72736358642578,29.100505828857422,8.894891738891602,1.2586548465089826,1.9640625502763942,0.004467088628963354,0.7043781794492785,0.0,804.8315015000001,1.0400000000000014,1.2000000000000013,50000.0,5.0,250000.0,2600.000000000003,3000.000000000003
2025-12-30,PAGEIND,SHORT,A_MOD_BREAK_C1_LOW,MODERATE,2025-12-30 12:00:00+05:30,2025-12-30 12:15:00+05:30,35842.83,36111.651225,35412.71604,2025-12-30 15:01:00+05:30,35412.71604,TARGET,5.200000000000033,6.000000000000033,25.662721633911133,24.641300201416016,5.033388137817383,1.7213627020617637,2.701272145989436,0.003026381223459277,0.5461792973694757,0.0,36111.651225,1.0400000000000067,1.2000000000000066,50000.0,5.0,250000.0,2600.000000000017,3000.0000000000164
2025-12-30,WOCKPHARMA,SHORT,A_MOD_BREAK_C1_LOW,MODERATE,2025-12-30 12:30:00+05:30,2025-12-30 12:45:00+05:30,1374.725,1385.0354375,1358.2283,2025-12-30 13:36:00+05:30,1385.0354375,SL,-4.550000000000013,-3.750000000000013,44.57497024536133,22.771543502807617,4.354207515716553,2.0107020358562844,2.794725726298528,0.007954389994919134,0.8786245536804198,0.0,1385.0354375,-0.9100000000000026,-0.7500000000000026,50000.0,5.0,250000.0,-2275.000000000007,-1875.0000000000064
2025-12-30,COROMANDEL,SHORT,A_MOD_BREAK_C1_LOW,MODERATE,2025-12-30 12:45:00+05:30,2025-12-30 13:00:00+05:30,2234.553,2251.3121475,2207.738364,2025-12-30 13:10:00+05:30,2207.738364,TARGET,5.200000000000015,6.000000000000015,35.60506057739258,14.586441993713379,7.891053199768066,1.839253031734339,2.8966206269515795,0.010978449115574712,0.715945189214398,0.0,2251.3121475,1.0400000000000031,1.200000000000003,50000.0,5.0,250000.0,2600.0000000000077,3000.0000000000077
2025-12-30,JYOTHYLAB,SHORT,A_MOD_BREAK_C1_LOW,MODERATE,2025-12-30 12:45:00+05:30,2025-12-30 13:00:00+05:30,273.2953361022949,275.34505112306215,270.0157920690674,2025-12-30 13:10:00+05:30,275.34505112306215,SL,-4.55000000000002,-3.7500000000000213,43.9560661315918,21.88034439086914,2.3456804752349854,1.3828474835115319,2.117955860762131,0.006307128142613161,0.7613393015883949,0.0,275.34505112306215,-0.9100000000000041,-0.7500000000000042,50000.0,5.0,250000.0,-2275.0000000000105,-1875.0000000000105
2025-12-30,BOSCHLTD,SHORT,A_MOD_BREAK_C1_LOW,MODERATE,2025-12-30 13:15:00+05:30,2025-12-30 13:30:00+05:30,35137.971,35401.5057825,34716.315348,2025-12-30 14:41:00+05:30,35401.5057825,SL,-4.549999999999985,-3.749999999999986,37.41219711303711,29.213966369628906,7.440671920776367,1.4670827912296003,2.064070133457762,0.0036958066808813078,0.6779224451607366,0.0,35401.5057825,-0.909999999999997,-0.7499999999999971,50000.0,5.0,250000.0,-2274.9999999999927,-1874.9999999999927
2025-12-30,CANBK,LONG,B_HUGE_GREEN_PULLBACK_HOLD_THEN_BREAK,HUGE,2025-12-30 10:30:00+05:30,2025-12-30 14:15:00+05:30,153.55,152.39837500000002,155.85325,2025-12-30 15:30:00+05:30,154.1999969482422,EOD,1.3165644683887208,2.1165644683887206,25.30548858642578,67.894775390625,68.64541625976562,3.1653353355209126,2.3907413429388567,0.005981570950026943,7.400160897508407,0.0,152.39837500000002,0.26331289367774413,0.4233128936777441,100000.0,5.0,500000.0,1316.5644683887208,2116.564468388721
2025-12-31,DABUR,LONG,B_HUGE_GREEN_PULLBACK_HOLD_THEN_BREAK,HUGE,2025-12-31 10:00:00+05:30,2025-12-31 12:00:00+05:30,507.8015522094727,503.99304056790163,515.4185754926148,2025-12-31 14:14:00+05:30,503.99304056790163,SL,-4.55,-3.7499999999999996,46.57536697387695,82.01985168457031,92.82042694091797,1.4784949160491108,4.054753683371691,0.004952679284130666,8.04761690210863,0.0,503.99304056790163,-0.9099999999999999,-0.7499999999999999,100000.0,5.0,500000.0,-4549.999999999999,-3749.9999999999995
2025-12-31,ZIMLAB,LONG,A_MOD_BREAK_C1_HIGH,MODERATE,2025-12-31 12:15:00+05:30,2025-12-31 12:30:00+05:30,71.73000030517578,71.19202530288696,72.80595030975341,2025-12-31 14:04:00+05:30,72.80595030975341,TARGET,6.699999999999989,7.499999999999988,56.587650299072266,63.541507720947266,47.177085876464844,0.3909490205948427,1.2883421406704734,0.0107023257506114,4.28628455263105,0.0,71.19202530288696,1.3399999999999976,1.4999999999999976,100000.0,5.0,500000.0,6699.999999999988,7499.999999999987
2025-12-31,GRAPHITE,LONG,B_HUGE_GREEN_PULLBACK_HOLD_THEN_BREAK,HUGE,2025-12-31 11:00:00+05:30,2025-12-31 13:45:00+05:30,642.5285044189453,637.7095406358033,652.1664319852295,2025-12-31 14:09:00+05:30,637.7095406358033,SL,-4.549999999999982,-3.7499999999999822,34.218074798583984,82.27576446533203,92.4417724609375,1.4217538272741885,4.508429511840643,0.011235885980876421,7.783396908256229,0.0,637.7095406358033,-0.9099999999999964,-0.7499999999999964,100000.0,5.0,500000.0,-4549.999999999982,-3749.9999999999823
2026-01-01,POCL,LONG,A_MOD_BREAK_C1_HIGH,MODERATE,2026-01-01 10:15:00+05:30,2026-01-01 10:30:00+05:30,1523.3046,1511.8798155,1546.1541689999997,2026-01-01 10:31:00+05:30,1546.1541689999997,TARGET,6.6999999999999185,7.499999999999918,25.87859535217285,79.6901626586914,89.68220520019531,2.248552210337896,3.713808395365527,0.008557704424986623,7.898940945235983,0.0,1511.8798155,1.3399999999999836,1.4999999999999836,100000.0,5.0,500000.0,6699.999999999918,7499.999999999918
2026-01-01,IONEXCHANG,SHORT,A_MOD_BREAK_C1_LOW,MODERATE,2026-01-01 11:45:00+05:30,2026-01-01 12:00:00+05:30,376.72462779541013,379.5500625038757,372.2039322618652,2026-01-01 15:30:00+05:30,374.0,EOD,2.8162061017282456,3.616206101728246,26.949501037597656,27.135297775268555,14.351927757263184,1.7781651178798255,2.073436011785112,0.004052963876196944,0.5754214111929343,0.0,379.5500625038757,0.5632412203456492,0.7232412203456492,50000.0,5.0,250000.0,1408.103050864123,1808.103050864123
2026-01-02,TVSHLTD,LONG,B_HUGE_GREEN_PULLBACK_HOLD_THEN_BREAK,HUGE,2026-01-02 10:00:00+05:30,2026-01-02 11:15:00+05:30,14502.9,14394.12825,14720.443499999998,2026-01-02 12:02:00+05:30,14720.443499999998,TARGET,6.699999999999929,7.499999999999929,36.2757682800293,76.03677368164062,92.0832748413086,216.00039474246728,4.223773757663416,0.005164295961612739,265.16479848322433,0.0,14394.12825,1.3399999999999859,1.4999999999999858,100000.0,5.0,500000.0,6699.999999999929,7499.999999999928
2026-01-02,ABBOTINDIA,SHORT,A_PULLBACK_C2_THEN_BREAK_C2_LOW,MODERATE,2026-01-02 10:45:00+05:30,2026-01-02 11:15:00+05:30,28054.388,28264.79591,27717.735343999997,2026-01-02 15:30:00+05:30,28125.0,EOD,-2.058484056041447,-1.258484056041447,28.12138557434082,19.429407119750977,6.060606002807617,1.6732877853012786,3.5611725940856935,0.003538336179465459,0.574646146042836,0.0,28264.79591,-0.4116968112082894,-0.2516968112082894,50000.0,5.0,250000.0,-1029.2420280207234,-629.2420280207235
2026-01-02,IDBI,LONG,A_MOD_BREAK_C1_HIGH,MODERATE,2026-01-02 11:15:00+05:30,2026-01-02 11:30:00+05:30,105.99999694824218,105.20499697113037,107.58999690246581,2026-01-02 11:31:00+05:30,107.58999690246581,TARGET,6.6999999999999815,7.499999999999981,43.74005889892578,74.12881469726562,65.1399154663086,2.8293052531392515,2.426861370021742,0.005669465526066317,8.110877048954418,0.0,105.20499697113037,1.3399999999999963,1.4999999999999962,100000.0,5.0,500000.0,6699.999999999981,7499.999999999982
2026-01-02,BANCOINDIA,LONG,A_MOD_BREAK_C1_HIGH,MODERATE,2026-01-02 11:45:00+05:30,2026-01-02 12:00:00+05:30,697.8395522094727,692.6057555679017,708.3071454926147,2026-01-02 12:01:00+05:30,708.3071454926147,TARGET,6.699999999999962,7.499999999999961,30.596025466918945,69.77359771728516,90.06634521484375,2.0648432526760914,2.111496914666163,0.0055846747358547725,6.175380711799709,0.0,692.6057555679017,1.3399999999999923,1.4999999999999922,100000.0,5.0,500000.0,6699.999999999961,7499.999999999962
2026-01-02,IRCTC,LONG,B_HUGE_GREEN_PULLBACK_HOLD_THEN_BREAK,HUGE,2026-01-02 10:30:00+05:30,2026-01-02 12:15:00+05:30,693.7386955810547,688.5356553641968,704.1447760147704,2026-01-02 15:30:00+05:30,694.5,EOD,-0.2513031896630263,0.5486968103369736,30.86859703063965,79.358642578125,86.29840850830078,1.1327448483146665,3.2121426810150964,0.0029335773603173156,6.4048311744595985,0.0,688.5356553641968,-0.050260637932605254,0.10973936206739472,100000.0,5.0,500000.0,-251.30318966302625,548.6968103369736
2026-01-02,GARFIBRES,SHORT,A_MOD_BREAK_C1_LOW,MODERATE,2026-01-02 12:15:00+05:30,2026-01-02 12:30:00+05:30,688.9121777954101,694.0790191288758,680.6452316618652,2026-01-02 15:30:00+05:30,690.0,EOD,-1.5895216833523154,-0.7895216833523155,30.400882720947266,33.01894760131836,37.769718170166016,0.771103407516767,1.40382376908744,0.005256295458865944,0.4211475255840152,0.0,694.0790191288758,-0.3179043366704631,-0.1579043366704631,50000.0,5.0,250000.0,-794.7608416761577,-394.7608416761578
2026-01-02,PFIZER,SHORT,A_MOD_BREAK_C1_LOW,MODERATE,2026-01-02 12:45:00+05:30,2026-01-02 13:00:00+05:30,4880.0238,4916.6239785,4821.463514399999,2026-01-02 15:30:00+05:30,4890.2001953125,EOD,-1.8426583690534524,-1.0426583690534525,30.879833221435547,27.913455963134766,9.566038131713867,1.755428284949535,2.253119263200473,0.003215093442685925,0.6303974481877017,0.0,4916.6239785,-0.36853167381069046,-0.2085316738106905,50000.0,5.0,250000.0,-921.3291845267262,-521.3291845267262
2026-01-02,SHALPAINTS,LONG,B_HUGE_GREEN_PULLBACK_HOLD_THEN_BREAK,HUGE,2026-01-02 13:15:00+05:30,2026-01-02 14:15:00+05:30,70.99999694824218,70.46749697113037,72.06499690246581,2026-01-02 14:16:00+05:30,72.06499690246581,TARGET,6.699999999999932,7.499999999999931,43.03129196166992,80.8971939086914,84.19750213623047,3.6478649962146865,5.009817047457212,0.010122166180012522,11.289013252075737,0.0,70.46749697113037,1.3399999999999863,1.4999999999999862,100000.0,5.0,500000.0,6699.999999999932,7499.999999999931
2026-01-05,LXCHEM,SHORT,A_MOD_BREAK_C1_LOW,MODERATE,2026-01-05 10:45:00+05:30,2026-01-05 11:00:00+05:30,163.34999389648436,164.575118850708,161.38979396972655,2026-01-05 12:41:00+05:30,164.575118850708,SL,-4.550000000000037,-3.7500000000000377,27.800891876220703,24.749977111816406,13.05688762664795,1.369650901404158,2.378400562429248,0.007680024682622039,0.5167022858890382,0.0,164.575118850708,-0.9100000000000075,-0.7500000000000075,50000.0,5.0,250000.0,-2275.0000000000186,-1875.0000000000189
2026-01-05,JINDRILL,SHORT,A_MOD_BREAK_C1_LOW,MODERATE,2026-01-05 11:00:00+05:30,2026-01-05 11:15:00+05:30,552.5394944091797,556.6835406172486,545.9090204762696,2026-01-05 11:20:00+05:30,545.9090204762696,TARGET,5.199999999999994,5.999999999999993,30.916732788085938,22.027069091796875,4.106200218200684,1.3253859534076706,2.972902687967275,0.006354948495654473,0.5556935336676314,0.0,556.6835406172486,1.0399999999999987,1.1999999999999986,50000.0,5.0,250000.0,2599.999999999997,2999.999999999997
2026-01-05,CIEINDIA,LONG,B_HUGE_GREEN_PULLBACK_HOLD_THEN_BREAK,HUGE,2026-01-05 10:45:00+05:30,2026-01-05 12:15:00+05:30,436.98737389526366,433.7099685910492,443.54218450369257,2026-01-05 15:29:00+05:30,433.7099685910492,SL,-4.550000000000006,-3.750000000000006,41.330814361572266,68.85242462158203,75.8729019165039,1.3840434105914128,2.9248291056370355,0.004412925680622385,6.135550429709558,0.0,433.7099685910492,-0.9100000000000013,-0.7500000000000012,100000.0,5.0,500000.0,-4550.000000000006,-3750.000000000006
2026-01-05,HPL,SHORT,A_MOD_BREAK_C1_LOW,MODERATE,2026-01-05 12:00:00+05:30,2026-01-05 12:15:00+05:30,398.72022779541015,401.71062950387574,393.93558506186525,2026-01-05 15:30:00+05:30,397.04998779296875,EOD,1.2945012141426027,2.0945012141426025,34.85091781616211,30.10990333557129,10.098146438598633,1.4407907136744114,1.9374757213760658,0.006229858350634276,0.631775928204257,0.0,401.71062950387574,0.25890024282852053,0.4189002428285205,50000.0,5.0,250000.0,647.2506070713014,1047.2506070713011
2026-01-05,GNA,LONG,B_HUGE_GREEN_PULLBACK_HOLD_THEN_BREAK,HUGE,2026-01-05 11:45:00+05:30,2026-01-05 12:45:00+05:30,338.01760220947267,335.48247019290164,343.0878662426147,2026-01-05 12:48:00+05:30,343.0878662426147,TARGET,6.699999999999945,7.499999999999945,57.53041458129883,80.00899505615234,88.61514282226562,2.469599160156601,3.943981299326498,0.009899196682033595,9.060164908113963,0.0,335.48247019290164,1.339999999999989,1.499999999999989,100000.0,5.0,500000.0,6699.9999999999445,7499.9999999999445
2026-01-05,KRBL,SHORT,A_MOD_BREAK_C1_LOW,MODERATE,2026-01-05 13:45:00+05:30,2026-01-05 14:00:00+05:30,385.9228,388.817221,381.2917264,2026-01-05 15:30:00+05:30,384.75,EOD,0.7194748794318386,1.5194748794318387,32.28285598754883,27.9454345703125,9.681185722351074,3.092103499408825,3.3766087695432208,0.0032913019325179933,0.6942428398132323,0.0,388.817221,0.14389497588636774,0.3038949758863677,50000.0,5.0,250000.0,359.7374397159193,759.7374397159193
2026-01-06,HSCL,SHORT,A_MOD_BREAK_C1_LOW,MODERATE,2026-01-06 10:15:00+05:30,2026-01-06 10:30:00+05:30,481.3537222045899,484.9638751211243,475.5774775381348,2026-01-06 15:30:00+05:30,481.0,EOD,-0.432575600568921,0.36742439943107885,27.747838973999023,25.658126831054688,4.259847164154053,1.171408338858759,2.4889839974960952,0.0053302708473858835,0.4812140439102682,0.0,484.9638751211243,-0.0865151201137842,0.07348487988621577,50000.0,5.0,250000.0,-216.2878002844605,183.71219971553944
2026-01-06,PARAGMILK,SHORT,A_MOD_BREAK_C1_LOW,MODERATE,2026-01-06 10:30:00+05:30,2026-01-06 10:45:00+05:30,294.49107779541015,296.69976087887574,290.95718486186524,2026-01-06 15:30:00+05:30,295.20001220703125,EOD,-2.0036602550546783,-1.2036602550546782,25.344247817993164,28.677698135375977,12.063018798828125,1.366239818849521,2.8261876046692302,0.0053174765076237016,0.4792556855685636,0.0,296.69976087887574,-0.4007320510109356,-0.24073205101093564,50000.0,5.0,250000.0,-1001.830127527339,-601.8301275273391
2026-01-06,SONATSOFTW,SHORT,A_MOD_BREAK_C1_LOW,MODERATE,2026-01-06 10:30:00+05:30,2026-01-06 10:45:00+05:30,352.57946389770507,355.2238098769379,348.3485103309326,2026-01-06 15:30:00+05:30,351.1499938964844,EOD,1.2271600413395456,2.0271600413395454,30.67270851135254,18.76824951171875,4.469888210296631,1.6409297699116385,3.6750055376507675,0.004979865363838111,0.6072533374048248,0.0,355.2238098769379,0.24543200826790912,0.4054320082679091,50000.0,5.0,250000.0,613.5800206697728,1013.5800206697728
2026-01-06,THYROCARE,LONG,A_MOD_BREAK_C1_HIGH,MODERATE,2026-01-06 10:30:00+05:30,2026-01-06 10:45:00+05:30,478.0956,474.509883,485.26703399999997,2026-01-06 10:46:00+05:30,485.26703399999997,TARGET,6.699999999999976,7.499999999999975,37.73088455200195,77.85613250732422,94.80589294433594,2.8395250404189305,2.57285918422986,0.008372584791597679,7.5983803597537936,0.0,474.509883,1.3399999999999952,1.4999999999999951,100000.0,5.0,500000.0,6699.999999999976,7499.999999999975
2026-01-06,POCL,SHORT,A_MOD_BREAK_C1_LOW,MODERATE,2026-01-06 10:45:00+05:30,2026-01-06 11:00:00+05:30,1451.7096,1462.597422,1434.2890848,2026-01-06 13:09:00+05:30,1462.597422,SL,-4.55000000000005,-3.7500000000000493,47.67033767700195,25.85930824279785,16.997541427612305,1.2352131234615344,2.4571027772922487,0.008803304648628918,0.7912173617607978,0.0,1462.597422,-0.9100000000000099,-0.7500000000000099,50000.0,5.0,250000.0,-2275.000000000025,-1875.0000000000246
2026-01-06,KNRCON,SHORT,A_MOD_BREAK_C1_LOW,MODERATE,2026-01-06 11:00:00+05:30,2026-01-06 11:15:00+05:30,154.45,155.608375,152.5966,2026-01-06 11:36:00+05:30,152.5966,TARGET,5.19999999999998,5.99999999999998,35.32750701904297,26.93740463256836,10.760306358337402,1.5183568340633944,2.0542163315703243,0.007131758217016806,0.6556250512467385,0.0,155.608375,1.039999999999996,1.199999999999996,50000.0,5.0,250000.0,2599.99999999999,2999.99999999999
2026-01-06,WABAG,SHORT,A_MOD_BREAK_C1_LOW,MODERATE,2026-01-06 11:00:00+05:30,2026-01-06 11:15:00+05:30,1239.752,1249.05014,1224.8749759999998,2026-01-06 12:27:00+05:30,1224.8749759999998,TARGET,5.200000000000049,6.000000000000049,43.41788864135742,20.152259826660156,4.113884925842285,1.3486728691192817,3.6470459003080626,0.006433305561483104,0.7472860817162355,0.0,1249.05014,1.0400000000000098,1.2000000000000097,50000.0,5.0,250000.0,2600.0000000000246,3000.0000000000246
2026-01-06,ADSL,SHORT,A_MOD_BREAK_C1_LOW,MODERATE,2026-01-06 11:45:00+05:30,2026-01-06 12:00:00+05:30,149.95,151.074625,148.1506,2026-01-06 14:06:00+05:30,148.1506,TARGET,5.199999999999973,5.999999999999972,28.402099609375,33.54835510253906,9.24387264251709,1.254090820773442,1.8767696161188168,0.004608298914443486,0.4993358685819182,0.0,151.074625,1.0399999999999945,1.1999999999999944,50000.0,5.0,250000.0,2599.999999999986,2999.9999999999864
2026-01-06,AJANTPHARM,SHORT,A_MOD_BREAK_C1_LOW,MODERATE,2026-01-06 11:45:00+05:30,2026-01-06 12:00:00+05:30,2805.4388,2826.4795910000003,2771.7735344,2026-01-06 12:52:00+05:30,2826.4795910000003,SL,-4.550000000000063,-3.750000000000063,45.95308303833008,15.719297409057617,6.596982002258301,1.847921751209869,3.8576884275576497,0.006632436072479874,0.8726825520366781,0.0,2826.4795910000003,-0.9100000000000126,-0.7500000000000127,50000.0,5.0,250000.0,-2275.0000000000314,-1875.0000000000316
2026-01-06,DIAMINESQ,SHORT,B_HUGE_RED_FAILED_BOUNCE,HUGE,2026-01-06 11:30:00+05:30,2026-01-06 12:30:00+05:30,263.4473,265.42315475,260.2859324,2026-01-06 15:30:00+05:30,264.8999938964844,EOD,-3.557086325205061,-2.7570863252050613,32.21333694458008,28.118268966674805,35.95246887207031,1.894361275201047,3.0402224384464342,0.007129271825154622,0.7147132773288843,0.0,265.42315475,-0.7114172650410122,-0.5514172650410123,50000.0,5.0,250000.0,-1778.5431626025304,-1378.5431626025306
2026-01-06,INDHOTEL,SHORT,A_MOD_BREAK_C1_LOW,MODERATE,2026-01-06 12:15:00+05:30,2026-01-06 12:30:00+05:30,732.1535277954101,737.6446792538758,723.3676854618652,2026-01-06 14:20:00+05:30,723.3676854618652,TARGET,5.19999999999999,5.999999999999989,28.938106536865234,35.122276306152344,20.5903377532959,0.973682132657883,1.7312256040768073,0.004170441402606315,0.4510272514719484,0.0,737.6446792538758,1.039999999999998,1.199999999999998,50000.0,5.0,250000.0,2599.999999999995,2999.999999999995
2026-01-06,KAJARIACER,LONG,B_HUGE_GREEN_PULLBACK_HOLD_THEN_BREAK,HUGE,2026-01-06 11:30:00+05:30,2026-01-06 12:45:00+05:30,1003.2505977905273,995.7262183070984,1018.2993567573851,2026-01-06 15:30:00+05:30,1000.25,EOD,-2.295437828362907,-1.4954378283629068,37.893898010253906,83.618408203125,81.08757781982422,2.1896048208150787,4.014682415740573,0.004354798781907451,8.166375599406491,0.0,995.7262183070984,-0.45908756567258135,-0.2990875656725814,100000.0,5.0,500000.0,-2295.437828362907,-1495.4378283629069
2026-01-06,CUMMINSIND,SHORT,A_MOD_BREAK_C1_LOW,MODERATE,2026-01-06 13:30:00+05:30,2026-01-06 13:45:00+05:30,4200.1598,4231.6609985000005,4149.7578824,2026-01-06 14:04:00+05:30,4149.7578824,TARGET,5.200000000000019,6.000000000000019,52.92740249633789,21.194869995117188,2.7417147159576416,2.3337469019251107,3.296718694368834,0.005057837885691435,0.96,0.0,4231.6609985000005,1.0400000000000038,1.2000000000000037,50000.0,5.0,250000.0,2600.0000000000095,3000.000000000009
2026-01-06,SHANTIGEAR,SHORT,A_MOD_BREAK_C1_LOW,MODERATE,2026-01-06 14:15:00+05:30,2026-01-06 14:30:00+05:30,454.0591638977051,457.46460762693795,448.61045393093264,2026-01-06 15:01:00+05:30,448.61045393093264,TARGET,5.200000000000009,6.000000000000009,33.82563781738281,24.13938331604004,21.53362464904785,3.565249301945317,4.504703852204755,0.0037825747243052776,0.7173845672607422,0.0,457.46460762693795,1.0400000000000018,1.2000000000000017,50000.0,5.0,250000.0,2600.0000000000045,3000.0000000000045
2026-01-07,SPARC,LONG,A_MOD_BREAK_C1_HIGH,MODERATE,2026-01-07 10:00:00+05:30,2026-01-07 10:15:00+05:30,139.52000122070314,138.47360121154787,141.61280123901366,2026-01-07 11:23:00+05:30,138.47360121154787,SL,-4.549999999999964,-3.749999999999964,30.862245559692383,71.89813232421875,68.45783233642578,1.1389239084423297,2.2849608502681455,0.008853557079869926,5.162511843001562,0.0,138.47360121154787,-0.9099999999999928,-0.7499999999999928,100000.0,5.0,500000.0,-4549.999999999964,-3749.999999999964
2026-01-07,JLHL,SHORT,A_MOD_BREAK_C1_LOW,MODERATE,2026-01-07 10:45:00+05:30,2026-01-07 11:00:00+05:30,1361.1277444091797,1371.3362024922487,1344.7942114762695,2026-01-07 15:30:00+05:30,1353.199951171875,EOD,2.1122149885887205,2.9122149885887207,34.563575744628906,24.73280906677246,7.318441867828369,1.9540983246087644,2.9993198088662916,0.005268689076834862,0.7204208429759673,0.0,1371.3362024922487,0.42244299771774413,0.5824429977177441,50000.0,5.0,250000.0,1056.1074942943603,1456.1074942943603
2026-01-07,CIPLA,SHORT,A_MOD_BREAK_C1_LOW,MODERATE,2026-01-07 11:15:00+05:30,2026-01-07 11:30:00+05:30,1478.0043888183593,1489.0894217344971,1460.268336152539,2026-01-07 11:34:00+05:30,1460.268336152539,TARGET,5.200000000000014,6.000000000000014,41.27904510498047,23.719423294067383,10.1300630569458,1.360734422027968,2.7103109465767936,0.007084465878250181,0.7173142004296014,0.0,1489.0894217344971,1.040000000000003,1.2000000000000028,50000.0,5.0,250000.0,2600.0000000000073,3000.000000000007
2026-01-07,HPAL,SHORT,A_PULLBACK_C2_THEN_BREAK_C2_LOW,MODERATE,2026-01-07 11:15:00+05:30,2026-01-07 11:45:00+05:30,41.209998321533206,41.519073308944705,40.71547834167481,2026-01-07 15:30:00+05:30,41.519073308944705,SL,-4.550000000000001,-3.7500000000000004,54.80451965332031,28.4227237701416,21.33331298828125,0.9228047455799293,1.9157438156557098,0.006855768477515727,0.7672780212592731,0.0,41.519073308944705,-0.9100000000000001,-0.7500000000000001,50000.0,5.0,250000.0,-2275.0000000000005,-1875.0000000000005
2026-01-07,PUNJABCHEM,SHORT,A_MOD_BREAK_C1_LOW,MODERATE,2026-01-07 11:30:00+05:30,2026-01-07 11:45:00+05:30,1117.2765,1125.65607375,1103.869182,2026-01-07 15:07:00+05:30,1125.65607375,SL,-4.549999999999984,-3.749999999999984,31.504343032836914,30.92622184753418,0.8241516947746277,1.8766573888184162,2.707004849310073,0.0060876009922552704,0.6609801885357764,0.0,1125.65607375,-0.9099999999999968,-0.7499999999999968,50000.0,5.0,250000.0,-2274.999999999992,-1874.9999999999918
2026-01-07,POWERINDIA,LONG,B_HUGE_GREEN_PULLBACK_HOLD_THEN_BREAK,HUGE,2026-01-07 10:15:00+05:30,2026-01-07 12:30:00+05:30,19582.9158,19436.0439315,19876.659536999996,2026-01-07 13:02:00+05:30,19876.659536999996,TARGET,6.6999999999999265,7.499999999999925,26.618896484375,74.14543914794922,89.10399627685547,147.30208640175127,3.1083505354442837,0.006880632181571952,181.00859481602333,0.0,19436.0439315,1.3399999999999852,1.4999999999999851,100000.0,5.0,500000.0,6699.999999999925,7499.999999999926
2026-01-07,GALAPREC,SHORT,A_MOD_BREAK_C1_LOW,MODERATE,2026-01-07 12:15:00+05:30,2026-01-07 12:30:00+05:30,759.848,765.54686,750.7298239999999,2026-01-07 14:52:00+05:30,765.54686,SL,-4.550000000000054,-3.7500000000000537,33.15385055541992,28.448606491088867,30.80040740966797,1.459075751090144,1.8510366211817666,0.00457706890608135,0.6051978458311624,0.0,765.54686,-0.9100000000000108,-0.7500000000000108,50000.0,5.0,250000.0,-2275.000000000027,-1875.0000000000268
2026-01-07,OIL,SHORT,A_MOD_BREAK_C1_LOW,MODERATE,2026-01-07 12:15:00+05:30,2026-01-07 12:30:00+05:30,415.01698610229494,418.12961349806216,410.0367822690674,2026-01-07 13:18:00+05:30,418.12961349806216,SL,-4.55000000000001,-3.7500000000000093,30.799461364746094,29.81526756286621,4.743475437164307,1.9040833084833404,2.5866784712693813,0.004429334908059962,0.655206499455776,0.0,418.12961349806216,-0.9100000000000019,-0.7500000000000019,50000.0,5.0,250000.0,-2275.000000000005,-1875.0000000000048
2026-01-07,DCMSRIND,SHORT,A_MOD_BREAK_C1_LOW,MODERATE,2026-01-07 13:15:00+05:30,2026-01-07 13:30:00+05:30,51.560000610351565,51.946700614929206,50.941280603027344,2026-01-07 13:36:00+05:30,51.946700614929206,SL,-4.550000000000038,-3.750000000000039,51.702449798583984,36.57606506347656,19.681352615356445,1.1127698172525562,1.5446322055602644,0.017314357144503092,0.7819663282972107,0.0,51.946700614929206,-0.9100000000000077,-0.7500000000000078,50000.0,5.0,250000.0,-2275.000000000019,-1875.0000000000196
2026-01-08,GMDCLTD,SHORT,A_MOD_BREAK_C1_LOW,MODERATE,2026-01-08 10:00:00+05:30,2026-01-08 10:15:00+05:30,588.5822722045898,592.9966392461242,581.5192849381347,2026-01-08 11:03:00+05:30,581.5192849381347,TARGET,5.200000000000053,6.0000000000000515,29.93306541442871,19.1607608795166,6.216122627258301,1.640006410545639,4.052034014470161,0.008091399363152394,0.5959971030619173,0.0,592.9966392461242,1.0400000000000105,1.2000000000000104,50000.0,5.0,250000.0,2600.0000000000264,3000.000000000026
2026-01-08,JINDALSAW,SHORT,A_MOD_BREAK_C1_LOW,MODERATE,2026-01-08 10:45:00+05:30,2026-01-08 11:00:00+05:30,165.56000061035155,166.8017006149292,163.57328060302734,2026-01-08 12:07:00+05:30,163.57328060302734,TARGET,5.199999999999971,5.999999999999971,25.978574752807617,21.921913146972656,5.475009441375732,2.4200914859482436,3.6257062144732033,0.004701871285710826,0.5996786212921141,0.0,166.8017006149292,1.0399999999999943,1.1999999999999942,50000.0,5.0,250000.0,2599.9999999999854,2999.9999999999854
2026-01-08,KIOCL,SHORT,A_MOD_BREAK_C1_LOW,MODERATE,2026-01-08 10:45:00+05:30,2026-01-08 11:00:00+05:30,379.924,382.77343,375.36491199999995,2026-01-08 12:02:00+05:30,375.36491199999995,TARGET,5.200000000000041,6.000000000000041,37.66134262084961,25.837825775146484,7.0343194007873535,1.825889458368307,3.0575907713275203,0.007949016647096817,0.7444507945271976,0.0,382.77343,1.0400000000000083,1.2000000000000082,50000.0,5.0,250000.0,2600.000000000021,3000.0000000000205
2026-01-08,PILANIINVS,SHORT,A_MOD_BREAK_C1_LOW,MODERATE,2026-01-08 10:45:00+05:30,2026-01-08 11:00:00+05:30,5055.9886,5093.9085145,4995.3167367999995,2026-01-08 15:22:00+05:30,4995.3167367999995,TARGET,5.200000000000019,6.000000000000019,29.595239639282227,38.14160919189453,0.0,1.0869812170262407,2.010956199658957,0.0023517614300127957,0.49415030756882555,0.0,5093.9085145,1.0400000000000038,1.2000000000000037,50000.0,5.0,250000.0,2600.0000000000095,3000.000000000009
2026-01-08,RAMKY,SHORT,A_MOD_BREAK_C1_LOW,MODERATE,2026-01-08 10:45:00+05:30,2026-01-08 11:00:00+05:30,529.894,533.868205,523.535272,2026-01-08 11:23:00+05:30,523.535272,TARGET,5.200000000000039,6.000000000000039,37.478702545166016,36.49542236328125,33.33333206176758,0.9165528817293461,1.6328253111811408,0.003989231361533111,0.564218558039183,0.0,533.868205,1.0400000000000078,1.2000000000000077,50000.0,5.0,250000.0,2600.0000000000196,3000.000000000019
2026-01-08,AEROFLEX,SHORT,A_MOD_BREAK_C1_LOW,MODERATE,2026-01-08 11:00:00+05:30,2026-01-08 11:15:00+05:30,194.2500030517578,195.706878074646,191.9190030151367,2026-01-08 13:03:00+05:30,191.9190030151367,TARGET,5.200000000000031,6.000000000000031,25.644302368164062,32.38003921508789,5.329035758972168,1.9383203752751592,2.4363691883997016,0.006385957217854856,0.5838706011956138,0.0,195.706878074646,1.0400000000000063,1.2000000000000062,50000.0,5.0,250000.0,2600.0000000000155,3000.0000000000155
2026-01-08,BALMLAWRIE,SHORT,A_MOD_BREAK_C1_LOW,MODERATE,2026-01-08 11:00:00+05:30,2026-01-08 11:15:00+05:30,180.14000244140624,181.4910524597168,177.97832241210935,2026-01-08 15:30:00+05:30,178.9600067138672,EOD,2.475218473261834,3.275218473261834,30.30914306640625,29.85719871520996,14.213175773620605,1.4651267435257838,2.530259789314643,0.0040354199685458435,0.5710343261131059,0.0,181.4910524597168,0.4950436946523668,0.6550436946523668,50000.0,5.0,250000.0,1237.6092366309172,1637.6092366309172
2026-01-08,DYNAMATECH,SHORT,A_MOD_BREAK_C1_LOW,MODERATE,2026-01-08 11:00:00+05:30,2026-01-08 11:15:00+05:30,8965.7065,9032.949298750002,8858.118022,2026-01-08 12:00:00+05:30,8858.118022,TARGET,5.1999999999999815,5.9999999999999805,25.52069854736328,27.568185806274414,7.903779983520508,1.1588207457867286,1.8755508814102564,0.004349038193476443,0.4393816527936395,0.0,9032.949298750002,1.0399999999999963,1.1999999999999962,50000.0,5.0,250000.0,2599.999999999991,2999.9999999999905
2026-01-08,HINDALCO,SHORT,A_MOD_BREAK_C1_LOW,MODERATE,2026-01-08 11:00:00+05:30,2026-01-08 11:15:00+05:30,907.4184555908203,914.2240940077514,896.5294341237304,2026-01-08 15:30:00+05:30,903.0,EOD,1.6346295601533702,2.43462956015337,48.80794143676758,13.771114349365234,5.667043685913086,2.0104395413326195,4.1249935341239174,0.005379564178949807,0.9421191215515137,0.0,914.2240940077514,0.32692591203067406,0.48692591203067404,50000.0,5.0,250000.0,817.3147800766852,1217.314780076685
2026-01-08,IOB,SHORT,A_MOD_BREAK_C1_LOW,MODERATE,2026-01-08 11:00:00+05:30,2026-01-08 11:15:00+05:30,35.970000457763675,36.239775461196906,35.53836045227051,2026-01-08 11:24:00+05:30,35.53836045227051,TARGET,5.200000000000012,6.000000000000011,25.261911392211914,28.48328399658203,8.310012817382812,2.0591760481244643,2.4868084791100964,0.004416030833107892,0.5889286708831787,0.0,36.239775461196906,1.0400000000000023,1.2000000000000022,50000.0,5.0,250000.0,2600.0000000000055,3000.0000000000055
2026-01-08,KTKBANK,SHORT,A_MOD_BREAK_C1_LOW,MODERATE,2026-01-08 11:00:00+05:30,2026-01-08 11:15:00+05:30,195.7,197.16775,193.3516,2026-01-08 13:31:00+05:30,193.3516,TARGET,5.199999999999996,5.999999999999996,38.34356689453125,32.636722564697266,8.47048282623291,1.4567288942091066,1.9706596747434122,0.0053781141824412225,0.6886140436417332,0.0,197.16775,1.0399999999999991,1.199999999999999,50000.0,5.0,250000.0,2599.9999999999977,2999.9999999999973
2026-01-08,PARADEEP,SHORT,A_MOD_BREAK_C1_LOW,MODERATE,2026-01-08 11:00:00+05:30,2026-01-08 11:15:00+05:30,154.45999450683593,155.6184444656372,152.60647457275388,2026-01-08 13:29:00+05:30,152.60647457275388,TARGET,5.200000000000042,6.000000000000042,25.10611915588379,23.6765193939209,4.165220260620117,1.696291925995921,2.579819892921936,0.005690285885363027,0.533442874387543,0.0,155.6184444656372,1.0400000000000085,1.2000000000000084,50000.0,5.0,250000.0,2600.000000000021,3000.000000000021
2026-01-08,TATVA,SHORT,A_MOD_BREAK_C1_LOW,MODERATE,2026-01-08 11:00:00+05:30,2026-01-08 11:15:00+05:30,1299.8399555908204,1309.5887552577517,1284.2418761237307,2026-01-08 13:17:00+05:30,1284.2418761237307,TARGET,5.199999999999962,5.999999999999962,36.061588287353516,28.449373245239258,11.364295959472656,1.8333461982716028,2.66544669070692,0.00575381182964539,0.7217594090078332,0.0,1309.5887552577517,1.0399999999999925,1.1999999999999924,50000.0,5.0,250000.0,2599.9999999999814,2999.999999999981
2026-01-08,ADANIENSOL,SHORT,A_MOD_BREAK_C1_LOW,MODERATE,2026-01-08 11:15:00+05:30,2026-01-08 11:30:00+05:30,1008.9981722045899,1016.5656584961243,996.8901941381348,2026-01-08 12:07:00+05:30,996.8901941381348,TARGET,5.199999999999999,5.999999999999998,37.77353286743164,22.883071899414062,5.2214765548706055,1.8305870949249998,2.9486463388930333,0.0055326151976635915,0.7469557346233495,0.0,1016.5656584961243,1.0399999999999998,1.1999999999999997,50000.0,5.0,250000.0,2599.9999999999995,2999.999999999999
2026-01-08,CHEMCON,SHORT,A_MOD_BREAK_C1_LOW,MODERATE,2026-01-08 11:15:00+05:30,2026-01-08 11:30:00+05:30,198.39999694824218,199.887996925354,196.01919698486327,2026-01-08 12:37:00+05:30,196.01919698486327,TARGET,5.1999999999999975,5.999999999999997,34.453556060791016,31.729373931884766,16.606531143188477,1.4753752963646833,2.1100562869020676,0.004380381303842593,0.6349940177756848,0.0,199.887996925354,1.0399999999999996,1.1999999999999995,50000.0,5.0,250000.0,2599.999999999999,2999.9999999999986
2026-01-08,EMSLIMITED,SHORT,A_MOD_BREAK_C1_LOW,MODERATE,2026-01-08 11:15:00+05:30,2026-01-08 11:30:00+05:30,413.5172861022949,416.61866574806214,408.55507866906737,2026-01-08 15:30:00+05:30,412.0,EOD,1.034610248819895,1.8346102488198948,26.651247024536133,31.58356285095215,4.510190010070801,2.1683260919826277,2.47732763804409,0.0058027086517627845,0.6097687053680421,0.0,416.61866574806214,0.206922049763979,0.36692204976397896,50000.0,5.0,250000.0,517.3051244099474,917.3051244099474
2026-01-08,GICHSGFIN,SHORT,A_MOD_BREAK_C1_LOW,MODERATE,2026-01-08 11:15:00+05:30,2026-01-08 11:30:00+05:30,174.36000366210936,175.6677036895752,172.26768361816406,2026-01-08 12:07:00+05:30,172.26768361816406,TARGET,5.199999999999985,5.999999999999984,26.594118118286133,27.44427490234375,1.2003566026687622,1.6361364884333467,2.613383020432442,0.006352012966339677,0.5452356572501276,0.0,175.6677036895752,1.039999999999997,1.1999999999999968,50000.0,5.0,250000.0,2599.9999999999927,2999.9999999999923
2026-01-08,INDIAMART,SHORT,A_MOD_BREAK_C1_LOW,MODERATE,2026-01-08 11:15:00+05:30,2026-01-08 11:30:00+05:30,2144.571,2160.6552825,2118.836148,2026-01-08 14:44:00+05:30,2160.6552825,SL,-4.549999999999994,-3.749999999999994,29.515302658081055,31.109848022460938,8.850661277770996,1.2577935024505844,2.083972959836122,0.0036723026198660653,0.5228434028000681,0.0,2160.6552825,-0.9099999999999988,-0.7499999999999988,50000.0,5.0,250000.0,-2274.9999999999973,-1874.9999999999968
2026-01-08,IRCTC,SHORT,A_MOD_BREAK_C1_LOW,MODERATE,2026-01-08 11:15:00+05:30,2026-01-08 11:30:00+05:30,662.4174777954102,667.3856088788758,654.4684680618652,2026-01-08 15:29:00+05:30,654.4684680618652,TARGET,5.200000000000004,6.0000000000000036,25.261014938354492,28.62343978881836,5.826035976409912,1.6946454123552372,2.408747969001347,0.003513502741885248,0.5354781712374839,0.0,667.3856088788758,1.0400000000000007,1.2000000000000006,50000.0,5.0,250000.0,2600.000000000002,3000.0000000000014
2026-01-08,MOIL,SHORT,A_MOD_BREAK_C1_LOW,MODERATE,2026-01-08 11:15:00+05:30,2026-01-08 11:30:00+05:30,353.12937220458986,355.7778424961243,348.89181973813476,2026-01-08 15:08:00+05:30,348.89181973813476,TARGET,5.20000000000003,6.00000000000003,43.345947265625,10.611927032470703,1.9423766136169434,3.114703838816033,5.085537271165563,0.007990380968881996,0.860189208984375,0.0,355.7778424961243,1.040000000000006,1.200000000000006,50000.0,5.0,250000.0,2600.000000000015,3000.000000000015
2026-01-08,PARACABLES,SHORT,A_MOD_BREAK_C1_LOW,MODERATE,2026-01-08 11:15:00+05:30,2026-01-08 11:30:00+05:30,36.85000152587891,37.126376537323004,36.407801507568365,2026-01-08 11:54:00+05:30,37.126376537323004,SL,-4.550000000000046,-3.7500000000000466,28.69981575012207,25.140600204467773,3.144315481185913,1.7521683001685284,2.82653869296892,0.006794413942087315,0.5971266887813236,0.0,37.126376537323004,-0.9100000000000092,-0.7500000000000093,50000.0,5.0,250000.0,-2275.000000000023,-1875.0000000000234
2026-01-08,PTC,SHORT,A_MOD_BREAK_C1_LOW,MODERATE,2026-01-08 11:15:00+05:30,2026-01-08 11:30:00+05:30,163.45,164.675875,161.4886,2026-01-08 13:31:00+05:30,161.4886,TARGET,5.199999999999994,5.999999999999993,26.2337703704834,26.529132843017578,5.75963830947876,1.7906956327787447,1.9805423865463652,0.004414622812075953,0.5659054106208494,0.0,164.675875,1.0399999999999987,1.1999999999999986,50000.0,5.0,250000.0,2599.999999999997,2999.999999999997
2026-01-08,UNIONBANK,SHORT,A_MOD_BREAK_C1_LOW,MODERATE,2026-01-08 11:15:00+05:30,2026-01-08 11:30:00+05:30,161.5800048828125,162.7918549194336,159.64104482421874,2026-01-08 15:30:00+05:30,161.27000427246094,EOD,0.15927899796878392,0.9592789979687838,27.358287811279297,27.781612396240234,3.499060869216919,2.3161964772174284,2.6510478349083697,0.005874763811947755,0.6203743171691893,0.0,162.7918549194336,0.031855799593756784,0.19185579959375676,50000.0,5.0,250000.0,79.63949898439196,479.63949898439193
2026-01-08,GRWRHITECH,SHORT,A_MOD_BREAK_C1_LOW,MODERATE,2026-01-08 12:00:00+05:30,2026-01-08 12:15:00+05:30,3002.3994,3024.9173955,2966.3706071999995,2026-01-08 15:20:00+05:30,2966.3706071999995,TARGET,5.200000000000042,6.000000000000042,27.042356491088867,16.727617263793945,2.737776041030884,2.9825626780537013,3.3876909964312323,0.010627767686142193,0.615635347366333,0.0,3024.9173955,1.0400000000000085,1.2000000000000084,50000.0,5.0,250000.0,2600.000000000021,3000.000000000021
2026-01-08,YASHO,SHORT,A_MOD_BREAK_C1_LOW,MODERATE,2026-01-08 12:00:00+05:30,2026-01-08 12:15:00+05:30,1224.755,1233.9406625000001,1210.0579400000001,2026-01-08 12:37:00+05:30,1233.9406625000001,SL,-4.550000000000014,-3.7500000000000138,63.12178039550781,9.586525917053223,1.9739024639129639,2.862953349116217,3.855322424062202,0.011384301240059135,0.96,0.0,1233.9406625000001,-0.9100000000000028,-0.7500000000000028,50000.0,5.0,250000.0,-2275.0000000000073,-1875.0000000000068
2026-01-08,REMSONSIND,SHORT,A_MOD_BREAK_C1_LOW,MODERATE,2026-01-08 12:45:00+05:30,2026-01-08 13:00:00+05:30,117.49000091552735,118.3711759223938,116.08012090454102,2026-01-08 14:48:00+05:30,118.3711759223938,SL,-4.550000000000006,-3.750000000000006,27.99420928955078,28.498920440673828,1.2658365964889526,2.4304600625140336,2.4943899710573354,0.006769717407008074,0.6299131393432618,0.0,118.3711759223938,-0.9100000000000013,-0.7500000000000012,50000.0,5.0,250000.0,-2275.000000000003,-1875.000000000003
2026-01-09,ADANIPORTS,SHORT,A_MOD_BREAK_C1_LOW,MODERATE,2026-01-09 11:30:00+05:30,2026-01-09 11:45:00+05:30,1442.7114,1453.5317355,1425.3988631999998,2026-01-09 15:30:00+05:30,1434.0,EOD,2.2191069398910663,3.019106939891066,34.22404479980469,32.34813690185547,23.558155059814453,0.6380935274588727,1.7436808327120155,0.005785335899293561,0.4722110809379738,0.0,1453.5317355,0.4438213879782133,0.6038213879782133,50000.0,5.0,250000.0,1109.5534699455334,1509.5534699455334
2026-01-09,ELECON,SHORT,A_MOD_BREAK_C1_LOW,MODERATE,2026-01-09 11:45:00+05:30,2026-01-09 12:00:00+05:30,422.9154,426.0872655,417.8404152,2026-01-09 12:10:00+05:30,426.0872655,SL,-4.550000000000028,-3.7500000000000284,44.0457763671875,19.94548988342285,2.2762231826782227,1.384552318385341,3.3767619921569754,0.026652066933806673,0.7629833012252472,0.0,426.0872655,-0.9100000000000057,-0.7500000000000057,50000.0,5.0,250000.0,-2275.0000000000146,-1875.0000000000143
2026-01-09,POCL,SHORT,A_MOD_BREAK_C1_LOW,MODERATE,2026-01-09 12:00:00+05:30,2026-01-09 12:15:00+05:30,1403.8191555908204,1414.3477992577516,1386.9733257237306,2026-01-09 12:36:00+05:30,1386.9733257237306,TARGET,5.199999999999996,5.999999999999996,33.223636627197266,26.810497283935547,9.473902702331543,1.7567345946884614,2.3009747125397233,0.009482476980461889,0.6657831034784396,0.0,1414.3477992577516,1.0399999999999991,1.199999999999999,50000.0,5.0,250000.0,2599.9999999999977,2999.9999999999973
2026-01-09,SANGHVIMOV,SHORT,A_PULLBACK_C2_THEN_BREAK_C2_LOW,MODERATE,2026-01-09 12:00:00+05:30,2026-01-09 12:30:00+05:30,315.9368,318.306326,312.1455584,2026-01-09 15:30:00+05:30,313.70001220703125,EOD,2.7399291772417067,3.5399291772417065,41.89564514160156,30.943708419799805,5.7896647453308105,1.5203083553546937,2.4188543022713263,0.009626886035920572,0.7544886393110948,0.0,318.306326,0.5479858354483413,0.7079858354483413,50000.0,5.0,250000.0,1369.9645886208534,1769.9645886208532
2026-01-09,TIINDIA,SHORT,A_PULLBACK_C2_THEN_BREAK_C2_LOW,MODERATE,2026-01-09 12:00:00+05:30,2026-01-09 12:30:00+05:30,2460.5078,2478.9616085000002,2430.9817064,2026-01-09 15:30:00+05:30,2450.0,EOD,1.3352909346598825,2.1352909346598823,28.72410774230957,32.20866394042969,40.714420318603516,0.7749148627996375,1.7170684351202783,0.007855045511945134,0.412325138880594,0.0,2478.9616085000002,0.26705818693197647,0.42705818693197645,50000.0,5.0,250000.0,667.6454673299412,1067.645467329941
2026-01-09,VRLLOG,SHORT,A_MOD_BREAK_C1_LOW,MODERATE,2026-01-09 12:15:00+05:30,2026-01-09 12:30:00+05:30,259.39812220458987,261.3436081211243,256.28534473813477,2026-01-09 13:55:00+05:30,256.28534473813477,TARGET,5.200000000000041,6.000000000000041,31.659141540527344,31.124908447265625,18.07997703552246,1.0397142818580751,1.6203000243083647,0.004431592706081265,0.4978521236484916,0.0,261.3436081211243,1.0400000000000083,1.2000000000000082,50000.0,5.0,250000.0,2600.000000000021,3000.0000000000205
2026-01-09,AADHARHFC,SHORT,A_MOD_BREAK_C1_LOW,MODERATE,2026-01-09 12:30:00+05:30,2026-01-09 12:45:00+05:30,480.9038,484.5105785,475.13295439999996,2026-01-09 15:30:00+05:30,477.79998779296875,EOD,2.4270614279105716,3.2270614279105714,32.364990234375,29.984113693237305,9.248774528503418,1.512611940098727,1.668450959459197,0.005559594293165248,0.5936044910058622,0.0,484.5105785,0.4854122855821143,0.6454122855821143,50000.0,5.0,250000.0,1213.5307139552858,1613.5307139552856
2026-01-09,FINCABLES,SHORT,A_MOD_BREAK_C1_LOW,MODERATE,2026-01-09 12:30:00+05:30,2026-01-09 12:45:00+05:30,766.6966055908204,772.4468301327515,757.4962463237305,2026-01-09 15:30:00+05:30,770.0,EOD,-2.9543035309475725,-2.1543035309475727,36.01744842529297,31.71208953857422,7.637035369873047,1.764488809868999,2.0147429256600353,0.0052999657455744835,0.7090472681064692,0.0,772.4468301327515,-0.5908607061895145,-0.4308607061895145,50000.0,5.0,250000.0,-1477.1517654737863,-1077.1517654737863
2026-01-09,NSIL,SHORT,A_MOD_BREAK_C1_LOW,MODERATE,2026-01-09 12:30:00+05:30,2026-01-09 12:45:00+05:30,6218.756,6265.396670000001,6144.1309280000005,2026-01-09 15:30:00+05:30,6259.0,EOD,-4.035695370585346,-3.2356953705853457,35.56061553955078,30.354656219482422,5.531914710998535,1.5994814110221527,2.3537213305208544,0.005454753986125591,0.6733184800221383,0.0,6265.396670000001,-0.8071390741170692,-0.6471390741170692,50000.0,5.0,250000.0,-2017.847685292673,-1617.8476852926728
2026-01-09,CONFIPET,SHORT,A_MOD_BREAK_C1_LOW,MODERATE,2026-01-09 12:45:00+05:30,2026-01-09 13:00:00+05:30,34.26999969482422,34.527024692535406,33.85875969848633,2026-01-09 13:41:00+05:30,34.527024692535406,SL,-4.550000000000037,-3.7500000000000377,38.12932205200195,31.34390640258789,21.884145736694336,1.1039303780871839,1.7628463812868875,0.008026618633869671,0.6132699660096308,0.0,34.527024692535406,-0.9100000000000075,-0.7500000000000075,50000.0,5.0,250000.0,-2275.0000000000186,-1875.0000000000189
2026-01-09,NATCOPHARM,SHORT,A_MOD_BREAK_C1_LOW,MODERATE,2026-01-09 13:30:00+05:30,2026-01-09 13:45:00+05:30,894.821,901.5321575,884.083148,2026-01-09 15:24:00+05:30,884.083148,TARGET,5.199999999999987,5.999999999999987,26.750167846679688,26.744041442871094,7.854800224304199,3.3329137755961837,3.204648959857053,0.005337824326327632,0.6112525177001953,0.0,901.5321575,1.0399999999999974,1.1999999999999973,50000.0,5.0,250000.0,2599.999999999993,2999.999999999993
2026-01-09,KOLTEPATIL,SHORT,A_MOD_BREAK_C1_LOW,MODERATE,2026-01-09 13:45:00+05:30,2026-01-09 14:00:00+05:30,379.22412779541014,382.0683087538757,374.6734382618652,2026-01-09 15:18:00+05:30,374.6734382618652,TARGET,5.2000000000000055,6.000000000000005,31.816234588623047,33.15090560913086,5.102046966552734,2.1448833466979775,2.0931653353476807,0.003314377272626335,0.6872435188293455,0.0,382.0683087538757,1.0400000000000011,1.200000000000001,50000.0,5.0,250000.0,2600.0000000000027,3000.0000000000027
2026-01-09,ADFFOODS,SHORT,A_MOD_BREAK_C1_LOW,MODERATE,2026-01-09 14:00:00+05:30,2026-01-09 14:15:00+05:30,200.95,202.457125,198.53859999999997,2026-01-09 15:09:00+05:30,198.53859999999997,TARGET,5.200000000000037,6.000000000000036,38.227134704589844,35.3622932434082,15.977997779846191,1.9680502877986,2.221350866950339,0.003024168275482026,0.7778158209336026,0.0,202.457125,1.0400000000000074,1.2000000000000073,50000.0,5.0,250000.0,2600.0000000000186,3000.000000000018
2026-01-09,DOLATALGO,SHORT,A_MOD_BREAK_C1_LOW,MODERATE,2026-01-09 14:15:00+05:30,2026-01-09 14:30:00+05:30,88.56000061035157,89.2242006149292,87.49728060302735,2026-01-09 15:16:00+05:30,87.49728060302735,TARGET,5.199999999999988,5.999999999999988,26.29273223876953,29.4091796875,3.464833974838257,2.4802912907950234,2.6151268858347025,0.0055848855781024005,0.6043909835815429,0.0,89.2242006149292,1.0399999999999976,1.1999999999999975,50000.0,5.0,250000.0,2599.9999999999936,2999.999999999994
2026-01-09,SANDUMA,SHORT,A_MOD_BREAK_C1_LOW,MODERATE,2026-01-09 14:15:00+05:30,2026-01-09 14:30:00+05:30,226.41000671386718,228.1080817642212,223.69308663330077,2026-01-09 15:20:00+05:30,223.69308663330077,TARGET,5.20000000000001,6.00000000000001,41.53630828857422,18.742908477783203,3.379855155944824,4.137297464810487,3.545198152052374,0.008984489640491122,0.8330446243286131,0.0,228.1080817642212,1.040000000000002,1.200000000000002,50000.0,5.0,250000.0,2600.000000000005,3000.000000000005
2026-01-12,PGHL,SHORT,A_MOD_BREAK_C1_LOW,MODERATE,2026-01-12 10:30:00+05:30,2026-01-12 10:45:00+05:30,5285.9426,5325.5871695000005,5222.5112888,2026-01-12 15:01:00+05:30,5325.5871695000005,SL,-4.550000000000019,-3.75000000000002,56.93300247192383,14.010891914367676,3.1598541736602783,1.3107786141448245,4.212118466812066,0.005003646227424955,0.8393862574753443,0.0,5325.5871695000005,-0.9100000000000039,-0.750000000000004,50000.0,5.0,250000.0,-2275.0000000000095,-1875.00000000001
2026-01-12,TEJASNET,SHORT,A_MOD_BREAK_C1_LOW,MODERATE,2026-01-12 10:30:00+05:30,2026-01-12 10:45:00+05:30,374.925,377.7369375,370.4259,2026-01-12 10:46:00+05:30,370.4259,TARGET,5.1999999999999975,5.999999999999997,59.690673828125,16.560922622680664,6.865848064422607,1.1676252438508203,3.96790466716104,0.020425808095069435,0.8143344176738936,0.0,377.7369375,1.0399999999999996,1.1999999999999995,50000.0,5.0,250000.0,2599.999999999999,2999.9999999999986
2026-01-12,RADICO,SHORT,A_PULLBACK_C2_THEN_BREAK_C2_LOW,MODERATE,2026-01-12 10:30:00+05:30,2026-01-12 11:00:00+05:30,2830.4338,2851.6620535,2796.4685944,2026-01-12 11:43:00+05:30,2796.4685944,TARGET,5.199999999999999,5.999999999999998,72.86711120605469,12.980281829833984,0.8869143128395081,1.7244876236150404,4.61768256037955,0.008325584336393571,0.9117853341326321,0.0,2851.6620535,1.0399999999999998,1.1999999999999997,50000.0,5.0,250000.0,2599.9999999999995,2999.999999999999
2026-01-12,BATAINDIA,SHORT,A_MOD_BREAK_C1_LOW,MODERATE,2026-01-12 10:45:00+05:30,2026-01-12 11:00:00+05:30,908.7182444091796,915.5336312422486,897.8136254762695,2026-01-12 15:30:00+05:30,910.0,EOD,-1.505254680813474,-0.7052546808134741,26.412019729614258,30.97817039489746,7.777133464813232,1.0266396354227634,2.3766047795237397,0.004848886053866731,0.43584223214319745,0.0,915.5336312422486,-0.3010509361626948,-0.14105093616269482,50000.0,5.0,250000.0,-752.627340406737,-352.627340406737
2026-01-12,EIMCOELECO,SHORT,A_MOD_BREAK_C1_LOW,MODERATE,2026-01-12 10:45:00+05:30,2026-01-12 11:00:00+05:30,1516.1967,1527.56817525,1498.0023396,2026-01-12 11:21:00+05:30,1498.0023396,TARGET,5.200000000000017,6.000000000000016,25.798259735107422,22.503881454467773,3.4488043785095215,1.4679209522588899,3.618972596700583,0.014467979672474894,0.503860062671917,0.0,1527.56817525,1.0400000000000034,1.2000000000000033,50000.0,5.0,250000.0,2600.0000000000086,3000.000000000008
2026-01-12,TSFINV,SHORT,A_MOD_BREAK_C1_LOW,MODERATE,2026-01-12 10:45:00+05:30,2026-01-12 11:00:00+05:30,419.0161861022949,422.1588074980622,413.98799186906734,2026-01-12 11:11:00+05:30,413.98799186906734,TARGET,5.200000000000032,6.000000000000032,43.081024169921875,21.391826629638672,23.818761825561523,0.6211590069574797,2.9181159373115135,0.00996182440174152,0.614918188766387,0.0,422.1588074980622,1.0400000000000065,1.2000000000000064,50000.0,5.0,250000.0,2600.0000000000164,3000.000000000016
2026-01-12,BCLIND,SHORT,A_MOD_BREAK_C1_LOW,MODERATE,2026-01-12 11:00:00+05:30,2026-01-12 11:15:00+05:30,29.60999984741211,29.8320748462677,29.254679849243164,2026-01-12 12:34:00+05:30,29.8320748462677,SL,-4.550000000000037,-3.7500000000000373,43.20994567871094,31.14226722717285,29.896963119506836,0.6060306178395203,1.5409066908048579,0.00852519250009421,0.591249877842823,0.0,29.8320748462677,-0.9100000000000075,-0.7500000000000074,50000.0,5.0,250000.0,-2275.0000000000186,-1875.0000000000186
2026-01-12,CUMMINSIND,SHORT,A_MOD_BREAK_C1_LOW,MODERATE,2026-01-12 11:00:00+05:30,2026-01-12 11:15:00+05:30,3952.0094888183594,3981.6495599844975,3904.585374952539,2026-01-12 11:54:00+05:30,3904.585374952539,TARGET,5.200000000000005,6.000000000000004,29.259746551513672,17.159887313842773,4.914440155029297,1.3906471681237111,3.2091241124763625,0.008100138730982035,0.5422594526943545,0.0,3981.6495599844975,1.040000000000001,1.2000000000000008,50000.0,5.0,250000.0,2600.0000000000023,3000.0000000000023
2026-01-12,GODREJPROP,SHORT,A_MOD_BREAK_C1_LOW,MODERATE,2026-01-12 11:00:00+05:30,2026-01-12 11:15:00+05:30,1936.6126,1951.1371945,1913.3732487999998,2026-01-12 11:43:00+05:30,1913.3732487999998,TARGET,5.200000000000027,6.000000000000027,58.209129333496094,27.949644088745117,11.294266700744629,1.0535768898813682,2.756377134684459,0.008440889152719856,0.7943759557292394,0.0,1951.1371945,1.0400000000000054,1.2000000000000053,50000.0,5.0,250000.0,2600.000000000013,3000.000000000013
2026-01-12,GREENLAM,SHORT,A_MOD_BREAK_C1_LOW,MODERATE,2026-01-12 11:00:00+05:30,2026-01-12 11:15:00+05:30,239.1700012207031,240.9637762298584,236.29996120605466,2026-01-12 12:19:00+05:30,240.9637762298584,SL,-4.55000000000005,-3.7500000000000497,26.529869079589844,17.37580108642578,0.5917140245437622,2.369561169195656,4.558065235101644,0.006494332569363159,0.6079480361938476,0.0,240.9637762298584,-0.9100000000000099,-0.75000000000001,50000.0,5.0,250000.0,-2275.000000000025,-1875.000000000025
2026-01-12,NBCC,SHORT,A_MOD_BREAK_C1_LOW,MODERATE,2026-01-12 11:00:00+05:30,2026-01-12 11:15:00+05:30,105.0499984741211,105.83787346267701,103.78939849243164,2026-01-12 12:19:00+05:30,105.83787346267701,SL,-4.550000000000023,-3.750000000000023,48.48176193237305,22.78920555114746,4.510194301605225,1.4632605291916108,2.9435573340960155,0.010064279653709254,0.8432970215941276,0.0,105.83787346267701,-0.9100000000000046,-0.7500000000000047,50000.0,5.0,250000.0,-2275.0000000000114,-1875.0000000000116
2026-01-12,SUDARSCHEM,SHORT,A_MOD_BREAK_C1_LOW,MODERATE,2026-01-12 11:00:00+05:30,2026-01-12 11:15:00+05:30,913.2673222045898,920.1168271211243,902.3081143381347,2026-01-12 11:34:00+05:30,902.3081143381347,TARGET,5.2000000000000295,6.000000000000028,56.6220703125,24.999723434448242,21.733566284179688,0.6763759234732332,2.91146150263174,0.00827195315384123,0.7283657866078157,0.0,920.1168271211243,1.0400000000000058,1.2000000000000057,50000.0,5.0,250000.0,2600.0000000000146,3000.0000000000146
2026-01-12,AHLUCONT,SHORT,A_MOD_BREAK_C1_LOW,MODERATE,2026-01-12 11:15:00+05:30,2026-01-12 11:30:00+05:30,884.5230722045899,891.1569952461243,873.9087953381348,2026-01-12 12:16:00+05:30,891.1569952461243,SL,-4.550000000000011,-3.7500000000000115,28.913021087646484,21.349031448364258,1.3566950559616089,1.5858712168072682,2.816614329080051,0.008383183318029421,0.5712227792559692,0.0,891.1569952461243,-0.9100000000000024,-0.7500000000000023,50000.0,5.0,250000.0,-2275.000000000006,-1875.0000000000057
2026-01-12,ASHOKA,SHORT,A_MOD_BREAK_C1_LOW,MODERATE,2026-01-12 11:15:00+05:30,2026-01-12 11:30:00+05:30,155.7500030517578,156.918128074646,153.8810030151367,2026-01-12 12:19:00+05:30,156.918128074646,SL,-4.550000000000068,-3.750000000000069,46.521240234375,27.308738708496094,10.848309516906738,1.0036292969517744,2.8240748236634623,0.00860076031713992,0.7334537304821855,0.0,156.918128074646,-0.9100000000000137,-0.7500000000000138,50000.0,5.0,250000.0,-2275.0000000000346,-1875.0000000000343
2026-01-12,BBTC,SHORT,A_MOD_BREAK_C1_LOW,MODERATE,2026-01-12 11:15:00+05:30,2026-01-12 11:30:00+05:30,1781.7435555908203,1795.1066322577515,1760.3626329237304,2026-01-12 13:38:00+05:30,1795.1066322577515,SL,-4.5500000000000105,-3.750000000000011,50.67301559448242,29.33310317993164,14.905009269714355,1.004249934057803,2.1223011017500832,0.005930028505254895,0.7857437384601156,0.0,1795.1066322577515,-0.9100000000000021,-0.7500000000000022,50000.0,5.0,250000.0,-2275.0000000000055,-1875.0000000000055
2026-01-12,DATAPATTNS,SHORT,A_MOD_BREAK_C1_LOW,MODERATE,2026-01-12 11:15:00+05:30,2026-01-12 11:30:00+05:30,2579.484,2598.8301300000003,2548.5301919999997,2026-01-12 12:58:00+05:30,2598.8301300000003,SL,-4.55000000000007,-3.7500000000000693,26.86089324951172,34.477745056152344,26.0894718170166,1.0348308501309418,1.9534599226862066,0.011278636028364633,0.44168179364990096,0.0,2598.8301300000003,-0.9100000000000139,-0.7500000000000139,50000.0,5.0,250000.0,-2275.000000000035,-1875.0000000000346
2026-01-12,ICRA,SHORT,A_MOD_BREAK_C1_LOW,MODERATE,2026-01-12 11:15:00+05:30,2026-01-12 11:30:00+05:30,5993.801,6038.754507500001,5921.875388,2026-01-12 15:30:00+05:30,6008.0,EOD,-1.9844737588051065,-1.1844737588051066,68.96659088134766,25.078567504882812,16.159730911254883,0.7575359948880297,2.340073156759796,0.00522459187638869,0.7425687991054051,0.0,6038.754507500001,-0.3968947517610213,-0.23689475176102132,50000.0,5.0,250000.0,-992.2368794025532,-592.2368794025533
2026-01-12,IOLCP,SHORT,A_MOD_BREAK_C1_LOW,MODERATE,2026-01-12 11:15:00+05:30,2026-01-12 11:30:00+05:30,75.64999694824219,76.21737192535402,74.74219698486328,2026-01-12 12:37:00+05:30,76.21737192535402,SL,-4.550000000000058,-3.750000000000058,39.74346923828125,26.49331283569336,18.95047950744629,0.8171354276943539,2.2685003608379284,0.009618666178668507,0.5991507384207306,0.0,76.21737192535402,-0.9100000000000117,-0.7500000000000117,50000.0,5.0,250000.0,-2275.000000000029,-1875.000000000029
2026-01-12,MANINFRA,SHORT,A_MOD_BREAK_C1_LOW,MODERATE,2026-01-12 11:15:00+05:30,2026-01-12 11:30:00+05:30,116.45,117.32337500000001,115.0526,2026-01-12 12:21:00+05:30,117.32337500000001,SL,-4.550000000000043,-3.7500000000000426,38.79236602783203,29.45619773864746,14.234724044799805,1.4076277959478094,2.581592074462704,0.007782854423908486,0.6882203547083472,0.0,117.32337500000001,-0.9100000000000086,-0.7500000000000085,50000.0,5.0,250000.0,-2275.0000000000214,-1875.0000000000214
2026-01-12,NAVA,SHORT,A_MOD_BREAK_C1_LOW,MODERATE,2026-01-12 11:15:00+05:30,2026-01-12 11:30:00+05:30,566.6866277954101,570.9367775038758,559.8863882618651,2026-01-12 12:18:00+05:30,570.9367775038758,SL,-4.550000000000058,-3.750000000000058,38.0733528137207,32.43250274658203,28.10329818725586,0.6080097543479316,1.7397221723334781,0.01010961465314162,0.5244881078333725,0.0,570.9367775038758,-0.9100000000000117,-0.7500000000000117,50000.0,5.0,250000.0,-2275.000000000029,-1875.000000000029
2026-01-12,SHAREINDIA,SHORT,A_MOD_BREAK_C1_LOW,MODERATE,2026-01-12 11:15:00+05:30,2026-01-12 11:30:00+05:30,150.31000061035155,151.4373256149292,148.50628060302734,2026-01-12 12:33:00+05:30,151.4373256149292,SL,-4.5500000000000185,-3.750000000000018,29.080551147460938,35.66130828857422,9.222970962524414,0.8159322902233533,1.5642568605490723,0.010274615535625682,0.4172092610284545,0.0,151.4373256149292,-0.9100000000000037,-0.7500000000000037,50000.0,5.0,250000.0,-2275.000000000009,-1875.0000000000093
2026-01-12,SWANCORP,SHORT,A_MOD_BREAK_C1_LOW,MODERATE,2026-01-12 11:15:00+05:30,2026-01-12 11:30:00+05:30,422.21552779541014,425.38214425387577,417.1489414618652,2026-01-12 11:35:00+05:30,417.1489414618652,TARGET,5.2000000000000135,6.000000000000013,40.4631462097168,23.382266998291016,2.0226917266845703,1.4592602857471118,2.6735384384853464,0.009046833846290432,0.7223177431514964,0.0,425.38214425387577,1.0400000000000027,1.2000000000000026,50000.0,5.0,250000.0,2600.000000000007,3000.0000000000064
2026-01-12,VINCOFE,SHORT,A_MOD_BREAK_C1_LOW,MODERATE,2026-01-12 11:15:00+05:30,2026-01-12 11:30:00+05:30,158.14999694824218,159.336121925354,156.25219698486328,2026-01-12 12:22:00+05:30,159.336121925354,SL,-4.550000000000046,-3.750000000000046,44.79036331176758,25.335660934448242,4.028286933898926,1.2435897147132269,2.9233432959325456,0.012475591502784433,0.7494836497513284,0.0,159.336121925354,-0.9100000000000092,-0.7500000000000092,50000.0,5.0,250000.0,-2275.000000000023,-1875.0000000000232
2026-01-12,ESABINDIA,SHORT,A_MOD_BREAK_C1_LOW,MODERATE,2026-01-12 11:30:00+05:30,2026-01-12 11:45:00+05:30,5416.9164,5457.543273,5351.9134032,2026-01-12 12:28:00+05:30,5457.543273,SL,-4.550000000000014,-3.750000000000014,68.39043426513672,14.720758438110352,1.0276646614074707,2.438600439862899,4.249300494102948,0.0070663922472869655,0.96,0.0,5457.543273,-0.9100000000000028,-0.7500000000000029,50000.0,5.0,250000.0,-2275.0000000000073,-1875.0000000000073
2026-01-12,ESCORTS,SHORT,A_MOD_BREAK_C1_LOW,MODERATE,2026-01-12 11:30:00+05:30,2026-01-12 11:45:00+05:30,3739.4519111816408,3767.4978005155035,3694.578488247461,2026-01-12 12:35:00+05:30,3767.4978005155035,SL,-4.550000000000061,-3.7500000000000613,44.941165924072266,30.172327041625977,6.382748126983643,1.1139629411502099,1.9799778590696757,0.007425641515256489,0.7280598965158545,0.0,3767.4978005155035,-0.9100000000000121,-0.7500000000000122,50000.0,5.0,250000.0,-2275.0000000000305,-1875.0000000000305
2026-01-12,FINPIPE,SHORT,A_MOD_BREAK_C1_LOW,MODERATE,2026-01-12 11:30:00+05:30,2026-01-12 11:45:00+05:30,171.95,173.239625,169.8866,2026-01-12 12:23:00+05:30,173.239625,SL,-4.5500000000000025,-3.7500000000000027,53.934417724609375,37.63423538208008,53.20022964477539,0.3421012341239089,1.3656439116442063,0.006789876278056655,0.6381499115538942,0.0,173.239625,-0.9100000000000006,-0.7500000000000006,50000.0,5.0,250000.0,-2275.0000000000014,-1875.0000000000014
2026-01-12,HFCL,SHORT,A_MOD_BREAK_C1_LOW,MODERATE,2026-01-12 11:30:00+05:30,2026-01-12 11:45:00+05:30,62.900000762939456,63.37175076866151,62.14520075378418,2026-01-12 12:11:00+05:30,63.37175076866151,SL,-4.550000000000036,-3.750000000000036,32.11670684814453,30.496000289916992,9.856511116027832,0.7383031974850822,1.7332793811790088,0.012097508188277956,0.4576176313410078,0.0,63.37175076866151,-0.9100000000000072,-0.7500000000000072,50000.0,5.0,250000.0,-2275.000000000018,-1875.0000000000182
2026-01-12,INNOVACAP,SHORT,A_MOD_BREAK_C1_LOW,MODERATE,2026-01-12 11:30:00+05:30,2026-01-12 11:45:00+05:30,686.8626,692.0140695000001,678.6202488,2026-01-12 13:43:00+05:30,692.0140695000001,SL,-4.550000000000055,-3.750000000000055,53.48788833618164,24.593576431274414,8.96917724609375,1.5455825198754811,2.9774185846278516,0.0061395414705012735,0.8804769409782092,0.0,692.0140695000001,-0.910000000000011,-0.750000000000011,50000.0,5.0,250000.0,-2275.0000000000273,-1875.0000000000275
2026-01-12,KIRLOSBROS,SHORT,A_MOD_BREAK_C1_LOW,MODERATE,2026-01-12 11:30:00+05:30,2026-01-12 11:45:00+05:30,1554.689,1566.3491675000002,1536.0327320000001,2026-01-12 12:22:00+05:30,1566.3491675000002,SL,-4.550000000000054,-3.750000000000054,40.806480407714844,28.481327056884766,8.367183685302734,1.050815222131583,2.498243043371014,0.007076732366965611,0.6559898699887496,0.0,1566.3491675000002,-0.9100000000000108,-0.7500000000000109,50000.0,5.0,250000.0,-2275.000000000027,-1875.0000000000273
2026-01-12,LLOYDSENT,SHORT,A_MOD_BREAK_C1_LOW,MODERATE,2026-01-12 11:30:00+05:30,2026-01-12 11:45:00+05:30,59.76000137329102,60.208201383590705,59.04288135681153,2026-01-12 12:03:00+05:30,60.208201383590705,SL,-4.550000000000031,-3.750000000000031,48.00284194946289,30.932815551757812,17.304367065429688,1.0378537161924546,2.2201904438405444,0.012860018034679692,0.7616670295756229,0.0,60.208201383590705,-0.9100000000000061,-0.7500000000000062,50000.0,5.0,250000.0,-2275.0000000000155,-1875.0000000000155
2026-01-12,MANORAMA,SHORT,A_MOD_BREAK_C1_LOW,MODERATE,2026-01-12 11:30:00+05:30,2026-01-12 11:45:00+05:30,1280.0439888183594,1289.6443187344971,1264.683460952539,2026-01-12 12:28:00+05:30,1289.6443187344971,SL,-4.550000000000022,-3.750000000000022,33.105926513671875,34.24343490600586,23.42597198486328,0.8102391166152751,1.5366162940793855,0.007916054549383322,0.47521155781672053,0.0,1289.6443187344971,-0.9100000000000044,-0.7500000000000044,50000.0,5.0,250000.0,-2275.000000000011,-1875.0000000000111
2026-01-12,NATCOPHARM,SHORT,A_MOD_BREAK_C1_LOW,MODERATE,2026-01-12 11:30:00+05:30,2026-01-12 11:45:00+05:30,856.8286,863.2548145000001,846.5466568,2026-01-12 12:29:00+05:30,863.2548145000001,SL,-4.550000000000009,-3.7500000000000084,54.780723571777344,16.454221725463867,1.923356294631958,1.2664215812570714,3.0712529296130637,0.007812499443986507,0.8316237767199874,0.0,863.2548145000001,-0.9100000000000017,-0.7500000000000017,50000.0,5.0,250000.0,-2275.0000000000045,-1875.0000000000043
2026-01-12,TARSONS,SHORT,A_MOD_BREAK_C1_LOW,MODERATE,2026-01-12 11:30:00+05:30,2026-01-12 11:45:00+05:30,216.45,218.073375,213.8526,2026-01-12 13:37:00+05:30,218.073375,SL,-4.550000000000023,-3.750000000000023,31.04783821105957,37.37403106689453,51.871917724609375,0.19750397226430388,1.317012306936121,0.007454575420589084,0.3261313836589528,0.0,218.073375,-0.9100000000000046,-0.7500000000000047,50000.0,5.0,250000.0,-2275.0000000000114,-1875.0000000000116
2026-01-12,TITAGARH,SHORT,A_MOD_BREAK_C1_LOW,MODERATE,2026-01-12 11:30:00+05:30,2026-01-12 11:45:00+05:30,776.8446,782.6709345,767.5224648,2026-01-12 12:14:00+05:30,782.6709345,SL,-4.550000000000019,-3.7500000000000195,43.662784576416016,27.54910659790039,12.447837829589844,1.336342772128108,2.394751740688695,0.009747989017440376,0.7488017537686591,0.0,782.6709345,-0.9100000000000039,-0.7500000000000039,50000.0,5.0,250000.0,-2275.0000000000095,-1875.0000000000098
2026-01-12,UTTAMSUGAR,SHORT,A_MOD_BREAK_C1_LOW,MODERATE,2026-01-12 11:30:00+05:30,2026-01-12 11:45:00+05:30,230.2,231.9265,227.43759999999997,2026-01-12 11:52:00+05:30,227.43759999999997,TARGET,5.200000000000031,6.000000000000031,31.259408950805664,26.676401138305664,10.761106491088867,1.329806952340932,2.388309977206603,0.006855889588562078,0.5616073509217481,0.0,231.9265,1.0400000000000063,1.2000000000000062,50000.0,5.0,250000.0,2600.0000000000155,3000.0000000000155
2026-01-12,ZENTEC,SHORT,A_MOD_BREAK_C1_LOW,MODERATE,2026-01-12 11:30:00+05:30,2026-01-12 11:45:00+05:30,1238.7522,1248.0428415,1223.8871735999999,2026-01-12 12:02:00+05:30,1248.0428415,SL,-4.549999999999997,-3.7499999999999973,37.790382385253906,25.864999771118164,14.595253944396973,1.3859170791621869,2.7303075203347342,0.012025758740716092,0.6693912246321914,0.0,1248.0428415,-0.9099999999999995,-0.7499999999999994,50000.0,5.0,250000.0,-2274.9999999999986,-1874.9999999999986
2026-01-12,GENESYS,SHORT,A_PULLBACK_C2_THEN_BREAK_C2_LOW,MODERATE,2026-01-12 11:30:00+05:30,2026-01-12 12:00:00+05:30,397.9204,400.904803,393.1453552,2026-01-12 12:23:00+05:30,400.904803,SL,-4.550000000000054,-3.7500000000000537,41.997467041015625,26.877668380737305,7.854812145233154,1.2684310633915117,2.235702662097506,0.014305392622926131,0.711937441708749,0.0,400.904803,-0.9100000000000108,-0.7500000000000108,50000.0,5.0,250000.0,-2275.000000000027,-1875.0000000000268
2026-01-12,RESPONIND,SHORT,A_MOD_BREAK_C1_LOW,MODERATE,2026-01-12 11:45:00+05:30,2026-01-12 12:00:00+05:30,183.77000732421874,185.1482823791504,181.56476723632812,2026-01-12 12:01:00+05:30,181.56476723632812,TARGET,5.199999999999976,5.999999999999975,35.026302337646484,33.151458740234375,20.4598331451416,0.7231364953563754,1.6823443905925626,0.010321607491196646,0.4960606412816911,0.0,185.1482823791504,1.0399999999999952,1.199999999999995,50000.0,5.0,250000.0,2599.9999999999877,2999.9999999999873
2026-01-13,DBL,LONG,B_HUGE_GREEN_PULLBACK_HOLD_THEN_BREAK,HUGE,2026-01-13 10:00:00+05:30,2026-01-13 13:15:00+05:30,471.0942,467.56099350000005,478.16061299999996,2026-01-13 14:13:00+05:30,467.56099350000005,SL,-4.549999999999946,-3.749999999999946,29.206571578979492,72.37289428710938,77.64273834228516,0.8183537479913561,3.148351519568707,0.006614043988895007,5.243455881091273,0.0,467.56099350000005,-0.909999999999989,-0.7499999999999891,100000.0,5.0,500000.0,-4549.999999999945,-3749.9999999999454
2026-01-13,KECL,SHORT,A_MOD_BREAK_C1_LOW,MODERATE,2026-01-13 13:45:00+05:30,2026-01-13 14:00:00+05:30,92.14999694824219,92.84112192535402,91.04419698486328,2026-01-13 14:23:00+05:30,91.04419698486328,TARGET,5.20000000000004,6.00000000000004,40.455142974853516,30.914295196533203,10.489009857177734,2.532460519203954,2.4423493452354963,0.006005263982414866,0.8168271446228026,0.0,92.84112192535402,1.040000000000008,1.200000000000008,50000.0,5.0,250000.0,2600.0000000000205,3000.00000000002
2026-01-13,HPL,SHORT,A_MOD_BREAK_C1_LOW,MODERATE,2026-01-13 14:15:00+05:30,2026-01-13 14:30:00+05:30,355.62887220458987,358.2960887461243,351.3613257381348,2026-01-13 14:42:00+05:30,358.2960887461243,SL,-4.550000000000047,-3.750000000000048,29.668685913085938,31.96129608154297,7.771880626678467,3.6352765892651298,2.633288693007374,0.0054373948761586395,0.6550302886962891,0.0,358.2960887461243,-0.9100000000000095,-0.7500000000000095,50000.0,5.0,250000.0,-2275.0000000000236,-1875.0000000000239
2026-01-14,CESC,SHORT,A_MOD_BREAK_C1_LOW,MODERATE,2026-01-14 10:00:00+05:30,2026-01-14 10:15:00+05:30,157.47000427246093,158.6510293045044,155.5803642211914,2026-01-14 10:51:00+05:30,158.6510293045044,SL,-4.550000000000026,-3.750000000000025,43.91109085083008,22.27890396118164,8.225850105285645,0.9916675866079726,3.5180952401471672,0.004562551797251192,0.6922081904188464,0.0,158.6510293045044,-0.910000000000005,-0.750000000000005,50000.0,5.0,250000.0,-2275.0000000000127,-1875.0000000000125
2026-01-14,SHK,SHORT,A_MOD_BREAK_C1_LOW,MODERATE,2026-01-14 10:00:00+05:30,2026-01-14 10:15:00+05:30,164.17999572753905,165.4113456954956,162.20983577880858,2026-01-14 13:04:00+05:30,165.4113456954956,SL,-4.550000000000055,-3.750000000000055,47.329200744628906,19.659128189086914,8.543858528137207,1.3031097742987936,4.259193746042192,0.0047560957665451755,0.7979822216717225,0.0,165.4113456954956,-0.910000000000011,-0.750000000000011,50000.0,5.0,250000.0,-2275.0000000000273,-1875.0000000000275
2026-01-14,TANLA,SHORT,A_MOD_BREAK_C1_LOW,MODERATE,2026-01-14 10:00:00+05:30,2026-01-14 10:15:00+05:30,486.5526638977051,490.2018088769379,480.7140319309326,2026-01-14 15:30:00+05:30,482.70001220703125,EOD,3.159131227245563,3.959131227245563,39.22502136230469,21.81842041015625,4.004579544067383,1.3096548310930283,4.204968152685028,0.00482159927004887,0.6775649158758501,0.0,490.2018088769379,0.6318262454491126,0.7918262454491126,50000.0,5.0,250000.0,1579.5656136227815,1979.5656136227815
2026-01-14,ICICIGI,SHORT,A_MOD_BREAK_C1_LOW,MODERATE,2026-01-14 11:00:00+05:30,2026-01-14 11:15:00+05:30,1852.1295,1866.0204712500001,1829.903946,2026-01-14 15:30:00+05:30,1860.0,EOD,-2.9247164412639592,-2.1247164412639594,25.795045852661133,31.80556297302246,10.492681503295898,1.9149238016178933,1.8569110617813491,0.006605207229266493,0.5748829061621157,0.0,1866.0204712500001,-0.5849432882527918,-0.4249432882527919,50000.0,5.0,250000.0,-1462.3582206319797,-1062.3582206319797
2026-01-14,DELTACORP,LONG,B_HUGE_GREEN_PULLBACK_HOLD_THEN_BREAK,HUGE,2026-01-14 10:30:00+05:30,2026-01-14 12:00:00+05:30,72.73000030517578,72.18452530288697,73.82095030975341,2026-01-14 15:30:00+05:30,72.68000030517578,EOD,-1.1437371084160364,-0.34373710841603655,48.454952239990234,74.6413803100586,83.18055725097656,1.3762859633529674,3.1752981320245204,0.010848162360481754,6.83540043605724,0.0,72.18452530288697,-0.22874742168320727,-0.06874742168320731,100000.0,5.0,500000.0,-1143.7371084160363,-343.73710841603656
2026-01-14,NEWGEN,SHORT,A_MOD_BREAK_C1_LOW,MODERATE,2026-01-14 14:00:00+05:30,2026-01-14 14:15:00+05:30,768.59625,774.3607218750001,759.373095,2026-01-14 14:57:00+05:30,774.3607218750001,SL,-4.550000000000018,-3.7500000000000173,31.393272399902344,34.173160552978516,7.008123874664307,2.458146188951854,1.799900572039502,0.003065199473744406,0.6708941146005103,0.0,774.3607218750001,-0.9100000000000035,-0.7500000000000034,50000.0,5.0,250000.0,-2275.0000000000086,-1875.0000000000086
2026-01-16,AURIONPRO,SHORT,A_MOD_BREAK_C1_LOW,MODERATE,2026-01-16 11:00:00+05:30,2026-01-16 11:15:00+05:30,1001.4996722045898,1009.0109197461243,989.4816761381347,2026-01-16 14:18:00+05:30,989.4816761381347,TARGET,5.200000000000017,6.000000000000016,38.710975646972656,31.0936222076416,18.56060791015625,1.18245353235765,1.7590896195645511,0.005397971267321246,0.6355484838454062,0.0,1009.0109197461243,1.0400000000000034,1.2000000000000033,50000.0,5.0,250000.0,2600.0000000000086,3000.000000000008
2026-01-16,XPROINDIA,LONG,B_HUGE_GREEN_PULLBACK_HOLD_THEN_BREAK,HUGE,2026-01-16 10:15:00+05:30,2026-01-16 11:30:00+05:30,1065.0130088378905,1057.0254112716063,1080.9882039704587,2026-01-16 11:31:00+05:30,1080.9882039704587,TARGET,6.699999999999907,7.499999999999907,75.68952941894531,77.1888656616211,68.45520782470703,1.7667897159723867,2.5680407636205365,0.024181527673902654,8.036484566938293,0.0,1057.0254112716063,1.3399999999999814,1.4999999999999813,100000.0,5.0,500000.0,6699.999999999907,7499.999999999907
2026-01-16,IGARASHI,SHORT,A_MOD_BREAK_C1_LOW,MODERATE,2026-01-16 11:15:00+05:30,2026-01-16 11:30:00+05:30,395.4209,398.38655675000007,390.6758492,2026-01-16 11:58:00+05:30,390.6758492,TARGET,5.200000000000003,6.000000000000002,35.73499298095703,23.284997940063477,12.400205612182617,1.5897496539910634,2.6488081420254828,0.008374688900955402,0.6742310841627914,0.0,398.38655675000007,1.0400000000000005,1.2000000000000004,50000.0,5.0,250000.0,2600.0000000000014,3000.000000000001
2026-01-16,WOCKPHARMA,LONG,B_HUGE_GREEN_PULLBACK_HOLD_THEN_BREAK,HUGE,2026-01-16 10:15:00+05:30,2026-01-16 11:45:00+05:30,1439.9878911621095,1429.1879819783937,1461.587709529541,2026-01-16 15:12:00+05:30,1429.1879819783937,SL,-4.549999999999967,-3.749999999999967,25.54825782775879,77.7994613647461,80.25241088867188,2.195822240890983,3.463257789623177,0.005649608289855591,7.400800516592917,0.0,1429.1879819783937,-0.9099999999999935,-0.7499999999999934,100000.0,5.0,500000.0,-4549.999999999967,-3749.9999999999673
2026-01-16,GTPL,SHORT,A_MOD_BREAK_C1_LOW,MODERATE,2026-01-16 12:00:00+05:30,2026-01-16 12:15:00+05:30,82.1800033569336,82.79635338211061,81.19384331665039,2026-01-16 14:32:00+05:30,82.79635338211061,SL,-4.550000000000067,-3.7500000000000675,33.506752014160156,23.360517501831055,7.88798189163208,1.7789714269357852,2.535464516556417,0.014706137501112214,0.6739212799261647,0.0,82.79635338211061,-0.9100000000000135,-0.7500000000000135,50000.0,5.0,250000.0,-2275.0000000000337,-1875.0000000000337
2026-01-16,HINDWAREAP,SHORT,A_MOD_BREAK_C1_LOW,MODERATE,2026-01-16 12:00:00+05:30,2026-01-16 12:15:00+05:30,230.64999694824218,232.379871925354,227.88219698486327,2026-01-16 12:34:00+05:30,232.379871925354,SL,-4.550000000000008,-3.750000000000007,33.39158630371094,31.340423583984375,13.584030151367188,0.9495091088139722,1.7658608245002674,0.008520702809956092,0.5153309298231226,0.0,232.379871925354,-0.9100000000000015,-0.7500000000000014,50000.0,5.0,250000.0,-2275.0000000000036,-1875.0000000000036
2026-01-16,INDGN,SHORT,A_MOD_BREAK_C1_LOW,MODERATE,2026-01-16 12:00:00+05:30,2026-01-16 12:15:00+05:30,498.9501777954102,502.6923041288758,492.96277566186524,2026-01-16 15:30:00+05:30,492.96277566186524,TARGET,5.200000000000024,6.000000000000024,44.638980865478516,24.717832565307617,1.7544423341751099,1.4824748044207041,2.5945141689181925,0.0037786116156521762,0.7890178037558009,0.0,502.6923041288758,1.040000000000005,1.2000000000000048,50000.0,5.0,250000.0,2600.0000000000123,3000.0000000000123
2026-01-16,PATANJALI,SHORT,A_PULLBACK_C2_THEN_BREAK_C2_LOW,MODERATE,2026-01-16 12:30:00+05:30,2026-01-16 13:00:00+05:30,533.6932277954102,537.6959270038758,527.2889090618652,2026-01-16 14:00:00+05:30,527.2889090618652,TARGET,5.200000000000058,6.000000000000058,38.19245910644531,22.918949127197266,3.646907091140747,1.9678235110375242,2.4658063845528693,0.003514968518059702,0.7772560010282463,0.0,537.6959270038758,1.0400000000000116,1.2000000000000115,50000.0,5.0,250000.0,2600.000000000029,3000.0000000000286
2026-01-16,ASALCBR,SHORT,A_PULLBACK_C2_THEN_BREAK_C2_LOW,MODERATE,2026-01-16 12:45:00+05:30,2026-01-16 13:15:00+05:30,838.9321555908203,845.2241467577516,828.8649697237305,2026-01-16 15:30:00+05:30,838.2000122070312,EOD,-0.363645654234412,0.43635434576558785,56.59552001953125,22.037012100219727,6.458302974700928,2.171942386400587,2.3166409856575223,0.00827622577307752,0.96,0.0,845.2241467577516,-0.0727291308468824,0.08727086915311758,50000.0,5.0,250000.0,-181.822827117206,218.17717288279394
2026-01-16,RBLBANK,LONG,B_HUGE_GREEN_PULLBACK_HOLD_THEN_BREAK,HUGE,2026-01-16 10:45:00+05:30,2026-01-16 13:30:00+05:30,326.96537389526367,324.5131335910492,331.8698545036926,2026-01-16 14:05:00+05:30,324.5131335910492,SL,-4.549999999999967,-3.749999999999967,42.58939743041992,84.12825775146484,92.86184692382812,2.586170099889594,4.214798612883088,0.007785229752560381,9.374046721111483,0.0,324.5131335910492,-0.9099999999999935,-0.7499999999999934,100000.0,5.0,500000.0,-4549.999999999967,-3749.9999999999673
2026-01-16,SUMMITSEC,SHORT,A_MOD_BREAK_C1_LOW,MODERATE,2026-01-16 13:15:00+05:30,2026-01-16 13:30:00+05:30,1789.642,1803.064315,1768.166296,2026-01-16 15:30:00+05:30,1786.0999755859375,EOD,0.18959021247337546,0.9895902124733753,27.201990127563477,37.12541580200195,15.642529487609863,1.38704863625132,1.670846191376229,0.003684681773055663,0.49430567282624455,0.0,1803.064315,0.03791804249467509,0.19791804249467507,50000.0,5.0,250000.0,94.79510623668773,494.7951062366877
2026-01-16,NOCIL,SHORT,A_MOD_BREAK_C1_LOW,MODERATE,2026-01-16 14:00:00+05:30,2026-01-16 14:15:00+05:30,135.7,136.71775,134.0716,2026-01-16 14:39:00+05:30,134.0716,TARGET,5.1999999999999975,5.999999999999997,40.36530303955078,31.088340759277344,3.5896084308624268,1.991371171958379,2.1549575837855013,0.003998934673780016,0.813969500685978,0.0,136.71775,1.0399999999999996,1.1999999999999995,50000.0,5.0,250000.0,2599.999999999999,2999.9999999999986
2026-01-19,GPTINFRA,SHORT,A_MOD_BREAK_C1_LOW,MODERATE,2026-01-19 10:15:00+05:30,2026-01-19 10:30:00+05:30,104.11999816894532,104.90089815521242,102.87055819091798,2026-01-19 15:30:00+05:30,104.0,EOD,-0.2237506192105089,0.576249380789491,27.09796142578125,26.055622100830078,4.4186015129089355,0.9973526417535307,2.7603425127547214,0.0061357714394841625,0.4410061336935866,0.0,104.90089815521242,-0.04475012384210178,0.1152498761578982,50000.0,5.0,250000.0,-111.87530960525444,288.1246903947455
2026-01-19,JINDALSAW,LONG,B_HUGE_GREEN_PULLBACK_HOLD_THEN_BREAK,HUGE,2026-01-19 10:00:00+05:30,2026-01-19 11:00:00+05:30,174.05,172.744625,176.66075,2026-01-19 11:25:00+05:30,176.66075,TARGET,6.699999999999989,7.499999999999988,45.75345230102539,83.30950164794922,92.18778991699219,1.4176716756116634,5.232343894589745,0.011962114034168608,8.732988414003447,0.0,172.744625,1.3399999999999976,1.4999999999999976,100000.0,5.0,500000.0,6699.999999999988,7499.999999999987
2026-01-19,KIRLOSENG,SHORT,A_MOD_BREAK_C1_LOW,MODERATE,2026-01-19 10:45:00+05:30,2026-01-19 11:00:00+05:30,1129.2741,1137.7436557500002,1115.7228108000002,2026-01-19 12:34:00+05:30,1137.7436557500002,SL,-4.550000000000067,-3.7500000000000675,37.594146728515625,18.300838470458984,5.218670845031738,1.5448573625714543,3.6661787941997614,0.0073673481326970765,0.6942622393777389,0.0,1137.7436557500002,-0.9100000000000135,-0.7500000000000135,50000.0,5.0,250000.0,-2275.0000000000337,-1875.0000000000337
2026-01-19,SPENCERS,SHORT,A_MOD_BREAK_C1_LOW,MODERATE,2026-01-19 11:00:00+05:30,2026-01-19 11:15:00+05:30,37.470000457763675,37.7510254611969,37.02036045227051,2026-01-19 11:35:00+05:30,37.7510254611969,SL,-4.550000000000011,-3.7500000000000124,27.220251083374023,36.85139083862305,35.18523025512695,1.8352248698725022,2.058913497064013,0.007215193791854787,0.5894681184782982,0.0,37.7510254611969,-0.9100000000000024,-0.7500000000000024,50000.0,5.0,250000.0,-2275.000000000006,-1875.000000000006
2026-01-19,CAPACITE,SHORT,A_MOD_BREAK_C1_LOW,MODERATE,2026-01-19 11:15:00+05:30,2026-01-19 11:30:00+05:30,232.59999389648436,234.344493850708,229.80879396972654,2026-01-19 13:26:00+05:30,234.344493850708,SL,-4.550000000000019,-3.7500000000000195,42.30776596069336,22.86266326904297,5.464475631713867,0.7764758685362613,2.2081577001187336,0.0059869304803583665,0.6304997664042462,0.0,234.344493850708,-0.9100000000000039,-0.7500000000000039,50000.0,5.0,250000.0,-2275.0000000000095,-1875.0000000000098
2026-01-19,DYNAMATECH,SHORT,A_MOD_BREAK_C1_LOW,MODERATE,2026-01-19 11:30:00+05:30,2026-01-19 11:45:00+05:30,8762.2472,8827.964054,8657.1002336,2026-01-19 15:30:00+05:30,8657.1002336,TARGET,5.19999999999998,5.99999999999998,36.71828842163086,24.02086639404297,13.615172386169434,1.6853989784137644,2.537341322559729,0.005890680806948311,0.7057191475468716,0.0,8827.964054,1.039999999999996,1.199999999999996,50000.0,5.0,250000.0,2599.99999999999,2999.99999999999
2026-01-19,JUBLFOOD,SHORT,A_MOD_BREAK_C1_LOW,MODERATE,2026-01-19 11:30:00+05:30,2026-01-19 11:45:00+05:30,520.4958555908203,524.3995745077515,514.2499053237304,2026-01-19 15:30:00+05:30,515.9500122070312,EOD,3.566839173607815,4.366839173607815,28.762714385986328,27.310880661010742,9.446931838989258,0.8772775919015726,1.963868626254958,0.004646321089733094,0.443157725685318,0.0,524.3995745077515,0.7133678347215631,0.873367834721563,50000.0,5.0,250000.0,1783.4195868039076,2183.4195868039074
2026-01-19,MOTILALOFS,SHORT,A_MOD_BREAK_C1_LOW,MODERATE,2026-01-19 11:45:00+05:30,2026-01-19 12:00:00+05:30,828.2343444091797,834.4461019922486,818.2955322762696,2026-01-19 15:30:00+05:30,824.3499755859375,EOD,1.5449696631531924,2.344969663153192,37.384273529052734,23.0292911529541,4.60591983795166,1.8578782512791359,2.779508548683281,0.007172567912142924,0.7458927969096398,0.0,834.4461019922486,0.30899393263063846,0.46899393263063843,50000.0,5.0,250000.0,772.4848315765961,1172.4848315765962
2026-01-19,FMGOETZE,SHORT,A_PULLBACK_C2_THEN_BREAK_C2_LOW,MODERATE,2026-01-19 12:00:00+05:30,2026-01-19 12:30:00+05:30,436.4127,439.68579525,431.17574759999997,2026-01-19 13:16:00+05:30,431.17574759999997,TARGET,5.200000000000008,6.000000000000007,33.47511291503906,25.78087043762207,3.028113603591919,1.9893164284565745,2.8295624655209775,0.008768206397114387,0.7102570687054863,0.0,439.68579525,1.0400000000000016,1.2000000000000015,50000.0,5.0,250000.0,2600.0000000000036,3000.000000000004
2026-01-19,KALYANKJIL,SHORT,A_MOD_BREAK_C1_LOW,MODERATE,2026-01-19 12:30:00+05:30,2026-01-19 12:45:00+05:30,448.9102,452.2770265,443.5232776,2026-01-19 15:01:00+05:30,452.2770265,SL,-4.550000000000002,-3.750000000000002,40.61772537231445,18.23749351501465,2.015650987625122,2.9215113057104025,3.4879035680174804,0.007094352744271455,0.8192658805847166,0.0,452.2770265,-0.9100000000000004,-0.7500000000000004,50000.0,5.0,250000.0,-2275.000000000001,-1875.000000000001
2026-01-20,SUNTECK,SHORT,B_HUGE_RED_FAILED_BOUNCE,HUGE,2026-01-20 10:00:00+05:30,2026-01-20 11:00:00+05:30,395.7208277954102,398.68873400387577,390.97217786186525,2026-01-20 11:12:00+05:30,390.97217786186525,TARGET,5.200000000000004,6.0000000000000036,41.886749267578125,21.441818237304688,12.520074844360352,0.45287183782358936,3.4926927089400928,0.005044876578620974,0.6075538106328,0.0,398.68873400387577,1.0400000000000007,1.2000000000000006,50000.0,5.0,250000.0,2600.000000000002,3000.0000000000014
2026-01-20,AWFIS,SHORT,A_PULLBACK_C2_THEN_BREAK_C2_LOW,MODERATE,2026-01-20 10:30:00+05:30,2026-01-20 11:00:00+05:30,429.914,433.138355,424.75503199999997,2026-01-20 11:01:00+05:30,424.75503199999997,TARGET,5.200000000000019,6.000000000000019,51.039451599121094,14.800113677978516,5.207320213317871,0.8967349994696687,3.4762129062647196,0.005343252378981447,0.766928624907192,0.0,433.138355,1.0400000000000038,1.2000000000000037,50000.0,5.0,250000.0,2600.0000000000095,3000.000000000009
2026-01-20,FACT,SHORT,A_PULLBACK_C2_THEN_BREAK_C2_LOW,MODERATE,2026-01-20 10:30:00+05:30,2026-01-20 11:00:00+05:30,813.3872777954101,819.4876823788758,803.6266304618651,2026-01-20 13:46:00+05:30,803.6266304618651,TARGET,5.200000000000028,6.0000000000000275,30.385149002075195,23.616559982299805,8.964158058166504,1.2886383726747306,2.6782920502348224,0.004654101154545178,0.5412889502492058,0.0,819.4876823788758,1.0400000000000056,1.2000000000000055,50000.0,5.0,250000.0,2600.0000000000136,3000.000000000014
2026-01-20,HBLENGINE,SHORT,A_MOD_BREAK_C1_LOW,MODERATE,2026-01-20 10:45:00+05:30,2026-01-20 11:00:00+05:30,738.8522,744.3935915000001,729.9859736000001,2026-01-20 12:05:00+05:30,729.9859736000001,TARGET,5.199999999999973,5.999999999999972,49.30925369262695,26.34514808654785,14.67101001739502,0.7729765651791523,2.5176830874947433,0.009297456458232581,0.734909704295756,0.0,744.3935915000001,1.0399999999999945,1.1999999999999944,50000.0,5.0,250000.0,2599.999999999986,2999.9999999999864
2026-01-20,TVTODAY,SHORT,A_MOD_BREAK_C1_LOW,MODERATE,2026-01-20 10:45:00+05:30,2026-01-20 11:00:00+05:30,127.0499984741211,128.002873462677,125.52539849243165,2026-01-20 15:30:00+05:30,125.52539849243165,TARGET,5.19999999999998,5.99999999999998,43.47093963623047,15.175068855285645,5.546630859375,1.2640629312480083,3.0368094398896637,0.007827926919515523,0.7332751075118584,0.0,128.002873462677,1.039999999999996,1.199999999999996,50000.0,5.0,250000.0,2599.99999999999,2999.99999999999
2026-01-20,VASCONEQ,SHORT,A_MOD_BREAK_C1_LOW,MODERATE,2026-01-20 10:45:00+05:30,2026-01-20 11:00:00+05:30,41.95,42.264625,41.446600000000004,2026-01-20 11:02:00+05:30,41.446600000000004,TARGET,5.19999999999999,5.999999999999989,46.08588790893555,19.3864688873291,11.04865550994873,1.159994528422835,3.1004893633400696,0.00867349264167604,0.7542873611080294,0.0,42.264625,1.039999999999998,1.199999999999998,50000.0,5.0,250000.0,2599.999999999995,2999.999999999995
2026-01-20,BCLIND,SHORT,A_MOD_BREAK_C1_LOW,MODERATE,2026-01-20 11:00:00+05:30,2026-01-20 11:15:00+05:30,28.409999084472656,28.6230740776062,28.069079095458985,2026-01-20 15:30:00+05:30,28.399999618530273,EOD,-0.6240150252618757,0.1759849747381242,30.352752685546875,28.964258193969727,17.77784538269043,1.0652204066733586,2.2344648161054943,0.006071563850557121,0.5017048614510409,0.0,28.6230740776062,-0.12480300505237514,0.035196994947624835,50000.0,5.0,250000.0,-312.00751263093787,87.99248736906209
2026-01-20,BSOFT,SHORT,A_MOD_BREAK_C1_LOW,MODERATE,2026-01-20 11:00:00+05:30,2026-01-20 11:15:00+05:30,406.11877220458985,409.1646629961243,401.2453469381348,2026-01-20 15:01:00+05:30,401.2453469381348,TARGET,5.199999999999976,5.999999999999975,36.60566329956055,15.844923973083496,3.082843780517578,2.0632247623223483,4.030664587151202,0.007140232297947026,0.7590849494934082,0.0,409.1646629961243,1.0399999999999952,1.199999999999995,50000.0,5.0,250000.0,2599.9999999999877,2999.9999999999873
2026-01-20,GMRP&UI,SHORT,A_MOD_BREAK_C1_LOW,MODERATE,2026-01-20 11:00:00+05:30,2026-01-20 11:15:00+05:30,100.7,101.45525,99.4916,2026-01-20 11:36:00+05:30,101.45525,SL,-4.5500000000000185,-3.750000000000018,26.89947509765625,25.92897605895996,6.045070171356201,1.3001916291726625,2.5523068655399297,0.007850763345863737,0.4910256615700597,0.0,101.45525,-0.9100000000000037,-0.7500000000000037,50000.0,5.0,250000.0,-2275.000000000009,-1875.0000000000093
2026-01-20,RUPA,SHORT,A_MOD_BREAK_C1_LOW,MODERATE,2026-01-20 11:00:00+05:30,2026-01-20 11:15:00+05:30,152.95999450683593,154.1071944656372,151.12447457275388,2026-01-20 15:30:00+05:30,152.8699951171875,EOD,-0.5058074238999661,0.2941925761000337,31.906261444091797,27.21428680419922,12.115819931030273,1.5067303481171954,2.2544115694977593,0.005041366323458598,0.602271732581886,0.0,154.1071944656372,-0.10116148477999323,0.05883851522000674,50000.0,5.0,250000.0,-252.9037119499831,147.09628805001685
2026-01-20,LTIM,SHORT,A_MOD_BREAK_C1_LOW,MODERATE,2026-01-20 11:30:00+05:30,2026-01-20 11:45:00+05:30,5925.8146,5970.2582095,5854.704824799999,2026-01-20 12:34:00+05:30,5970.2582095,SL,-4.550000000000009,-3.7500000000000084,54.36156463623047,19.088294982910156,2.6727709770202637,1.3212489141858306,3.084151435261367,0.010884067918956405,0.8412185599825204,0.0,5970.2582095,-0.9100000000000017,-0.7500000000000017,50000.0,5.0,250000.0,-2275.0000000000045,-1875.0000000000043
2026-01-20,TDPOWERSYS,SHORT,A_MOD_BREAK_C1_LOW,MODERATE,2026-01-20 11:30:00+05:30,2026-01-20 11:45:00+05:30,651.9695555908203,656.8593272577515,644.1459209237304,2026-01-20 11:47:00+05:30,644.1459209237304,TARGET,5.200000000000037,6.000000000000036,30.181194305419922,38.65854263305664,64.66505432128906,0.45700199765591637,1.0899097676185747,0.009256317868225245,0.3471887525520129,0.0,656.8593272577515,1.0400000000000074,1.2000000000000073,50000.0,5.0,250000.0,2600.0000000000186,3000.000000000018
2026-01-20,LODHA,SHORT,A_MOD_BREAK_C1_LOW,MODERATE,2026-01-20 12:00:00+05:30,2026-01-20 12:15:00+05:30,1007.0985277954102,1014.6517667538758,995.0133454618652,2026-01-20 12:25:00+05:30,995.0133454618652,TARGET,5.200000000000006,6.000000000000006,49.955631256103516,24.044431686401367,4.903819561004639,1.4858193872560372,2.5331712976542913,0.0072527509173447675,0.869352861611359,0.0,1014.6517667538758,1.0400000000000014,1.2000000000000013,50000.0,5.0,250000.0,2600.000000000003,3000.000000000003
2026-01-20,DATAPATTNS,SHORT,A_MOD_BREAK_C1_LOW,MODERATE,2026-01-20 12:15:00+05:30,2026-01-20 12:30:00+05:30,2307.5384,2324.844938,2279.8479392,2026-01-20 12:34:00+05:30,2279.8479392,TARGET,5.199999999999997,5.9999999999999964,58.22838592529297,10.189517974853516,3.6427366733551025,2.4095811298889447,3.66339748083246,0.011489919364426976,0.96,0.0,2324.844938,1.0399999999999994,1.1999999999999993,50000.0,5.0,250000.0,2599.9999999999986,2999.999999999998
2026-01-20,SAREGAMA,SHORT,A_MOD_BREAK_C1_LOW,MODERATE,2026-01-20 12:15:00+05:30,2026-01-20 12:30:00+05:30,336.9326,339.4595945,332.88940879999996,2026-01-20 13:45:00+05:30,332.88940879999996,TARGET,5.200000000000036,6.0000000000000355,42.36738204956055,27.81052589416504,19.39271354675293,1.1292417972900974,2.0768649510566446,0.007233948208133134,0.6931280452691753,0.0,339.4595945,1.0400000000000071,1.200000000000007,50000.0,5.0,250000.0,2600.0000000000177,3000.0000000000177
2026-01-20,KEI,SHORT,A_PULLBACK_C2_THEN_BREAK_C2_LOW,MODERATE,2026-01-20 12:15:00+05:30,2026-01-20 12:45:00+05:30,4134.273077636719,4165.280125718995,4084.6618007050783,2026-01-20 13:02:00+05:30,4084.6618007050783,TARGET,5.199999999999989,5.9999999999999885,33.12295150756836,29.321508407592773,10.337545394897461,1.443071025623487,2.338730424032637,0.009278428909805925,0.6093817020976355,0.0,4165.280125718995,1.0399999999999978,1.1999999999999977,50000.0,5.0,250000.0,2599.9999999999945,2999.9999999999945
2026-01-20,ESABINDIA,SHORT,A_MOD_BREAK_C1_LOW,MODERATE,2026-01-20 12:30:00+05:30,2026-01-20 12:45:00+05:30,5669.8658,5712.3897934999995,5601.827410399999,2026-01-20 13:27:00+05:30,5601.827410399999,TARGET,5.200000000000028,6.0000000000000275,40.19275665283203,34.98177719116211,9.938857078552246,0.9109720033741056,1.3528573796208974,0.006278812097002224,0.5899543193639938,0.0,5712.3897934999995,1.0400000000000056,1.2000000000000055,50000.0,5.0,250000.0,2600.0000000000136,3000.000000000014
2026-01-20,MAHLOG,SHORT,A_MOD_BREAK_C1_LOW,MODERATE,2026-01-20 12:30:00+05:30,2026-01-20 12:45:00+05:30,288.5422861022949,290.7063532480621,285.07977866906737,2026-01-20 13:23:00+05:30,285.07977866906737,TARGET,5.199999999999983,5.999999999999983,46.02537536621094,27.238672256469727,6.730148792266846,1.6214720860609337,1.9774571876295615,0.007521414628690835,0.8330111049353055,0.0,290.7063532480621,1.0399999999999967,1.1999999999999966,50000.0,5.0,250000.0,2599.999999999992,2999.9999999999914
2026-01-20,BAJAJFINSV,SHORT,A_MOD_BREAK_C1_LOW,MODERATE,2026-01-20 12:45:00+05:30,2026-01-20 13:00:00+05:30,1974.605,1989.4145375,1950.90974,2026-01-20 15:19:00+05:30,1950.90974,TARGET,5.199999999999991,5.999999999999991,32.2464485168457,31.868553161621094,7.848906517028809,1.0934660243750935,1.915741034592193,0.00389394168294034,0.5308403337479366,0.0,1989.4145375,1.0399999999999983,1.1999999999999982,50000.0,5.0,250000.0,2599.9999999999955,2999.9999999999955
2026-01-20,PIDILITIND,SHORT,A_MOD_BREAK_C1_LOW,MODERATE,2026-01-20 12:45:00+05:30,2026-01-20 13:00:00+05:30,1456.1087444091797,1467.0295599922488,1438.6354394762695,2026-01-20 15:02:00+05:30,1438.6354394762695,TARGET,5.2000000000000135,6.000000000000013,30.20418930053711,31.9399356842041,8.226438522338867,1.2974655637984016,1.9451355329486395,0.003217337202636967,0.5373760898202089,0.0,1467.0295599922488,1.0400000000000027,1.2000000000000026,50000.0,5.0,250000.0,2600.000000000007,3000.0000000000064
2026-01-20,QUICKHEAL,SHORT,A_MOD_BREAK_C1_LOW,MODERATE,2026-01-20 12:45:00+05:30,2026-01-20 13:00:00+05:30,205.5500061035156,207.091631149292,203.08340603027344,2026-01-20 13:49:00+05:30,203.08340603027344,TARGET,5.1999999999999735,5.999999999999973,66.3116226196289,20.480491638183594,3.425201177597046,2.0214366620189437,2.3062484654755395,0.009566622126320076,0.96,0.0,207.091631149292,1.0399999999999947,1.1999999999999946,50000.0,5.0,250000.0,2599.999999999987,2999.999999999987
2026-01-20,IDEAFORGE,SHORT,A_MOD_BREAK_C1_LOW,MODERATE,2026-01-20 13:00:00+05:30,2026-01-20 13:15:00+05:30,429.8140138977051,433.0376190019379,424.6562457309326,2026-01-20 14:54:00+05:30,424.6562457309326,TARGET,5.200000000000028,6.0000000000000275,46.6905632019043,22.162630081176758,2.9006385803222656,2.83443098696102,2.968497210057095,0.006514625948883217,0.9103584480285645,0.0,433.0376190019379,1.0400000000000056,1.2000000000000055,50000.0,5.0,250000.0,2600.0000000000136,3000.000000000014
2026-01-20,ORCHPHARMA,SHORT,A_MOD_BREAK_C1_LOW,MODERATE,2026-01-20 13:00:00+05:30,2026-01-20 13:15:00+05:30,688.3623,693.52501725,680.1019524,2026-01-20 14:41:00+05:30,693.52501725,SL,-4.55000000000001,-3.7500000000000098,34.6605224609375,20.0622501373291,3.117271661758423,1.119156984901985,3.3461190579902436,0.005187266272916773,0.5757603092719099,0.0,693.52501725,-0.9100000000000019,-0.750000000000002,50000.0,5.0,250000.0,-2275.000000000005,-1875.000000000005
2026-01-20,HAVELLS,SHORT,A_MOD_BREAK_C1_LOW,MODERATE,2026-01-20 13:15:00+05:30,2026-01-20 13:30:00+05:30,1356.8285555908203,1367.0047697577515,1340.5466129237304,2026-01-20 15:23:00+05:30,1340.5466129237304,TARGET,5.2000000000000135,6.000000000000013,54.687767028808594,19.63445472717285,5.807662010192871,3.345518196997066,3.2859903909052757,0.007848834863722318,0.96,0.0,1367.0047697577515,1.0400000000000027,1.2000000000000026,50000.0,5.0,250000.0,2600.000000000007,3000.0000000000064
2026-01-20,GRSE,SHORT,A_MOD_BREAK_C1_LOW,MODERATE,2026-01-20 13:45:00+05:30,2026-01-20 14:00:00+05:30,2284.4429223632815,2301.5762442810064,2257.0296072949222,2026-01-20 14:36:00+05:30,2301.5762442810064,SL,-4.550000000000079,-3.750000000000079,49.64115524291992,13.872248649597168,2.574775457382202,3.8968976872804784,3.2572867990190506,0.005649280047479264,0.9546173286437987,0.0,2301.5762442810064,-0.9100000000000157,-0.7500000000000158,50000.0,5.0,250000.0,-2275.000000000039,-1875.0000000000393
2026-01-20,JSL,SHORT,A_MOD_BREAK_C1_LOW,MODERATE,2026-01-20 13:45:00+05:30,2026-01-20 14:00:00+05:30,770.9957944091797,776.7782628672486,761.7438448762695,2026-01-20 14:55:00+05:30,761.7438448762695,TARGET,5.200000000000031,6.000000000000031,44.196937561035156,19.970294952392578,2.837437152862549,3.6291503245580623,3.707337321988632,0.005936969379775681,0.8729540634155273,0.0,776.7782628672486,1.0400000000000063,1.2000000000000062,50000.0,5.0,250000.0,2600.0000000000155,3000.0000000000155
2026-01-20,NAM-INDIA,SHORT,A_MOD_BREAK_C1_LOW,MODERATE,2026-01-20 13:45:00+05:30,2026-01-20 14:00:00+05:30,846.1807055908204,852.5270608827516,836.0265371237305,2026-01-20 14:18:00+05:30,852.5270608827516,SL,-4.550000000000038,-3.750000000000038,26.542673110961914,25.113100051879883,3.998056411743164,3.225946582021383,3.3645476175658144,0.00529178621636653,0.6081400966644286,0.0,852.5270608827516,-0.9100000000000077,-0.7500000000000077,50000.0,5.0,250000.0,-2275.000000000019,-1875.0000000000193
2026-01-20,ASHOKA,SHORT,A_MOD_BREAK_C1_LOW,MODERATE,2026-01-20 14:00:00+05:30,2026-01-20 14:15:00+05:30,142.7500030517578,143.82062807464598,141.03700301513672,2026-01-20 14:38:00+05:30,143.82062807464598,SL,-4.549999999999987,-3.7499999999999876,45.57138442993164,26.957813262939453,5.143387794494629,3.0135593436454555,2.830772561978388,0.004641871476681034,0.8935707664489745,0.0,143.82062807464598,-0.9099999999999975,-0.7499999999999976,50000.0,5.0,250000.0,-2274.9999999999936,-1874.9999999999939
2026-01-20,BAYERCROP,SHORT,A_MOD_BREAK_C1_LOW,MODERATE,2026-01-20 14:00:00+05:30,2026-01-20 14:15:00+05:30,4326.1346,4358.580609500001,4274.2209848,2026-01-20 14:24:00+05:30,4274.2209848,TARGET,5.200000000000012,6.000000000000011,39.40068054199219,33.858154296875,34.35090637207031,1.5204129493161287,1.591401599702381,0.0048532470533857175,0.6966525542453244,0.0,4358.580609500001,1.0400000000000023,1.2000000000000022,50000.0,5.0,250000.0,2600.0000000000055,3000.0000000000055
2026-01-20,BOMDYEING,SHORT,A_MOD_BREAK_C1_LOW,MODERATE,2026-01-20 14:00:00+05:30,2026-01-20 14:15:00+05:30,116.85000152587891,117.726376537323,115.44780150756836,2026-01-20 15:30:00+05:30,117.0,EOD,-1.4418419861461043,-0.6418419861461044,57.39714813232422,16.224084854125977,4.046554088592529,3.5298549164794317,3.9634786449383643,0.004943168129369729,0.96,0.0,117.726376537323,-0.28836839722922086,-0.1283683972292209,50000.0,5.0,250000.0,-720.9209930730522,-320.9209930730522
2026-01-20,DCW,SHORT,A_MOD_BREAK_C1_LOW,MODERATE,2026-01-20 14:00:00+05:30,2026-01-20 14:15:00+05:30,49.03000183105469,49.397726844787606,48.441641809082036,2026-01-20 15:27:00+05:30,48.441641809082036,TARGET,5.199999999999983,5.999999999999983,52.06982421875,18.75687026977539,8.556336402893066,3.961783471264441,4.053513400542365,0.006388979494098722,0.96,0.0,49.397726844787606,1.0399999999999967,1.1999999999999966,50000.0,5.0,250000.0,2599.999999999992,2999.9999999999914
2026-01-20,HGINFRA,SHORT,A_MOD_BREAK_C1_LOW,MODERATE,2026-01-20 14:00:00+05:30,2026-01-20 14:15:00+05:30,658.3683,663.30606225,650.4678804,2026-01-20 14:23:00+05:30,663.30606225,SL,-4.549999999999994,-3.749999999999994,34.836429595947266,18.480154037475586,3.8224077224731445,4.282157446056368,4.678645790478028,0.006054825265407362,0.7325464439392089,0.0,663.30606225,-0.9099999999999988,-0.7499999999999988,50000.0,5.0,250000.0,-2274.9999999999973,-1874.9999999999968
2026-01-20,KECL,SHORT,A_MOD_BREAK_C1_LOW,MODERATE,2026-01-20 14:00:00+05:30,2026-01-20 14:15:00+05:30,83.95,84.57962500000001,82.9426,2026-01-20 14:24:00+05:30,82.9426,TARGET,5.200000000000024,6.000000000000024,63.65901184082031,16.898521423339844,5.836139678955078,3.7254956191943,3.7437185396266615,0.006274309740641386,0.96,0.0,84.57962500000001,1.040000000000005,1.2000000000000048,50000.0,5.0,250000.0,2600.0000000000123,3000.0000000000123
2026-01-20,MANINDS,SHORT,A_MOD_BREAK_C1_LOW,MODERATE,2026-01-20 14:00:00+05:30,2026-01-20 14:15:00+05:30,327.13457220458986,329.5880814961243,323.2089573381348,2026-01-20 14:41:00+05:30,329.5880814961243,SL,-4.55000000000001,-3.7500000000000098,34.106849670410156,21.25395393371582,8.42179012298584,3.422760285141884,3.632897202122906,0.005943286691913168,0.7216027450561524,0.0,329.5880814961243,-0.9100000000000019,-0.750000000000002,50000.0,5.0,250000.0,-2275.000000000005,-1875.000000000005
2026-01-20,MONTECARLO,SHORT,A_MOD_BREAK_C1_LOW,MODERATE,2026-01-20 14:00:00+05:30,2026-01-20 14:15:00+05:30,557.9883555908203,562.1732682577515,551.2924953237305,2026-01-20 15:29:00+05:30,551.2924953237305,TARGET,5.200000000000023,6.000000000000023,49.323707580566406,23.908645629882812,1.847428798675537,3.3368962598985608,3.622898088245036,0.00663516326413178,0.9498556137084961,0.0,562.1732682577515,1.0400000000000047,1.2000000000000046,50000.0,5.0,250000.0,2600.0000000000114,3000.0000000000114
2026-01-20,UBL,SHORT,A_MOD_BREAK_C1_LOW,MODERATE,2026-01-20 14:00:00+05:30,2026-01-20 14:15:00+05:30,1459.708,1470.6558100000002,1442.1915040000001,2026-01-20 15:30:00+05:30,1458.0,EOD,-0.21495148344734571,0.5850485165526541,62.14719772338867,18.643892288208008,3.3373231887817383,3.6522842664194584,3.931976279514934,0.004232163439924092,0.96,0.0,1470.6558100000002,-0.042990296689469146,0.11700970331053083,50000.0,5.0,250000.0,-107.47574172367287,292.5242582763271
2026-01-21,LUMAXIND,SHORT,A_MOD_BREAK_C1_LOW,MODERATE,2026-01-21 10:00:00+05:30,2026-01-21 10:15:00+05:30,5028.994,5066.711455,4968.646072,2026-01-21 10:33:00+05:30,4968.646072,TARGET,5.200000000000014,6.000000000000014,53.97002410888672,13.051009178161621,19.16199493408203,1.6171330620536786,4.5714866512011065,0.0067305236646897785,0.8929982858593937,0.0,5066.711455,1.040000000000003,1.2000000000000028,50000.0,5.0,250000.0,2600.0000000000073,3000.000000000007
2026-01-21,SAMHI,SHORT,A_MOD_BREAK_C1_LOW,MODERATE,2026-01-21 10:00:00+05:30,2026-01-21 10:15:00+05:30,175.9899932861328,177.3099182357788,173.8781133666992,2026-01-21 10:16:00+05:30,173.8781133666992,TARGET,5.199999999999992,5.999999999999992,26.662864685058594,15.1875638961792,13.071236610412598,1.1448014981455326,3.4876207590802872,0.007201214546969517,0.4602832324513471,0.0,177.3099182357788,1.0399999999999985,1.1999999999999984,50000.0,5.0,250000.0,2599.9999999999964,2999.9999999999964
2026-01-21,TRENT,SHORT,A_MOD_BREAK_C1_LOW,MODERATE,2026-01-21 10:00:00+05:30,2026-01-21 10:15:00+05:30,3762.147322363281,3790.363427281006,3717.0015544949215,2026-01-21 10:42:00+05:30,3717.0015544949215,TARGET,5.20000000000003,6.00000000000003,42.67949676513672,17.70162582397461,3.9330153465270996,1.3771153921946382,3.6767549842782916,0.005146601603212308,0.7411876451111123,0.0,3790.363427281006,1.040000000000006,1.200000000000006,50000.0,5.0,250000.0,2600.000000000015,3000.000000000015
2026-01-21,EKC,SHORT,A_MOD_BREAK_C1_LOW,MODERATE,2026-01-21 10:15:00+05:30,2026-01-21 10:30:00+05:30,101.60000152587891,102.36200153732301,100.38080150756836,2026-01-21 10:46:00+05:30,100.38080150756836,TARGET,5.199999999999991,5.999999999999991,37.97166442871094,22.912736892700195,14.59460163116455,0.8202193105693146,2.4479031552429533,0.008535170557635356,0.5731133457802942,0.0,102.36200153732301,1.0399999999999983,1.1999999999999982,50000.0,5.0,250000.0,2599.9999999999955,2999.9999999999955
2026-01-21,RPSGVENT,SHORT,A_MOD_BREAK_C1_LOW,MODERATE,2026-01-21 10:15:00+05:30,2026-01-21 10:30:00+05:30,654.9189777954101,659.8308701288757,647.0599500618652,2026-01-21 11:02:00+05:30,659.8308701288757,SL,-4.550000000000042,-3.7500000000000417,27.431577682495117,17.021028518676758,9.621414184570312,1.5570424655372486,4.267665782662921,0.008072596110373819,0.5439560967064452,0.0,659.8308701288757,-0.9100000000000084,-0.7500000000000083,50000.0,5.0,250000.0,-2275.000000000021,-1875.0000000000207
2026-01-21,CHEMCON,SHORT,A_MOD_BREAK_C1_LOW,MODERATE,2026-01-21 10:30:00+05:30,2026-01-21 10:45:00+05:30,170.5000030517578,171.778753074646,168.4540030151367,2026-01-21 10:57:00+05:30,168.4540030151367,TARGET,5.2000000000000455,6.000000000000045,39.546592712402344,23.570829391479492,5.091865062713623,1.3485837328918568,2.8989739644192505,0.008602411283406839,0.6892010439421101,0.0,171.778753074646,1.0400000000000091,1.200000000000009,50000.0,5.0,250000.0,2600.0000000000227,3000.0000000000227
2026-01-21,DWARKESH,SHORT,A_MOD_BREAK_C1_LOW,MODERATE,2026-01-21 10:30:00+05:30,2026-01-21 10:45:00+05:30,32.85999984741211,33.10644984626771,32.465679849243166,2026-01-21 10:47:00+05:30,32.465679849243166,TARGET,5.200000000000012,6.000000000000011,46.102989196777344,15.90260124206543,7.954501152038574,1.3225525289828686,3.433859852052138,0.005447762681057577,0.7829915305236621,0.0,33.10644984626771,1.0400000000000023,1.2000000000000022,50000.0,5.0,250000.0,2600.0000000000055,3000.0000000000055
2026-01-21,GICHSGFIN,SHORT,A_MOD_BREAK_C1_LOW,MODERATE,2026-01-21 10:30:00+05:30,2026-01-21 10:45:00+05:30,161.45,162.660875,159.5126,2026-01-21 12:10:00+05:30,162.660875,SL,-4.550000000000049,-3.750000000000049,46.77907943725586,27.032163619995117,24.733989715576172,0.7399419885785309,1.992357300096115,0.0060908626862001825,0.6907939045648865,0.0,162.660875,-0.9100000000000097,-0.7500000000000098,50000.0,5.0,250000.0,-2275.0000000000246,-1875.0000000000243
2026-01-21,HIMATSEIDE,SHORT,A_MOD_BREAK_C1_LOW,MODERATE,2026-01-21 10:30:00+05:30,2026-01-21 10:45:00+05:30,95.7999984741211,96.51849846267702,94.65039849243165,2026-01-21 10:52:00+05:30,94.65039849243165,TARGET,5.199999999999974,5.999999999999974,54.765071868896484,24.807767868041992,36.92565155029297,1.030037290251695,2.3979768398580417,0.009262713995648231,0.7902565257940466,0.0,96.51849846267702,1.039999999999995,1.1999999999999948,50000.0,5.0,250000.0,2599.9999999999873,2999.9999999999873
2026-01-21,IOLCP,SHORT,A_MOD_BREAK_C1_LOW,MODERATE,2026-01-21 10:30:00+05:30,2026-01-21 10:45:00+05:30,70.45,70.97837500000001,69.6046,2026-01-21 10:48:00+05:30,69.6046,TARGET,5.199999999999986,5.999999999999986,45.68397521972656,24.01173210144043,18.431873321533203,1.1858035225017833,1.9758169514403623,0.010367509804393363,0.7515660923057286,0.0,70.97837500000001,1.0399999999999971,1.199999999999997,50000.0,5.0,250000.0,2599.9999999999927,2999.9999999999927
2026-01-21,KSB,SHORT,A_MOD_BREAK_C1_LOW,MODERATE,2026-01-21 10:30:00+05:30,2026-01-21 10:45:00+05:30,687.0125944091797,692.1651888672485,678.7684432762695,2026-01-21 11:41:00+05:30,678.7684432762695,TARGET,5.199999999999983,5.999999999999983,66.12772369384766,12.876324653625488,15.364163398742676,1.1989665605784117,3.078453643676353,0.00762022896240055,0.819819148101222,0.0,692.1651888672485,1.0399999999999967,1.1999999999999966,50000.0,5.0,250000.0,2599.999999999992,2999.9999999999914
2026-01-21,MTNL,SHORT,A_MOD_BREAK_C1_LOW,MODERATE,2026-01-21 10:30:00+05:30,2026-01-21 10:45:00+05:30,30.259999465942382,30.486949461936952,29.896879472351074,2026-01-21 10:54:00+05:30,29.896879472351074,TARGET,5.199999999999992,5.999999999999992,74.84420776367188,11.279159545898438,19.346553802490234,1.4450625927528076,2.9600104225924846,0.010769669658978518,0.8628859537317413,0.0,30.486949461936952,1.0399999999999985,1.1999999999999984,50000.0,5.0,250000.0,2599.9999999999964,2999.9999999999964
2026-01-21,MUNJALAU,SHORT,A_MOD_BREAK_C1_LOW,MODERATE,2026-01-21 10:30:00+05:30,2026-01-21 10:45:00+05:30,68.86000366210938,69.3764536895752,68.03368361816406,2026-01-21 12:09:00+05:30,69.3764536895752,SL,-4.550000000000014,-3.750000000000014,35.871646881103516,21.429351806640625,14.297626495361328,1.0331463498635451,2.5264043954445894,0.008530018122299858,0.5788753144426733,0.0,69.3764536895752,-0.9100000000000028,-0.7500000000000029,50000.0,5.0,250000.0,-2275.0000000000073,-1875.0000000000073
2026-01-21,NH,SHORT,A_MOD_BREAK_C1_LOW,MODERATE,2026-01-21 10:30:00+05:30,2026-01-21 10:45:00+05:30,1778.0443444091798,1791.3796769922487,1756.7078122762696,2026-01-21 12:39:00+05:30,1791.3796769922487,SL,-4.550000000000036,-3.750000000000036,56.82628631591797,21.673810958862305,9.110147476196289,1.1676963832194822,2.6354489458859938,0.006148020877904931,0.8143468670634093,0.0,1791.3796769922487,-0.9100000000000072,-0.7500000000000072,50000.0,5.0,250000.0,-2275.000000000018,-1875.0000000000182
2026-01-21,THYROCARE,SHORT,A_MOD_BREAK_C1_LOW,MODERATE,2026-01-21 10:30:00+05:30,2026-01-21 10:45:00+05:30,458.4083,461.84636225,452.9074004,2026-01-21 10:49:00+05:30,452.9074004,TARGET,5.200000000000028,6.0000000000000275,33.12576675415039,22.293901443481445,46.170448303222656,0.8440451226234703,2.4809963796823387,0.010920700356120501,0.5045943977713632,0.0,461.84636225,1.0400000000000056,1.2000000000000055,50000.0,5.0,250000.0,2600.0000000000136,3000.000000000014
2026-01-21,AEROFLEX,SHORT,A_MOD_BREAK_C1_LOW,MODERATE,2026-01-21 10:45:00+05:30,2026-01-21 11:00:00+05:30,165.34999389648436,166.590118850708,163.36579396972655,2026-01-21 11:10:00+05:30,163.36579396972655,TARGET,5.199999999999995,5.999999999999995,34.680599212646484,23.121442794799805,12.765735626220703,1.2608463183448966,2.1350569632702725,0.010045718229377923,0.6008570939000542,0.0,166.590118850708,1.039999999999999,1.1999999999999988,50000.0,5.0,250000.0,2599.9999999999973,2999.999999999997
2026-01-21,AVANTIFEED,SHORT,A_MOD_BREAK_C1_LOW,MODERATE,2026-01-21 10:45:00+05:30,2026-01-21 11:00:00+05:30,745.3509,750.9410317500001,736.4066892,2026-01-21 12:09:00+05:30,750.9410317500001,SL,-4.550000000000046,-3.750000000000046,33.062835693359375,19.366640090942383,3.8394181728363037,1.4558391259296246,3.706572732250139,0.010300434442150936,0.610714382438075,0.0,750.9410317500001,-0.9100000000000092,-0.7500000000000092,50000.0,5.0,250000.0,-2275.000000000023,-1875.0000000000232
2026-01-21,CERA,SHORT,A_MOD_BREAK_C1_LOW,MODERATE,2026-01-21 10:45:00+05:30,2026-01-21 11:00:00+05:30,4875.0248,4911.587486,4816.5245024000005,2026-01-21 12:07:00+05:30,4911.587486,SL,-4.550000000000022,-3.7500000000000218,38.8193359375,21.807170867919922,6.772486686706543,1.4393736702534528,2.7027245074511437,0.0063942928016919205,0.6941804313568543,0.0,4911.587486,-0.9100000000000044,-0.7500000000000043,50000.0,5.0,250000.0,-2275.000000000011,-1875.0000000000107
2026-01-21,DOMS,SHORT,A_MOD_BREAK_C1_LOW,MODERATE,2026-01-21 10:45:00+05:30,2026-01-21 11:00:00+05:30,2352.929222363281,2370.576191531006,2324.6940716949216,2026-01-21 11:05:00+05:30,2370.576191531006,SL,-4.550000000000045,-3.750000000000045,51.42412185668945,18.47930145263672,5.237417697906494,1.1325295624847773,3.3830951632950006,0.010016073519650651,0.8081926734348359,0.0,2370.576191531006,-0.910000000000009,-0.750000000000009,50000.0,5.0,250000.0,-2275.0000000000227,-1875.0000000000225
2026-01-21,EPIGRAL,SHORT,A_MOD_BREAK_C1_LOW,MODERATE,2026-01-21 10:45:00+05:30,2026-01-21 11:00:00+05:30,1087.9823111816406,1096.142178515503,1074.926523447461,2026-01-21 11:54:00+05:30,1074.926523447461,TARGET,5.199999999999961,5.999999999999961,56.450565338134766,22.81813621520996,15.120307922363281,1.5224708805668632,2.2407523452206446,0.008414958054733988,0.8764324040992011,0.0,1096.142178515503,1.0399999999999923,1.1999999999999922,50000.0,5.0,250000.0,2599.999999999981,2999.9999999999804
2026-01-21,EUREKAFORB,SHORT,A_MOD_BREAK_C1_LOW,MODERATE,2026-01-21 10:45:00+05:30,2026-01-21 11:00:00+05:30,521.7456055908203,525.6586976327516,515.4846583237305,2026-01-21 12:07:00+05:30,525.6586976327516,SL,-4.55000000000008,-3.75000000000008,56.25053405761719,18.047048568725586,3.9016830921173096,1.2470909692164487,3.0863806920308234,0.007179753128956618,0.8282409196128784,0.0,525.6586976327516,-0.9100000000000159,-0.750000000000016,50000.0,5.0,250000.0,-2275.0000000000396,-1875.00000000004
2026-01-21,FILATEX,SHORT,A_MOD_BREAK_C1_LOW,MODERATE,2026-01-21 10:45:00+05:30,2026-01-21 11:00:00+05:30,42.2,42.51650000000001,41.6936,2026-01-21 11:09:00+05:30,42.51650000000001,SL,-4.5500000000000576,-3.7500000000000577,27.871742248535156,28.380239486694336,17.555864334106445,1.5142749022374966,2.020970898301875,0.007147932189537839,0.5430742416195893,0.0,42.51650000000001,-0.9100000000000115,-0.7500000000000115,50000.0,5.0,250000.0,-2275.0000000000286,-1875.0000000000289
2026-01-21,GMBREW,SHORT,A_MOD_BREAK_C1_LOW,MODERATE,2026-01-21 10:45:00+05:30,2026-01-21 11:00:00+05:30,942.2115444091797,949.2781309922486,930.9050058762696,2026-01-21 11:07:00+05:30,949.2781309922486,SL,-4.5500000000000265,-3.750000000000026,50.233795166015625,30.88152503967285,42.800811767578125,0.926908273616472,1.34922246997051,0.011251879791497641,0.7396700713814082,0.0,949.2781309922486,-0.9100000000000052,-0.7500000000000052,50000.0,5.0,250000.0,-2275.000000000013,-1875.000000000013
2026-01-21,JGCHEM,SHORT,A_MOD_BREAK_C1_LOW,MODERATE,2026-01-21 10:45:00+05:30,2026-01-21 11:00:00+05:30,312.7874361022949,315.13334187306214,309.03398686906735,2026-01-21 12:07:00+05:30,315.13334187306214,SL,-4.550000000000009,-3.7500000000000084,30.76641845703125,31.377155303955078,2.897425889968872,1.3661939724629497,2.2425204971252417,0.012603043616236853,0.5605802220364848,0.0,315.13334187306214,-0.9100000000000017,-0.7500000000000017,50000.0,5.0,250000.0,-2275.0000000000045,-1875.0000000000043
2026-01-21,KELLTONTEC,SHORT,A_MOD_BREAK_C1_LOW,MODERATE,2026-01-21 10:45:00+05:30,2026-01-21 11:00:00+05:30,14.95,15.062125,14.7706,2026-01-21 11:08:00+05:30,15.062125,SL,-4.550000000000023,-3.750000000000023,58.91325378417969,21.017032623291016,34.81965637207031,0.8551168484160128,1.7455283261420627,0.012688908061606474,0.7469218647799054,0.0,15.062125,-0.9100000000000046,-0.7500000000000047,50000.0,5.0,250000.0,-2275.0000000000114,-1875.0000000000116
2026-01-21,KPITTECH,SHORT,A_MOD_BREAK_C1_LOW,MODERATE,2026-01-21 10:45:00+05:30,2026-01-21 11:00:00+05:30,1092.8813555908202,1101.0779657577514,1079.7667793237304,2026-01-21 11:14:00+05:30,1101.0779657577514,SL,-4.5499999999999865,-3.7499999999999867,45.790931701660156,21.44610023498535,4.033029079437256,1.665386939967698,3.234673013184057,0.007512954945593209,0.8383066900192495,0.0,1101.0779657577514,-0.9099999999999973,-0.7499999999999973,50000.0,5.0,250000.0,-2274.999999999993,-1874.9999999999934
2026-01-21,MAPMYINDIA,SHORT,A_MOD_BREAK_C1_LOW,MODERATE,2026-01-21 10:45:00+05:30,2026-01-21 11:00:00+05:30,1318.8361555908202,1328.7274267577516,1303.0101217237304,2026-01-21 12:06:00+05:30,1328.7274267577516,SL,-4.5500000000000735,-3.7500000000000737,78.93130493164062,12.399812698364258,5.379627227783203,0.6978832795714374,3.6105920377644947,0.009453793656424247,0.7321295739250016,0.0,1328.7274267577516,-0.9100000000000148,-0.7500000000000148,50000.0,5.0,250000.0,-2275.000000000037,-1875.000000000037
2026-01-21,NMDC,SHORT,A_MOD_BREAK_C1_LOW,MODERATE,2026-01-21 10:45:00+05:30,2026-01-21 11:00:00+05:30,75.32999725341797,75.89497223281862,74.42603728637695,2026-01-21 12:07:00+05:30,75.89497223281862,SL,-4.55000000000007,-3.75000000000007,37.24345016479492,27.234386444091797,11.998209953308105,1.732987517326538,2.5570811403380818,0.007174084271751205,0.721924568004068,0.0,75.89497223281862,-0.9100000000000139,-0.750000000000014,50000.0,5.0,250000.0,-2275.000000000035,-1875.000000000035
2026-01-21,PGEL,SHORT,A_MOD_BREAK_C1_LOW,MODERATE,2026-01-21 10:45:00+05:30,2026-01-21 11:00:00+05:30,535.4928555908203,539.5090520077515,529.0669413237305,2026-01-21 11:42:00+05:30,529.0669413237305,TARGET,5.200000000000021,6.0000000000000195,46.09547805786133,23.338987350463867,4.538436412811279,1.9091578599271968,3.2951609279334946,0.008112805500466636,0.8855347963551794,0.0,539.5090520077515,1.040000000000004,1.200000000000004,50000.0,5.0,250000.0,2600.0000000000105,3000.00000000001
2026-01-21,PRAKASH,SHORT,A_MOD_BREAK_C1_LOW,MODERATE,2026-01-21 10:45:00+05:30,2026-01-21 11:00:00+05:30,117.5499984741211,118.43162346267701,116.13939849243164,2026-01-21 11:51:00+05:30,116.13939849243164,TARGET,5.2000000000000215,6.000000000000021,36.781005859375,22.90968132019043,11.762927055358887,2.086005640953545,2.832672834214347,0.00856537322836064,0.7617150878906249,0.0,118.43162346267701,1.0400000000000043,1.2000000000000042,50000.0,5.0,250000.0,2600.000000000011,3000.0000000000105
2026-01-21,RIIL,SHORT,A_MOD_BREAK_C1_LOW,MODERATE,2026-01-21 10:45:00+05:30,2026-01-21 11:00:00+05:30,693.3613,698.56150975,685.0409644,2026-01-21 12:11:00+05:30,698.56150975,SL,-4.549999999999999,-3.749999999999999,76.8956298828125,12.605626106262207,4.761480331420898,2.172923287413789,3.5866193158625195,0.0064663654238177526,0.96,0.0,698.56150975,-0.9099999999999997,-0.7499999999999998,50000.0,5.0,250000.0,-2274.999999999999,-1874.9999999999995
2026-01-21,SPIC,SHORT,A_MOD_BREAK_C1_LOW,MODERATE,2026-01-21 10:45:00+05:30,2026-01-21 11:00:00+05:30,73.92000122070313,74.4744012298584,73.0329612060547,2026-01-21 11:23:00+05:30,73.0329612060547,TARGET,5.199999999999979,5.999999999999979,47.174251556396484,15.19755744934082,7.88592529296875,1.7818736199881442,3.2157973819871097,0.0067374404217745805,0.8794416568438725,0.0,74.4744012298584,1.0399999999999958,1.1999999999999957,50000.0,5.0,250000.0,2599.9999999999895,2999.999999999989
2026-01-21,SURYAROSNI,SHORT,A_MOD_BREAK_C1_LOW,MODERATE,2026-01-21 10:45:00+05:30,2026-01-21 11:00:00+05:30,243.45,245.275875,240.52859999999998,2026-01-21 11:29:00+05:30,240.52859999999998,TARGET,5.200000000000012,6.000000000000011,67.42396545410156,16.302108764648438,22.46729278564453,1.4376829738139474,2.6500318710389323,0.00925300487090864,0.8615945204174407,0.0,245.275875,1.0400000000000023,1.2000000000000022,50000.0,5.0,250000.0,2600.0000000000055,3000.0000000000055
2026-01-21,VENKEYS,SHORT,A_MOD_BREAK_C1_LOW,MODERATE,2026-01-21 10:45:00+05:30,2026-01-21 11:00:00+05:30,1446.2107,1457.05728025,1428.8561716000002,2026-01-21 12:06:00+05:30,1457.05728025,SL,-4.549999999999995,-3.7499999999999956,44.23323059082031,20.813838958740234,22.2735595703125,1.7149687817977293,2.6902197227223903,0.0052046886250258235,0.8236179956769072,0.0,1457.05728025,-0.909999999999999,-0.7499999999999991,50000.0,5.0,250000.0,-2274.9999999999977,-1874.9999999999977
2026-01-21,VINCOFE,SHORT,A_MOD_BREAK_C1_LOW,MODERATE,2026-01-21 10:45:00+05:30,2026-01-21 11:00:00+05:30,143.9899932861328,145.0699182357788,142.2621133666992,2026-01-21 11:26:00+05:30,142.2621133666992,TARGET,5.200000000000039,6.000000000000039,49.247047424316406,28.81271743774414,41.19011688232422,0.5739469267080123,1.6076250406168813,0.012966777424020998,0.6795276755694923,0.0,145.0699182357788,1.0400000000000078,1.2000000000000077,50000.0,5.0,250000.0,2600.0000000000196,3000.000000000019
2026-01-21,WELCORP,SHORT,A_MOD_BREAK_C1_LOW,MODERATE,2026-01-21 10:45:00+05:30,2026-01-21 11:00:00+05:30,741.8516,747.415487,732.9493808,2026-01-21 11:38:00+05:30,747.415487,SL,-4.550000000000015,-3.7500000000000155,37.32004928588867,24.39091682434082,4.789434432983398,1.4101262718153211,2.403727523425805,0.009161214258293639,0.6665728368560113,0.0,747.415487,-0.910000000000003,-0.7500000000000031,50000.0,5.0,250000.0,-2275.0000000000073,-1875.0000000000077
2026-01-21,LINCOLN,SHORT,A_MOD_BREAK_C1_LOW,MODERATE,2026-01-21 11:00:00+05:30,2026-01-21 11:15:00+05:30,453.95917779541014,457.36387162887576,448.5116676618652,2026-01-21 14:55:00+05:30,448.5116676618652,TARGET,5.200000000000019,6.000000000000019,30.68964195251465,29.971416473388672,20.189590454101562,0.9334390503102729,1.9265944965403932,0.005403762885368029,0.4800261879190372,0.0,457.36387162887576,1.0400000000000038,1.2000000000000037,50000.0,5.0,250000.0,2600.0000000000095,3000.000000000009
2026-01-21,CSBBANK,SHORT,A_MOD_BREAK_C1_LOW,MODERATE,2026-01-21 11:15:00+05:30,2026-01-21 11:30:00+05:30,467.5564638977051,471.0631373769379,461.94578633093266,2026-01-21 11:31:00+05:30,461.94578633093266,TARGET,5.199999999999976,5.999999999999975,26.595260620117188,18.383146286010742,4.251228332519531,2.573048004234482,3.1825325781507585,0.011753397244816121,0.6089289093017578,0.0,471.0631373769379,1.0399999999999952,1.199999999999995,50000.0,5.0,250000.0,2599.9999999999877,2999.9999999999873
2026-01-21,LICHSGFIN,SHORT,A_MOD_BREAK_C1_LOW,MODERATE,2026-01-21 14:15:00+05:30,2026-01-21 14:30:00+05:30,512.5474944091796,516.3916006172485,506.3969244762695,2026-01-21 15:23:00+05:30,506.3969244762695,TARGET,5.200000000000017,6.000000000000016,27.67231559753418,30.828754425048828,9.054003715515137,2.6554329130266674,2.314750692183323,0.0047693057142564775,0.6250847339630126,0.0,516.3916006172485,1.0400000000000034,1.2000000000000033,50000.0,5.0,250000.0,2600.0000000000086,3000.000000000008
2026-01-22,KEI,SHORT,A_MOD_BREAK_C1_LOW,MODERATE,2026-01-22 10:00:00+05:30,2026-01-22 10:15:00+05:30,3765.2468,3793.486151,3720.0638384,2026-01-22 10:34:00+05:30,3793.486151,SL,-4.550000000000023,-3.7500000000000226,45.86079788208008,25.97943687438965,10.621853828430176,1.4240522019779163,3.0147436877152654,0.012837422121861938,0.7971211035773365,0.0,3793.486151,-0.9100000000000046,-0.7500000000000046,50000.0,5.0,250000.0,-2275.0000000000114,-1875.0000000000114
2026-01-22,PNBHOUSING,SHORT,A_MOD_BREAK_C1_LOW,MODERATE,2026-01-22 11:45:00+05:30,2026-01-22 12:00:00+05:30,843.3313,849.65628475,833.2113244000001,2026-01-22 12:09:00+05:30,849.65628475,SL,-4.549999999999999,-3.749999999999999,45.24723434448242,15.390296936035156,3.09763765335083,1.943038820437335,3.3850322835646685,0.015476821585200917,0.87874030874377,0.0,849.65628475,-0.9099999999999997,-0.7499999999999998,50000.0,5.0,250000.0,-2274.999999999999,-1874.9999999999995
2026-01-22,TITAN,SHORT,A_MOD_BREAK_C1_LOW,MODERATE,2026-01-22 13:15:00+05:30,2026-01-22 13:30:00+05:30,3999.2,4029.194,3951.2095999999997,2026-01-22 15:30:00+05:30,4022.10009765625,EOD,-3.6630848239960723,-2.863084823996072,28.790929794311523,22.623008728027344,4.102104663848877,2.805426062122882,3.2880649431395836,0.00409392291476461,0.6418639469146727,0.0,4029.194,-0.7326169647992145,-0.5726169647992144,50000.0,5.0,250000.0,-1831.5424119980362,-1431.542411998036
2026-01-23,HGINFRA,SHORT,A_MOD_BREAK_C1_LOW,MODERATE,2026-01-23 10:30:00+05:30,2026-01-23 10:45:00+05:30,626.9745555908203,631.6768647577514,619.4508609237304,2026-01-23 10:46:00+05:30,619.4508609237304,TARGET,5.200000000000045,6.000000000000044,25.443788528442383,23.203384399414062,5.85860013961792,1.8704413108739668,3.6525684267944287,0.009437841456529674,0.5689840573295799,0.0,631.6768647577514,1.040000000000009,1.2000000000000088,50000.0,5.0,250000.0,2600.0000000000223,3000.0000000000223
2026-01-23,GULFOILLUB,SHORT,A_MOD_BREAK_C1_LOW,MODERATE,2026-01-23 10:45:00+05:30,2026-01-23 11:00:00+05:30,1082.7834,1090.9042755,1069.7899992,2026-01-23 12:18:00+05:30,1069.7899992,TARGET,5.200000000000008,6.000000000000007,39.8362922668457,25.748332977294922,9.978001594543457,1.013033732178376,2.3931100178907587,0.004478294763538646,0.6348252871339013,0.0,1090.9042755,1.0400000000000016,1.2000000000000015,50000.0,5.0,250000.0,2600.0000000000036,3000.000000000004
2026-01-23,INDIGO,SHORT,A_MOD_BREAK_C1_LOW,MODERATE,2026-01-23 11:00:00+05:30,2026-01-23 11:15:00+05:30,4770.0458,4805.8211435,4712.8052504,2026-01-23 11:33:00+05:30,4805.8211435,SL,-4.550000000000044,-3.750000000000044,38.764678955078125,23.957069396972656,31.414867401123047,1.2750354839011804,2.467255100386962,0.007303749272310028,0.6646013940088784,0.0,4805.8211435,-0.9100000000000088,-0.7500000000000088,50000.0,5.0,250000.0,-2275.000000000022,-1875.0000000000218
2026-01-23,UDS,SHORT,A_MOD_BREAK_C1_LOW,MODERATE,2026-01-23 11:30:00+05:30,2026-01-23 11:45:00+05:30,154.47000427246093,155.62852930450438,152.6163642211914,2026-01-23 14:55:00+05:30,155.62852930450438,SL,-4.55,-3.7499999999999996,27.936721801757812,30.998889923095703,5.501463890075684,1.5669218597966246,1.866416650341815,0.010264826713523472,0.5465829850078672,0.0,155.62852930450438,-0.9099999999999999,-0.7499999999999999,50000.0,5.0,250000.0,-2274.9999999999995,-1874.9999999999998
2026-01-23,HONAUT,SHORT,A_MOD_BREAK_C1_LOW,MODERATE,2026-01-23 11:45:00+05:30,2026-01-23 12:00:00+05:30,31273.744,31508.29708,30898.459071999998,2026-01-23 15:30:00+05:30,31400.0,EOD,-2.818562280231002,-2.0185622802310017,46.57981872558594,8.57304573059082,1.0664085149765015,2.9064966619636046,5.0116379227665036,0.005089000665341703,0.908697280883789,0.0,31508.29708,-0.5637124560462003,-0.4037124560462004,50000.0,5.0,250000.0,-1409.2811401155009,-1009.2811401155009
2026-01-23,PPLPHARMA,SHORT,A_MOD_BREAK_C1_LOW,MODERATE,2026-01-23 12:15:00+05:30,2026-01-23 12:30:00+05:30,152.37999267578124,153.52284262084962,150.55143276367187,2026-01-23 13:43:00+05:30,150.55143276367187,TARGET,5.199999999999983,5.999999999999983,28.189083099365234,25.21202278137207,3.58953595161438,2.8332039321490083,2.846109701037084,0.005346016742204931,0.6328362464904784,0.0,153.52284262084962,1.0399999999999967,1.1999999999999966,50000.0,5.0,250000.0,2599.999999999992,2999.9999999999914
2026-01-23,IXIGO,SHORT,A_MOD_BREAK_C1_LOW,MODERATE,2026-01-23 12:45:00+05:30,2026-01-23 13:00:00+05:30,212.95,214.547125,210.3946,2026-01-23 13:01:00+05:30,210.3946,TARGET,5.1999999999999815,5.9999999999999805,30.77287483215332,22.01399803161621,1.617494821548462,3.645875804749508,2.801972528274915,0.022272339759514346,0.6715931224822997,0.0,214.547125,1.0399999999999963,1.1999999999999962,50000.0,5.0,250000.0,2599.999999999991,2999.9999999999905
2026-01-23,TATVA,SHORT,A_MOD_BREAK_C1_LOW,MODERATE,2026-01-23 13:00:00+05:30,2026-01-23 13:15:00+05:30,1164.767,1173.5027525,1150.789796,2026-01-23 13:46:00+05:30,1173.5027525,SL,-4.549999999999995,-3.7499999999999956,26.914989471435547,17.171098709106445,2.601412296295166,3.442153296401092,4.199020906371578,0.01357980912177949,0.6137248420715331,0.0,1173.5027525,-0.909999999999999,-0.7499999999999991,50000.0,5.0,250000.0,-2274.9999999999977,-1874.9999999999977
2026-01-23,KKCL,SHORT,A_PULLBACK_C2_THEN_BREAK_C2_LOW,MODERATE,2026-01-23 13:00:00+05:30,2026-01-23 13:30:00+05:30,450.80981389770506,454.1908875019379,445.4000961309326,2026-01-23 14:09:00+05:30,454.1908875019379,SL,-4.550000000000041,-3.7500000000000404,26.832672119140625,25.843740463256836,0.0,2.5768715119808494,3.400108923691116,0.005456130943382923,0.6124900817871093,0.0,454.1908875019379,-0.9100000000000081,-0.7500000000000081,50000.0,5.0,250000.0,-2275.0000000000205,-1875.0000000000202
2026-01-23,ALKYLAMINE,SHORT,A_MOD_BREAK_C1_LOW,MODERATE,2026-01-23 13:15:00+05:30,2026-01-23 13:30:00+05:30,1565.6868,1577.429451,1546.8985584,2026-01-23 15:30:00+05:30,1556.0,EOD,2.2934667137769664,3.0934667137769662,27.693498611450195,28.072927474975586,2.059168815612793,3.3579638408540107,3.0243376901725965,0.0033616218834849002,0.625402479171753,0.0,1577.429451,0.45869334275539325,0.6186933427553932,50000.0,5.0,250000.0,1146.7333568884833,1546.733356888483
2026-01-23,ADANIGREEN,SHORT,A_MOD_BREAK_C1_LOW,MODERATE,2026-01-23 13:30:00+05:30,2026-01-23 13:45:00+05:30,813.7372444091797,819.8402737422485,803.9723974762695,2026-01-23 13:46:00+05:30,803.9723974762695,TARGET,5.199999999999986,5.999999999999986,44.88121032714844,10.451409339904785,2.635077714920044,2.7791967580813983,6.266950708324742,0.009871529205082535,0.8832181549072264,0.0,819.8402737422485,1.0399999999999971,1.199999999999997,50000.0,5.0,250000.0,2599.9999999999927,2999.9999999999927
2026-01-23,IOLCP,SHORT,A_MOD_BREAK_C1_LOW,MODERATE,2026-01-23 13:30:00+05:30,2026-01-23 13:45:00+05:30,69.95,70.474625,69.1106,2026-01-23 15:03:00+05:30,69.1106,TARGET,5.199999999999983,5.999999999999983,30.00650405883789,29.48611831665039,8.805685997009277,3.6654878223623513,2.435157594325765,0.005185724772886497,0.6600975608825683,0.0,70.474625,1.0399999999999967,1.1999999999999966,50000.0,5.0,250000.0,2599.999999999992,2999.9999999999914
2026-01-23,MANINDS,SHORT,A_MOD_BREAK_C1_LOW,MODERATE,2026-01-23 13:30:00+05:30,2026-01-23 13:45:00+05:30,309.4381,311.75888575000005,305.72484280000003,2026-01-23 14:31:00+05:30,311.75888575000005,SL,-4.550000000000044,-3.750000000000044,39.09611892700195,19.44685935974121,4.5245232582092285,4.325342528499698,4.462185176718932,0.006392809416442773,0.7964417839050293,0.0,311.75888575000005,-0.9100000000000088,-0.7500000000000088,50000.0,5.0,250000.0,-2275.000000000022,-1875.0000000000218
2026-01-23,CGPOWER,SHORT,A_MOD_BREAK_C1_LOW,MODERATE,2026-01-23 13:45:00+05:30,2026-01-23 14:00:00+05:30,551.13975,555.2732981250001,544.526073,2026-01-23 15:30:00+05:30,551.0,EOD,-0.6732172738402109,0.12678272615978897,34.08041000366211,22.295557022094727,5.786009788513184,3.8592783855773773,3.922782345867665,0.003956763612499911,0.7212061500549316,0.0,555.2732981250001,-0.13464345476804218,0.025356545231957794,50000.0,5.0,250000.0,-336.6086369201054,63.39136307989448
2026-01-23,DREDGECORP,SHORT,A_MOD_BREAK_C1_LOW,MODERATE,2026-01-23 13:45:00+05:30,2026-01-23 14:00:00+05:30,947.8603777954102,954.9693306288758,936.4860532618652,2026-01-23 14:56:00+05:30,954.9693306288758,SL,-4.55000000000004,-3.7500000000000395,25.158538818359375,24.43648910522461,1.2556078433990479,4.584785868201337,3.7019879764777746,0.008057903274646746,0.5873780822753907,0.0,954.9693306288758,-0.9100000000000079,-0.7500000000000079,50000.0,5.0,250000.0,-2275.0000000000196,-1875.0000000000196
2026-01-23,SPENCERS,SHORT,A_MOD_BREAK_C1_LOW,MODERATE,2026-01-23 13:45:00+05:30,2026-01-23 14:00:00+05:30,33.49999923706055,33.751249231338505,33.09799924621582,2026-01-23 14:01:00+05:30,33.09799924621582,TARGET,5.200000000000036,6.0000000000000355,26.99367904663086,23.103729248046875,7.655188083648682,4.40238253570216,5.418680081927107,0.00534384122442234,0.614905185699463,0.0,33.751249231338505,1.0400000000000071,1.200000000000007,50000.0,5.0,250000.0,2600.0000000000177,3000.0000000000177
2026-01-23,TIRUMALCHM,SHORT,A_MOD_BREAK_C1_LOW,MODERATE,2026-01-23 13:45:00+05:30,2026-01-23 14:00:00+05:30,188.94000549316405,190.3570555343628,186.6727254272461,2026-01-23 14:09:00+05:30,186.6727254272461,TARGET,5.1999999999999735,5.999999999999973,26.66484260559082,20.0792236328125,4.856052398681641,4.062030206087289,4.0614552494475085,0.005545652285182795,0.6099726390838622,0.0,190.3570555343628,1.0399999999999947,1.1999999999999946,50000.0,5.0,250000.0,2599.999999999987,2999.999999999987
2026-01-23,KAYNES,SHORT,A_PULLBACK_C2_THEN_BREAK_C2_LOW,MODERATE,2026-01-23 13:45:00+05:30,2026-01-23 14:15:00+05:30,3411.8175,3437.4061312500003,3370.87569,2026-01-23 15:19:00+05:30,3370.87569,TARGET,5.200000000000038,6.000000000000037,29.014387130737305,26.238929748535156,6.636756896972656,3.8577897939196615,3.0257313215964015,0.005301288469811345,0.6452158069610596,0.0,3437.4061312500003,1.0400000000000076,1.2000000000000075,50000.0,5.0,250000.0,2600.000000000019,3000.0000000000186
2026-01-23,NMDC,SHORT,A_MOD_BREAK_C1_LOW,MODERATE,2026-01-23 14:00:00+05:30,2026-01-23 14:15:00+05:30,74.25000305175782,74.80687807464601,73.35900301513672,2026-01-23 15:30:00+05:30,73.83000183105469,EOD,2.02829093226,2.82829093226,45.176666259765625,26.354799270629883,3.2218611240386963,3.751798471880646,3.080182964519718,0.0041524811190189696,0.8876499938964844,0.0,74.80687807464601,0.40565818645199997,0.565658186452,50000.0,5.0,250000.0,1014.1454661299999,1414.14546613
2026-01-27,DEEPAKNTR,SHORT,A_MOD_BREAK_C1_LOW,MODERATE,2026-01-27 10:30:00+05:30,2026-01-27 10:45:00+05:30,1535.6928,1547.2104960000001,1517.2644864000001,2026-01-27 11:43:00+05:30,1547.2104960000001,SL,-4.550000000000037,-3.7500000000000373,34.328460693359375,19.724843978881836,25.26239776611328,1.1283340969938664,2.839672806496106,0.006426708772778511,0.5723853773743173,0.0,1547.2104960000001,-0.9100000000000075,-0.7500000000000074,50000.0,5.0,250000.0,-2275.0000000000186,-1875.0000000000186
2026-01-27,MANGLMCEM,SHORT,A_MOD_BREAK_C1_LOW,MODERATE,2026-01-27 10:30:00+05:30,2026-01-27 10:45:00+05:30,734.853,740.3643975,726.034764,2026-01-27 11:57:00+05:30,740.3643975,SL,-4.550000000000029,-3.75000000000003,29.025543212890625,44.47858428955078,61.9573974609375,0.4130129816508387,0.637654751271831,0.008794437656421,0.2995431575458477,0.0,740.3643975,-0.9100000000000059,-0.750000000000006,50000.0,5.0,250000.0,-2275.000000000015,-1875.0000000000148
2026-01-27,RPTECH,SHORT,A_MOD_BREAK_C1_LOW,MODERATE,2026-01-27 10:30:00+05:30,2026-01-27 10:45:00+05:30,328.9841777954102,331.4515591288758,325.03636766186526,2026-01-27 10:48:00+05:30,325.03636766186526,TARGET,5.199999999999996,5.999999999999996,52.84355926513672,23.49030303955078,28.28826904296875,1.4371515505099333,2.765498169081733,0.010406968059272924,0.8615015213392383,0.0,331.4515591288758,1.0399999999999991,1.199999999999999,50000.0,5.0,250000.0,2599.9999999999977,2999.9999999999973
2026-01-27,SYMPHONY,SHORT,A_MOD_BREAK_C1_LOW,MODERATE,2026-01-27 10:30:00+05:30,2026-01-27 10:45:00+05:30,824.835,831.0212625,814.9369800000001,2026-01-27 15:29:00+05:30,831.0212625,SL,-4.549999999999999,-3.7499999999999982,33.41478729248047,16.558998107910156,6.270013332366943,1.602407250455061,3.716507619974479,0.00580600274107371,0.6416430782168427,0.0,831.0212625,-0.9099999999999997,-0.7499999999999997,50000.0,5.0,250000.0,-2274.999999999999,-1874.999999999999
2026-01-27,TARC,SHORT,A_MOD_BREAK_C1_LOW,MODERATE,2026-01-27 10:30:00+05:30,2026-01-27 10:45:00+05:30,150.7500030517578,151.88062807464598,148.94100301513672,2026-01-27 11:36:00+05:30,151.88062807464598,SL,-4.549999999999996,-3.749999999999996,31.62028694152832,18.003807067871094,16.92255210876465,1.345335224111128,2.721242390847312,0.010733233463565948,0.5697379683423722,0.0,151.88062807464598,-0.9099999999999993,-0.7499999999999992,50000.0,5.0,250000.0,-2274.9999999999977,-1874.999999999998
2026-01-27,ADFFOODS,SHORT,A_MOD_BREAK_C1_LOW,MODERATE,2026-01-27 10:45:00+05:30,2026-01-27 11:00:00+05:30,172.47000427246093,173.7635293045044,170.40036422119138,2026-01-27 15:22:00+05:30,173.7635293045044,SL,-4.550000000000056,-3.750000000000056,50.918418884277344,24.721508026123047,21.952892303466797,1.0225746740661756,2.650654891976961,0.007970096445813124,0.7889505679615807,0.0,173.7635293045044,-0.9100000000000112,-0.7500000000000112,50000.0,5.0,250000.0,-2275.000000000028,-1875.0000000000282
2026-01-27,ADSL,SHORT,A_MOD_BREAK_C1_LOW,MODERATE,2026-01-27 10:45:00+05:30,2026-01-27 11:00:00+05:30,116.46999664306641,117.34352161788941,115.07235668334961,2026-01-27 11:06:00+05:30,117.34352161788941,SL,-4.550000000000004,-3.750000000000004,40.64200210571289,21.567886352539062,23.91699981689453,1.2434062428849584,2.31453613489741,0.01004933705947535,0.687226124090561,0.0,117.34352161788941,-0.9100000000000008,-0.7500000000000008,50000.0,5.0,250000.0,-2275.000000000002,-1875.0000000000018
2026-01-27,AIIL,SHORT,A_MOD_BREAK_C1_LOW,MODERATE,2026-01-27 10:45:00+05:30,2026-01-27 11:00:00+05:30,500.8998,504.65654850000004,494.88900240000004,2026-01-27 11:43:00+05:30,504.65654850000004,SL,-4.550000000000014,-3.750000000000014,44.014060974121094,16.049362182617188,7.3011016845703125,1.642156566503027,3.337390556380584,0.011985325845005569,0.8075883137498461,0.0,504.65654850000004,-0.9100000000000028,-0.7500000000000029,50000.0,5.0,250000.0,-2275.0000000000073,-1875.0000000000073
2026-01-27,DBCORP,SHORT,A_MOD_BREAK_C1_LOW,MODERATE,2026-01-27 10:45:00+05:30,2026-01-27 11:00:00+05:30,240.8000061035156,242.606006149292,237.91040603027344,2026-01-27 11:07:00+05:30,242.606006149292,SL,-4.55000000000004,-3.75000000000004,27.946914672851562,18.638593673706055,2.8052780628204346,1.1855530995801677,3.534188008130295,0.00940628811137207,0.4866755125193028,0.0,242.606006149292,-0.9100000000000079,-0.750000000000008,50000.0,5.0,250000.0,-2275.0000000000196,-1875.0000000000198
2026-01-27,DIXON,SHORT,A_MOD_BREAK_C1_LOW,MODERATE,2026-01-27 10:45:00+05:30,2026-01-27 11:00:00+05:30,10068.9858,10144.5031935,9948.1579704,2026-01-27 12:13:00+05:30,10144.5031935,SL,-4.550000000000011,-3.7500000000000124,34.56865310668945,25.39445686340332,15.6027193069458,1.3530066839350527,2.8680070324578737,0.007819145811413337,0.6153059662889759,0.0,10144.5031935,-0.9100000000000024,-0.7500000000000024,50000.0,5.0,250000.0,-2275.000000000006,-1875.000000000006
2026-01-27,GMRAIRPORT,SHORT,A_MOD_BREAK_C1_LOW,MODERATE,2026-01-27 10:45:00+05:30,2026-01-27 11:00:00+05:30,89.56000061035157,90.23170061492921,88.48528060302735,2026-01-27 12:44:00+05:30,90.23170061492921,SL,-4.550000000000043,-3.7500000000000435,61.74748229980469,15.82415771484375,6.536163806915283,1.38048402258814,3.5115979759613976,0.006658589838544895,0.8515847039529245,0.0,90.23170061492921,-0.9100000000000086,-0.7500000000000087,50000.0,5.0,250000.0,-2275.0000000000214,-1875.0000000000216
2026-01-27,IBULLSLTD,SHORT,A_MOD_BREAK_C1_LOW,MODERATE,2026-01-27 10:45:00+05:30,2026-01-27 11:00:00+05:30,11.059999656677245,11.142949654102326,10.927279660797119,2026-01-27 11:16:00+05:30,11.142949654102326,SL,-4.5500000000000504,-3.750000000000051,41.41151428222656,31.693527221679688,18.90838623046875,0.8020577359164957,2.0080898664291404,0.015687280417769452,0.6215328180187851,0.0,11.142949654102326,-0.9100000000000101,-0.7500000000000102,50000.0,5.0,250000.0,-2275.0000000000255,-1875.0000000000255
2026-01-27,SIGACHI,SHORT,A_MOD_BREAK_C1_LOW,MODERATE,2026-01-27 10:45:00+05:30,2026-01-27 11:00:00+05:30,20.490000915527343,20.6436759223938,20.244120904541013,2026-01-27 11:07:00+05:30,20.244120904541013,TARGET,5.200000000000039,6.000000000000039,31.641281127929688,15.9815092086792,4.471495628356934,1.5342545185179635,3.969139843799515,0.01729396181656582,0.6031137576595889,0.0,20.6436759223938,1.0400000000000078,1.2000000000000077,50000.0,5.0,250000.0,2600.0000000000196,3000.000000000019
2026-01-27,SUPRIYA,SHORT,A_MOD_BREAK_C1_LOW,MODERATE,2026-01-27 10:45:00+05:30,2026-01-27 11:00:00+05:30,698.8602,704.1016515,690.4738775999999,2026-01-27 12:18:00+05:30,690.4738775999999,TARGET,5.2000000000000295,6.000000000000028,47.50407409667969,12.859190940856934,10.511780738830566,1.5892573959781997,3.200740776280105,0.008762073352382129,0.8506811557463803,0.0,704.1016515,1.0400000000000058,1.2000000000000057,50000.0,5.0,250000.0,2600.0000000000146,3000.0000000000146
2026-01-27,TALBROAUTO,SHORT,A_MOD_BREAK_C1_LOW,MODERATE,2026-01-27 10:45:00+05:30,2026-01-27 11:00:00+05:30,235.5000030517578,237.266253074646,232.6740030151367,2026-01-27 11:39:00+05:30,237.266253074646,SL,-4.550000000000006,-3.7500000000000067,26.552623748779297,27.313743591308594,3.4840643405914307,1.2171233800751258,2.6688808788719216,0.01050463684178566,0.4712859477448365,0.0,237.266253074646,-0.9100000000000013,-0.7500000000000013,50000.0,5.0,250000.0,-2275.000000000003,-1875.0000000000034
2026-01-27,WINDLAS,SHORT,A_MOD_BREAK_C1_LOW,MODERATE,2026-01-27 10:45:00+05:30,2026-01-27 11:00:00+05:30,770.3459,776.12349425,761.1017492,2026-01-27 11:41:00+05:30,776.12349425,SL,-4.549999999999995,-3.749999999999995,32.45335006713867,27.416542053222656,15.494196891784668,1.2081959291733195,2.5779291965992814,0.006702516544646524,0.558234538612411,0.0,776.12349425,-0.909999999999999,-0.749999999999999,50000.0,5.0,250000.0,-2274.9999999999977,-1874.9999999999975
2026-01-27,BIOCON,SHORT,A_MOD_BREAK_C1_LOW,MODERATE,2026-01-27 11:00:00+05:30,2026-01-27 11:15:00+05:30,363.4273,366.15300475000004,359.06617239999997,2026-01-27 15:30:00+05:30,363.3500061035156,EOD,-0.6936597546684337,0.10634024533156625,25.92939567565918,30.37565803527832,21.06787109375,1.5359560853895255,1.8033072484521573,0.006079245089388854,0.5078986125006626,0.0,366.15300475000004,-0.13873195093368673,0.02126804906631325,50000.0,5.0,250000.0,-346.8298773342168,53.170122665783126
2026-01-27,FILATEX,SHORT,A_PULLBACK_C2_THEN_BREAK_C2_LOW,MODERATE,2026-01-27 11:00:00+05:30,2026-01-27 11:30:00+05:30,41.10999984741211,41.41832484626771,40.61667984924317,2026-01-27 11:38:00+05:30,41.41832484626771,SL,-4.550000000000066,-3.750000000000066,40.773860931396484,24.3149471282959,2.83798885345459,1.559336410570314,2.761664962790295,0.01028085343525982,0.7444917858207523,0.0,41.41832484626771,-0.9100000000000132,-0.7500000000000132,50000.0,5.0,250000.0,-2275.000000000033,-1875.0000000000332
2026-01-27,ANTELOPUS,LONG,B_HUGE_GREEN_PULLBACK_HOLD_THEN_BREAK,HUGE,2026-01-27 10:00:00+05:30,2026-01-27 11:45:00+05:30,580.116,575.76513,588.81774,2026-01-27 11:58:00+05:30,588.81774,TARGET,6.699999999999977,7.499999999999977,40.62824249267578,81.363525390625,84.59254455566406,1.1300077295678235,3.5627823027160432,0.027975141059325744,6.549293131570238,0.0,575.76513,1.3399999999999954,1.4999999999999953,100000.0,5.0,500000.0,6699.999999999976,7499.999999999976
2026-01-27,NAM-INDIA,SHORT,A_MOD_BREAK_C1_LOW,MODERATE,2026-01-27 12:00:00+05:30,2026-01-27 12:15:00+05:30,804.3391,810.37164325,794.6870308,2026-01-27 15:30:00+05:30,808.0,EOD,-3.0757192830735,-2.2757192830735007,48.524192810058594,23.85576629638672,24.053674697875977,1.2529632004153861,2.031722334526437,0.00817760357890915,0.8071314522235715,0.0,810.37164325,-0.6151438566147001,-0.45514385661470014,50000.0,5.0,250000.0,-1537.8596415367501,-1137.8596415367504
2026-01-27,BAJAJFINSV,SHORT,A_MOD_BREAK_C1_LOW,MODERATE,2026-01-27 14:00:00+05:30,2026-01-27 14:15:00+05:30,1907.0185444091796,1921.3211834922486,1884.1343218762695,2026-01-27 15:13:00+05:30,1921.3211834922486,SL,-4.550000000000019,-3.75000000000002,28.551368713378906,20.98768424987793,4.527756690979004,3.059184799377397,3.6777980685932574,0.0040541514886455925,0.6382705307006835,0.0,1921.3211834922486,-0.9100000000000039,-0.750000000000004,50000.0,5.0,250000.0,-2275.0000000000095,-1875.00000000001
2026-01-28,MARICO,SHORT,A_MOD_BREAK_C1_LOW,MODERATE,2026-01-28 10:30:00+05:30,2026-01-28 10:45:00+05:30,726.10475,731.5505356250001,717.391493,2026-01-28 11:05:00+05:30,731.5505356250001,SL,-4.550000000000067,-3.7500000000000675,27.708559036254883,22.310441970825195,15.415364265441895,2.452241376652705,2.6693004336639823,0.007256348292144924,0.6256283855438232,0.0,731.5505356250001,-0.9100000000000135,-0.7500000000000135,50000.0,5.0,250000.0,-2275.0000000000337,-1875.0000000000337
2026-01-28,MOIL,LONG,B_HUGE_GREEN_PULLBACK_HOLD_THEN_BREAK,HUGE,2026-01-28 10:45:00+05:30,2026-01-28 11:45:00+05:30,367.37344779052734,364.6181469320984,372.8840495073852,2026-01-28 12:40:00+05:30,364.6181469320984,SL,-4.549999999999978,-3.749999999999978,34.27532958984375,82.55342102050781,94.52362060546875,1.9250422001931635,4.677761116519077,0.008020187625859416,8.788441479247838,0.0,364.6181469320984,-0.9099999999999955,-0.7499999999999956,100000.0,5.0,500000.0,-4549.999999999977,-3749.9999999999777
2026-01-28,GRAPHITE,LONG,B_HUGE_GREEN_PULLBACK_HOLD_THEN_BREAK,HUGE,2026-01-28 11:00:00+05:30,2026-01-28 12:00:00+05:30,642.1284,637.312437,651.760326,2026-01-28 12:22:00+05:30,651.760326,TARGET,6.699999999999928,7.499999999999928,32.30377197265625,69.61346435546875,77.45323944091797,1.8122693320369412,2.8458472160409927,0.00680935200519161,6.5448320625857175,0.0,637.312437,1.3399999999999856,1.4999999999999856,100000.0,5.0,500000.0,6699.999999999928,7499.999999999928
2026-01-28,ADVENZYMES,LONG,B_HUGE_GREEN_PULLBACK_HOLD_THEN_BREAK,HUGE,2026-01-28 11:30:00+05:30,2026-01-28 12:45:00+05:30,278.4056761047363,276.3176335339508,282.58176124630734,2026-01-28 15:30:00+05:30,279.95001220703125,EOD,1.9735355900466076,2.7735355900466074,34.65671157836914,77.70562744140625,90.4049301147461,1.7816043883673138,3.556262810993367,0.008227913924881494,7.291042738346212,0.0,276.3176335339508,0.3947071180093215,0.5547071180093215,100000.0,5.0,500000.0,1973.5355900466077,2773.5355900466075
2026-01-28,GOCLCORP,LONG,B_HUGE_GREEN_PULLBACK_HOLD_THEN_BREAK,HUGE,2026-01-28 12:00:00+05:30,2026-01-28 13:15:00+05:30,262.45247389526367,260.4840803410492,266.3892610036926,2026-01-28 15:30:00+05:30,264.0,EOD,2.148202548385775,2.948202548385775,39.78275680541992,76.39352416992188,82.16991424560547,2.6171002426920893,2.521055331746579,0.010406990124208294,7.58159032567074,0.0,260.4840803410492,0.429640509677155,0.589640509677155,100000.0,5.0,500000.0,2148.2025483857747,2948.2025483857747
2026-01-28,RANEHOLDIN,LONG,B_HUGE_GREEN_PULLBACK_HOLD_THEN_BREAK,HUGE,2026-01-28 12:30:00+05:30,2026-01-28 13:45:00+05:30,1259.6519044189454,1250.2045151358034,1278.5466829852294,2026-01-28 15:00:00+05:30,1250.2045151358034,SL,-4.549999999999964,-3.7499999999999645,47.51874542236328,72.84940338134766,81.54666900634766,2.99522872870455,2.598307710836467,0.009692456586589578,8.154770923876352,0.0,1250.2045151358034,-0.9099999999999928,-0.7499999999999929,100000.0,5.0,500000.0,-4549.999999999964,-3749.999999999964
2026-01-28,DBCORP,SHORT,A_MOD_BREAK_C1_LOW,MODERATE,2026-01-28 13:30:00+05:30,2026-01-28 13:45:00+05:30,242.34999389648436,244.167618850708,239.44179396972655,2026-01-28 15:30:00+05:30,240.85000610351562,EOD,2.2946726444099537,3.094672644409954,26.427005767822266,46.981990814208984,25.33332061767578,0.8905824268759095,0.28160974755152673,0.005569300776045413,0.3263374985981945,0.0,244.167618850708,0.45893452888199077,0.6189345288819907,50000.0,5.0,250000.0,1147.336322204977,1547.336322204977
2026-01-29,SFL,SHORT,A_MOD_BREAK_C1_LOW,MODERATE,2026-01-29 10:00:00+05:30,2026-01-29 10:15:00+05:30,502.3995,506.16749625,496.370706,2026-01-29 10:19:00+05:30,506.16749625,SL,-4.55000000000001,-3.7500000000000098,32.037811279296875,23.752443313598633,24.921512603759766,1.4305425919072277,3.9023100973428813,0.008197544100689083,0.5909121227732179,0.0,506.16749625,-0.9100000000000019,-0.750000000000002,50000.0,5.0,250000.0,-2275.000000000005,-1875.000000000005
2026-01-29,ALLDIGI,LONG,A_MOD_BREAK_C1_HIGH,MODERATE,2026-01-29 10:15:00+05:30,2026-01-29 10:30:00+05:30,853.2205977905273,846.8214433070984,866.0189067573851,2026-01-29 10:31:00+05:30,866.0189067573851,TARGET,6.699999999999938,7.499999999999938,28.090984344482422,72.66834259033203,92.87830352783203,1.9717885713610064,3.0666000654867025,0.010033584455239476,6.502077171152452,0.0,846.8214433070984,1.3399999999999876,1.4999999999999876,100000.0,5.0,500000.0,6699.999999999939,7499.999999999938
2026-01-29,NEWGEN,SHORT,A_MOD_BREAK_C1_LOW,MODERATE,2026-01-29 10:15:00+05:30,2026-01-29 10:30:00+05:30,584.8330222045898,589.2192698711243,577.8150259381348,2026-01-29 15:30:00+05:30,581.0499877929688,EOD,2.4342859140892394,3.2342859140892393,38.24720764160156,17.671754837036133,2.502439498901367,2.4258126032412926,3.339289879354937,0.005518912957555217,0.7837081146240235,0.0,589.2192698711243,0.4868571828178479,0.6468571828178479,50000.0,5.0,250000.0,1217.1429570446198,1617.1429570446198
2026-01-29,DREDGECORP,LONG,B_HUGE_GREEN_PULLBACK_HOLD_THEN_BREAK,HUGE,2026-01-29 11:30:00+05:30,2026-01-29 12:30:00+05:30,1103.6207044189453,1095.3435491358032,1120.1750149852294,2026-01-29 12:31:00+05:30,1120.1750149852294,TARGET,6.699999999999978,7.499999999999978,42.6312255859375,75.7920150756836,81.2550048828125,2.834373272322873,2.8677413595536487,0.010167702008538842,8.184929997584662,0.0,1095.3435491358032,1.3399999999999956,1.4999999999999956,100000.0,5.0,500000.0,6699.999999999978,7499.999999999978
2026-01-29,ABB,LONG,B_HUGE_GREEN_PULLBACK_HOLD_THEN_BREAK,HUGE,2026-01-29 11:45:00+05:30,2026-01-29 12:45:00+05:30,5534.6067,5493.09714975,5617.6258005,2026-01-29 12:55:00+05:30,5493.09714975,SL,-4.5499999999999865,-3.7499999999999862,57.29492950439453,87.43741607666016,81.8754653930664,1.7911095196755185,6.556621056624373,0.011114728678978891,10.754577304554651,0.0,5493.09714975,-0.9099999999999973,-0.7499999999999972,100000.0,5.0,500000.0,-4549.999999999986,-3749.999999999986
2026-01-29,GRAVITA,LONG,B_HUGE_GREEN_PULLBACK_HOLD_THEN_BREAK,HUGE,2026-01-29 12:30:00+05:30,2026-01-29 14:00:00+05:30,1594.5187911621094,1582.5599002283936,1618.436573029541,2026-01-29 14:54:00+05:30,1618.436573029541,TARGET,6.699999999999982,7.499999999999982,38.79933166503906,75.45443725585938,76.74296569824219,3.213383924645445,2.914892348064651,0.007118015247095321,8.53795124207899,0.0,1582.5599002283936,1.3399999999999965,1.4999999999999964,100000.0,5.0,500000.0,6699.999999999983,7499.999999999983
2026-01-30,KRBL,LONG,B_HUGE_GREEN_PULLBACK_HOLD_THEN_BREAK,HUGE,2026-01-30 10:00:00+05:30,2026-01-30 11:00:00+05:30,338.36764779052737,335.8298904320984,343.44316250738524,2026-01-30 15:19:00+05:30,343.44316250738524,TARGET,6.699999999999937,7.499999999999937,29.687795639038086,74.57539367675781,76.47134399414062,1.9955888266019417,3.6048066960020453,0.00676062811350701,7.712291420159513,0.0,335.8298904320984,1.3399999999999874,1.4999999999999873,100000.0,5.0,500000.0,6699.999999999937,7499.999999999936
2026-01-30,SSWL,LONG,B_HUGE_GREEN_PULLBACK_HOLD_THEN_BREAK,HUGE,2026-01-30 10:00:00+05:30,2026-01-30 11:00:00+05:30,200.79000549316407,199.28408045196537,203.80185557556152,2026-01-30 11:10:00+05:30,203.80185557556152,TARGET,6.699999999999958,7.499999999999957,43.29778289794922,81.49124908447266,85.02615356445312,1.5296162100844817,3.3993772632910697,0.011320907653937213,7.4159435149315005,0.0,199.28408045196537,1.3399999999999916,1.4999999999999916,100000.0,5.0,500000.0,6699.999999999958,7499.999999999958
2026-01-30,HUDCO,SHORT,A_MOD_BREAK_C1_LOW,MODERATE,2026-01-30 12:45:00+05:30,2026-01-30 13:00:00+05:30,190.95999450683593,192.3921944656372,188.6684745727539,2026-01-30 13:17:00+05:30,188.6684745727539,TARGET,5.200000000000004,6.0000000000000036,47.81159591674805,22.732501983642578,6.890752792358398,1.3262431666035779,2.3223036460994475,0.009832537613290053,0.8092664929068467,0.0,192.3921944656372,1.0400000000000007,1.2000000000000006,50000.0,5.0,250000.0,2600.000000000002,3000.0000000000014
2026-01-30,AADHARHFC,LONG,B_HUGE_GREEN_PULLBACK_HOLD_THEN_BREAK,HUGE,2026-01-30 11:30:00+05:30,2026-01-30 14:15:00+05:30,488.7477238952637,485.08211596604923,496.07893975369257,2026-01-30 15:30:00+05:30,492.1000061035156,EOD,2.6294606852944935,3.4294606852944938,27.43460464477539,77.60567474365234,91.37825012207031,2.9920218051862886,3.3018833243771684,0.004892372203205009,8.638769068401063,0.0,485.08211596604923,0.5258921370588987,0.6858921370588987,100000.0,5.0,500000.0,2629.4606852944935,3429.4606852944935
2026-02-01,HIMATSEIDE,LONG,B_HUGE_GREEN_PULLBACK_HOLD_THEN_BREAK,HUGE,2026-02-01 10:00:00+05:30,2026-02-01 11:30:00+05:30,107.31000213623047,106.50517712020874,108.91965216827391,2026-02-01 11:44:00+05:30,106.50517712020874,SL,-4.549999999999978,-3.7499999999999774,29.751293182373047,72.6303939819336,81.79142761230469,1.079622837940813,3.1893514122757916,0.009245644662981835,5.914517472727539,0.0,106.50517712020874,-0.9099999999999955,-0.7499999999999954,100000.0,5.0,500000.0,-4549.999999999977,-3749.9999999999773
2026-02-01,INDIANB,SHORT,A_MOD_BREAK_C1_LOW,MODERATE,2026-02-01 12:00:00+05:30,2026-02-01 12:15:00+05:30,878.0243722045899,884.6095549961244,867.4880797381348,2026-02-01 12:20:00+05:30,867.4880797381348,TARGET,5.199999999999985,5.999999999999984,33.16893005371094,27.238954544067383,21.921733856201172,1.8779900870593562,2.700202159740914,0.00890774807768942,0.6861822160410513,0.0,884.6095549961244,1.039999999999997,1.1999999999999968,50000.0,5.0,250000.0,2599.9999999999927,2999.9999999999923
2026-02-01,BANKINDIA,SHORT,A_MOD_BREAK_C1_LOW,MODERATE,2026-02-01 12:15:00+05:30,2026-02-01 12:30:00+05:30,154.27000732421874,155.42703237915038,152.4187672363281,2026-02-01 12:32:00+05:30,152.4187672363281,TARGET,5.200000000000019,6.000000000000019,38.57444381713867,20.240110397338867,7.18445348739624,2.100699118323677,3.317930776998337,0.011445579667822135,0.7886166572570801,0.0,155.42703237915038,1.0400000000000038,1.2000000000000037,50000.0,5.0,250000.0,2600.0000000000095,3000.000000000009
2026-02-01,GABRIEL,SHORT,A_MOD_BREAK_C1_LOW,MODERATE,2026-02-01 14:15:00+05:30,2026-02-01 14:30:00+05:30,900.56985,907.324123875,889.7630118,2026-02-01 15:01:00+05:30,907.324123875,SL,-4.550000000000045,-3.750000000000045,28.267126083374023,32.94293212890625,11.104958534240723,2.5558092626509685,2.2018921381832475,0.008471557542879801,0.6340068912506103,0.0,907.324123875,-0.910000000000009,-0.750000000000009,50000.0,5.0,250000.0,-2275.0000000000227,-1875.0000000000225
2026-02-02,IEX,SHORT,A_MOD_BREAK_C1_LOW,MODERATE,2026-02-02 10:00:00+05:30,2026-02-02 10:15:00+05:30,121.7999984741211,122.71349846267701,120.33839849243164,2026-02-02 10:18:00+05:30,120.33839849243164,TARGET,5.200000000000028,6.0000000000000275,40.0098762512207,23.506929397583008,10.963611602783203,1.0615183844393346,3.1888466276066256,0.007409959448117115,0.645913861045194,0.0,122.71349846267701,1.0400000000000056,1.2000000000000055,50000.0,5.0,250000.0,2600.0000000000136,3000.000000000014
2026-02-02,PRECAM,SHORT,A_PULLBACK_C2_THEN_BREAK_C2_LOW,MODERATE,2026-02-02 10:00:00+05:30,2026-02-02 10:30:00+05:30,141.0000030517578,142.057503074646,139.3080030151367,2026-02-02 10:45:00+05:30,139.3080030151367,TARGET,5.200000000000008,6.000000000000007,25.695676803588867,25.51032829284668,0.653106153011322,0.9234361347405226,3.325882680820818,0.008821599641675393,0.40703647563342443,0.0,142.057503074646,1.0400000000000016,1.2000000000000015,50000.0,5.0,250000.0,2600.0000000000036,3000.000000000004
2026-02-02,HERITGFOOD,SHORT,A_MOD_BREAK_C1_LOW,MODERATE,2026-02-02 10:30:00+05:30,2026-02-02 10:45:00+05:30,347.4305,350.03622875,343.261334,2026-02-02 15:05:00+05:30,343.261334,TARGET,5.200000000000027,6.000000000000027,44.848087310791016,21.872934341430664,1.9940143823623657,1.5766642550546108,3.278133816023352,0.005383859063575682,0.8086375542964221,0.0,350.03622875,1.0400000000000054,1.2000000000000053,50000.0,5.0,250000.0,2600.000000000013,3000.000000000013
2026-02-02,HUDCO,SHORT,A_MOD_BREAK_C1_LOW,MODERATE,2026-02-02 10:30:00+05:30,2026-02-02 10:45:00+05:30,184.14999694824218,185.531121925354,181.94019698486326,2026-02-02 11:13:00+05:30,181.94019698486326,TARGET,5.200000000000019,6.000000000000019,29.559093475341797,26.424968719482422,3.0698511600494385,1.0871570719733457,2.8514117922190603,0.012210349703829454,0.4936388897254624,0.0,185.531121925354,1.0400000000000038,1.2000000000000037,50000.0,5.0,250000.0,2600.0000000000095,3000.000000000009
2026-02-02,TOLINS,SHORT,A_PULLBACK_C2_THEN_BREAK_C2_LOW,MODERATE,2026-02-02 10:30:00+05:30,2026-02-02 11:00:00+05:30,116.50000305175782,117.373753074646,115.10200301513672,2026-02-02 11:06:00+05:30,115.10200301513672,TARGET,5.2000000000000215,6.000000000000021,38.305572509765625,27.84463119506836,7.587239742279053,1.1910984541725067,2.5295297192469115,0.007930394455561053,0.643025817126673,0.0,117.373753074646,1.0400000000000043,1.2000000000000042,50000.0,5.0,250000.0,2600.000000000011,3000.0000000000105
2026-02-02,FEDFINA,SHORT,A_MOD_BREAK_C1_LOW,MODERATE,2026-02-02 11:00:00+05:30,2026-02-02 11:15:00+05:30,134.45,135.458375,132.83659999999998,2026-02-02 12:22:00+05:30,132.83659999999998,TARGET,5.200000000000048,6.000000000000048,34.264530181884766,22.121931076049805,1.4758037328720093,1.6210537874618036,3.3274727508320843,0.01115307347523184,0.6576523655340871,0.0,135.458375,1.0400000000000096,1.2000000000000095,50000.0,5.0,250000.0,2600.000000000024,3000.000000000024
2026-02-02,GLENMARK,SHORT,A_MOD_BREAK_C1_LOW,MODERATE,2026-02-02 11:00:00+05:30,2026-02-02 11:15:00+05:30,1864.9269888183594,1878.9139412344973,1842.5478649525392,2026-02-02 12:07:00+05:30,1842.5478649525392,TARGET,5.199999999999983,5.999999999999983,46.7439079284668,21.984756469726562,8.702234268188477,1.7127657744093667,3.1123374123735195,0.011308020740172892,0.8608926294486412,0.0,1878.9139412344973,1.0399999999999967,1.1999999999999966,50000.0,5.0,250000.0,2599.999999999992,2999.9999999999914
2026-02-02,J&KBANK,SHORT,A_MOD_BREAK_C1_LOW,MODERATE,2026-02-02 11:00:00+05:30,2026-02-02 11:15:00+05:30,99.21000213623047,99.95407715225221,98.0194821105957,2026-02-02 13:13:00+05:30,99.95407715225221,SL,-4.550000000000053,-3.7500000000000533,62.01520919799805,17.305288314819336,5.425427436828613,1.7843466485754116,3.2815401955694816,0.007083944415846365,0.9222606635006969,0.0,99.95407715225221,-0.9100000000000106,-0.7500000000000107,50000.0,5.0,250000.0,-2275.0000000000264,-1875.0000000000266
2026-02-02,LEMONTREE,SHORT,A_MOD_BREAK_C1_LOW,MODERATE,2026-02-02 11:00:00+05:30,2026-02-02 11:15:00+05:30,125.32000274658203,126.2599027671814,123.81616271362304,2026-02-02 13:15:00+05:30,126.2599027671814,SL,-4.550000000000009,-3.7500000000000084,40.078006744384766,29.523929595947266,11.594154357910156,0.9430920465622707,2.453569998105519,0.007226562060437724,0.6262112093141687,0.0,126.2599027671814,-0.9100000000000017,-0.7500000000000017,50000.0,5.0,250000.0,-2275.0000000000045,-1875.0000000000043
2026-02-02,MOIL,SHORT,A_MOD_BREAK_C1_LOW,MODERATE,2026-02-02 11:00:00+05:30,2026-02-02 11:15:00+05:30,328.9342,331.4012065,324.98698959999996,2026-02-02 12:12:00+05:30,324.98698959999996,TARGET,5.200000000000028,6.0000000000000275,42.56499099731445,20.02006721496582,2.414046287536621,1.819544836940639,3.513253152984395,0.01191019088640843,0.8168952114243286,0.0,331.4012065,1.0400000000000056,1.2000000000000055,50000.0,5.0,250000.0,2600.0000000000136,3000.000000000014
2026-02-02,POLYMED,SHORT,A_MOD_BREAK_C1_LOW,MODERATE,2026-02-02 11:00:00+05:30,2026-02-02 11:15:00+05:30,1453.0093888183594,1463.9069592344972,1435.5732761525392,2026-02-02 11:34:00+05:30,1463.9069592344972,SL,-4.5500000000000345,-3.7500000000000346,32.77166748046875,29.23231315612793,1.6820062398910522,1.7406219155135527,3.0369707987507666,0.007952325264998119,0.656183847421903,0.0,1463.9069592344972,-0.9100000000000068,-0.7500000000000069,50000.0,5.0,250000.0,-2275.000000000017,-1875.0000000000173
2026-02-02,SAIL,SHORT,A_MOD_BREAK_C1_LOW,MODERATE,2026-02-02 11:00:00+05:30,2026-02-02 11:15:00+05:30,144.0500061035156,145.130381149292,142.32140603027344,2026-02-02 12:03:00+05:30,142.32140603027344,TARGET,5.199999999999964,5.999999999999963,27.717313766479492,34.878387451171875,29.244794845581055,0.6959402978450185,1.9130205231330089,0.010969931111321628,0.39320028477672103,0.0,145.130381149292,1.0399999999999927,1.1999999999999926,50000.0,5.0,250000.0,2599.999999999982,2999.9999999999814
2026-02-02,SAREGAMA,SHORT,A_MOD_BREAK_C1_LOW,MODERATE,2026-02-02 11:00:00+05:30,2026-02-02 11:15:00+05:30,325.23492779541016,327.67418975387574,321.3321086618652,2026-02-02 15:02:00+05:30,327.67418975387574,SL,-4.550000000000004,-3.7500000000000044,34.907867431640625,22.18613052368164,1.8260133266448975,1.6956142448187925,2.929515868569642,0.008486670517325974,0.6803505043178981,0.0,327.67418975387574,-0.9100000000000008,-0.7500000000000009,50000.0,5.0,250000.0,-2275.000000000002,-1875.0000000000023
2026-02-02,VINDHYATEL,SHORT,A_MOD_BREAK_C1_LOW,MODERATE,2026-02-02 11:00:00+05:30,2026-02-02 11:15:00+05:30,1172.7654,1181.5611405,1158.6922152,2026-02-02 11:27:00+05:30,1158.6922152,TARGET,5.200000000000015,6.000000000000015,27.144926071166992,30.18800926208496,4.344150543212891,1.3357773610473553,2.01400239121354,0.009042739868164062,0.5009349292507921,0.0,1181.5611405,1.0400000000000031,1.200000000000003,50000.0,5.0,250000.0,2600.0000000000077,3000.0000000000077
2026-02-02,BRIGADE,SHORT,A_MOD_BREAK_C1_LOW,MODERATE,2026-02-02 11:15:00+05:30,2026-02-02 11:30:00+05:30,727.9043777954101,733.3636606288758,719.1695252618653,2026-02-02 12:11:00+05:30,719.1695252618653,TARGET,5.199999999999973,5.999999999999972,32.64128494262695,36.29671859741211,18.813499450683594,0.6930999070319791,1.924238464767565,0.009528716323386342,0.4671236811083789,0.0,733.3636606288758,1.0399999999999945,1.1999999999999944,50000.0,5.0,250000.0,2599.999999999986,2999.9999999999864
2026-02-02,CHOLAHLDNG,SHORT,A_MOD_BREAK_C1_LOW,MODERATE,2026-02-02 11:15:00+05:30,2026-02-02 11:30:00+05:30,1617.1765,1629.30532375,1597.770382,2026-02-02 13:12:00+05:30,1629.30532375,SL,-4.550000000000011,-3.7500000000000115,28.5753231048584,31.596784591674805,4.9761643409729,1.2510860445321157,2.2562568502474813,0.010810335563176197,0.5075699043659962,0.0,1629.30532375,-0.9100000000000024,-0.7500000000000023,50000.0,5.0,250000.0,-2275.000000000006,-1875.0000000000057
2026-02-02,PSB,SHORT,A_MOD_BREAK_C1_LOW,MODERATE,2026-02-02 11:15:00+05:30,2026-02-02 11:30:00+05:30,26.390000534057616,26.58792553806305,26.073320527648924,2026-02-02 11:55:00+05:30,26.58792553806305,SL,-4.5500000000000345,-3.7500000000000338,25.380264282226562,26.713369369506836,6.0103349685668945,1.669424052177953,2.658175923817583,0.007288621671150306,0.5328531733645403,0.0,26.58792553806305,-0.9100000000000068,-0.7500000000000068,50000.0,5.0,250000.0,-2275.000000000017,-1875.0000000000168
2026-02-02,JSL,SHORT,A_MOD_BREAK_C1_LOW,MODERATE,2026-02-02 12:45:00+05:30,2026-02-02 13:00:00+05:30,769.9459555908203,775.7205502577515,760.7066041237305,2026-02-02 13:29:00+05:30,775.7205502577515,SL,-4.5500000000000265,-3.7500000000000266,28.294198989868164,33.67348098754883,12.419660568237305,1.4691451405498785,1.8392291159868686,0.008389461215133042,0.5334748402435947,0.0,775.7205502577515,-0.9100000000000052,-0.7500000000000053,50000.0,5.0,250000.0,-2275.000000000013,-1875.0000000000134
2026-02-03,DBCORP,LONG,A_MOD_BREAK_C1_HIGH,MODERATE,2026-02-03 11:00:00+05:30,2026-02-03 11:15:00+05:30,245.13999633789064,243.30144636535647,248.81709628295897,2026-02-03 15:30:00+05:30,247.0,EOD,2.9937580360114167,3.7937580360114165,40.00865936279297,66.4574966430664,73.40751647949219,0.4520431385005844,1.246152756163286,0.01274635159239477,4.055764962342268,0.0,243.30144636535647,0.5987516072022834,0.7587516072022833,100000.0,5.0,500000.0,2993.758036011417,3793.7580360114166
2026-02-03,SHK,LONG,B_HUGE_GREEN_PULLBACK_HOLD_THEN_BREAK,HUGE,2026-02-03 12:00:00+05:30,2026-02-03 13:00:00+05:30,157.27999572753907,156.10039575958254,159.63919566345214,2026-02-03 13:05:00+05:30,159.63919566345214,TARGET,6.699999999999944,7.499999999999943,54.40895462036133,84.50359344482422,76.0478744506836,3.313713159347381,3.3198123874081005,0.014131802090179222,9.998115485078884,0.0,156.10039575958254,1.3399999999999888,1.4999999999999887,100000.0,5.0,500000.0,6699.999999999944,7499.999999999944
2026-02-04,TECHM,SHORT,A_MOD_BREAK_C1_LOW,MODERATE,2026-02-04 10:30:00+05:30,2026-02-04 10:45:00+05:30,1620.6758,1632.8308685000002,1601.2276904,2026-02-04 11:25:00+05:30,1601.2276904,TARGET,5.199999999999986,5.999999999999986,40.191070556640625,15.3552885055542,20.268461227416992,0.6696740180756697,4.612627890777527,0.009186189065879135,0.5800590115128517,0.0,1632.8308685000002,1.0399999999999971,1.199999999999997,50000.0,5.0,250000.0,2599.9999999999927,2999.9999999999927
2026-02-04,LTIM,SHORT,A_MOD_BREAK_C1_LOW,MODERATE,2026-02-04 10:45:00+05:30,2026-02-04 11:00:00+05:30,5629.8738,5672.0978535,5562.3153144,2026-02-04 11:27:00+05:30,5562.3153144,TARGET,5.200000000000044,6.000000000000043,33.58339309692383,19.53998374938965,17.517377853393555,0.669906521930868,4.158723635793337,0.010298236748434173,0.48098453779175937,0.0,5672.0978535,1.0400000000000087,1.2000000000000086,50000.0,5.0,250000.0,2600.0000000000214,3000.000000000022
2026-02-04,IDBI,LONG,A_MOD_BREAK_C1_HIGH,MODERATE,2026-02-04 11:45:00+05:30,2026-02-04 12:00:00+05:30,106.93999938964843,106.13794939422608,108.54409938049315,2026-02-04 12:01:00+05:30,108.54409938049315,TARGET,6.699999999999953,7.499999999999952,51.17380142211914,79.867431640625,94.38903045654297,2.928207045461812,2.7184176246546063,0.009547446797015732,8.215216770586455,0.0,106.13794939422608,1.3399999999999905,1.4999999999999905,100000.0,5.0,500000.0,6699.999999999953,7499.999999999952
2026-02-04,UDS,LONG,B_HUGE_GREEN_PULLBACK_HOLD_THEN_BREAK,HUGE,2026-02-04 10:00:00+05:30,2026-02-04 12:15:00+05:30,154.68999938964845,153.5298243942261,157.01034938049315,2026-02-04 13:41:00+05:30,157.01034938049315,TARGET,6.699999999999928,7.499999999999928,27.654340744018555,70.14578247070312,87.92559814453125,1.9575400013407327,2.8538507207664976,0.006549587588359325,6.516320777929108,0.0,153.5298243942261,1.3399999999999856,1.4999999999999856,100000.0,5.0,500000.0,6699.999999999928,7499.999999999928
2026-02-04,KALAMANDIR,LONG,B_HUGE_GREEN_PULLBACK_HOLD_THEN_BREAK,HUGE,2026-02-04 10:00:00+05:30,2026-02-04 13:45:00+05:30,116.55,115.675875,118.29824999999998,2026-02-04 14:04:00+05:30,118.29824999999998,TARGET,6.699999999999934,7.499999999999933,31.914974212646484,73.92193603515625,86.64503479003906,2.9986396129995914,3.631498932267023,0.010519476680012492,8.819197250871136,0.0,115.675875,1.3399999999999868,1.4999999999999867,100000.0,5.0,500000.0,6699.999999999934,7499.999999999934
2026-02-04,CAPACITE,LONG,B_HUGE_GREEN_PULLBACK_HOLD_THEN_BREAK,HUGE,2026-02-04 11:30:00+05:30,2026-02-04 13:45:00+05:30,246.05,244.20462500000002,249.74075,2026-02-04 14:17:00+05:30,249.74075,TARGET,6.699999999999959,7.499999999999959,41.37269973754883,74.08523559570312,66.11802673339844,1.4445671641776436,2.663116153398319,0.016438945855704965,6.077894875933,0.0,244.20462500000002,1.3399999999999919,1.4999999999999918,100000.0,5.0,500000.0,6699.999999999959,7499.999999999959
2026-02-04,TVSSCS-BE,LONG,B_HUGE_GREEN_PULLBACK_HOLD_THEN_BREAK,HUGE,2026-02-04 10:15:00+05:30,2026-02-04 14:15:00+05:30,102.35000305175781,101.58237802886963,103.88525309753416,2026-02-04 15:30:00+05:30,102.5,EOD,-0.0672352527125096,0.7327647472874903,51.03419494628906,79.85218048095703,90.76992797851562,2.9119044615847396,3.7020845780485305,0.005111017731927994,9.098509473860043,0.0,101.58237802886963,-0.01344705054250192,0.14655294945749806,100000.0,5.0,500000.0,-67.2352527125096,732.7647472874902
2026-02-04,KOTHARIPET,LONG,B_HUGE_GREEN_PULLBACK_HOLD_THEN_BREAK,HUGE,2026-02-04 10:15:00+05:30,2026-02-04 14:30:00+05:30,121.53000335693359,120.6185283317566,123.35295340728759,2026-02-04 15:30:00+05:30,121.5,EOD,-0.9234401222119242,-0.1234401222119243,35.015560150146484,73.39952087402344,73.42472839355469,2.041300101718302,3.2403348979969206,0.008931508483179314,7.514153022148953,0.0,120.6185283317566,-0.18468802444238483,-0.02468802444238486,100000.0,5.0,500000.0,-923.4401222119242,-123.4401222119243
2026-02-05,CARTRADE,SHORT,A_MOD_BREAK_C1_LOW,MODERATE,2026-02-05 10:15:00+05:30,2026-02-05 10:30:00+05:30,2164.567,2180.8012525,2138.592196,2026-02-05 10:49:00+05:30,2138.592196,TARGET,5.199999999999988,5.999999999999988,58.661502838134766,8.133183479309082,6.675076484680176,2.2372319392585918,5.159733125024011,0.017154581761573622,0.96,0.0,2180.8012525,1.0399999999999976,1.1999999999999975,50000.0,5.0,250000.0,2599.9999999999936,2999.999999999994
2026-02-05,AIIL,SHORT,A_MOD_BREAK_C1_LOW,MODERATE,2026-02-05 10:45:00+05:30,2026-02-05 11:00:00+05:30,496.05076389770505,499.7711446269379,490.0981547309326,2026-02-05 14:48:00+05:30,499.7711446269379,SL,-4.550000000000042,-3.7500000000000417,45.499542236328125,25.64434051513672,32.65115737915039,1.1379862836892969,2.5436900981410373,0.00593799426928238,0.7416407331905488,0.0,499.7711446269379,-0.9100000000000084,-0.7500000000000083,50000.0,5.0,250000.0,-2275.000000000021,-1875.0000000000207
2026-02-05,RATEGAIN,SHORT,A_MOD_BREAK_C1_LOW,MODERATE,2026-02-05 11:00:00+05:30,2026-02-05 11:15:00+05:30,609.9279777954101,614.5024376288758,602.6088420618652,2026-02-05 11:26:00+05:30,602.6088420618652,TARGET,5.200000000000027,6.000000000000027,29.392465591430664,24.608274459838867,12.90731143951416,0.9936175474898209,3.0558267196623468,0.007724552724705238,0.47477005468217864,0.0,614.5024376288758,1.0400000000000054,1.2000000000000053,50000.0,5.0,250000.0,2600.000000000013,3000.000000000013
2026-02-05,EMUDHRA,SHORT,A_PULLBACK_C2_THEN_BREAK_C2_LOW,MODERATE,2026-02-05 11:45:00+05:30,2026-02-05 12:15:00+05:30,504.899,508.68574250000006,498.840212,2026-02-05 14:23:00+05:30,508.68574250000006,SL,-4.550000000000058,-3.7500000000000586,40.48136520385742,27.66973304748535,24.63763427734375,0.4282802384354865,2.2416392431953587,0.010537847699855156,0.5421695197840715,0.0,508.68574250000006,-0.9100000000000117,-0.7500000000000118,50000.0,5.0,250000.0,-2275.000000000029,-1875.0000000000293
2026-02-05,ANURAS,LONG,A_MOD_BREAK_C1_HIGH,MODERATE,2026-02-05 12:15:00+05:30,2026-02-05 12:30:00+05:30,1266.2532,1256.7563010000001,1285.246998,2026-02-05 14:03:00+05:30,1285.246998,TARGET,6.699999999999989,7.499999999999988,40.9715461730957,60.79475402832031,60.52631759643555,2.104691424566953,1.276626616581166,0.0043069548640349556,5.5188273650499635,0.0,1256.7563010000001,1.3399999999999976,1.4999999999999976,100000.0,5.0,500000.0,6699.999999999988,7499.999999999987
2026-02-05,SANGHVIMOV,LONG,B_HUGE_GREEN_PULLBACK_HOLD_THEN_BREAK,HUGE,2026-02-05 13:00:00+05:30,2026-02-05 14:15:00+05:30,325.5651,323.12336175,330.44857649999994,2026-02-05 15:30:00+05:30,326.95001220703125,EOD,1.3269359139405261,2.126935913940526,30.153392791748047,75.13511657714844,77.61141204833984,3.1114422749223127,2.683553810135813,0.010016666219392175,7.912809648376754,0.0,323.12336175,0.26538718278810525,0.4253871827881052,100000.0,5.0,500000.0,1326.9359139405262,2126.935913940526
2026-02-05,PARADEEP,SHORT,A_MOD_BREAK_C1_LOW,MODERATE,2026-02-05 14:15:00+05:30,2026-02-05 14:30:00+05:30,124.67000122070313,125.60502622985841,123.17396120605468,2026-02-05 14:39:00+05:30,125.60502622985841,SL,-4.550000000000035,-3.7500000000000355,32.29257583618164,26.777734756469727,7.25681209564209,3.173122182891421,3.409985617060734,0.004651307352683173,0.6943886375427246,0.0,125.60502622985841,-0.910000000000007,-0.7500000000000071,50000.0,5.0,250000.0,-2275.0000000000173,-1875.0000000000177
2026-02-06,IEX,SHORT,A_MOD_BREAK_C1_LOW,MODERATE,2026-02-06 10:00:00+05:30,2026-02-06 10:15:00+05:30,121.11000366210938,122.0183286895752,119.65668361816407,2026-02-06 15:30:00+05:30,120.70999908447266,EOD,0.851410145906335,1.6514101459063348,25.147762298583984,17.209070205688477,1.8298949003219604,1.5937786096836595,5.0567912378164115,0.005018739019690142,0.5161276911734001,0.0,122.0183286895752,0.170282029181267,0.330282029181267,50000.0,5.0,250000.0,425.70507295316753,825.7050729531674
2026-02-06,KHAICHEM,SHORT,A_MOD_BREAK_C1_LOW,MODERATE,2026-02-06 10:00:00+05:30,2026-02-06 10:15:00+05:30,64.71999664306641,65.2053966178894,63.94335668334961,2026-02-06 10:48:00+05:30,63.94335668334961,TARGET,5.199999999999995,5.999999999999995,30.41642189025879,28.057662963867188,24.333444595336914,1.4609340322722848,2.781845755915109,0.006330089063791848,0.5719097840015317,0.0,65.2053966178894,1.039999999999999,1.1999999999999988,50000.0,5.0,250000.0,2599.9999999999973,2999.999999999997
2026-02-06,TATVA,SHORT,A_MOD_BREAK_C1_LOW,MODERATE,2026-02-06 10:00:00+05:30,2026-02-06 10:15:00+05:30,1145.7708,1154.3640810000002,1132.0215504,2026-02-06 11:48:00+05:30,1154.3640810000002,SL,-4.55000000000007,-3.75000000000007,33.416038513183594,25.074186325073242,5.295774936676025,1.500847899316823,3.9719463035392253,0.006731465640908553,0.6238889600781978,0.0,1154.3640810000002,-0.9100000000000139,-0.750000000000014,50000.0,5.0,250000.0,-2275.000000000035,-1875.000000000035
2026-02-06,TIRUMALCHM,SHORT,A_MOD_BREAK_C1_LOW,MODERATE,2026-02-06 10:00:00+05:30,2026-02-06 10:15:00+05:30,192.45,193.893375,190.14059999999998,2026-02-06 10:50:00+05:30,193.893375,SL,-4.550000000000009,-3.7500000000000084,34.399986267089844,23.15489387512207,5.000051021575928,1.6196043996759593,3.7691679725799023,0.00553988605350643,0.6594305639496405,0.0,193.893375,-0.9100000000000017,-0.7500000000000017,50000.0,5.0,250000.0,-2275.0000000000045,-1875.0000000000043
2026-02-06,POLYMED,SHORT,A_MOD_BREAK_C1_LOW,MODERATE,2026-02-06 10:15:00+05:30,2026-02-06 10:30:00+05:30,1432.7134,1443.4587505000002,1415.5208392000002,2026-02-06 10:35:00+05:30,1415.5208392000002,TARGET,5.199999999999968,5.999999999999968,29.438966751098633,23.31696319580078,3.984560966491699,1.2325208326078545,3.1180747464700955,0.013109373530556252,0.5172756469728539,0.0,1443.4587505000002,1.0399999999999936,1.1999999999999935,50000.0,5.0,250000.0,2599.9999999999836,2999.9999999999836
2026-02-06,TATATECH,SHORT,A_MOD_BREAK_C1_LOW,MODERATE,2026-02-06 10:15:00+05:30,2026-02-06 10:30:00+05:30,621.7256055908204,626.3885476327515,614.2648983237304,2026-02-06 13:21:00+05:30,614.2648983237304,TARGET,5.200000000000047,6.000000000000046,29.912038803100586,12.86075210571289,7.096752643585205,1.7960632865490112,4.8530580546921955,0.004974586223175591,0.6229916571925858,0.0,626.3885476327515,1.0400000000000094,1.2000000000000093,50000.0,5.0,250000.0,2600.000000000023,3000.000000000023
2026-02-06,NATCOPHARM,SHORT,A_MOD_BREAK_C1_LOW,MODERATE,2026-02-06 10:30:00+05:30,2026-02-06 10:45:00+05:30,814.2871222045899,820.3942756211244,804.5156767381347,2026-02-06 12:22:00+05:30,820.3942756211244,SL,-4.550000000000056,-3.750000000000056,27.020483016967773,14.85713005065918,16.266422271728516,1.3199306483361968,3.218776000135584,0.004520976006052531,0.496295108713351,0.0,820.3942756211244,-0.9100000000000112,-0.7500000000000112,50000.0,5.0,250000.0,-2275.000000000028,-1875.0000000000282
2026-02-06,CONCORDBIO,LONG,B_HUGE_GREEN_PULLBACK_HOLD_THEN_BREAK,HUGE,2026-02-06 10:15:00+05:30,2026-02-06 11:45:00+05:30,1264.1528044189454,1254.6716583858033,1283.1150964852295,2026-02-06 12:02:00+05:30,1283.1150964852295,TARGET,6.699999999999982,7.499999999999982,41.76232147216797,78.19625854492188,92.2748794555664,0.8616986081021819,3.6148199019345455,0.015193650728257933,7.036239252490958,0.0,1254.6716583858033,1.3399999999999965,1.4999999999999964,100000.0,5.0,500000.0,6699.999999999983,7499.999999999983
2026-02-06,TARC,SHORT,A_MOD_BREAK_C1_LOW,MODERATE,2026-02-06 12:15:00+05:30,2026-02-06 12:30:00+05:30,147.7500030517578,148.858128074646,145.97700301513672,2026-02-06 15:30:00+05:30,148.0,EOD,-1.6460133437514153,-0.8460133437514152,29.977190017700195,27.49213981628418,8.67928695678711,2.2946089949986836,3.251595121799928,0.009616229497904432,0.6596578502655028,0.0,148.858128074646,-0.32920266875028303,-0.16920266875028306,50000.0,5.0,250000.0,-823.0066718757075,-423.00667187570764
2026-02-09,TOLINS,LONG,A_MOD_BREAK_C1_HIGH,MODERATE,2026-02-09 10:00:00+05:30,2026-02-09 10:15:00+05:30,129.54000549316407,128.56845545196535,131.48310557556152,2026-02-09 11:25:00+05:30,131.48310557556152,TARGET,6.699999999999957,7.4999999999999565,25.139211654663086,78.25296020507812,90.6235580444336,0.427353061949051,3.6073598573123227,0.00740213673446697,5.443114788948485,0.0,128.56845545196535,1.3399999999999914,1.4999999999999913,100000.0,5.0,500000.0,6699.999999999957,7499.999999999956
2026-02-09,GULPOLY,LONG,B_HUGE_GREEN_PULLBACK_HOLD_THEN_BREAK,HUGE,2026-02-09 10:00:00+05:30,2026-02-09 11:00:00+05:30,137.52000122070314,136.48860121154786,139.58280123901366,2026-02-09 11:04:00+05:30,136.48860121154786,SL,-4.550000000000013,-3.750000000000013,29.36872100830078,83.42195129394531,72.57067108154297,3.3035722618896477,4.254507363375526,0.006465254802384145,10.129308315417218,0.0,136.48860121154786,-0.9100000000000026,-0.7500000000000026,100000.0,5.0,500000.0,-4550.000000000014,-3750.0000000000127
2026-02-09,AEGISLOG,LONG,B_HUGE_GREEN_PULLBACK_HOLD_THEN_BREAK,HUGE,2026-02-09 10:45:00+05:30,2026-02-09 11:45:00+05:30,711.5423044189453,706.2057371358032,722.2154389852294,2026-02-09 11:50:00+05:30,722.2154389852294,TARGET,6.699999999999978,7.499999999999978,32.638484954833984,81.6999282836914,69.62675476074219,2.7114507392213567,3.184413162163488,0.005981031873775844,8.679405266894076,0.0,706.2057371358032,1.3399999999999956,1.4999999999999956,100000.0,5.0,500000.0,6699.999999999978,7499.999999999978
2026-02-09,ELECON,LONG,B_HUGE_GREEN_PULLBACK_HOLD_THEN_BREAK,HUGE,2026-02-09 10:45:00+05:30,2026-02-09 11:45:00+05:30,487.2974522094727,483.64272131790165,494.60691399261475,2026-02-09 11:51:00+05:30,483.64272131790165,SL,-4.549999999999988,-3.749999999999989,26.519119262695312,81.47150421142578,77.70574951171875,1.8428947761544854,5.378477136789556,0.009861072072519057,8.830379479513315,0.0,483.64272131790165,-0.9099999999999977,-0.7499999999999978,100000.0,5.0,500000.0,-4549.999999999988,-3749.999999999989
2026-02-09,HPL,LONG,B_HUGE_GREEN_PULLBACK_HOLD_THEN_BREAK,HUGE,2026-02-09 10:00:00+05:30,2026-02-09 12:30:00+05:30,345.069,342.48098250000004,350.245035,2026-02-09 12:47:00+05:30,350.245035,TARGET,6.699999999999937,7.499999999999937,41.94235610961914,87.91185760498047,93.65912628173828,1.1872009896051336,4.8721868856331145,0.012122247460967127,8.260480753405698,0.0,342.48098250000004,1.3399999999999874,1.4999999999999873,100000.0,5.0,500000.0,6699.999999999937,7499.999999999936
2026-02-09,ROTO,LONG,B_HUGE_GREEN_PULLBACK_HOLD_THEN_BREAK,HUGE,2026-02-09 11:15:00+05:30,2026-02-09 13:45:00+05:30,61.89999847412109,61.435748485565185,62.8284984512329,2026-02-09 13:49:00+05:30,62.8284984512329,TARGET,6.699999999999968,7.499999999999968,32.62223434448242,86.79588317871094,94.71240997314453,2.364913285949675,4.0435316238694865,0.008468877155285378,8.788206319139496,0.0,61.435748485565185,1.3399999999999936,1.4999999999999936,100000.0,5.0,500000.0,6699.999999999968,7499.999999999967
2026-02-10,BAYERCROP,LONG,B_HUGE_GREEN_PULLBACK_HOLD_THEN_BREAK,HUGE,2026-02-10 10:00:00+05:30,2026-02-10 11:15:00+05:30,4715.842882324218,4680.474060706787,4786.580525559081,2026-02-10 15:23:00+05:30,4680.474060706787,SL,-4.549999999999978,-3.7499999999999774,45.29539108276367,75.69369506835938,90.03250885009766,1.8741020779669124,3.236597464060299,0.005931593306521152,7.196594324671815,0.0,4680.474060706787,-0.9099999999999955,-0.7499999999999954,100000.0,5.0,500000.0,-4549.999999999977,-3749.9999999999773
2026-02-10,VLSFINANCE,LONG,B_HUGE_GREEN_PULLBACK_HOLD_THEN_BREAK,HUGE,2026-02-10 10:00:00+05:30,2026-02-10 11:30:00+05:30,277.80555,275.722008375,281.97263324999994,2026-02-10 15:30:00+05:30,277.29998779296875,EOD,-1.7099209987547628,-0.909920998754763,33.55442810058594,66.20865631103516,74.58009338378906,0.9757880788823169,1.8542236161781018,0.005106665753670947,4.604398516434269,0.0,275.722008375,-0.34198419975095257,-0.1819841997509526,100000.0,5.0,500000.0,-1709.9209987547629,-909.920998754763
2026-02-10,VEDL,LONG,B_HUGE_GREEN_PULLBACK_HOLD_THEN_BREAK,HUGE,2026-02-10 10:30:00+05:30,2026-02-10 12:15:00+05:30,689.0878022094727,683.9196436929017,699.4241192426147,2026-02-10 15:30:00+05:30,687.2999877929688,EOD,-2.0972326681531146,-1.2972326681531148,35.29391098022461,72.14929962158203,78.92435455322266,1.4673596322845688,2.569146402211216,0.0050301874265364765,5.815221251311236,0.0,683.9196436929017,-0.41944653363062295,-0.259446533630623,100000.0,5.0,500000.0,-2097.232668153115,-1297.232668153115
2026-02-10,RPGLIFE,LONG,B_HUGE_GREEN_PULLBACK_HOLD_THEN_BREAK,HUGE,2026-02-10 12:45:00+05:30,2026-02-10 14:30:00+05:30,2055.411,2039.9954175000003,2086.2421649999997,2026-02-10 14:39:00+05:30,2086.2421649999997,TARGET,6.6999999999999025,7.499999999999902,41.592899322509766,82.6108627319336,78.74215698242188,3.1562191250421208,2.8617174619624097,0.006321487841625066,8.76301764471813,0.0,2039.9954175000003,1.3399999999999805,1.4999999999999805,100000.0,5.0,500000.0,6699.999999999903,7499.999999999903
2026-02-10,TATACOMM,LONG,B_HUGE_GREEN_PULLBACK_HOLD_THEN_BREAK,HUGE,2026-02-10 13:30:00+05:30,2026-02-10 14:30:00+05:30,1645.329,1632.9890325000001,1670.0089349999998,2026-02-10 14:57:00+05:30,1670.0089349999998,TARGET,6.6999999999999655,7.499999999999965,43.20429611206055,76.1531753540039,87.26463317871094,3.1951733922919323,3.1751813357616103,0.006837794226506194,8.52617763276781,0.0,1632.9890325000001,1.3399999999999932,1.4999999999999931,100000.0,5.0,500000.0,6699.999999999966,7499.999999999966
2026-02-10,AUROPHARMA,SHORT,A_MOD_BREAK_C1_LOW,MODERATE,2026-02-10 14:15:00+05:30,2026-02-10 14:30:00+05:30,1122.8753555908204,1131.2969207577516,1109.4008513237304,2026-02-10 14:40:00+05:30,1109.4008513237304,TARGET,5.200000000000056,6.000000000000055,39.16201400756836,13.865212440490723,3.1392059326171875,3.9419109194995756,4.029647430212356,0.009199985928005642,0.7974302101135253,0.0,1131.2969207577516,1.0400000000000111,1.200000000000011,50000.0,5.0,250000.0,2600.0000000000277,3000.0000000000277
2026-02-11,LICI,SHORT,A_MOD_BREAK_C1_LOW,MODERATE,2026-02-11 10:00:00+05:30,2026-02-11 10:15:00+05:30,870.5258722045899,877.0548162461243,860.0795617381348,2026-02-11 12:11:00+05:30,877.0548162461243,SL,-4.550000000000036,-3.750000000000036,28.862499237060547,19.65179443359375,5.813755035400391,1.621623870150493,4.595829589388047,0.003938883808998026,0.5767216658322445,0.0,877.0548162461243,-0.9100000000000072,-0.7500000000000072,50000.0,5.0,250000.0,-2275.000000000018,-1875.0000000000182
2026-02-11,TRITURBINE,SHORT,A_MOD_BREAK_C1_LOW,MODERATE,2026-02-11 11:15:00+05:30,2026-02-11 11:30:00+05:30,489.20212779541015,492.87114375387574,483.33170226186525,2026-02-11 14:05:00+05:30,483.33170226186525,TARGET,5.1999999999999815,5.9999999999999805,33.453983306884766,28.43978500366211,13.533679962158203,1.216110414246025,2.861514887889964,0.004359498129887274,0.5746290720963259,0.0,492.87114375387574,1.0399999999999963,1.1999999999999962,50000.0,5.0,250000.0,2599.999999999991,2999.9999999999905
2026-02-11,BOROSCI,SHORT,A_MOD_BREAK_C1_LOW,MODERATE,2026-02-11 11:30:00+05:30,2026-02-11 11:45:00+05:30,104.95,105.737125,103.6906,2026-02-11 11:57:00+05:30,105.737125,SL,-4.550000000000015,-3.750000000000015,41.2186279296875,35.358577728271484,26.944461822509766,0.6076574514423315,1.6076797647969066,0.01003399235861642,0.5650034611875658,0.0,105.737125,-0.910000000000003,-0.750000000000003,50000.0,5.0,250000.0,-2275.0000000000073,-1875.0000000000075
2026-02-11,FSL,SHORT,A_MOD_BREAK_C1_LOW,MODERATE,2026-02-11 11:30:00+05:30,2026-02-11 11:45:00+05:30,286.19275,288.339195625,282.758437,2026-02-11 11:46:00+05:30,282.758437,TARGET,5.199999999999956,5.999999999999956,43.50265121459961,21.117740631103516,5.987802505493164,1.9637955791148367,3.014059213048748,0.004690389420115892,0.8562039945640905,0.0,288.339195625,1.0399999999999912,1.199999999999991,50000.0,5.0,250000.0,2599.9999999999777,2999.9999999999777
2026-02-11,COFORGE,SHORT,A_MOD_BREAK_C1_LOW,MODERATE,2026-02-11 12:30:00+05:30,2026-02-11 12:45:00+05:30,1525.6948,1537.1375110000001,1507.3864624,2026-02-11 15:30:00+05:30,1515.0,EOD,2.7048949501564756,3.5048949501564755,29.195951461791992,28.368253707885742,10.535920143127441,1.5409067707793205,1.975927224445338,0.004986439175908676,0.5663943180355278,0.0,1537.1375110000001,0.5409789900312951,0.700978990031295,50000.0,5.0,250000.0,1352.4474750782376,1752.4474750782376
2026-02-11,ZFCVINDIA,LONG,B_HUGE_GREEN_PULLBACK_HOLD_THEN_BREAK,HUGE,2026-02-11 10:45:00+05:30,2026-02-11 13:15:00+05:30,15927.1848,15807.730914000002,16166.092572,2026-02-11 15:30:00+05:30,15966.0,EOD,0.41852042553054,1.21852042553054,38.78290557861328,82.84648895263672,91.03260803222656,206.4953535127957,4.17351090407001,0.007706247601368954,254.1325357645386,0.0,15807.730914000002,0.083704085106108,0.24370408510610797,100000.0,5.0,500000.0,418.52042553053997,1218.5204255305398
2026-02-12,SHANKARA,SHORT,A_MOD_BREAK_C1_LOW,MODERATE,2026-02-12 10:00:00+05:30,2026-02-12 10:15:00+05:30,104.46000213623047,105.2434521522522,103.2064821105957,2026-02-12 11:11:00+05:30,103.2064821105957,TARGET,5.200000000000024,6.000000000000024,27.16138458251953,21.46660614013672,9.100041389465332,1.0381358542532826,3.1251572973160346,0.009049029726970468,0.44909454323211745,0.0,105.2434521522522,1.040000000000005,1.2000000000000048,50000.0,5.0,250000.0,2600.0000000000123,3000.0000000000123
2026-02-12,FINPIPE,LONG,A_MOD_BREAK_C1_HIGH,MODERATE,2026-02-12 10:15:00+05:30,2026-02-12 10:30:00+05:30,186.55,185.150875,189.34825,2026-02-12 10:31:00+05:30,189.34825,TARGET,6.6999999999999895,7.499999999999989,31.164165496826172,84.68096923828125,91.42675018310547,1.7816497004084169,3.5021849872572415,0.007554717103918452,6.9362160488749955,0.0,185.150875,1.3399999999999979,1.4999999999999978,100000.0,5.0,500000.0,6699.999999999989,7499.999999999989
2026-02-12,KFINTECH,SHORT,A_MOD_BREAK_C1_LOW,MODERATE,2026-02-12 10:15:00+05:30,2026-02-12 10:30:00+05:30,988.4022555908203,995.8152725077516,976.5414285237305,2026-02-12 10:40:00+05:30,995.8152725077516,SL,-4.550000000000059,-3.7500000000000595,25.26329231262207,22.025545120239258,2.6488466262817383,1.5678453756394581,3.6798094233573924,0.006273015693560461,0.5133223254262362,0.0,995.8152725077516,-0.9100000000000119,-0.7500000000000119,50000.0,5.0,250000.0,-2275.0000000000296,-1875.0000000000296
2026-02-12,CLEAN,SHORT,A_MOD_BREAK_C1_LOW,MODERATE,2026-02-12 10:30:00+05:30,2026-02-12 10:45:00+05:30,764.847,770.5833525,755.6688359999999,2026-02-12 11:08:00+05:30,755.6688359999999,TARGET,5.200000000000026,6.000000000000025,43.932334899902344,19.03716468811035,10.8720064163208,1.3157264913967783,3.3755700927671213,0.00539153843505142,0.7492371594929712,0.0,770.5833525,1.0400000000000051,1.200000000000005,50000.0,5.0,250000.0,2600.0000000000127,3000.0000000000127
2026-02-12,SIS,SHORT,A_MOD_BREAK_C1_LOW,MODERATE,2026-02-12 11:45:00+05:30,2026-02-12 12:00:00+05:30,340.9318,343.48878850000006,336.8406184,2026-02-12 15:30:00+05:30,340.70001220703125,EOD,-0.46006721436844583,0.33993278563155405,39.05403518676758,31.270263671875,16.617521286010742,0.9781823081631729,2.068404202552194,0.003967106130508972,0.616992431730069,0.0,343.48878850000006,-0.09201344287368916,0.06798655712631081,50000.0,5.0,250000.0,-230.03360718422292,169.96639281577703
2026-02-12,INSECTICID,SHORT,A_MOD_BREAK_C1_LOW,MODERATE,2026-02-12 14:00:00+05:30,2026-02-12 14:15:00+05:30,609.8280222045898,614.4017323711244,602.5100859381348,2026-02-12 15:12:00+05:30,614.4017323711244,SL,-4.550000000000072,-3.7500000000000715,48.1039924621582,30.291728973388672,17.600975036621094,1.8433391522928166,2.2827289825440635,0.003536315433314589,0.9041442385836158,0.0,614.4017323711244,-0.9100000000000144,-0.7500000000000143,50000.0,5.0,250000.0,-2275.0000000000355,-1875.0000000000357
2026-02-13,AURIONPRO,SHORT,A_MOD_BREAK_C1_LOW,MODERATE,2026-02-13 10:00:00+05:30,2026-02-13 10:15:00+05:30,924.4150555908203,931.3481685077516,913.3220749237305,2026-02-13 10:40:00+05:30,931.3481685077516,SL,-4.550000000000045,-3.7500000000000453,25.70800018310547,19.810483932495117,6.272153377532959,1.6274968183328173,4.6794994595372685,0.007810325713268367,0.530431945954825,0.0,931.3481685077516,-0.910000000000009,-0.7500000000000091,50000.0,5.0,250000.0,-2275.0000000000227,-1875.0000000000227
2026-02-13,CARTRADE,SHORT,A_MOD_BREAK_C1_LOW,MODERATE,2026-02-13 10:00:00+05:30,2026-02-13 10:15:00+05:30,2043.5912,2058.918134,2019.0681056,2026-02-13 10:16:00+05:30,2019.0681056,TARGET,5.1999999999999975,5.999999999999997,29.68543243408203,25.6215763092041,11.62260913848877,0.8563324217955817,2.741589762306146,0.01030084639435765,0.4551396603254572,0.0,2058.918134,1.0399999999999996,1.1999999999999995,50000.0,5.0,250000.0,2599.999999999999,2999.9999999999986
2026-02-13,PAYTM,SHORT,A_MOD_BREAK_C1_LOW,MODERATE,2026-02-13 10:00:00+05:30,2026-02-13 10:15:00+05:30,1106.7786,1115.0794395000003,1093.4972568,2026-02-13 12:16:00+05:30,1115.0794395000003,SL,-4.5500000000000735,-3.7500000000000746,36.887420654296875,17.018798828125,11.166823387145996,1.5472438455660662,4.762164439262108,0.005898126787719821,0.6840789827885145,0.0,1115.0794395000003,-0.9100000000000148,-0.7500000000000149,50000.0,5.0,250000.0,-2275.000000000037,-1875.0000000000373
2026-02-13,RICOAUTO,SHORT,A_MOD_BREAK_C1_LOW,MODERATE,2026-02-13 10:00:00+05:30,2026-02-13 10:15:00+05:30,122.75000305175782,123.670628074646,121.27700301513671,2026-02-13 11:41:00+05:30,121.27700301513671,TARGET,5.200000000000031,6.000000000000031,42.70647430419922,20.41231346130371,14.138168334960938,1.31746224610604,4.677947228431468,0.007897774863049267,0.7311530076315453,0.0,123.670628074646,1.0400000000000063,1.2000000000000062,50000.0,5.0,250000.0,2600.0000000000155,3000.0000000000155
2026-02-13,SIGNATURE,LONG,A_MOD_BREAK_C1_HIGH,MODERATE,2026-02-13 10:00:00+05:30,2026-02-13 10:15:00+05:30,1018.8537544189453,1011.2123512608033,1034.1365607352293,2026-02-13 10:33:00+05:30,1034.1365607352293,TARGET,6.69999999999991,7.499999999999909,28.908334732055664,79.11026000976562,80.4791030883789,1.6151394461605062,3.691158537957226,0.0066753297340212845,7.198843952135341,0.0,1011.2123512608033,1.3399999999999819,1.4999999999999818,100000.0,5.0,500000.0,6699.999999999909,7499.999999999909
2026-02-13,BRIGADE,SHORT,A_MOD_BREAK_C1_LOW,MODERATE,2026-02-13 10:15:00+05:30,2026-02-13 10:30:00+05:30,768.6962055908203,774.4614271327515,759.4718511237305,2026-02-13 15:26:00+05:30,759.4718511237305,TARGET,5.199999999999988,5.999999999999988,29.521127700805664,21.274906158447266,6.707597732543945,1.3574031204591206,3.6812742424216798,0.00623257603539912,0.540362461592431,0.0,774.4614271327515,1.0399999999999976,1.1999999999999975,50000.0,5.0,250000.0,2599.9999999999936,2999.999999999994
2026-02-13,ETERNAL,SHORT,A_MOD_BREAK_C1_LOW,MODERATE,2026-02-13 10:15:00+05:30,2026-02-13 10:30:00+05:30,288.49227779541013,290.65596987887574,285.03037046186523,2026-02-13 14:20:00+05:30,285.03037046186523,TARGET,5.199999999999964,5.999999999999963,28.740528106689453,20.761173248291016,6.835132598876953,1.5257705059568871,3.663510696513382,0.0068074514155217775,0.5581177601427971,0.0,290.65596987887574,1.0399999999999927,1.1999999999999926,50000.0,5.0,250000.0,2599.999999999982,2999.9999999999814
2026-02-13,DOMS,SHORT,A_MOD_BREAK_C1_LOW,MODERATE,2026-02-13 10:45:00+05:30,2026-02-13 11:00:00+05:30,2359.528,2377.22446,2331.213664,2026-02-13 14:26:00+05:30,2377.22446,SL,-4.550000000000026,-3.750000000000025,30.83106231689453,25.817415237426758,13.874407768249512,1.022652257847675,2.763197643283007,0.006032790718302306,0.501430079876761,0.0,2377.22446,-0.910000000000005,-0.750000000000005,50000.0,5.0,250000.0,-2275.0000000000127,-1875.0000000000125
2026-02-13,SHYAMMETL,SHORT,A_MOD_BREAK_C1_LOW,MODERATE,2026-02-13 11:00:00+05:30,2026-02-13 11:15:00+05:30,881.8236,888.4372770000001,871.2417168000001,2026-02-13 15:30:00+05:30,876.0,EOD,2.5020209484073996,3.3020209484074,25.874813079833984,36.33378601074219,37.88412857055664,0.6104604593281425,1.5910719790657282,0.007187370805751157,0.3345063755332211,0.0,888.4372770000001,0.5004041896814799,0.66040418968148,50000.0,5.0,250000.0,1251.0104742037,1651.0104742037
2026-02-13,TECHNOE,SHORT,A_MOD_BREAK_C1_LOW,MODERATE,2026-02-13 11:15:00+05:30,2026-02-13 11:30:00+05:30,1032.4934111816406,1040.237111765503,1020.1034902474609,2026-02-13 12:08:00+05:30,1040.237111765503,SL,-4.550000000000042,-3.750000000000042,27.1635799407959,16.633071899414062,3.8118605613708496,1.572156317872079,3.5245403599370735,0.007818324218977768,0.5425810547395522,0.0,1040.237111765503,-0.9100000000000084,-0.7500000000000084,50000.0,5.0,250000.0,-2275.000000000021,-1875.0000000000211
2026-02-13,GHCL,SHORT,A_MOD_BREAK_C1_LOW,MODERATE,2026-02-13 11:30:00+05:30,2026-02-13 11:45:00+05:30,494.10117220458983,497.80693099612427,488.17195813813476,2026-02-13 12:14:00+05:30,497.80693099612427,SL,-4.550000000000011,-3.7500000000000124,51.48723602294922,14.643692016601562,3.089561700820923,2.2318849720512506,3.531018278765394,0.005571769208536326,0.96,0.0,497.80693099612427,-0.9100000000000024,-0.7500000000000024,50000.0,5.0,250000.0,-2275.000000000006,-1875.000000000006
2026-02-13,GVPIL-BE,LONG,B_HUGE_GREEN_PULLBACK_HOLD_THEN_BREAK,HUGE,2026-02-13 10:00:00+05:30,2026-02-13 13:00:00+05:30,477.5955,474.01353375,484.75943249999995,2026-02-13 13:36:00+05:30,474.01353375,SL,-4.549999999999993,-3.7499999999999933,71.69751739501953,98.60072326660156,91.58030700683594,2.4527579237003736,9.05551962656371,0.01122112609896854,14.047100820042978,0.0,474.01353375,-0.9099999999999986,-0.7499999999999987,100000.0,5.0,500000.0,-4549.999999999994,-3749.999999999993
2026-02-16,RANEHOLDIN,SHORT,A_MOD_BREAK_C1_LOW,MODERATE,2026-02-16 10:30:00+05:30,2026-02-16 10:45:00+05:30,1329.8339555908203,1339.8077102577515,1313.8759481237305,2026-02-16 10:55:00+05:30,1313.8759481237305,TARGET,5.199999999999995,5.999999999999995,38.30321502685547,19.196273803710938,15.311163902282715,0.7316453471965619,3.927315722527982,0.015368475269162792,0.5625861611622303,0.0,1339.8077102577515,1.039999999999999,1.1999999999999988,50000.0,5.0,250000.0,2599.9999999999973,2999.999999999997
2026-02-16,LXCHEM,SHORT,A_PULLBACK_C2_THEN_BREAK_C2_LOW,MODERATE,2026-02-16 10:45:00+05:30,2026-02-16 11:15:00+05:30,141.5000030517578,142.561253074646,139.8020030151367,2026-02-16 15:30:00+05:30,140.6999969482422,EOD,2.0268766299000993,2.826876629900099,41.565269470214844,18.424333572387695,0.8069447875022888,1.5735186898979479,4.393438850026047,0.005960789795447766,0.7588448127853635,0.0,142.561253074646,0.40537532598001985,0.5653753259800198,50000.0,5.0,250000.0,1013.4383149500497,1413.4383149500495
2026-02-16,GTPL,SHORT,A_MOD_BREAK_C1_LOW,MODERATE,2026-02-16 11:00:00+05:30,2026-02-16 11:15:00+05:30,74.50000305175782,75.058753074646,73.60600301513672,2026-02-16 13:31:00+05:30,73.60600301513672,TARGET,5.2,6.0,27.930330276489258,18.013734817504883,2.735604763031006,2.5060285256959243,5.989750715977254,0.0055188290129692535,0.6289549541473389,0.0,75.058753074646,1.04,1.2,50000.0,5.0,250000.0,2600.0,3000.0
2026-02-16,RPGLIFE,SHORT,A_MOD_BREAK_C1_LOW,MODERATE,2026-02-16 11:15:00+05:30,2026-02-16 11:30:00+05:30,1965.0069444091796,1979.7444964922486,1941.4268610762695,2026-02-16 15:30:00+05:30,1968.0,EOD,-1.561589061895231,-0.7615890618952313,46.19363784790039,28.897130966186523,39.817413330078125,0.9149015324563473,1.819862401844179,0.005088018364054113,0.7040054559905755,0.0,1979.7444964922486,-0.3123178123790462,-0.15231781237904626,50000.0,5.0,250000.0,-780.7945309476155,-380.79453094761567
2026-02-17,SWSOLAR,LONG,B_HUGE_GREEN_PULLBACK_HOLD_THEN_BREAK,HUGE,2026-02-17 10:45:00+05:30,2026-02-17 12:00:00+05:30,219.9499938964844,218.30036894226077,223.24924380493164,2026-02-17 12:15:00+05:30,218.30036894226077,SL,-4.549999999999951,-3.749999999999951,42.156036376953125,89.51428985595703,82.2677230834961,1.7209415797197298,4.413195465216832,0.008012041226654937,8.629625171645735,0.0,218.30036894226077,-0.9099999999999902,-0.7499999999999902,100000.0,5.0,500000.0,-4549.999999999951,-3749.9999999999513
2026-02-17,CANBK,LONG,B_HUGE_GREEN_PULLBACK_HOLD_THEN_BREAK,HUGE,2026-02-17 12:00:00+05:30,2026-02-17 13:45:00+05:30,149.7499969482422,148.62687197113038,151.99624690246583,2026-02-17 15:30:00+05:30,149.3000030517578,EOD,-2.302483825224774,-1.502483825224774,35.3365364074707,83.6336898803711,92.03423309326172,2.5971001865032597,3.554450014915176,0.005316174817800502,8.33446812941281,0.0,148.62687197113038,-0.4604967650449548,-0.3004967650449548,100000.0,5.0,500000.0,-2302.483825224774,-1502.4838252247741
2026-02-17,ADANIGREEN,LONG,B_HUGE_GREEN_PULLBACK_HOLD_THEN_BREAK,HUGE,2026-02-17 12:45:00+05:30,2026-02-17 14:00:00+05:30,1013.2026,1005.6035805,1028.400639,2026-02-17 15:30:00+05:30,1013.5499877929688,EOD,-0.628569432723135,0.17143056727686484,29.05290985107422,70.83766174316406,77.08361053466797,2.6866330145508774,2.7632844733961703,0.007758744189272599,7.214583839244396,0.0,1005.6035805,-0.125713886544627,0.03428611345537297,100000.0,5.0,500000.0,-628.569432723135,171.43056727686485
2026-02-18,AFFLE,SHORT,A_MOD_BREAK_C1_LOW,MODERATE,2026-02-18 10:15:00+05:30,2026-02-18 10:30:00+05:30,1534.693,1546.2031975,1516.276684,2026-02-18 12:51:00+05:30,1516.276684,TARGET,5.200000000000017,6.000000000000016,25.817745208740234,19.186933517456055,2.9845056533813477,1.4900226092106101,3.157914792962834,0.005253654106490851,0.5080201347429603,0.0,1546.2031975,1.0400000000000034,1.2000000000000033,50000.0,5.0,250000.0,2600.0000000000086,3000.000000000008
2026-02-18,HERANBA,LONG,A_MOD_BREAK_C1_HIGH,MODERATE,2026-02-18 10:15:00+05:30,2026-02-18 10:30:00+05:30,216.85000305175782,215.22362802886965,220.10275309753416,2026-02-18 10:31:00+05:30,220.10275309753416,TARGET,6.699999999999933,7.4999999999999325,26.978641510009766,70.6444091796875,86.99775695800781,1.7126680088617787,2.355721787529859,0.00853979872457499,5.26233862622931,0.0,215.22362802886965,1.3399999999999865,1.4999999999999865,100000.0,5.0,500000.0,6699.999999999933,7499.999999999932
2026-02-18,AMBIKCO,SHORT,A_PULLBACK_C2_THEN_BREAK_C2_LOW,MODERATE,2026-02-18 10:15:00+05:30,2026-02-18 10:45:00+05:30,1362.7274,1372.9478555,1346.3746712,2026-02-18 15:30:00+05:30,1352.0,EOD,3.136003635063033,3.9360036350630323,25.736711502075195,27.56877326965332,12.244719505310059,0.9143689241228664,3.2690978764314167,0.003422082213907669,0.4060652342526296,0.0,1372.9478555,0.6272007270126065,0.7872007270126065,50000.0,5.0,250000.0,1568.0018175315163,1968.001817531516
2026-02-18,GANECOS,SHORT,A_MOD_BREAK_C1_LOW,MODERATE,2026-02-18 10:30:00+05:30,2026-02-18 10:45:00+05:30,783.3932777954102,789.2687273788758,773.9925584618653,2026-02-18 15:02:00+05:30,773.9925584618653,TARGET,5.199999999999976,5.999999999999975,25.789030075073242,30.855886459350586,8.713444709777832,1.276630651360601,2.1926474058667336,0.006764087486620444,0.47024581511420377,0.0,789.2687273788758,1.0399999999999952,1.199999999999995,50000.0,5.0,250000.0,2599.9999999999877,2999.9999999999873
2026-02-18,RGL,SHORT,A_PULLBACK_C2_THEN_BREAK_C2_LOW,MODERATE,2026-02-18 10:30:00+05:30,2026-02-18 11:00:00+05:30,111.1800033569336,112.01385338211061,109.84584331665039,2026-02-18 11:01:00+05:30,109.84584331665039,TARGET,5.200000000000024,6.000000000000024,25.499950408935547,19.840913772583008,2.520895004272461,2.155702501524639,3.935943992563524,0.006976291737748903,0.5924992561340332,0.0,112.01385338211061,1.040000000000005,1.2000000000000048,50000.0,5.0,250000.0,2600.0000000000123,3000.0000000000123
2026-02-18,KRN,LONG,B_HUGE_GREEN_PULLBACK_HOLD_THEN_BREAK,HUGE,2026-02-18 10:30:00+05:30,2026-02-18 12:00:00+05:30,784.1568,778.275624,795.9191519999999,2026-02-18 12:24:00+05:30,795.9191519999999,TARGET,6.699999999999977,7.499999999999977,42.2197265625,82.32942199707031,74.89759063720703,1.5828234473063771,4.181856303593496,0.008836187669596035,8.273840922562371,0.0,778.275624,1.3399999999999954,1.4999999999999953,100000.0,5.0,500000.0,6699.999999999976,7499.999999999976
2026-02-18,SUNPHARMA,LONG,A_MOD_BREAK_C1_HIGH,MODERATE,2026-02-18 11:45:00+05:30,2026-02-18 12:00:00+05:30,1724.9448955810547,1712.007808864197,1750.8190690147703,2026-02-18 15:30:00+05:30,1725.5,EOD,-0.6390950283781793,0.16090497162182058,29.973634719848633,64.06392669677734,61.73712921142578,1.2980681832438927,1.14617473181556,0.0023867574574032123,3.8587785572494164,0.0,1712.007808864197,-0.12781900567563587,0.032180994324364116,100000.0,5.0,500000.0,-639.0950283781793,160.90497162182058
2026-02-18,VOLTAMP,LONG,B_HUGE_GREEN_PULLBACK_HOLD_THEN_BREAK,HUGE,2026-02-18 11:00:00+05:30,2026-02-18 12:15:00+05:30,8542.7082,8478.6378885,8670.848822999998,2026-02-18 13:17:00+05:30,8478.6378885,SL,-4.549999999999981,-3.7499999999999805,33.33859634399414,76.81224822998047,72.96028900146484,2.0214013132907533,3.4971216466963617,0.0069910773054146485,7.573244692256189,0.0,8478.6378885,-0.9099999999999961,-0.7499999999999961,100000.0,5.0,500000.0,-4549.999999999981,-3749.999999999981
2026-02-19,ZOTA,SHORT,A_MOD_BREAK_C1_LOW,MODERATE,2026-02-19 10:15:00+05:30,2026-02-19 10:30:00+05:30,1351.1297444091797,1361.2632174922487,1334.9161874762694,2026-02-19 11:46:00+05:30,1334.9161874762694,TARGET,5.200000000000036,6.0000000000000355,41.417945861816406,35.7341423034668,21.753087997436523,1.1182741475736069,1.771354910658104,0.004549728561452879,0.6655349092855325,0.0,1361.2632174922487,1.0400000000000071,1.200000000000007,50000.0,5.0,250000.0,2600.0000000000177,3000.0000000000177
2026-02-19,GODREJIND,LONG,A_MOD_BREAK_C1_HIGH,MODERATE,2026-02-19 11:00:00+05:30,2026-02-19 11:15:00+05:30,1035.0569455810546,1027.2940184891968,1050.5827997647702,2026-02-19 11:16:00+05:30,1050.5827997647702,TARGET,6.699999999999912,7.499999999999912,58.2799072265625,77.75103759765625,72.35458374023438,1.9485706455119107,2.591490573954152,0.011389127073361892,7.421149474988551,0.0,1027.2940184891968,1.3399999999999825,1.4999999999999825,100000.0,5.0,500000.0,6699.999999999913,7499.999999999912
2026-02-19,ABREL,SHORT,A_MOD_BREAK_C1_LOW,MODERATE,2026-02-19 11:45:00+05:30,2026-02-19 12:00:00+05:30,1320.7358,1330.6413185,1304.8869703999999,2026-02-19 12:21:00+05:30,1304.8869703999999,TARGET,5.200000000000018,6.000000000000018,51.81342697143555,17.895008087158203,8.17498779296875,2.4964285019125154,3.636414491395646,0.006606051871335142,0.96,0.0,1330.6413185,1.0400000000000036,1.2000000000000035,50000.0,5.0,250000.0,2600.000000000009,3000.0000000000086
2026-02-19,PRUDENT,SHORT,A_MOD_BREAK_C1_LOW,MODERATE,2026-02-19 11:45:00+05:30,2026-02-19 12:00:00+05:30,2593.781188818359,2613.234547734497,2562.6558145525387,2026-02-19 12:38:00+05:30,2562.6558145525387,TARGET,5.200000000000033,6.000000000000033,28.244117736816406,29.597999572753906,3.8083102703094482,1.9158591493464978,2.472329725878598,0.0045000330759866055,0.6189371171878832,0.0,2613.234547734497,1.0400000000000067,1.2000000000000066,50000.0,5.0,250000.0,2600.000000000017,3000.0000000000164
2026-02-19,CONTROLPR,SHORT,A_MOD_BREAK_C1_LOW,MODERATE,2026-02-19 12:15:00+05:30,2026-02-19 12:30:00+05:30,636.8726,641.6491445,629.2301288,2026-02-19 12:41:00+05:30,629.2301288,TARGET,5.200000000000036,6.0000000000000355,30.200071334838867,31.906490325927734,6.7204389572143555,1.9280114793466818,2.470084038059629,0.0054328475305386575,0.6504030789082522,0.0,641.6491445,1.0400000000000071,1.200000000000007,50000.0,5.0,250000.0,2600.0000000000177,3000.0000000000177
2026-02-19,RCF,SHORT,A_MOD_BREAK_C1_LOW,MODERATE,2026-02-19 12:15:00+05:30,2026-02-19 12:30:00+05:30,133.0500061035156,134.04788114929198,131.4534060302734,2026-02-19 15:23:00+05:30,131.4534060302734,TARGET,5.200000000000049,6.000000000000049,33.678932189941406,29.581806182861328,7.069138526916504,1.9118743259196902,2.1306755260243633,0.003208437366186167,0.6997619898850669,0.0,134.04788114929198,1.0400000000000098,1.2000000000000097,50000.0,5.0,250000.0,2600.0000000000246,3000.0000000000246
2026-02-19,TATVA,LONG,B_HUGE_GREEN_PULLBACK_HOLD_THEN_BREAK,HUGE,2026-02-19 11:00:00+05:30,2026-02-19 14:00:00+05:30,1245.0490088378906,1235.7111412716065,1263.7247439704588,2026-02-19 15:15:00+05:30,1235.7111412716065,SL,-4.54999999999997,-3.7499999999999694,27.578073501586914,68.98431396484375,72.36324310302734,1.1093772904516503,2.4831700814846567,0.00829557201812679,5.728863108773651,0.0,1235.7111412716065,-0.9099999999999939,-0.7499999999999939,100000.0,5.0,500000.0,-4549.99999999997,-3749.9999999999695
2026-02-19,DWARKESH,SHORT,A_MOD_BREAK_C1_LOW,MODERATE,2026-02-19 14:15:00+05:30,2026-02-19 14:30:00+05:30,35.42000122070313,35.6856512298584,34.99496120605469,2026-02-19 15:04:00+05:30,34.99496120605469,TARGET,5.200000000000008,6.000000000000007,30.812381744384766,26.590261459350586,11.928004264831543,2.954845510008474,2.7974074625796965,0.003865353283789934,0.6721857261657715,0.0,35.6856512298584,1.0400000000000016,1.2000000000000015,50000.0,5.0,250000.0,2600.0000000000036,3000.000000000004
2026-02-20,AARTIPHARM,SHORT,A_MOD_BREAK_C1_LOW,MODERATE,2026-02-20 10:45:00+05:30,2026-02-20 11:00:00+05:30,710.0579722045899,715.3834069961243,701.5372765381347,2026-02-20 14:04:00+05:30,701.5372765381347,TARGET,5.200000000000044,6.000000000000043,25.51214027404785,37.952327728271484,40.12627410888672,0.9765567745983045,1.2032528304427983,0.006315362748341442,0.3737421811875609,0.0,715.3834069961243,1.0400000000000087,1.2000000000000086,50000.0,5.0,250000.0,2600.0000000000214,3000.000000000022
2026-02-20,YATRA,SHORT,A_MOD_BREAK_C1_LOW,MODERATE,2026-02-20 10:45:00+05:30,2026-02-20 11:00:00+05:30,147.77000732421874,148.8782823791504,145.9967672363281,2026-02-20 11:58:00+05:30,148.8782823791504,SL,-4.550000000000042,-3.750000000000042,32.49217224121094,15.696887969970703,3.8318164348602295,1.827774071729462,3.3406853476652305,0.009677281527328533,0.6672430461708199,0.0,148.8782823791504,-0.9100000000000084,-0.7500000000000084,50000.0,5.0,250000.0,-2275.000000000021,-1875.0000000000211
2026-02-20,ARVINDFASN,SHORT,A_MOD_BREAK_C1_LOW,MODERATE,2026-02-20 11:30:00+05:30,2026-02-20 11:45:00+05:30,458.5082861022949,461.94709824806216,453.00618666906735,2026-02-20 13:32:00+05:30,453.00618666906735,TARGET,5.200000000000019,6.000000000000019,49.030418395996094,24.88721466064453,12.304070472717285,1.4184984031165004,2.385519919435604,0.007838857128494255,0.8436934964853289,0.0,461.94709824806216,1.0400000000000038,1.2000000000000037,50000.0,5.0,250000.0,2600.0000000000095,3000.000000000009
2026-02-20,BLAL,SHORT,A_MOD_BREAK_C1_LOW,MODERATE,2026-02-20 11:30:00+05:30,2026-02-20 11:45:00+05:30,187.95,189.359625,185.69459999999998,2026-02-20 15:14:00+05:30,189.359625,SL,-4.550000000000014,-3.750000000000014,25.463163375854492,36.711307525634766,64.60125732421875,0.751540506495449,1.2503660531084388,0.006219608986631353,0.3359853419299429,0.0,189.359625,-0.9100000000000028,-0.7500000000000029,50000.0,5.0,250000.0,-2275.0000000000073,-1875.0000000000073
2026-02-20,SHYAMMETL,SHORT,A_MOD_BREAK_C1_LOW,MODERATE,2026-02-20 12:15:00+05:30,2026-02-20 12:30:00+05:30,835.8827777954101,842.1518986288758,825.8521844618651,2026-02-20 12:49:00+05:30,842.1518986288758,SL,-4.550000000000044,-3.750000000000044,62.3735466003418,22.159433364868164,7.815986633300781,1.5274001402900392,2.652961282801891,0.007279838233866705,0.8772950245507567,0.0,842.1518986288758,-0.9100000000000088,-0.7500000000000088,50000.0,5.0,250000.0,-2275.000000000022,-1875.0000000000218
2026-02-20,JKTYRE,SHORT,A_MOD_BREAK_C1_LOW,MODERATE,2026-02-20 13:00:00+05:30,2026-02-20 13:15:00+05:30,535.0429944091796,539.0558168672485,528.6224784762695,2026-02-20 13:19:00+05:30,528.6224784762695,TARGET,5.199999999999968,5.999999999999968,51.55410385131836,22.277305603027344,4.646074295043945,2.4521686748798914,2.8187561733443376,0.008562635962922352,0.96,0.0,539.0558168672485,1.0399999999999936,1.1999999999999935,50000.0,5.0,250000.0,2599.9999999999836,2999.9999999999836
2026-02-20,EPIGRAL,SHORT,A_MOD_BREAK_C1_LOW,MODERATE,2026-02-20 13:15:00+05:30,2026-02-20 13:30:00+05:30,939.812,946.8605900000001,928.534256,2026-02-20 15:30:00+05:30,940.2000122070312,EOD,-1.006430757976722,-0.20643075797672203,65.842041015625,21.71038818359375,2.0602831840515137,2.885114768286142,3.7058752397756196,0.005597922566385466,0.96,0.0,946.8605900000001,-0.20128615159534438,-0.041286151595344406,50000.0,5.0,250000.0,-503.215378988361,-103.21537898836102
2026-02-20,VGUARD,SHORT,A_MOD_BREAK_C1_LOW,MODERATE,2026-02-20 14:15:00+05:30,2026-02-20 14:30:00+05:30,316.4866777954102,318.86032787887575,312.68883766186525,2026-02-20 15:30:00+05:30,314.54998779296875,EOD,2.259670656490284,3.059670656490284,42.389198303222656,21.886995315551758,4.5666680335998535,2.4161336186954934,3.132163436723711,0.004161875907564263,0.8458379745483398,0.0,318.86032787887575,0.4519341312980569,0.6119341312980568,50000.0,5.0,250000.0,1129.8353282451424,1529.8353282451421
2026-02-23,CIGNITITEC,SHORT,A_MOD_BREAK_C1_LOW,MODERATE,2026-02-23 10:00:00+05:30,2026-02-23 10:15:00+05:30,1293.0413888183593,1302.7391992344972,1277.524892152539,2026-02-23 10:43:00+05:30,1277.524892152539,TARGET,5.200000000000012,6.000000000000011,35.60047149658203,25.182903289794922,20.98133087158203,1.067542019967887,3.126734555242314,0.006900157707538383,0.5808269259431107,0.0,1302.7391992344972,1.0400000000000023,1.2000000000000022,50000.0,5.0,250000.0,2600.0000000000055,3000.0000000000055
2026-02-23,COFORGE,SHORT,A_MOD_BREAK_C1_LOW,MODERATE,2026-02-23 10:15:00+05:30,2026-02-23 10:30:00+05:30,1304.739,1314.5245425,1289.082132,2026-02-23 10:47:00+05:30,1289.082132,TARGET,5.200000000000013,6.000000000000012,34.83296585083008,21.12091064453125,9.456679344177246,1.426885559358968,3.2129972820725388,0.00799846539678037,0.6321994606502706,0.0,1314.5245425,1.0400000000000025,1.2000000000000024,50000.0,5.0,250000.0,2600.0000000000064,3000.000000000006
2026-02-23,PENIND,SHORT,A_MOD_BREAK_C1_LOW,MODERATE,2026-02-23 10:15:00+05:30,2026-02-23 10:30:00+05:30,146.2500030517578,147.34687807464599,144.49500301513672,2026-02-23 11:10:00+05:30,144.49500301513672,TARGET,5.199999999999967,5.999999999999966,27.369949340820312,29.329608917236328,17.119487762451172,1.523048763777446,2.5808102269220456,0.008571044678359025,0.5370827737733577,0.0,147.34687807464599,1.0399999999999934,1.1999999999999933,50000.0,5.0,250000.0,2599.999999999983,2999.999999999983
2026-02-23,WIPRO,SHORT,A_MOD_BREAK_C1_LOW,MODERATE,2026-02-23 10:30:00+05:30,2026-02-23 10:45:00+05:30,205.47000427246093,207.0110293045044,203.0043642211914,2026-02-23 15:30:00+05:30,205.92999267578125,EOD,-1.9193565818745055,-1.1193565818745057,25.93145179748535,17.475509643554688,4.297231197357178,2.5253200721466387,3.692409519740398,0.004478832979540999,0.5989717769622802,0.0,207.0110293045044,-0.38387131637490113,-0.22387131637490112,50000.0,5.0,250000.0,-959.6782909372529,-559.6782909372528
2026-02-23,LATENTVIEW,SHORT,A_MOD_BREAK_C1_LOW,MODERATE,2026-02-23 10:45:00+05:30,2026-02-23 11:00:00+05:30,354.2791361022949,356.93622962306216,350.02778646906734,2026-02-23 13:35:00+05:30,350.02778646906734,TARGET,5.200000000000033,6.000000000000033,51.621299743652344,16.22669792175293,6.587194442749023,2.3700218265535997,3.8901773184630506,0.007568591448456168,0.96,0.0,356.93622962306216,1.0400000000000067,1.2000000000000066,50000.0,5.0,250000.0,2600.000000000017,3000.0000000000164
2026-02-23,TATAELXSI,SHORT,A_MOD_BREAK_C1_LOW,MODERATE,2026-02-23 10:45:00+05:30,2026-02-23 11:00:00+05:30,4763.5471,4799.27370325,4706.3845347999995,2026-02-23 12:26:00+05:30,4706.3845347999995,TARGET,5.200000000000027,6.000000000000027,29.14719581604004,30.68613052368164,5.880826950073242,1.6634954261782242,2.475075390119975,0.005933651164914918,0.5883196368217898,0.0,4799.27370325,1.0400000000000054,1.2000000000000053,50000.0,5.0,250000.0,2600.000000000013,3000.000000000013
2026-02-23,UGROCAP,SHORT,A_MOD_BREAK_C1_LOW,MODERATE,2026-02-23 10:45:00+05:30,2026-02-23 11:00:00+05:30,114.2999984741211,115.15724846267702,112.92839849243164,2026-02-23 11:35:00+05:30,112.92839849243164,TARGET,5.200000000000015,6.000000000000015,63.53375244140625,7.931044101715088,3.3701906204223633,1.9755421718363422,4.101043020980788,0.009500905444345351,0.9557198800713598,0.0,115.15724846267702,1.0400000000000031,1.200000000000003,50000.0,5.0,250000.0,2600.0000000000077,3000.0000000000077
2026-02-23,MAZDOCK,SHORT,A_MOD_BREAK_C1_LOW,MODERATE,2026-02-23 14:15:00+05:30,2026-02-23 14:30:00+05:30,2284.9428223632813,2302.079893531006,2257.5235084949218,2026-02-23 15:30:00+05:30,2284.10009765625,EOD,-0.6155917297397294,0.1844082702602704,36.449928283691406,23.804866790771484,4.382053375244141,3.2359925246407273,2.745975954329803,0.004152239745602302,0.7567489242553711,0.0,2302.079893531006,-0.12311834594794589,0.03688165405205408,50000.0,5.0,250000.0,-307.7958648698647,92.2041351301352
2026-02-24,CIGNITITEC,SHORT,A_MOD_BREAK_C1_LOW,MODERATE,2026-02-24 10:00:00+05:30,2026-02-24 10:15:00+05:30,1216.1567444091797,1225.2779199922486,1201.5628634762695,2026-02-24 10:19:00+05:30,1201.5628634762695,TARGET,5.200000000000028,6.0000000000000275,46.501747131347656,15.57632064819336,4.687480449676514,1.7009500545337486,5.348675013056194,0.007361668207373781,0.8551924665136208,0.0,1225.2779199922486,1.0400000000000056,1.2000000000000055,50000.0,5.0,250000.0,2600.0000000000136,3000.000000000014
2026-02-24,YATRA,SHORT,A_MOD_BREAK_C1_LOW,MODERATE,2026-02-24 10:15:00+05:30,2026-02-24 10:30:00+05:30,129.0500061035156,130.01788114929198,127.50140603027343,2026-02-24 10:31:00+05:30,127.50140603027343,TARGET,5.199999999999988,5.999999999999988,34.30581283569336,9.7034912109375,8.21834659576416,2.159844660418286,5.417490460848242,0.015615489475299976,0.7245871925354004,0.0,130.01788114929198,1.0399999999999976,1.1999999999999975,50000.0,5.0,250000.0,2599.9999999999936,2999.999999999994
2026-02-24,GMMPFAUDLR,SHORT,A_MOD_BREAK_C1_LOW,MODERATE,2026-02-24 10:45:00+05:30,2026-02-24 11:00:00+05:30,949.81,956.933575,938.4122799999999,2026-02-24 13:08:00+05:30,938.4122799999999,TARGET,5.200000000000027,6.000000000000027,33.00235366821289,19.664514541625977,5.403416633605957,2.068344502917301,3.417983783054272,0.004515036532753393,0.7050353050231932,0.0,956.933575,1.0400000000000054,1.2000000000000053,50000.0,5.0,250000.0,2600.000000000013,3000.000000000013
2026-02-24,INDIANHUME,SHORT,A_MOD_BREAK_C1_LOW,MODERATE,2026-02-24 11:30:00+05:30,2026-02-24 11:45:00+05:30,350.5798638977051,353.2092128769379,346.3729055309326,2026-02-24 12:48:00+05:30,346.3729055309326,TARGET,5.200000000000031,6.000000000000031,45.233917236328125,28.98178482055664,10.8877592086792,0.8533215855978229,2.497340730414244,0.004736102374422535,0.6878400360245409,0.0,353.2092128769379,1.0400000000000063,1.2000000000000062,50000.0,5.0,250000.0,2600.0000000000155,3000.0000000000155
2026-02-24,HCLTECH,SHORT,A_MOD_BREAK_C1_LOW,MODERATE,2026-02-24 12:00:00+05:30,2026-02-24 12:15:00+05:30,1349.1301444091796,1359.2486204922486,1332.9405826762695,2026-02-24 12:49:00+05:30,1332.9405826762695,TARGET,5.199999999999973,5.999999999999972,51.051578521728516,14.013261795043945,1.6499691009521484,1.7449877899936894,3.2994183344899657,0.007676123578972949,0.9153728632488956,0.0,1359.2486204922486,1.0399999999999945,1.1999999999999944,50000.0,5.0,250000.0,2599.999999999986,2999.9999999999864
2026-02-24,LTIM,SHORT,A_MOD_BREAK_C1_LOW,MODERATE,2026-02-24 12:00:00+05:30,2026-02-24 12:15:00+05:30,4576.0846,4610.4052345,4521.1715848,2026-02-24 12:47:00+05:30,4521.1715848,TARGET,5.199999999999977,5.999999999999977,40.50107192993164,16.43517303466797,1.9177786111831665,2.806311334540364,3.9225167410714286,0.00764525993883792,0.8175160789489746,0.0,4610.4052345,1.0399999999999954,1.1999999999999953,50000.0,5.0,250000.0,2599.9999999999886,2999.999999999988
2026-02-24,RPSGVENT,SHORT,A_MOD_BREAK_C1_LOW,MODERATE,2026-02-24 12:00:00+05:30,2026-02-24 12:15:00+05:30,674.865,679.9264875,666.76662,2026-02-24 15:16:00+05:30,666.76662,TARGET,5.200000000000015,6.000000000000015,60.09818649291992,24.566410064697266,8.105563163757324,1.4294855333765362,2.833179614517456,0.0054603018584074795,0.8601599683408938,0.0,679.9264875,1.0400000000000031,1.200000000000003,50000.0,5.0,250000.0,2600.0000000000077,3000.0000000000077
2026-02-24,LXCHEM,SHORT,A_MOD_BREAK_C1_LOW,MODERATE,2026-02-24 12:15:00+05:30,2026-02-24 12:30:00+05:30,131.8699981689453,132.8590231552124,130.28755819091796,2026-02-24 15:22:00+05:30,132.8590231552124,SL,-4.5500000000000815,-3.7500000000000817,41.459259033203125,18.909107208251953,1.584306001663208,2.291566577650203,2.9616808669079937,0.0049849025595904446,0.8318888854980468,0.0,132.8590231552124,-0.9100000000000164,-0.7500000000000163,50000.0,5.0,250000.0,-2275.000000000041,-1875.0000000000407
2026-02-24,MAYURUNIQ,SHORT,A_MOD_BREAK_C1_LOW,MODERATE,2026-02-24 12:15:00+05:30,2026-02-24 12:30:00+05:30,543.9911555908203,548.0710892577515,537.4632617237305,2026-02-24 13:05:00+05:30,537.4632617237305,TARGET,5.199999999999961,5.999999999999961,46.73965072631836,25.61496925354004,2.1422715187072754,2.1842073436245864,3.225771214818631,0.0067169228825000446,0.9110947608947753,0.0,548.0710892577515,1.0399999999999923,1.1999999999999922,50000.0,5.0,250000.0,2599.999999999981,2999.9999999999804
2026-02-24,TATATECH,SHORT,A_MOD_BREAK_C1_LOW,MODERATE,2026-02-24 12:30:00+05:30,2026-02-24 12:45:00+05:30,574.4350777954102,578.7433408788758,567.5418568618652,2026-02-24 15:30:00+05:30,574.0,EOD,-0.42129941900490747,0.3787005809950924,44.02748107910156,18.972667694091797,2.3988354206085205,2.4129451778865176,3.4842371286894935,0.0065607242263287955,0.8704122161865233,0.0,578.7433408788758,-0.0842598838009815,0.07574011619901848,50000.0,5.0,250000.0,-210.64970950245373,189.3502904975462
2026-02-24,CELLO,SHORT,A_PULLBACK_C2_THEN_BREAK_C2_LOW,MODERATE,2026-02-24 12:30:00+05:30,2026-02-24 13:00:00+05:30,428.9142,432.1310565,423.7672296,2026-02-24 15:30:00+05:30,428.0,EOD,0.26571430836283116,1.065714308362831,38.26710891723633,24.908550262451172,8.714739799499512,0.8049278085619629,1.9487934560327198,0.005652687766335227,0.5723086730585243,0.0,432.1310565,0.05314286167256624,0.21314286167256621,50000.0,5.0,250000.0,132.8571541814156,532.8571541814156
2026-02-24,CAMS,SHORT,A_MOD_BREAK_C1_LOW,MODERATE,2026-02-24 12:45:00+05:30,2026-02-24 13:00:00+05:30,706.4086777954102,711.7067428788758,697.9317736618652,2026-02-24 15:25:00+05:30,711.7067428788758,SL,-4.550000000000047,-3.750000000000048,37.41448211669922,28.671737670898438,7.229222297668457,1.6125395073183022,2.0377868912550268,0.0041687003533441664,0.7034116455311912,0.0,711.7067428788758,-0.9100000000000095,-0.7500000000000095,50000.0,5.0,250000.0,-2275.0000000000236,-1875.0000000000239
2026-02-24,SBICARD,SHORT,A_MOD_BREAK_C1_LOW,MODERATE,2026-02-24 12:45:00+05:30,2026-02-24 13:00:00+05:30,761.8476,767.5614570000001,752.7054288,2026-02-24 14:11:00+05:30,767.5614570000001,SL,-4.55000000000005,-3.7500000000000493,32.24863815307617,24.694189071655273,3.232757329940796,1.7833044382561274,2.8486500087468443,0.0050759359294661075,0.6558078489909649,0.0,767.5614570000001,-0.9100000000000099,-0.7500000000000099,50000.0,5.0,250000.0,-2275.000000000025,-1875.0000000000246
2026-02-24,PHOENIXLTD,SHORT,A_MOD_BREAK_C1_LOW,MODERATE,2026-02-24 13:00:00+05:30,2026-02-24 13:15:00+05:30,1690.4618888183593,1703.140352984497,1670.176346152539,2026-02-24 14:08:00+05:30,1670.176346152539,TARGET,5.199999999999976,5.999999999999975,27.188636779785156,36.34202194213867,16.315147399902344,1.352915954666334,1.7941146822781375,0.004653502173089713,0.49429557787729267,0.0,1703.140352984497,1.0399999999999952,1.199999999999995,50000.0,5.0,250000.0,2599.9999999999877,2999.9999999999873
2026-02-24,ECLERX,SHORT,A_PULLBACK_C2_THEN_BREAK_C2_LOW,MODERATE,2026-02-24 14:00:00+05:30,2026-02-24 14:30:00+05:30,3345.5307111816405,3370.622191515503,3305.384342647461,2026-02-24 15:30:00+05:30,3350.0,EOD,-1.467949154288427,-0.667949154288427,57.357025146484375,19.01910972595215,6.412367820739746,3.7784106814552247,3.694506460733768,0.00383978188306842,0.96,0.0,3370.622191515503,-0.2935898308576854,-0.13358983085768542,50000.0,5.0,250000.0,-733.9745771442135,-333.9745771442136
2026-02-25,CHALET,SHORT,A_MOD_BREAK_C1_LOW,MODERATE,2026-02-25 10:00:00+05:30,2026-02-25 10:15:00+05:30,835.8328,842.1015460000001,825.8028064,2026-02-25 10:25:00+05:30,825.8028064,TARGET,5.200000000000008,6.000000000000007,57.21104049682617,28.541677474975586,15.214115142822266,1.292989143246413,2.39719869171106,0.004532642626876466,0.8362731000681223,0.0,842.1015460000001,1.0400000000000016,1.2000000000000015,50000.0,5.0,250000.0,2600.0000000000036,3000.000000000004
2026-02-25,CELLO,SHORT,A_MOD_BREAK_C1_LOW,MODERATE,2026-02-25 10:15:00+05:30,2026-02-25 10:30:00+05:30,418.66625,421.806246875,413.642255,2026-02-25 14:06:00+05:30,413.642255,TARGET,5.200000000000017,6.000000000000016,49.563690185546875,13.36297607421875,6.918520927429199,1.471279555354204,4.447717210083294,0.004199685692147407,0.8609292749701887,0.0,421.806246875,1.0400000000000034,1.2000000000000033,50000.0,5.0,250000.0,2600.0000000000086,3000.000000000008
2026-02-25,GANESHHOU,SHORT,A_MOD_BREAK_C1_LOW,MODERATE,2026-02-25 10:45:00+05:30,2026-02-25 11:00:00+05:30,664.8170222045899,669.8031498711243,656.8392179381348,2026-02-25 11:51:00+05:30,669.8031498711243,SL,-4.550000000000026,-3.750000000000025,32.29026412963867,14.504678726196289,8.578420639038086,2.71717473833622,4.529083098164403,0.0070037499170456105,0.69435396194458,0.0,669.8031498711243,-0.910000000000005,-0.750000000000005,50000.0,5.0,250000.0,-2275.0000000000127,-1875.0000000000125
2026-02-25,LICHSGFIN,LONG,B_HUGE_GREEN_PULLBACK_HOLD_THEN_BREAK,HUGE,2026-02-25 10:30:00+05:30,2026-02-25 11:45:00+05:30,548.7096955810547,544.5943728641968,556.9403410147704,2026-02-25 12:37:00+05:30,544.5943728641968,SL,-4.550000000000006,-3.7500000000000067,28.759117126464844,84.64390563964844,93.66085815429688,2.2456474160199917,4.541539248928411,0.004718666485467093,8.795497159450704,0.0,544.5943728641968,-0.9100000000000013,-0.7500000000000013,100000.0,5.0,500000.0,-4550.000000000006,-3750.000000000007
2026-02-25,GRAPHITE,LONG,B_HUGE_GREEN_PULLBACK_HOLD_THEN_BREAK,HUGE,2026-02-25 11:00:00+05:30,2026-02-25 12:15:00+05:30,718.1436,712.757523,728.9157539999999,2026-02-25 12:51:00+05:30,712.757523,SL,-4.550000000000001,-3.7500000000000004,27.382938385009766,77.05079650878906,91.09984588623047,2.1878881142824547,3.651980697597384,0.007667403441359322,7.883657732350642,0.0,712.757523,-0.9100000000000001,-0.7500000000000001,100000.0,5.0,500000.0,-4550.000000000001,-3750.000000000001
2026-02-25,CONCORDBIO,LONG,B_HUGE_GREEN_PULLBACK_HOLD_THEN_BREAK,HUGE,2026-02-25 11:30:00+05:30,2026-02-25 13:15:00+05:30,1217.2434,1208.1140745,1235.502051,2026-02-25 13:17:00+05:30,1235.502051,TARGET,6.699999999999947,7.499999999999947,35.87057876586914,84.61209106445312,84.88482666015625,1.0598358945798765,3.9062401908151334,0.012176365057969473,7.428038664868661,0.0,1208.1140745,1.3399999999999894,1.4999999999999893,100000.0,5.0,500000.0,6699.999999999947,7499.999999999947
2026-02-25,EDELWEISS,SHORT,A_MOD_BREAK_C1_LOW,MODERATE,2026-02-25 13:00:00+05:30,2026-02-25 13:15:00+05:30,117.46999664306641,118.35102161788942,116.06035668334961,2026-02-25 15:10:00+05:30,118.35102161788942,SL,-4.550000000000035,-3.7500000000000355,28.32400131225586,25.252771377563477,10.372961044311523,2.9295870945529314,2.7159817073175097,0.0070736949978412325,0.6348600196838379,0.0,118.35102161788942,-0.910000000000007,-0.7500000000000071,50000.0,5.0,250000.0,-2275.0000000000173,-1875.0000000000177
2026-02-25,ATL,SHORT,A_MOD_BREAK_C1_LOW,MODERATE,2026-02-25 14:15:00+05:30,2026-02-25 14:30:00+05:30,24.7,24.88525,24.403599999999997,2026-02-25 14:32:00+05:30,24.403599999999997,TARGET,5.200000000000041,6.000000000000041,29.995027542114258,27.39325523376465,6.140581130981445,3.559034405812534,3.216986974050493,0.005654284079470497,0.6599254131317138,0.0,24.88525,1.0400000000000083,1.2000000000000082,50000.0,5.0,250000.0,2600.000000000021,3000.0000000000205
2026-02-26,IGPL,SHORT,A_MOD_BREAK_C1_LOW,MODERATE,2026-02-26 11:00:00+05:30,2026-02-26 11:15:00+05:30,364.927,367.66395250000005,360.54787600000003,2026-02-26 14:02:00+05:30,360.54787600000003,TARGET,5.199999999999987,5.999999999999987,35.4743766784668,32.640174865722656,14.000041007995605,1.2042526893825038,2.5126925715711343,0.002681031945633562,0.6028598708189401,0.0,367.66395250000005,1.0399999999999974,1.1999999999999973,50000.0,5.0,250000.0,2599.999999999993,2999.999999999993
2026-02-26,MUTHOOTFIN,SHORT,A_MOD_BREAK_C1_LOW,MODERATE,2026-02-26 12:00:00+05:30,2026-02-26 12:15:00+05:30,3449.4100776367186,3475.2806532189943,3408.017156705078,2026-02-26 13:53:00+05:30,3408.017156705078,TARGET,5.200000000000008,6.000000000000007,25.588247299194336,31.481464385986328,12.664485931396484,1.847095427868672,2.0865443732972944,0.0043008969515742615,0.5670654093649325,0.0,3475.2806532189943,1.0400000000000016,1.2000000000000015,50000.0,5.0,250000.0,2600.0000000000036,3000.000000000004
2026-02-26,TRENT,SHORT,A_MOD_BREAK_C1_LOW,MODERATE,2026-02-26 12:00:00+05:30,2026-02-26 12:15:00+05:30,3859.827977636719,3888.7766874689946,3813.510041905078,2026-02-26 15:30:00+05:30,3861.0,EOD,-0.9518231343561884,-0.15182313435618855,28.559398651123047,26.111351013183594,11.638484954833984,2.310052140048234,2.7703407324159697,0.004463703670296883,0.6383909797668457,0.0,3888.7766874689946,-0.19036462687123767,-0.03036462687123771,50000.0,5.0,250000.0,-475.9115671780942,-75.91156717809427
2026-02-26,REMSONSIND,SHORT,A_MOD_BREAK_C1_LOW,MODERATE,2026-02-26 12:15:00+05:30,2026-02-26 12:30:00+05:30,111.45,112.285875,110.1126,2026-02-26 14:43:00+05:30,112.285875,SL,-4.550000000000006,-3.750000000000006,27.183650970458984,38.84334945678711,28.217853546142578,1.3289888515209873,1.5056748862730565,0.006681609581404202,0.47561155788671033,0.0,112.285875,-0.9100000000000013,-0.7500000000000012,50000.0,5.0,250000.0,-2275.000000000003,-1875.000000000003
2026-02-26,ARVINDFASN,SHORT,A_MOD_BREAK_C1_LOW,MODERATE,2026-02-26 13:15:00+05:30,2026-02-26 13:30:00+05:30,434.51308610229495,437.77193424806217,429.2989290690674,2026-02-26 13:44:00+05:30,437.77193424806217,SL,-4.550000000000006,-3.750000000000006,39.5435791015625,27.852920532226562,3.0439023971557617,2.902380128699249,2.5188553679994796,0.003368884739164048,0.8031536865234374,0.0,437.77193424806217,-0.9100000000000013,-0.7500000000000012,50000.0,5.0,250000.0,-2275.000000000003,-1875.000000000003
2026-02-27,SSDL,SHORT,A_MOD_BREAK_C1_LOW,MODERATE,2026-02-27 10:00:00+05:30,2026-02-27 10:15:00+05:30,62.60000152587891,63.069501537323006,61.84880150756836,2026-02-27 15:01:00+05:30,61.84880150756836,TARGET,5.2000000000000135,6.000000000000013,31.669517517089844,45.285037994384766,26.19046974182129,0.9045233665007947,0.6003269654266735,0.00998746059110331,0.42335070016532045,0.0,63.069501537323006,1.0400000000000027,1.2000000000000026,50000.0,5.0,250000.0,2600.000000000007,3000.0000000000064
2026-02-27,EMAMILTD,SHORT,A_MOD_BREAK_C1_LOW,MODERATE,2026-02-27 10:15:00+05:30,2026-02-27 10:30:00+05:30,467.35652220458985,470.8616961211243,461.74824393813475,2026-02-27 15:10:00+05:30,461.74824393813475,TARGET,5.200000000000026,6.000000000000025,28.60915756225586,26.207033157348633,6.4885382652282715,1.9163404182120707,3.4053198760787393,0.0037577961956569623,0.6244969366209503,0.0,470.8616961211243,1.0400000000000051,1.200000000000005,50000.0,5.0,250000.0,2600.0000000000127,3000.0000000000127
2026-02-27,SBFC,SHORT,A_PULLBACK_C2_THEN_BREAK_C2_LOW,MODERATE,2026-02-27 10:15:00+05:30,2026-02-27 10:45:00+05:30,94.61000366210938,95.31957868957521,93.47468361816406,2026-02-27 13:09:00+05:30,95.31957868957521,SL,-4.550000000000058,-3.7500000000000586,33.574058532714844,29.028047561645508,9.080376625061035,1.3720277971871677,3.273690652260586,0.004596135073496498,0.6037157424984769,0.0,95.31957868957521,-0.9100000000000117,-0.7500000000000118,50000.0,5.0,250000.0,-2275.000000000029,-1875.0000000000293
2026-02-27,KARURVYSYA,SHORT,A_MOD_BREAK_C1_LOW,MODERATE,2026-02-27 10:45:00+05:30,2026-02-27 11:00:00+05:30,328.0843638977051,330.5449966269379,324.1473515309326,2026-02-27 11:27:00+05:30,324.1473515309326,TARGET,5.200000000000027,6.000000000000027,42.3077507019043,19.92306137084961,12.020485877990723,1.5100681102186941,2.905120066875307,0.007374540290358927,0.7588781798168358,0.0,330.5449966269379,1.0400000000000054,1.2000000000000053,50000.0,5.0,250000.0,2600.000000000013,3000.000000000013
2026-02-27,CREDITACC,SHORT,A_MOD_BREAK_C1_LOW,MODERATE,2026-02-27 11:00:00+05:30,2026-02-27 11:15:00+05:30,1267.7464,1277.254498,1252.5334432,2026-02-27 11:45:00+05:30,1252.5334432,TARGET,5.200000000000012,6.000000000000011,41.77212142944336,19.798837661743164,1.1118195056915283,2.2879355286596805,3.9485216627261766,0.007970918992340377,0.8365818214416503,0.0,1277.254498,1.0400000000000023,1.2000000000000022,50000.0,5.0,250000.0,2600.0000000000055,3000.0000000000055
2026-02-27,JKTYRE,SHORT,A_MOD_BREAK_C1_LOW,MODERATE,2026-02-27 11:45:00+05:30,2026-02-27 12:00:00+05:30,508.8982,512.7149365,502.7914216,2026-02-27 14:45:00+05:30,502.7914216,TARGET,5.199999999999997,5.9999999999999964,37.578025817871094,24.193578720092773,4.666368007659912,1.9908634490632802,2.8126600994164668,0.00814204900954086,0.7720714908541404,0.0,512.7149365,1.0399999999999994,1.1999999999999993,50000.0,5.0,250000.0,2599.9999999999986,2999.999999999998
2026-02-27,SAFARI,SHORT,A_PULLBACK_C2_THEN_BREAK_C2_LOW,MODERATE,2026-02-27 12:45:00+05:30,2026-02-27 13:15:00+05:30,1821.6356,1835.2978670000002,1799.7759728,2026-02-27 13:23:00+05:30,1799.7759728,TARGET,5.199999999999994,5.999999999999993,38.75407409667969,30.00260353088379,21.924135208129883,1.1188608838765275,1.7817563549015394,0.004870310106973235,0.6261995838736647,0.0,1835.2978670000002,1.0399999999999987,1.1999999999999986,50000.0,5.0,250000.0,2599.999999999997,2999.999999999997
2026-02-27,KDDL,LONG,B_HUGE_GREEN_PULLBACK_HOLD_THEN_BREAK,HUGE,2026-02-27 12:00:00+05:30,2026-02-27 14:00:00+05:30,2455.491,2437.0748175,2492.3233649999997,2026-02-27 14:45:00+05:30,2437.0748175,SL,-4.55000000000002,-3.7500000000000213,33.11375427246094,82.91314697265625,68.4300308227539,2.2061296175865537,3.878157661288245,0.00937652581650353,8.667961733000672,0.0,2437.0748175,-0.9100000000000041,-0.7500000000000042,100000.0,5.0,500000.0,-4550.000000000021,-3750.000000000021
2026-03-02,JTLIND,SHORT,A_MOD_BREAK_C1_LOW,MODERATE,2026-03-02 10:30:00+05:30,2026-03-02 10:45:00+05:30,60.0499984741211,60.50037346267701,59.32939849243164,2026-03-02 11:19:00+05:30,59.32939849243164,TARGET,5.200000000000001,6.000000000000001,34.299591064453125,14.614631652832031,29.097227096557617,0.43956065312570364,3.6876861627192614,0.009998814169833743,0.451416980263795,0.0,60.50037346267701,1.0400000000000003,1.2000000000000002,50000.0,5.0,250000.0,2600.000000000001,3000.0000000000005
2026-03-02,GHCL,SHORT,A_MOD_BREAK_C1_LOW,MODERATE,2026-03-02 10:45:00+05:30,2026-03-02 11:00:00+05:30,469.0061861022949,472.52373249806215,463.37811186906737,2026-03-02 13:43:00+05:30,463.37811186906737,TARGET,5.200000000000013,6.000000000000012,46.939334869384766,17.428321838378906,6.200181007385254,1.8187581940594815,3.4139091564877555,0.005489244899918154,0.8823727070011806,0.0,472.52373249806215,1.0400000000000025,1.2000000000000024,50000.0,5.0,250000.0,2600.0000000000064,3000.000000000006
2026-03-02,VPRPL,SHORT,A_MOD_BREAK_C1_LOW,MODERATE,2026-03-02 11:00:00+05:30,2026-03-02 11:15:00+05:30,42.26000137329102,42.5769513835907,41.75288135681153,2026-03-02 13:27:00+05:30,41.75288135681153,TARGET,5.199999999999977,5.999999999999977,52.06700134277344,16.79656410217285,30.89134407043457,0.671950742840616,3.266732760256783,0.008471724422166909,0.7275913799971077,0.0,42.5769513835907,1.0399999999999954,1.1999999999999953,50000.0,5.0,250000.0,2599.9999999999886,2999.999999999988
2026-03-02,GRAPHITE,SHORT,A_MOD_BREAK_C1_LOW,MODERATE,2026-03-02 11:15:00+05:30,2026-03-02 11:30:00+05:30,700.3099222045898,705.5622466211244,691.9062031381347,2026-03-02 12:48:00+05:30,705.5622466211244,SL,-4.550000000000068,-3.750000000000069,41.51069259643555,29.475435256958008,45.84761428833008,0.6603076417592363,1.8263013282554874,0.013468845874044443,0.589529292667174,0.0,705.5622466211244,-0.9100000000000137,-0.7500000000000138,50000.0,5.0,250000.0,-2275.0000000000346,-1875.0000000000343
2026-03-02,IRMENERGY,SHORT,A_MOD_BREAK_C1_LOW,MODERATE,2026-03-02 11:15:00+05:30,2026-03-02 11:30:00+05:30,228.0500061035156,229.760381149292,225.31340603027343,2026-03-02 13:55:00+05:30,225.31340603027343,TARGET,5.199999999999999,5.999999999999998,30.38310432434082,38.89954376220703,27.24038314819336,0.5510727037863833,1.3386694254463192,0.013958168865472879,0.3791177593000453,0.0,229.760381149292,1.0399999999999998,1.1999999999999997,50000.0,5.0,250000.0,2599.9999999999995,2999.999999999999
2026-03-02,JAGRAN,SHORT,A_MOD_BREAK_C1_LOW,MODERATE,2026-03-02 11:15:00+05:30,2026-03-02 11:30:00+05:30,62.400000762939456,62.8680007686615,61.65120075378418,2026-03-02 14:50:00+05:30,62.8680007686615,SL,-4.550000000000008,-3.750000000000007,30.47749900817871,33.831485748291016,29.980276107788086,0.5426696136669462,1.7156999975462335,0.005192729387914269,0.39791466739170794,0.0,62.8680007686615,-0.9100000000000015,-0.7500000000000014,50000.0,5.0,250000.0,-2275.0000000000036,-1875.0000000000036
2026-03-02,APOLLO,SHORT,A_MOD_BREAK_C1_LOW,MODERATE,2026-03-02 11:30:00+05:30,2026-03-02 11:45:00+05:30,224.11000366210936,225.7908286895752,221.42068361816405,2026-03-02 11:46:00+05:30,221.42068361816405,TARGET,5.200000000000006,6.000000000000006,59.33936309814453,18.036001205444336,5.60429048538208,2.4971935565083125,2.9289772917854626,0.013632598011007972,0.96,0.0,225.7908286895752,1.0400000000000014,1.2000000000000013,50000.0,5.0,250000.0,2600.000000000003,3000.000000000003
2026-03-02,AWL,SHORT,A_MOD_BREAK_C1_LOW,MODERATE,2026-03-02 11:30:00+05:30,2026-03-02 11:45:00+05:30,180.84999389648436,182.206368850708,178.67979396972655,2026-03-02 15:30:00+05:30,180.8800048828125,EOD,-0.8829720413076545,-0.08297204130765459,42.20178985595703,17.489721298217773,16.803844451904297,1.4485787883567864,3.325367691868759,0.007216682155902612,0.746528135801793,0.0,182.206368850708,-0.1765944082615309,-0.01659440826153092,50000.0,5.0,250000.0,-441.4860206538272,-41.486020653827296
2026-03-02,SUNTECK,SHORT,A_MOD_BREAK_C1_LOW,MODERATE,2026-03-02 11:30:00+05:30,2026-03-02 11:45:00+05:30,390.5218861022949,393.45080024806214,385.83562346906734,2026-03-02 12:38:00+05:30,385.83562346906734,TARGET,5.200000000000023,6.000000000000023,36.51936340332031,27.220909118652344,55.71428680419922,1.019569668236719,2.004832786655323,0.010685949672711288,0.5862151429912306,0.0,393.45080024806214,1.0400000000000047,1.2000000000000046,50000.0,5.0,250000.0,2600.0000000000114,3000.0000000000114
2026-03-02,IRCON,SHORT,A_PULLBACK_C2_THEN_BREAK_C2_LOW,MODERATE,2026-03-02 11:30:00+05:30,2026-03-02 12:00:00+05:30,137.0500061035156,138.07788114929198,135.4054060302734,2026-03-02 13:29:00+05:30,135.4054060302734,TARGET,5.200000000000054,6.000000000000054,51.70866394042969,20.254037857055664,22.119834899902344,1.1767471119097848,2.730572903776658,0.009288251384456889,0.8159307445842123,0.0,138.07788114929198,1.040000000000011,1.2000000000000108,50000.0,5.0,250000.0,2600.0000000000273,3000.000000000027
2026-03-02,IREDA,SHORT,A_PULLBACK_C2_THEN_BREAK_C2_LOW,MODERATE,2026-03-02 11:30:00+05:30,2026-03-02 12:00:00+05:30,116.21000213623047,117.08157715225221,114.81548211059571,2026-03-02 13:58:00+05:30,114.81548211059571,TARGET,5.199999999999983,5.999999999999983,43.93974685668945,19.780105590820312,20.196840286254883,1.2827769534346956,3.076616611595183,0.009579860944959415,0.7435821697014136,0.0,117.08157715225221,1.0399999999999967,1.1999999999999966,50000.0,5.0,250000.0,2599.999999999992,2999.9999999999914
2026-03-02,SWSOLAR,SHORT,A_PULLBACK_C2_THEN_BREAK_C2_LOW,MODERATE,2026-03-02 11:30:00+05:30,2026-03-02 12:00:00+05:30,189.3699981689453,190.7902731552124,187.09755819091797,2026-03-02 14:02:00+05:30,187.09755819091797,TARGET,5.19999999999998,5.99999999999998,38.64653778076172,26.382272720336914,41.431846618652344,0.7466343568847987,2.088361043621365,0.012658406147913972,0.5703590791662656,0.0,190.7902731552124,1.039999999999996,1.199999999999996,50000.0,5.0,250000.0,2599.99999999999,2999.99999999999
2026-03-02,CONFIPET,SHORT,A_MOD_BREAK_C1_LOW,MODERATE,2026-03-02 11:45:00+05:30,2026-03-02 12:00:00+05:30,30.210000228881835,30.43657523059845,29.847480226135254,2026-03-02 12:12:00+05:30,29.847480226135254,TARGET,5.199999999999992,5.999999999999992,40.49540710449219,22.884078979492188,26.388877868652344,0.7485696441290124,2.1694457796385653,0.010961808859930483,0.59843079428996,0.0,30.43657523059845,1.0399999999999985,1.1999999999999984,50000.0,5.0,250000.0,2599.9999999999964,2999.9999999999964
2026-03-02,GNFC,SHORT,A_MOD_BREAK_C1_LOW,MODERATE,2026-03-02 11:45:00+05:30,2026-03-02 12:00:00+05:30,442.66145,445.98141087500005,437.3495126,2026-03-02 15:30:00+05:30,441.79998779296875,EOD,0.1730485984619308,0.9730485984619307,37.69133758544922,24.640275955200195,40.376766204833984,0.8093881202811745,1.8602351407685116,0.007265287950112775,0.5600247418693693,0.0,445.98141087500005,0.03460971969238616,0.19460971969238613,50000.0,5.0,250000.0,86.52429923096541,486.5242992309653
2026-03-02,NUVAMA,SHORT,A_MOD_BREAK_C1_LOW,MODERATE,2026-03-02 11:45:00+05:30,2026-03-02 12:00:00+05:30,1205.7588,1214.801991,1191.2896944000001,2026-03-02 13:55:00+05:30,1191.2896944000001,TARGET,5.199999999999968,5.999999999999968,56.58246994018555,19.883865356445312,35.11808395385742,1.056694554967278,2.3108311094952936,0.008936719234783796,0.7949215471192737,0.0,1214.801991,1.0399999999999936,1.1999999999999935,50000.0,5.0,250000.0,2599.9999999999836,2999.9999999999836
2026-03-02,AZAD,SHORT,A_MOD_BREAK_C1_LOW,MODERATE,2026-03-02 12:00:00+05:30,2026-03-02 12:15:00+05:30,1651.8695111816405,1664.258532515503,1632.0470770474608,2026-03-02 13:52:00+05:30,1632.0470770474608,TARGET,5.2000000000000135,6.000000000000013,47.474449157714844,18.730554580688477,38.540679931640625,1.2789307823913907,2.230437238047209,0.009774431342870916,0.795929624284216,0.0,1664.258532515503,1.0400000000000027,1.2000000000000026,50000.0,5.0,250000.0,2600.000000000007,3000.0000000000064
2026-03-02,HFCL,SHORT,A_MOD_BREAK_C1_LOW,MODERATE,2026-03-02 12:00:00+05:30,2026-03-02 12:15:00+05:30,65.85000152587891,66.343876537323,65.05980150756837,2026-03-02 13:33:00+05:30,65.05980150756837,TARGET,5.19999999999997,5.99999999999997,27.57476806640625,25.06588363647461,20.380956649780273,1.5746137847490422,2.4690504574561056,0.010340332021922641,0.5491789333271762,0.0,66.343876537323,1.039999999999994,1.199999999999994,50000.0,5.0,250000.0,2599.999999999985,2999.999999999985
2026-03-02,IEX,SHORT,A_MOD_BREAK_C1_LOW,MODERATE,2026-03-02 12:00:00+05:30,2026-03-02 12:15:00+05:30,121.46000213623047,122.3709521522522,120.00248211059571,2026-03-02 15:30:00+05:30,121.80000305175781,EOD,-2.199641485046218,-1.399641485046218,50.66740036010742,20.724700927734375,4.710146903991699,1.8381239753901912,2.930703754119289,0.006960039791081049,0.9316716956932833,0.0,122.3709521522522,-0.4399282970092436,-0.2799282970092436,50000.0,5.0,250000.0,-1099.820742523109,-699.820742523109
2026-03-02,JINDRILL,LONG,A_MOD_BREAK_C1_HIGH,MODERATE,2026-03-02 12:00:00+05:30,2026-03-02 12:15:00+05:30,489.8979477905273,486.2237131820984,497.24641700738516,2026-03-02 12:16:00+05:30,497.24641700738516,TARGET,6.6999999999999265,7.499999999999925,41.229026794433594,75.27074432373047,85.22721099853516,1.1797879042934125,1.860853547538655,0.02306388043555528,5.310207894716221,0.0,486.2237131820984,1.3399999999999852,1.4999999999999851,100000.0,5.0,500000.0,6699.999999999925,7499.999999999926
2026-03-02,ADANIENT,SHORT,A_MOD_BREAK_C1_LOW,MODERATE,2026-03-02 12:15:00+05:30,2026-03-02 12:30:00+05:30,2088.5822,2104.2465665,2063.5192135999996,2026-03-02 14:14:00+05:30,2104.2465665,SL,-4.5500000000000345,-3.7500000000000338,51.747859954833984,25.562820434570312,16.795421600341797,0.6902627003276214,1.9599859143569918,0.009205243049049362,0.7287952682751833,0.0,2104.2465665,-0.9100000000000068,-0.7500000000000068,50000.0,5.0,250000.0,-2275.000000000017,-1875.0000000000168
2026-03-02,ADANIGREEN,SHORT,A_MOD_BREAK_C1_LOW,MODERATE,2026-03-02 12:15:00+05:30,2026-03-02 12:30:00+05:30,895.4208555908203,902.1365120077515,884.6758053237305,2026-03-02 13:26:00+05:30,884.6758053237305,TARGET,5.199999999999988,5.999999999999988,55.00247573852539,16.651662826538086,2.862443685531616,1.674078108243253,2.9377875716336153,0.009285755710088498,0.9029636689425693,0.0,902.1365120077515,1.0399999999999976,1.1999999999999975,50000.0,5.0,250000.0,2599.9999999999936,2999.999999999994
2026-03-02,HARSHA,SHORT,A_MOD_BREAK_C1_LOW,MODERATE,2026-03-02 12:15:00+05:30,2026-03-02 12:30:00+05:30,359.928,362.62746000000004,355.608864,2026-03-02 15:30:00+05:30,358.75,EOD,0.8364383987908658,1.6364383987908657,53.03855895996094,28.737733840942383,40.97825241088867,0.5458474374026859,1.6790586951951867,0.0069940487543741865,0.6894762363052294,0.0,362.62746000000004,0.16728767975817316,0.32728767975817313,50000.0,5.0,250000.0,418.2191993954329,818.2191993954328
2026-03-02,KAMATHOTEL,SHORT,A_MOD_BREAK_C1_LOW,MODERATE,2026-03-02 12:15:00+05:30,2026-03-02 12:30:00+05:30,181.36000366210936,182.7202036895752,179.18368361816405,2026-03-02 15:14:00+05:30,182.7202036895752,SL,-4.550000000000006,-3.750000000000006,28.388151168823242,34.935630798339844,20.667524337768555,1.223041262444147,1.8138188162616051,0.010127022466612935,0.49054542927315464,0.0,182.7202036895752,-0.9100000000000013,-0.7500000000000012,50000.0,5.0,250000.0,-2275.000000000003,-1875.000000000003
2026-03-02,ORIENTCEM,SHORT,A_PULLBACK_C2_THEN_BREAK_C2_LOW,MODERATE,2026-03-02 12:15:00+05:30,2026-03-02 12:45:00+05:30,149.59999389648436,150.721993850708,147.80479396972655,2026-03-02 15:14:00+05:30,150.721993850708,SL,-4.550000000000022,-3.750000000000022,57.54876708984375,19.943819046020508,14.815567016601562,1.0736172331939289,2.173220391190513,0.007111832137356229,0.7978830158089376,0.0,150.721993850708,-0.9100000000000044,-0.7500000000000044,50000.0,5.0,250000.0,-2275.000000000011,-1875.0000000000111
2026-03-02,ADOR,SHORT,A_MOD_BREAK_C1_LOW,MODERATE,2026-03-02 12:45:00+05:30,2026-03-02 13:00:00+05:30,1018.1963444091797,1025.8328169922486,1005.9779882762696,2026-03-02 14:09:00+05:30,1025.8328169922486,SL,-4.550000000000023,-3.7500000000000226,37.42336654663086,29.146326065063477,13.610881805419922,1.715657591947423,2.3771052782661037,0.00910453370643832,0.721590576790262,0.0,1025.8328169922486,-0.9100000000000046,-0.7500000000000046,50000.0,5.0,250000.0,-2275.0000000000114,-1875.0000000000114
2026-03-02,LINDEINDIA,SHORT,A_MOD_BREAK_C1_LOW,MODERATE,2026-03-02 12:45:00+05:30,2026-03-02 13:00:00+05:30,6659.1679,6709.111659250001,6579.257885200001,2026-03-02 15:30:00+05:30,6681.0,EOD,-2.439251354512298,-1.6392513545122978,29.554431915283203,31.664325714111328,55.09720230102539,1.287862381598642,1.637749888176447,0.008537984032100307,0.5105798899178328,0.0,6709.111659250001,-0.4878502709024595,-0.32785027090245955,50000.0,5.0,250000.0,-1219.6256772561487,-819.6256772561488
2026-03-02,IONEXCHANG,SHORT,A_MOD_BREAK_C1_LOW,MODERATE,2026-03-02 13:30:00+05:30,2026-03-02 13:45:00+05:30,347.98037779541016,350.59023062887576,343.80461326186526,2026-03-02 14:38:00+05:30,350.59023062887576,SL,-4.550000000000027,-3.750000000000027,50.10157012939453,24.25069808959961,6.705955982208252,2.251091893957676,2.736792780176589,0.00637425719579973,0.96,0.0,350.59023062887576,-0.9100000000000055,-0.7500000000000054,50000.0,5.0,250000.0,-2275.0000000000136,-1875.0000000000136
2026-03-02,JBMA,SHORT,A_MOD_BREAK_C1_LOW,MODERATE,2026-03-02 13:30:00+05:30,2026-03-02 13:45:00+05:30,520.2459055908203,524.1477498827514,514.0029547237305,2026-03-02 14:15:00+05:30,524.1477498827514,SL,-4.550000000000031,-3.7500000000000306,57.0700798034668,16.940244674682617,5.131435871124268,3.177786506218177,4.2137003678984115,0.005118704437636963,0.96,0.0,524.1477498827514,-0.9100000000000061,-0.7500000000000061,50000.0,5.0,250000.0,-2275.0000000000155,-1875.0000000000152
2026-03-02,JSWINFRA,SHORT,A_MOD_BREAK_C1_LOW,MODERATE,2026-03-02 13:30:00+05:30,2026-03-02 13:45:00+05:30,250.14995694885255,252.02608162596897,247.1481574654663,2026-03-02 15:23:00+05:30,252.02608162596897,SL,-4.550000000000056,-3.750000000000057,28.93178367614746,34.79580307006836,25.38134765625,0.6288014452797266,2.1660921483709528,0.004022136285821745,0.4040170080661641,0.0,252.02608162596897,-0.9100000000000112,-0.7500000000000113,50000.0,5.0,250000.0,-2275.000000000028,-1875.0000000000284
2026-03-02,KANSAINER,SHORT,A_MOD_BREAK_C1_LOW,MODERATE,2026-03-02 13:30:00+05:30,2026-03-02 13:45:00+05:30,195.2,196.664,192.8576,2026-03-02 14:21:00+05:30,196.664,SL,-4.549999999999996,-3.7499999999999964,43.934181213378906,26.846790313720703,3.479853391647339,3.0234772904380933,3.798534412162732,0.0030620082850340235,0.8690127182006835,0.0,196.664,-0.9099999999999993,-0.7499999999999993,50000.0,5.0,250000.0,-2274.9999999999977,-1874.9999999999984
2026-03-02,NAM-INDIA,SHORT,A_MOD_BREAK_C1_LOW,MODERATE,2026-03-02 13:45:00+05:30,2026-03-02 14:00:00+05:30,895.7708222045899,902.4891033711243,885.0215723381348,2026-03-02 14:07:00+05:30,902.4891033711243,SL,-4.550000000000009,-3.7500000000000084,47.0577278137207,22.392593383789062,3.0607149600982666,3.69851816667844,4.082906746480726,0.004474486379292445,0.9158659172058106,0.0,902.4891033711243,-0.9100000000000017,-0.7500000000000017,50000.0,5.0,250000.0,-2275.0000000000045,-1875.0000000000043
2026-03-04,UNITDSPR,SHORT,A_MOD_BREAK_C1_LOW,MODERATE,2026-03-04 10:30:00+05:30,2026-03-04 10:45:00+05:30,1336.1327444091796,1346.1537399922486,1320.0991514762695,2026-03-04 12:00:00+05:30,1332.9869999999999,BE,0.528388530294138,1.1771825899569495,37.00352478027344,26.842945098876953,6.581923484802246,0.984590103952613,2.645454819602346,0.005867767098680141,0.5873561398958089,0.0,1346.1537399922486,0.1056777060588276,0.2354365179913899,50000.0,5.0,250000.0,264.194265147069,588.5912949784748
2026-03-04,SAIL,SHORT,A_MOD_BREAK_C1_LOW,MODERATE,2026-03-04 10:45:00+05:30,2026-03-04 11:00:00+05:30,155.09999389648436,156.263243850708,153.23879396972654,2026-03-04 11:15:00+05:30,153.2483632659912,BE,5.326589819479333,5.969151203606632,41.471290588378906,28.682880401611328,8.513824462890625,0.9865292460492677,2.8566097496526197,0.013660397221574503,0.6547119768843055,0.0,156.263243850708,1.0653179638958665,1.1938302407213264,50000.0,5.0,250000.0,2663.2949097396663,2984.575601803316
2026-03-04,SHARDACROP,SHORT,A_MOD_BREAK_C1_LOW,MODERATE,2026-03-04 10:45:00+05:30,2026-03-04 11:00:00+05:30,1064.4870111816406,1072.4706637655029,1051.713167047461,2026-03-04 11:15:00+05:30,1053.1499999999999,BE,4.681706393313217,5.325105455751872,57.4014778137207,18.473115921020508,10.594326972961426,1.178072784322742,3.1861555086802897,0.014013362130140613,0.8161627372564799,0.0,1072.4706637655029,0.9363412786626434,1.0650210911503746,50000.0,5.0,250000.0,2340.8531966566084,2662.5527278759364
2026-03-04,KSCL,SHORT,A_PULLBACK_C2_THEN_BREAK_C2_LOW,MODERATE,2026-03-04 10:45:00+05:30,2026-03-04 11:15:00+05:30,723.8552,729.284114,715.1689375999999,2026-03-04 11:30:00+05:30,720.1539999999999,BE,1.9095887310977553,2.5565886657995174,47.27206039428711,30.47987937927246,18.460739135742188,0.5498226972194721,2.413806891304186,0.009457476092283508,0.6652998779277142,0.0,729.284114,0.38191774621955105,0.5113177331599035,50000.0,5.0,250000.0,954.7943655488776,1278.2943328997587
2026-03-04,DOMS,SHORT,A_MOD_BREAK_C1_LOW,MODERATE,2026-03-04 11:00:00+05:30,2026-03-04 11:15:00+05:30,2196.460522363281,2212.933976281006,2170.1029960949218,2026-03-04 12:00:00+05:30,2190.5519999999997,BE,0.6964341405291217,1.3450099155263189,47.29436111450195,23.800495147705078,8.540811538696289,1.0341799615406302,2.9310844735337622,0.006304432415116148,0.7503969099871395,0.0,2212.933976281006,0.13928682810582432,0.2690019831052638,50000.0,5.0,250000.0,348.21707026456085,672.5049577631595
2026-03-04,ZYDUSLIFE,SHORT,A_MOD_BREAK_C1_LOW,MODERATE,2026-03-04 11:00:00+05:30,2026-03-04 11:15:00+05:30,892.57145,899.2657358750001,881.8605926,2026-03-04 15:00:00+05:30,899.2657358750001,SL,-4.4052026013006325,-3.7500000000000586,35.80036163330078,35.06896209716797,7.040293216705322,1.1372975338142524,1.721150089381846,0.005427131460602046,0.5820899973860982,0.0,899.2657358750001,-0.8810405202601265,-0.7500000000000118,50000.0,5.0,250000.0,-2202.6013006503163,-1875.0000000000293
2026-03-04,HINDCOPPER,SHORT,A_PULLBACK_C2_THEN_BREAK_C2_LOW,MODERATE,2026-03-04 11:00:00+05:30,2026-03-04 11:30:00+05:30,544.9909555908204,549.0783877577516,538.4510641237305,2026-03-04 11:45:00+05:30,541.8206122436522,BE,2.2620780825626783,2.9086201474033357,35.19015884399414,26.704809188842773,6.602512359619141,1.5736176545560288,2.6607108124398975,0.01188187431256525,0.6632354722072171,0.0,549.0783877577516,0.45241561651253565,0.5817240294806671,50000.0,5.0,250000.0,1131.0390412813392,1454.310073701668
2026-03-04,JKIL,SHORT,A_PULLBACK_C2_THEN_BREAK_C2_LOW,MODERATE,2026-03-04 11:00:00+05:30,2026-03-04 11:30:00+05:30,481.9036,485.517877,476.1207568,2026-03-04 11:45:00+05:30,477.7288877563476,BE,3.68678923591004,4.331480656766601,48.32139587402344,20.58169937133789,9.563247680664062,1.6023602886780826,3.2332791653358255,0.010704675253744089,0.8652339886290159,0.0,485.517877,0.737357847182008,0.8662961313533203,50000.0,5.0,250000.0,1843.39461795502,2165.740328383301
2026-03-04,IPCALAB,SHORT,A_MOD_BREAK_C1_LOW,MODERATE,2026-03-04 11:15:00+05:30,2026-03-04 11:30:00+05:30,1469.9059111816407,1480.930205515503,1452.267040247461,2026-03-04 12:45:00+05:30,1465.6839489746092,BE,0.787676233083124,1.4361334881759713,40.034156799316406,28.224285125732422,3.1370136737823486,1.6039243049932685,2.9777867511037677,0.005773918579376782,0.741199105363568,0.0,1480.930205515503,0.1575352466166248,0.28722669763519426,50000.0,5.0,250000.0,393.838116541562,718.0667440879856
2026-03-04,ALLDIGI,SHORT,A_MOD_BREAK_C1_LOW,MODERATE,2026-03-04 11:30:00+05:30,2026-03-04 11:45:00+05:30,775.8947777954102,781.7139886288758,766.5840404618652,2026-03-04 12:15:00+05:30,781.7139886288758,SL,-4.405202601300625,-3.750000000000018,47.319000244140625,14.328168869018555,0.8959899544715881,1.905539430824113,4.109257121073833,0.006705201213105701,0.9032544040563291,0.0,781.7139886288758,-0.881040520260125,-0.7500000000000037,50000.0,5.0,250000.0,-2202.6013006503126,-1875.0000000000093
2026-03-04,DEEPAKNTR,SHORT,A_MOD_BREAK_C1_LOW,MODERATE,2026-03-04 11:30:00+05:30,2026-03-04 11:45:00+05:30,1470.1059444091798,1481.1317389922488,1452.4646730762695,2026-03-04 13:30:00+05:30,1481.1317389922488,SL,-4.405202601300684,-3.7500000000000524,64.1493148803711,12.486364364624023,1.13210928440094,2.2915506717659158,3.943055828118844,0.006924347193528,0.96,0.0,1481.1317389922488,-0.8810405202601368,-0.7500000000000104,50000.0,5.0,250000.0,-2202.601300650342,-1875.0000000000261
2026-03-04,CYIENT,SHORT,A_MOD_BREAK_C1_LOW,MODERATE,2026-03-04 12:00:00+05:30,2026-03-04 12:15:00+05:30,877.3245,883.90443375,866.7966059999999,2026-03-04 13:30:00+05:30,883.90443375,SL,-4.4052026013006085,-3.7500000000000053,36.588436126708984,32.443878173828125,4.140929222106934,1.9119509645481878,2.1006225349614396,0.008469405024723774,0.7434179606965676,0.0,883.90443375,-0.8810405202601217,-0.7500000000000011,50000.0,5.0,250000.0,-2202.6013006503044,-1875.0000000000027
