trade_date,ticker,side,setup,impulse_type,signal_time_ist,entry_time_ist,entry_price,sl_price,target_price,exit_time_ist,exit_price,outcome,pnl_pct,pnl_pct_gross,adx_signal,rsi_signal,stochk_signal,avwap_dist_atr_signal,ema20_gap_atr_signal,atr_pct_signal,quality_score,india_vix,stop_price,pnl_pct_price,pnl_pct_gross_price,position_size_rs,leverage,notional_exposure_rs,pnl_rs,pnl_rs_gross
2025-08-25,USHAMART,LONG,B_HUGE_C1_CLOSE_RECLAIM_BREAK,HUGE,2025-08-25 13:45:00+05:30,2025-08-25 14:15:00+05:30,387.32745,385.19714902500004,391.58805194999997,2025-08-25 15:30:00+05:30,387.6000061035156,EOD,-0.44815803331828635,0.3518419666817135,89.989013671875,93.69599914550781,91.1429214477539,2.0616442632941,3.781663634313571,0.004611241886737348,9.481170478481904,0.0,385.19714902500004,-0.08963160666365727,0.0703683933363427,50000.0,5.0,250000.0,-224.07901665914318,175.92098334085674
2025-08-26,GODIGIT,SHORT,A_MOD_BREAK_C1_LOW,MODERATE,2025-08-26 10:00:00+05:30,2025-08-26 10:15:00+05:30,362.12757220458985,364.4814014239197,358.8684240547485,2025-08-26 11:34:00+05:30,358.8684240547485,TARGET,3.70000000000004,4.500000000000039,29.621471405029297,25.82086944580078,4.94727087020874,1.3638084927834775,3.110931549608685,0.005206797865582035,0.5429885573125479,0.0,364.4814014239197,0.740000000000008,0.9000000000000079,50000.0,5.0,250000.0,1850.00000000002,2250.0000000000196
2025-08-26,JSWINFRA,SHORT,A_MOD_BREAK_C1_LOW,MODERATE,2025-08-26 11:45:00+05:30,2025-08-26 12:00:00+05:30,296.69065,298.61913922499997,294.02043415,2025-08-26 12:49:00+05:30,298.61913922499997,SL,-4.04999999999994,-3.24999999999994,44.41753387451172,32.41687774658203,7.580766201019287,1.5144828132704033,2.5217022483740585,0.005254062267496728,0.7912975004399962,0.0,298.61913922499997,-0.8099999999999881,-0.649999999999988,50000.0,5.0,250000.0,-2024.99999999997,-1624.99999999997
2025-08-26,MCX,SHORT,A_MOD_BREAK_C1_LOW,MODERATE,2025-08-26 12:30:00+05:30,2025-08-26 12:45:00+05:30,1542.6914,1552.7188941,1528.8071774,2025-08-26 15:30:00+05:30,1536.0,EOD,1.3687422384022918,2.1687422384022916,55.19662094116211,31.008350372314453,5.08474588394165,1.9646076082403117,2.577737410719006,0.0068512173032729716,0.9538063314420544,0.0,1552.7188941,0.27374844768045836,0.43374844768045834,50000.0,5.0,250000.0,684.3711192011459,1084.3711192011458
2025-08-26,RALLIS,SHORT,A_MOD_BREAK_C1_LOW,MODERATE,2025-08-26 12:45:00+05:30,2025-08-26 13:00:00+05:30,363.9272,366.2927268,360.6518552,2025-08-26 14:35:00+05:30,366.2927268,SL,-4.049999999999997,-3.249999999999997,63.97438430786133,24.443946838378906,3.2163026332855225,2.643904091548523,3.0258578973008143,0.0064578801908560645,0.96,0.0,366.2927268,-0.8099999999999994,-0.6499999999999994,50000.0,5.0,250000.0,-2024.9999999999986,-1624.9999999999984
2025-08-26,SWANCORP,SHORT,A_MOD_BREAK_C1_LOW,MODERATE,2025-08-26 12:45:00+05:30,2025-08-26 13:00:00+05:30,464.5070861022949,467.5263821619598,460.3265223273743,2025-08-26 13:39:00+05:30,460.3265223273743,TARGET,3.6999999999999877,4.499999999999988,27.060073852539062,42.39274215698242,6.398364067077637,1.7771651134637612,2.299321896330103,0.007479551486359082,0.5769050026442442,0.0,467.5263821619598,0.7399999999999975,0.8999999999999975,50000.0,5.0,250000.0,1849.9999999999939,2249.9999999999936
2025-08-28,IGPL,SHORT,A_MOD_BREAK_C1_LOW,MODERATE,2025-08-28 12:45:00+05:30,2025-08-28 13:00:00+05:30,432.9134,435.7273371,429.01717940000003,2025-08-28 15:30:00+05:30,432.0,EOD,0.2549454001655113,1.0549454001655112,38.24632263183594,28.128074645996094,7.507503509521484,1.394634472340848,2.6432518724593543,0.005155064492522982,0.6777558721371875,0.0,435.7273371,0.05098908003310226,0.21098908003310224,50000.0,5.0,250000.0,127.47270008275565,527.4727000827556
2025-08-28,JAGRAN,SHORT,A_MOD_BREAK_C1_LOW,MODERATE,2025-08-28 13:45:00+05:30,2025-08-28 14:00:00+05:30,70.86000366210938,71.32059368591308,70.22226362915039,2025-08-28 15:30:00+05:30,70.9000015258789,EOD,-1.082231595416331,-0.28223159541633125,25.108257293701172,27.581514358520508,7.592341423034668,2.1078697663918047,3.5391332364406316,0.0031506502409882346,0.5866238594055175,0.0,71.32059368591308,-0.21644631908326623,-0.05644631908326625,50000.0,5.0,250000.0,-541.1157977081656,-141.11579770816562
2025-08-28,PRAJIND,SHORT,A_MOD_BREAK_C1_LOW,MODERATE,2025-08-28 14:15:00+05:30,2025-08-28 14:30:00+05:30,397.6204722045898,400.20500527391965,394.0418879547485,2025-08-28 15:30:00+05:30,395.95001220703125,EOD,1.3005709141392696,2.1005709141392694,23.933347702026367,37.701908111572266,6.142490386962891,1.3700820366456272,1.818055285624327,0.003338103917375881,0.4496673362245966,0.0,400.20500527391965,0.2601141828278539,0.4201141828278539,50000.0,5.0,250000.0,650.2854570696347,1050.2854570696347
2025-08-29,MANAPPURAM,SHORT,A_MOD_BREAK_C1_LOW,MODERATE,2025-08-29 10:00:00+05:30,2025-08-29 10:15:00+05:30,261.04778610229494,262.74459671195984,258.6983560273743,2025-08-29 10:50:00+05:30,262.74459671195984,SL,-4.049999999999983,-3.2499999999999822,23.586429595947266,27.726613998413086,8.003353118896484,1.276772875821252,2.89138506924034,0.00537456977473668,0.43723169720792804,0.0,262.74459671195984,-0.8099999999999965,-0.6499999999999965,50000.0,5.0,250000.0,-2024.9999999999911,-1624.9999999999914
2025-08-29,CSBBANK,SHORT,A_MOD_BREAK_C1_LOW,MODERATE,2025-08-29 14:00:00+05:30,2025-08-29 14:15:00+05:30,367.17655,369.563197575,363.87196105000004,2025-08-29 14:33:00+05:30,363.87196105000004,TARGET,3.6999999999999744,4.499999999999974,24.028108596801758,34.326568603515625,14.433380126953125,1.6817570629552514,1.8279329468885108,0.006833733961347003,0.5061257623136208,0.0,369.563197575,0.7399999999999949,0.8999999999999949,50000.0,5.0,250000.0,1849.9999999999873,2249.9999999999873
2025-09-01,SSWL,LONG,A_MOD_BREAK_C1_HIGH,MODERATE,2025-09-01 10:00:00+05:30,2025-09-01 10:15:00+05:30,217.83999328613282,216.64187332305912,220.23623321228027,2025-09-01 10:31:00+05:30,220.23623321228027,TARGET,4.699999999999963,5.499999999999963,34.006446838378906,65.3100357055664,57.680091857910156,0.38642394340147806,1.768395530945906,0.00534663749913374,3.6500020001002174,0.0,216.64187332305912,0.9399999999999926,1.0999999999999925,50000.0,5.0,250000.0,2349.9999999999814,2749.9999999999814
2025-09-01,COLPAL,LONG,B_HUGE_GREEN_PULLBACK_HOLD_THEN_BREAK,HUGE,2025-09-01 10:45:00+05:30,2025-09-01 12:15:00+05:30,2369.4738,2356.4416941000004,2395.5380118,2025-09-01 15:30:00+05:30,2358.0,EOD,-3.221170472532806,-2.4211704725328067,32.36802291870117,68.71995544433594,87.978271484375,2.10282368060213,2.812533253218929,0.004621052777265963,6.642849833750825,0.0,2356.4416941000004,-0.6442340945065612,-0.4842340945065613,50000.0,5.0,250000.0,-1610.585236266403,-1210.5852362664032
2025-09-01,XPROINDIA,LONG,B_HUGE_C1_CLOSE_RECLAIM_BREAK,HUGE,2025-09-01 11:45:00+05:30,2025-09-01 12:15:00+05:30,1164.2328,1157.8295196000001,1177.0393608,2025-09-01 12:16:00+05:30,1177.0393608,TARGET,4.699999999999975,5.499999999999975,40.49207305908203,75.4244384765625,43.722877502441406,1.6551218723508245,2.9882832328564546,0.010254033242713954,6.797488775488966,0.0,1157.8295196000001,0.9399999999999951,1.099999999999995,50000.0,5.0,250000.0,2349.9999999999877,2749.9999999999873
2025-09-01,CCL,LONG,B_HUGE_GREEN_PULLBACK_HOLD_THEN_BREAK,HUGE,2025-09-01 10:30:00+05:30,2025-09-01 12:45:00+05:30,902.1304022094727,897.1686849973206,912.0538366337768,2025-09-01 15:30:00+05:30,909.0,EOD,3.007430596343117,3.807430596343117,39.17194747924805,84.04457092285156,87.7044448852539,2.103400604653024,4.250346170230722,0.005039400717439042,8.859443110986957,0.0,897.1686849973206,0.6014861192686234,0.7614861192686234,50000.0,5.0,250000.0,1503.7152981715585,1903.7152981715585
2025-09-01,JISLJALEQS,LONG,B_HUGE_C1_CLOSE_RECLAIM_BREAK,HUGE,2025-09-01 13:15:00+05:30,2025-09-01 13:45:00+05:30,51.3099983215332,51.02779333076477,51.87440830307006,2025-09-01 15:19:00+05:30,51.87440830307006,TARGET,4.699999999999969,5.499999999999968,26.716785430908203,68.18930053710938,61.62723922729492,2.9152769941111534,3.1962313120224906,0.00872304004851795,7.805196135178329,0.0,51.02779333076477,0.9399999999999937,1.0999999999999936,50000.0,5.0,250000.0,2349.9999999999845,2749.999999999984
2025-09-01,INOXINDIA,LONG,B_HUGE_C1_CLOSE_RECLAIM_BREAK,HUGE,2025-09-01 13:30:00+05:30,2025-09-01 14:00:00+05:30,1161.0322088378907,1154.6465316892825,1173.8035631351074,2025-09-01 14:59:00+05:30,1173.8035631351074,TARGET,4.69999999999996,5.499999999999959,32.46531677246094,77.47364807128906,93.6915283203125,3.5293660986132185,4.580995091206594,0.005205760187370771,10.466968527287467,0.0,1154.6465316892825,0.939999999999992,1.0999999999999919,50000.0,5.0,250000.0,2349.9999999999795,2749.99999999998
2025-09-01,PRICOLLTD,LONG,B_HUGE_C1_CLOSE_RECLAIM_BREAK,HUGE,2025-09-01 14:00:00+05:30,2025-09-01 14:30:00+05:30,473.7947522094727,471.1888810723206,479.0064944837768,2025-09-01 14:31:00+05:30,479.0064944837768,TARGET,4.699999999999926,5.499999999999925,43.279151916503906,70.83260345458984,79.47412109375,0.6784587208156897,2.721850761465817,0.004719672565625676,5.310114045342887,0.0,471.1888810723206,0.9399999999999851,1.099999999999985,50000.0,5.0,250000.0,2349.9999999999627,2749.9999999999627
2025-09-01,SIGACHI,LONG,B_HUGE_C1_CLOSE_RECLAIM_BREAK,HUGE,2025-09-01 14:00:00+05:30,2025-09-01 14:30:00+05:30,32.00999908447265,31.833944089508055,32.36210907440185,2025-09-01 15:30:00+05:30,32.060001373291016,EOD,-0.018958290401557137,0.7810417095984428,34.39716720581055,73.08765411376953,83.16166687011719,2.5427139029844623,3.1231597237096977,0.00543089666678881,8.25596175441923,0.0,31.833944089508055,-0.0037916580803114275,0.15620834191968855,50000.0,5.0,250000.0,-9.47914520077857,390.52085479922135
2025-09-02,AJMERA,LONG,A_MOD_BREAK_C1_HIGH,MODERATE,2025-09-02 10:00:00+05:30,2025-09-02 10:15:00+05:30,186.05,185.02672500000003,188.09654999999998,2025-09-02 10:54:00+05:30,188.09654999999998,TARGET,4.699999999999914,5.499999999999914,28.898176193237305,78.02276611328125,81.60203552246094,0.6171954042926866,4.4331764051629845,0.006568588386178089,6.348098003080439,0.0,185.02672500000003,0.9399999999999828,1.0999999999999828,50000.0,5.0,250000.0,2349.9999999999573,2749.999999999957
2025-09-02,FACT,LONG,A_MOD_BREAK_C1_HIGH,MODERATE,2025-09-02 10:00:00+05:30,2025-09-02 10:15:00+05:30,962.8925522094727,957.5966431723207,973.4843702837768,2025-09-02 10:16:00+05:30,973.4843702837768,TARGET,4.699999999999957,5.499999999999956,32.35047149658203,71.95763397216797,84.0997314453125,1.3542484821198522,2.362752460472524,0.007384044597675274,5.34372872053024,0.0,957.5966431723207,0.9399999999999913,1.0999999999999912,50000.0,5.0,250000.0,2349.9999999999786,2749.999999999978
2025-09-02,GNA,LONG,B_HUGE_GREEN_PULLBACK_HOLD_THEN_BREAK,HUGE,2025-09-02 10:15:00+05:30,2025-09-02 11:15:00+05:30,311.5623,309.84870735,314.98948529999996,2025-09-02 11:16:00+05:30,314.98948529999996,TARGET,4.69999999999994,5.49999999999994,36.831695556640625,76.65867614746094,88.71038818359375,2.5855906193153735,3.9626683146017223,0.006113221172835849,8.702197948082482,0.0,309.84870735,0.939999999999988,1.0999999999999879,50000.0,5.0,250000.0,2349.9999999999695,2749.9999999999695
2025-09-02,ALKYLAMINE,LONG,B_HUGE_C1_CLOSE_RECLAIM_BREAK,HUGE,2025-09-02 10:45:00+05:30,2025-09-02 11:15:00+05:30,2084.4168,2072.9525076,2107.3453848,2025-09-02 12:56:00+05:30,2072.9525076,SL,-3.5499999999999945,-2.7499999999999947,36.52117919921875,78.92115783691406,88.30618286132812,1.4050949897200702,3.47771110403762,0.00572044744143788,7.032790622359025,0.0,2072.9525076,-0.7099999999999989,-0.5499999999999989,50000.0,5.0,250000.0,-1774.999999999997,-1374.9999999999973
2025-09-02,NLCINDIA,LONG,B_HUGE_C1_CLOSE_RECLAIM_BREAK,HUGE,2025-09-02 10:45:00+05:30,2025-09-02 11:15:00+05:30,233.4499938964844,232.16601893005372,236.01794382934568,2025-09-02 13:16:00+05:30,232.16601893005372,SL,-3.5499999999999963,-2.7499999999999964,49.12421798706055,75.4815444946289,76.0230941772461,1.008658569279381,2.444623790091174,0.004639478063594241,6.186893758567571,0.0,232.16601893005372,-0.7099999999999993,-0.5499999999999993,50000.0,5.0,250000.0,-1774.9999999999982,-1374.9999999999982
2025-09-02,HSCL,LONG,B_HUGE_GREEN_PULLBACK_HOLD_THEN_BREAK,HUGE,2025-09-02 10:00:00+05:30,2025-09-02 11:30:00+05:30,462.7425238952637,460.19744001383975,467.8326916581115,2025-09-02 14:15:00+05:30,460.19744001383975,SL,-3.549999999999968,-2.749999999999968,21.069570541381836,75.48291015625,83.69061279296875,1.0989493206699705,3.3306741493550898,0.004931706270221286,6.0816700753329584,0.0,460.19744001383975,-0.7099999999999935,-0.5499999999999936,50000.0,5.0,250000.0,-1774.9999999999839,-1374.999999999984
2025-09-02,TVSSCS-BE,LONG,B_HUGE_GREEN_PULLBACK_HOLD_THEN_BREAK,HUGE,2025-09-02 10:30:00+05:30,2025-09-02 11:30:00+05:30,131.80999450683595,131.08503953704835,133.25990444641113,2025-09-02 12:41:00+05:30,131.08503953704835,SL,-3.550000000000021,-2.7500000000000213,35.431983947753906,79.94351196289062,92.83739471435547,1.4592397479197183,3.9060164468643515,0.008090240258989084,7.203050360610378,0.0,131.08503953704835,-0.7100000000000042,-0.5500000000000043,50000.0,5.0,250000.0,-1775.0000000000105,-1375.0000000000107
2025-09-02,ESCORTS,LONG,B_HUGE_GREEN_PULLBACK_HOLD_THEN_BREAK,HUGE,2025-09-02 10:15:00+05:30,2025-09-02 11:45:00+05:30,3690.738,3670.438941,3731.3361179999993,2025-09-02 13:22:00+05:30,3670.438941,SL,-3.549999999999992,-2.7499999999999925,46.64376449584961,72.10457611083984,54.07740020751953,1.3935734981834622,2.031935484744785,0.004982625736709396,5.977216315840593,0.0,3670.438941,-0.7099999999999984,-0.5499999999999985,50000.0,5.0,250000.0,-1774.999999999996,-1374.9999999999961
2025-09-02,ACI,LONG,B_HUGE_GREEN_PULLBACK_HOLD_THEN_BREAK,HUGE,2025-09-02 10:15:00+05:30,2025-09-02 12:00:00+05:30,678.4356477905274,674.7042517276794,685.8984399162231,2025-09-02 15:30:00+05:30,674.7042517276794,SL,-3.5500000000000154,-2.750000000000015,54.1558952331543,68.6754379272461,63.043052673339844,0.8906017830515173,2.0812520415462354,0.006491091555586908,5.419116228953497,0.0,674.7042517276794,-0.7100000000000031,-0.550000000000003,50000.0,5.0,250000.0,-1775.0000000000077,-1375.0000000000075
2025-09-02,APOLLO,LONG,B_HUGE_GREEN_PULLBACK_HOLD_THEN_BREAK,HUGE,2025-09-02 11:00:00+05:30,2025-09-02 12:15:00+05:30,288.75775220947264,287.16958457232056,291.9340874837768,2025-09-02 12:16:00+05:30,291.9340874837768,TARGET,4.6999999999999424,5.499999999999941,34.8928337097168,82.0495376586914,79.19236755371094,2.9092858130065027,3.729710223504461,0.014118896112144676,9.256425436637935,0.0,287.16958457232056,0.9399999999999884,1.0999999999999883,50000.0,5.0,250000.0,2349.999999999971,2749.999999999971
2025-09-02,GENESYS,LONG,B_HUGE_GREEN_PULLBACK_HOLD_THEN_BREAK,HUGE,2025-09-02 10:45:00+05:30,2025-09-02 13:15:00+05:30,630.126,626.660307,637.057386,2025-09-02 13:16:00+05:30,637.057386,TARGET,4.699999999999981,5.4999999999999805,33.69108200073242,78.9965591430664,88.29389190673828,3.0899150535116453,4.442992106244613,0.011840115410489684,10.096411545962596,0.0,626.660307,0.9399999999999962,1.099999999999996,50000.0,5.0,250000.0,2349.9999999999905,2749.9999999999905
2025-09-02,KOTAKBANK,SHORT,A_MOD_BREAK_C1_LOW,MODERATE,2025-09-02 13:45:00+05:30,2025-09-02 14:00:00+05:30,390.02198610229493,392.55712901195983,386.51178822737427,2025-09-02 15:30:00+05:30,389.0,EOD,0.5101647326452069,1.3101647326452068,20.14138412475586,28.872386932373047,6.189390182495117,2.8117975913727085,2.6963640270156795,0.002325407721310915,0.5121207618713379,0.0,392.55712901195983,0.10203294652904138,0.26203294652904136,50000.0,5.0,250000.0,255.08236632260343,655.0823663226034
2025-09-02,BHARTIARTL,SHORT,A_MOD_BREAK_C1_LOW,MODERATE,2025-09-02 14:15:00+05:30,2025-09-02 14:30:00+05:30,1879.1241,1891.3384066499998,1862.2119831,2025-09-02 15:30:00+05:30,1888.699951171875,EOD,-3.347956032247951,-2.5479560322479506,25.524179458618164,27.563772201538086,3.612001419067383,4.287549432632723,3.413187515486026,0.0022262059601081585,0.5928626918792725,0.0,1891.3384066499998,-0.6695912064495901,-0.5095912064495901,50000.0,5.0,250000.0,-1673.9780161239755,-1273.9780161239753
2025-09-02,EIMCOELECO,SHORT,A_MOD_BREAK_C1_LOW,MODERATE,2025-09-02 14:15:00+05:30,2025-09-02 14:30:00+05:30,2036.1926555908203,2049.4279078521604,2017.866921690503,2025-09-02 14:41:00+05:30,2017.866921690503,TARGET,3.6999999999999913,4.499999999999991,42.377262115478516,15.244522094726562,7.027763366699219,3.2572707251995254,5.205649699936347,0.01453768418502247,0.8456589317321777,0.0,2049.4279078521604,0.7399999999999982,0.8999999999999982,50000.0,5.0,250000.0,1849.9999999999955,2249.9999999999955
2025-09-03,ABDL,SHORT,A_MOD_BREAK_C1_LOW,MODERATE,2025-09-03 10:45:00+05:30,2025-09-03 11:00:00+05:30,504.29911389770507,507.5770581380401,499.7604218726257,2025-09-03 11:01:00+05:30,499.7604218726257,TARGET,3.6999999999999975,4.499999999999997,30.962074279785156,36.124698638916016,25.38866424560547,1.25873893757779,1.4433681513452554,0.006052685918136914,0.5168788358401534,0.0,507.5770581380401,0.7399999999999995,0.8999999999999995,50000.0,5.0,250000.0,1849.9999999999989,2249.9999999999986
2025-09-03,OLAELEC,LONG,B_HUGE_GREEN_PULLBACK_HOLD_THEN_BREAK,HUGE,2025-09-03 13:30:00+05:30,2025-09-03 14:30:00+05:30,67.78999786376953,67.4171528755188,68.53568784027098,2025-09-03 14:33:00+05:30,68.53568784027098,TARGET,4.6999999999999105,5.49999999999991,23.552310943603516,77.45588684082031,75.96142578125,3.8369744519340006,3.6662857879259336,0.012387707218148455,9.412476097661546,0.0,67.4171528755188,0.9399999999999822,1.099999999999982,50000.0,5.0,250000.0,2349.9999999999554,2749.999999999955
2025-09-04,GALAXYSURF,LONG,B_HUGE_GREEN_PULLBACK_HOLD_THEN_BREAK,HUGE,2025-09-04 10:00:00+05:30,2025-09-04 11:15:00+05:30,2365.473,2352.4628985,2391.4932029999995,2025-09-04 15:30:00+05:30,2364.5,EOD,-1.0056671118207556,-0.20566711182075562,47.10771179199219,82.84521484375,89.31568908691406,1.7441725338950638,4.635519077226291,0.004031726331973415,9.030964691371125,0.0,2352.4628985,-0.2011334223641511,-0.04113342236415112,50000.0,5.0,250000.0,-502.8335559103778,-102.8335559103778
2025-09-05,ACE,SHORT,A_MOD_BREAK_C1_LOW,MODERATE,2025-09-05 10:30:00+05:30,2025-09-05 10:45:00+05:30,1055.7888,1062.6514272,1046.2867008,2025-09-05 11:11:00+05:30,1046.2867008,TARGET,3.6999999999999886,4.4999999999999885,24.66969108581543,30.356050491333008,20.930147171020508,1.680482255630756,2.6593343311675133,0.006025088431778496,0.5241297610226137,0.0,1062.6514272,0.7399999999999978,0.8999999999999977,50000.0,5.0,250000.0,1849.9999999999945,2249.999999999994
2025-09-05,ABBOTINDIA,SHORT,A_MOD_BREAK_C1_LOW,MODERATE,2025-09-05 11:00:00+05:30,2025-09-05 11:15:00+05:30,31503.698,31708.472037,31220.164718,2025-09-05 11:43:00+05:30,31220.164718,TARGET,3.7000000000000055,4.500000000000005,21.3715877532959,25.40680503845215,3.2486371994018555,1.5538646439585897,3.069957315111707,0.005930687776365176,0.45250012899219166,0.0,31708.472037,0.7400000000000011,0.900000000000001,50000.0,5.0,250000.0,1850.0000000000027,2250.0000000000023
2025-09-05,JLHL,SHORT,A_MOD_BREAK_C1_LOW,MODERATE,2025-09-05 11:00:00+05:30,2025-09-05 11:15:00+05:30,1426.2147,1435.4850955499999,1413.3787677,2025-09-05 15:30:00+05:30,1426.699951171875,EOD,-0.9701185564399968,-0.17011855643999693,34.457069396972656,32.0909423828125,15.829733848571777,1.1907935312326994,1.8646263740920235,0.0042361534565238,0.5784762276249134,0.0,1435.4850955499999,-0.19402371128799936,-0.034023711287999386,50000.0,5.0,250000.0,-485.0592782199984,-85.05927821999848
2025-09-05,GODREJPROP,SHORT,A_MOD_BREAK_C1_LOW,MODERATE,2025-09-05 11:15:00+05:30,2025-09-05 11:30:00+05:30,1966.3066111816406,1979.0876041543213,1948.609851681006,2025-09-05 12:16:00+05:30,1948.609851681006,TARGET,3.6999999999999833,4.499999999999983,21.927099227905273,25.17343521118164,6.593679904937744,2.71351836515023,3.261787453547637,0.004776902578953957,0.538906488418579,0.0,1979.0876041543213,0.7399999999999967,0.8999999999999966,50000.0,5.0,250000.0,1849.9999999999916,2249.999999999992
2025-09-05,ANUP,SHORT,A_MOD_BREAK_C1_LOW,MODERATE,2025-09-05 11:45:00+05:30,2025-09-05 12:00:00+05:30,2269.646077636719,2284.3987771413576,2249.2192629379883,2025-09-05 15:30:00+05:30,2263.10009765625,EOD,0.642070648143733,1.4420706481437329,34.740623474121094,27.92732810974121,4.274752616882324,1.7941554306567362,2.4410492067218996,0.006411137267754064,0.6950865524767451,0.0,2284.3987771413576,0.1284141296287466,0.2884141296287466,50000.0,5.0,250000.0,321.0353240718665,721.0353240718664
2025-09-05,ASHOKA,SHORT,A_MOD_BREAK_C1_LOW,MODERATE,2025-09-05 11:45:00+05:30,2025-09-05 12:00:00+05:30,186.97000427246093,188.18530930023192,185.28727423400878,2025-09-05 15:17:00+05:30,185.28727423400878,TARGET,3.700000000000002,4.500000000000003,31.278526306152344,31.44594383239746,8.64531135559082,1.5789108744556328,2.0805428215127746,0.0048000825768247995,0.6054872976220209,0.0,188.18530930023192,0.7400000000000004,0.9000000000000005,50000.0,5.0,250000.0,1850.0000000000011,2250.000000000001
2025-09-05,KALAMANDIR,SHORT,A_MOD_BREAK_C1_LOW,MODERATE,2025-09-05 11:45:00+05:30,2025-09-05 12:00:00+05:30,172.0500061035156,173.16833114318845,170.50155604858398,2025-09-05 12:27:00+05:30,170.50155604858398,TARGET,3.699999999999984,4.499999999999984,37.34662628173828,32.96609878540039,40.70513153076172,0.8135298866519061,1.3771706938858788,0.009511076157028031,0.5314256590844517,0.0,173.16833114318845,0.7399999999999969,0.8999999999999968,50000.0,5.0,250000.0,1849.9999999999923,2249.999999999992
2025-09-05,UNIONBANK,SHORT,A_MOD_BREAK_C1_LOW,MODERATE,2025-09-05 11:45:00+05:30,2025-09-05 12:00:00+05:30,125.89000244140625,126.70828745727539,124.7569924194336,2025-09-05 13:35:00+05:30,126.70828745727539,SL,-4.049999999999984,-3.249999999999984,20.52086639404297,30.97273063659668,14.692764282226562,1.3241487713523832,1.7804396167930925,0.004673157827156882,0.38856101173696617,0.0,126.70828745727539,-0.8099999999999967,-0.6499999999999968,50000.0,5.0,250000.0,-2024.9999999999916,-1624.9999999999918
2025-09-05,FINEORG,SHORT,A_MOD_BREAK_C1_LOW,MODERATE,2025-09-05 12:00:00+05:30,2025-09-05 12:15:00+05:30,4786.5425,4817.6550262499995,4743.4636175,2025-09-05 13:19:00+05:30,4817.6550262499995,SL,-4.049999999999998,-3.249999999999998,49.886146545410156,22.478525161743164,0.3745318353176117,2.093599415722891,2.4384997220555653,0.0038687101916918243,0.9582921981811523,0.0,4817.6550262499995,-0.8099999999999996,-0.6499999999999996,50000.0,5.0,250000.0,-2024.999999999999,-1624.9999999999989
2025-09-05,GUJGASLTD,SHORT,A_MOD_BREAK_C1_LOW,MODERATE,2025-09-05 12:30:00+05:30,2025-09-05 12:45:00+05:30,435.0129861022949,437.8405705119598,431.09786922737425,2025-09-05 15:30:00+05:30,433.79998779296875,EOD,0.5942093087778835,1.3942093087778833,33.195884704589844,23.469158172607422,11.059234619140625,1.4907520065001516,1.799316692243686,0.004826475837176554,0.6087857063185584,0.0,437.8405705119598,0.1188418617555767,0.2788418617555767,50000.0,5.0,250000.0,297.10465438894175,697.1046543889418
2025-09-05,CHAMBLFERT,SHORT,A_MOD_BREAK_C1_LOW,MODERATE,2025-09-05 12:45:00+05:30,2025-09-05 13:00:00+05:30,551.9895555908203,555.5774877021605,547.0216495905029,2025-09-05 14:31:00+05:30,555.5774877021605,SL,-4.049999999999927,-3.2499999999999267,32.22087860107422,32.748538970947266,9.874882698059082,1.6203981674871109,1.6614096032797312,0.005164852401250088,0.6099533384903442,0.0,555.5774877021605,-0.8099999999999854,-0.6499999999999854,50000.0,5.0,250000.0,-2024.9999999999634,-1624.9999999999634
2025-09-05,MARATHON,SHORT,A_MOD_BREAK_C1_LOW,MODERATE,2025-09-05 13:00:00+05:30,2025-09-05 13:15:00+05:30,597.8804,601.7666226,592.4994764,2025-09-05 13:36:00+05:30,601.7666226,SL,-4.049999999999997,-3.249999999999997,24.41549301147461,26.688983917236328,1.9084150791168213,2.2167271340164616,2.438022580847317,0.005067946642464453,0.5762323951721191,0.0,601.7666226,-0.8099999999999994,-0.6499999999999994,50000.0,5.0,250000.0,-2024.9999999999986,-1624.9999999999984
2025-09-08,LAURUSLABS,LONG,B_HUGE_GREEN_PULLBACK_HOLD_THEN_BREAK,HUGE,2025-09-08 11:30:00+05:30,2025-09-08 12:45:00+05:30,898.0796044189453,893.1401665946412,907.9584800675536,2025-09-08 15:30:00+05:30,895.9000244140625,EOD,-2.0134670435439954,-1.2134670435439954,27.42643165588379,75.46698760986328,97.51031494140625,2.4049112436991726,3.293737774015523,0.0037654902013308975,7.298803023174864,0.0,893.1401665946412,-0.40269340870879905,-0.24269340870879907,50000.0,5.0,250000.0,-1006.7335217719976,-606.7335217719977
2025-09-08,CARERATING,LONG,B_HUGE_GREEN_PULLBACK_HOLD_THEN_BREAK,HUGE,2025-09-08 12:00:00+05:30,2025-09-08 13:00:00+05:30,1664.3328,1655.1789696,1682.6404607999998,2025-09-08 13:16:00+05:30,1655.1789696,SL,-3.54999999999995,-2.74999999999995,44.92702865600586,81.5818862915039,86.3850326538086,3.4439143673604837,3.707611627887605,0.0073100832611204605,9.598534162771571,0.0,1655.1789696,-0.70999999999999,-0.5499999999999899,50000.0,5.0,250000.0,-1774.999999999975,-1374.9999999999748
2025-09-08,PFC,LONG,B_HUGE_C1_CLOSE_RECLAIM_BREAK,HUGE,2025-09-08 12:45:00+05:30,2025-09-08 13:15:00+05:30,397.9795738952637,395.7906862388397,402.35734920811154,2025-09-08 14:05:00+05:30,395.7906862388397,SL,-3.5500000000000096,-2.7500000000000098,22.481422424316406,67.097412109375,69.8700180053711,1.5129553597782857,1.814135546332241,0.003347932879369971,4.810662852198173,0.0,395.7906862388397,-0.710000000000002,-0.5500000000000019,50000.0,5.0,250000.0,-1775.0000000000048,-1375.000000000005
2025-09-08,BLKASHYAP,LONG,B_HUGE_C1_CLOSE_RECLAIM_BREAK,HUGE,2025-09-08 13:15:00+05:30,2025-09-08 13:45:00+05:30,70.3,69.91335,71.07329999999999,2025-09-08 15:09:00+05:30,69.91335,SL,-3.550000000000022,-2.7500000000000218,26.85997200012207,69.25788879394531,57.995487213134766,2.82474606709757,3.2672159228248208,0.004870346432478826,7.938955842263269,0.0,69.91335,-0.7100000000000044,-0.5500000000000044,50000.0,5.0,250000.0,-1775.000000000011,-1375.000000000011
2025-09-08,PGIL,LONG,B_HUGE_C1_CLOSE_RECLAIM_BREAK,HUGE,2025-09-08 13:30:00+05:30,2025-09-08 14:00:00+05:30,1286.0572088378906,1278.9838941892822,1300.2038381351072,2025-09-08 14:27:00+05:30,1300.2038381351072,TARGET,4.699999999999916,5.499999999999915,39.772682189941406,74.48566436767578,89.3586196899414,2.962321744984548,3.391269769428605,0.007693924124398549,8.481199126321217,0.0,1278.9838941892822,0.9399999999999831,1.099999999999983,50000.0,5.0,250000.0,2349.9999999999577,2749.9999999999573
2025-09-09,ASHAPURMIN,LONG,B_HUGE_GREEN_PULLBACK_HOLD_THEN_BREAK,HUGE,2025-09-09 12:45:00+05:30,2025-09-09 14:15:00+05:30,607.5215044189454,604.1801361446412,614.2042409675537,2025-09-09 14:18:00+05:30,614.2042409675537,TARGET,4.6999999999999345,5.499999999999934,25.860681533813477,77.26478576660156,82.8384780883789,2.5632152584005414,3.751197533733625,0.009097205967234841,8.08940293069548,0.0,604.1801361446412,0.9399999999999868,1.0999999999999868,50000.0,5.0,250000.0,2349.9999999999673,2749.999999999967
2025-09-10,HAVELLS,LONG,A_MOD_CLOSE_CONTINUATION_BREAK,MODERATE,2025-09-10 10:15:00+05:30,2025-09-10 10:30:00+05:30,1596.8193,1588.03679385,1614.3843123,2025-09-10 11:21:00+05:30,1588.03679385,SL,-3.550000000000005,-2.7500000000000053,32.61519241333008,74.23827362060547,81.56893157958984,0.9484024872228883,2.7806143086177086,0.002384677562002773,5.523471800946399,0.0,1588.03679385,-0.7100000000000011,-0.550000000000001,50000.0,5.0,250000.0,-1775.0000000000027,-1375.0000000000025
2025-09-10,DEEPAKNTR,LONG,B_HUGE_C1_CLOSE_RECLAIM_BREAK,HUGE,2025-09-10 10:30:00+05:30,2025-09-10 11:00:00+05:30,1770.354,1760.6170530000002,1789.8278939999998,2025-09-10 11:27:00+05:30,1760.6170530000002,SL,-3.5499999999999634,-2.7499999999999636,33.34215545654297,83.5210189819336,77.95548248291016,2.065303232989807,4.215667237686014,0.0031557834754555912,8.889834055844979,0.0,1760.6170530000002,-0.7099999999999926,-0.5499999999999927,50000.0,5.0,250000.0,-1774.9999999999816,-1374.9999999999818
2025-09-10,GREENPANEL,LONG,A_MOD_BREAK_C1_HIGH,MODERATE,2025-09-10 11:15:00+05:30,2025-09-10 11:30:00+05:30,270.45407389526366,268.96657648883973,273.4290687081115,2025-09-10 15:25:00+05:30,273.4290687081115,TARGET,4.699999999999914,5.499999999999914,35.902259826660156,56.59483337402344,34.53104019165039,0.3061410205105768,0.8148223992851292,0.006069167676857609,2.7309751909157955,0.0,268.96657648883973,0.9399999999999828,1.0999999999999828,50000.0,5.0,250000.0,2349.9999999999573,2749.999999999957
2025-09-10,RAYMOND,LONG,B_HUGE_GREEN_PULLBACK_HOLD_THEN_BREAK,HUGE,2025-09-10 10:45:00+05:30,2025-09-10 12:30:00+05:30,629.3258522094726,625.8645600223206,636.2484365837768,2025-09-10 12:52:00+05:30,625.8645600223206,SL,-3.549999999999942,-2.749999999999942,41.98535919189453,70.33251190185547,71.8688735961914,0.7405839818399219,2.025094057811589,0.006654202469460983,5.22844460355874,0.0,625.8645600223206,-0.7099999999999884,-0.5499999999999884,50000.0,5.0,250000.0,-1774.9999999999711,-1374.999999999971
2025-09-10,VRLLOG,LONG,B_HUGE_GREEN_PULLBACK_HOLD_THEN_BREAK,HUGE,2025-09-10 10:30:00+05:30,2025-09-10 12:45:00+05:30,270.4040761047363,268.91685368616027,273.3785209418884,2025-09-10 13:38:00+05:30,268.91685368616027,SL,-3.54999999999998,-2.7499999999999796,37.52846145629883,81.39500427246094,83.7836685180664,1.3001431958973184,3.5693270452057164,0.006038266121930319,7.3872747828868635,0.0,268.91685368616027,-0.709999999999996,-0.5499999999999959,50000.0,5.0,250000.0,-1774.99999999999,-1374.99999999999
2025-09-11,NESCO,LONG,A_MOD_BREAK_C1_HIGH,MODERATE,2025-09-11 10:00:00+05:30,2025-09-11 10:15:00+05:30,1568.2136044189454,1559.5884295946412,1585.4639540675537,2025-09-11 10:16:00+05:30,1585.4639540675537,TARGET,4.69999999999998,5.49999999999998,26.20059585571289,66.6763687133789,80.40336608886719,1.6676007080468496,2.2784729254091203,0.007649485067056772,5.029678685222774,0.0,1559.5884295946412,0.939999999999996,1.0999999999999959,50000.0,5.0,250000.0,2349.9999999999895,2749.99999999999
2025-09-11,ADANIGREEN,LONG,B_HUGE_C1_CLOSE_RECLAIM_BREAK,HUGE,2025-09-11 10:00:00+05:30,2025-09-11 10:30:00+05:30,983.2965955810547,977.888464305359,994.1128581324461,2025-09-11 10:34:00+05:30,994.1128581324461,TARGET,4.699999999999921,5.49999999999992,41.84572219848633,79.55716705322266,93.53350830078125,1.9909382209794275,4.083844209563057,0.004475627824451438,8.060480560218338,0.0,977.888464305359,0.9399999999999842,1.099999999999984,50000.0,5.0,250000.0,2349.9999999999604,2749.9999999999604
2025-09-11,SIGACHI,LONG,B_HUGE_C1_CLOSE_RECLAIM_BREAK,HUGE,2025-09-11 10:00:00+05:30,2025-09-11 10:30:00+05:30,35.64999847412109,35.453923482513424,36.04214845733642,2025-09-11 10:31:00+05:30,36.04214845733642,TARGET,4.699999999999916,5.499999999999915,37.58415985107422,92.11669921875,85.91922760009766,1.2158314546417668,6.512854879680593,0.013944616908742793,9.571679491721822,0.0,35.453923482513424,0.9399999999999831,1.099999999999983,50000.0,5.0,250000.0,2349.9999999999577,2749.9999999999573
2025-09-11,FINOPB,LONG,A_MOD_BREAK_C1_HIGH,MODERATE,2025-09-11 11:00:00+05:30,2025-09-11 11:15:00+05:30,279.60589779052737,278.06806535267947,282.68156266622316,2025-09-11 11:16:00+05:30,282.68156266622316,TARGET,4.699999999999987,5.499999999999986,43.529335021972656,75.62957000732422,86.22052001953125,1.6602350787243327,3.0551105189880183,0.00834613547102952,7.2060038409584415,0.0,278.06806535267947,0.9399999999999973,1.0999999999999972,50000.0,5.0,250000.0,2349.999999999993,2749.9999999999927
2025-09-11,ANGELONE,SHORT,B_HUGE_RED_FAILED_BOUNCE,HUGE,2025-09-11 10:15:00+05:30,2025-09-11 11:45:00+05:30,2308.5382,2323.5436983,2287.7613562,2025-09-11 11:46:00+05:30,2287.7613562,TARGET,3.699999999999962,4.499999999999963,31.03253746032715,38.23811721801758,38.43501663208008,0.689552598999231,1.3330667803241092,0.005208018743233575,0.4528131057459781,0.0,2323.5436983,0.7399999999999924,0.8999999999999925,50000.0,5.0,250000.0,1849.999999999981,2249.9999999999814
2025-09-11,SOBHA,LONG,B_HUGE_C1_CLOSE_RECLAIM_BREAK,HUGE,2025-09-11 13:15:00+05:30,2025-09-11 13:45:00+05:30,1531.0060911621094,1522.585557660718,1547.8471581648926,2025-09-11 15:01:00+05:30,1547.8471581648926,TARGET,4.699999999999973,5.4999999999999725,57.480987548828125,84.33656311035156,95.38629150390625,3.6865485429274356,3.850416044378067,0.0037377903765494843,10.491698868997798,0.0,1522.585557660718,0.9399999999999946,1.0999999999999945,50000.0,5.0,250000.0,2349.999999999987,2749.9999999999864
2025-09-12,SNOWMAN,LONG,B_HUGE_C1_CLOSE_RECLAIM_BREAK,HUGE,2025-09-12 11:15:00+05:30,2025-09-12 11:45:00+05:30,58.349999237060544,58.029074241256716,58.9918492286682,2025-09-12 11:46:00+05:30,58.9918492286682,TARGET,4.699999999999923,5.499999999999923,33.25335693359375,70.72172546386719,76.55530548095703,1.739577381069367,2.1006720244468586,0.011688308435290335,5.950336461337798,0.0,58.029074241256716,0.9399999999999846,1.0999999999999845,50000.0,5.0,250000.0,2349.9999999999613,2749.9999999999613
2025-09-12,GRSE,LONG,B_HUGE_GREEN_PULLBACK_HOLD_THEN_BREAK,HUGE,2025-09-12 10:45:00+05:30,2025-09-12 12:00:00+05:30,2507.5014,2493.7101423000004,2535.0839154,2025-09-12 12:16:00+05:30,2535.0839154,TARGET,4.699999999999984,5.499999999999984,33.22970962524414,84.48892211914062,93.0283432006836,1.8182970794559004,4.358717246148943,0.009110998808192676,8.453513422149047,0.0,2493.7101423000004,0.9399999999999968,1.0999999999999968,50000.0,5.0,250000.0,2349.9999999999923,2749.999999999992
2025-09-12,FINPIPE,LONG,B_HUGE_C1_CLOSE_RECLAIM_BREAK,HUGE,2025-09-12 11:45:00+05:30,2025-09-12 12:15:00+05:30,215.8,214.61310000000003,218.1738,2025-09-12 15:30:00+05:30,214.61310000000003,SL,-3.549999999999953,-2.749999999999954,36.58523941040039,72.22406768798828,65.2396469116211,1.567214443904103,1.9468523334230718,0.005912928288394579,5.659453591513225,0.0,214.61310000000003,-0.7099999999999906,-0.5499999999999907,50000.0,5.0,250000.0,-1774.9999999999766,-1374.9999999999768
2025-09-12,SOLARINDS,LONG,B_HUGE_C1_CLOSE_RECLAIM_BREAK,HUGE,2025-09-12 12:00:00+05:30,2025-09-12 12:30:00+05:30,14528.9052,14448.9962214,14688.723157199998,2025-09-12 13:45:00+05:30,14448.9962214,SL,-3.549999999999952,-2.749999999999952,31.500267028808594,76.74775695800781,93.1123046875,245.6075501209441,4.313751058004213,0.005389351039226269,300.38639888216125,0.0,14448.9962214,-0.7099999999999904,-0.5499999999999904,50000.0,5.0,250000.0,-1774.9999999999761,-1374.9999999999761
2025-09-12,ICICIGI,LONG,B_HUGE_C1_CLOSE_RECLAIM_BREAK,HUGE,2025-09-12 12:45:00+05:30,2025-09-12 13:15:00+05:30,1891.3782,1880.9756199000003,1912.1833602,2025-09-12 15:30:00+05:30,1900.0999755859375,EOD,1.5056667317878025,2.3056667317878023,40.68532943725586,74.2446060180664,81.30438995361328,3.523999278592336,2.328404152179988,0.004037929425978396,8.3411577709962,0.0,1880.9756199000003,0.3011333463575605,0.4611333463575605,50000.0,5.0,250000.0,752.8333658939013,1152.8333658939011
2025-09-12,BAJAJFINSV,LONG,B_HUGE_C1_CLOSE_RECLAIM_BREAK,HUGE,2025-09-12 13:15:00+05:30,2025-09-12 13:45:00+05:30,2077.515517675781,2066.0891823285647,2100.3681883702147,2025-09-12 15:30:00+05:30,2083.199951171875,EOD,0.5680844854659004,1.3680844854659002,44.06519317626953,80.45062255859375,86.57815551757812,3.416097413964682,4.132584738529239,0.0030983913353883883,10.21088029304976,0.0,2066.0891823285647,0.11361689709318007,0.27361689709318004,50000.0,5.0,250000.0,284.04224273295017,684.0422427329501
2025-09-12,VEDL,LONG,B_HUGE_C1_CLOSE_RECLAIM_BREAK,HUGE,2025-09-12 13:45:00+05:30,2025-09-12 14:15:00+05:30,449.83995,447.365830275,454.78818944999995,2025-09-12 14:16:00+05:30,454.78818944999995,TARGET,4.699999999999955,5.499999999999955,40.45842361450195,75.77175903320312,65.98296356201172,3.440684023931089,3.8942751704762255,0.0038275339657760712,9.730680937022115,0.0,447.365830275,0.9399999999999911,1.099999999999991,50000.0,5.0,250000.0,2349.9999999999777,2749.9999999999773
2025-09-12,MASFIN,LONG,B_HUGE_C1_CLOSE_RECLAIM_BREAK,HUGE,2025-09-12 14:00:00+05:30,2025-09-12 14:30:00+05:30,321.5643,319.79569635,325.1015073,2025-09-12 15:30:00+05:30,323.04998779296875,EOD,1.5100944243013719,2.3100944243013717,26.368837356567383,74.22290802001953,89.47941589355469,1.8863407340541078,3.025300879227629,0.004732285836250934,6.5611975304140255,0.0,319.79569635,0.3020188848602744,0.46201888486027437,50000.0,5.0,250000.0,755.047212150686,1155.047212150686
2025-09-15,SBFC,SHORT,A_MOD_BREAK_C1_LOW,MODERATE,2025-09-15 10:30:00+05:30,2025-09-15 10:45:00+05:30,105.95,106.63867499999999,104.99645,2025-09-15 12:25:00+05:30,106.63867499999999,SL,-4.049999999999949,-3.249999999999949,24.633691787719727,29.90336036682129,53.14287567138672,0.38513845420002135,1.344392496434941,0.0035171892775126895,0.2641242311225467,0.0,106.63867499999999,-0.8099999999999898,-0.6499999999999898,50000.0,5.0,250000.0,-2024.9999999999748,-1624.9999999999745
2025-09-15,KRBL,SHORT,A_MOD_BREAK_C1_LOW,MODERATE,2025-09-15 11:00:00+05:30,2025-09-15 11:15:00+05:30,395.62087220458983,398.19240787391965,392.06028435474855,2025-09-15 11:40:00+05:30,398.19240787391965,SL,-4.049999999999981,-3.2499999999999813,49.55707931518555,15.4238920211792,23.853971481323242,0.7796029979467458,3.4798708859516143,0.018860452499415828,0.7397867143684638,0.0,398.19240787391965,-0.8099999999999963,-0.6499999999999962,50000.0,5.0,250000.0,-2024.9999999999907,-1624.9999999999907
2025-09-15,JBCHEPHARM,SHORT,A_MOD_BREAK_C1_LOW,MODERATE,2025-09-15 11:15:00+05:30,2025-09-15 11:30:00+05:30,1673.2652555908203,1684.1414797521606,1658.2058682905028,2025-09-15 12:31:00+05:30,1684.1414797521606,SL,-4.050000000000008,-3.2500000000000084,35.00066375732422,21.126453399658203,8.390847206115723,1.596909020482752,2.4870719759160065,0.0038144122044756878,0.6644690349443447,0.0,1684.1414797521606,-0.8100000000000016,-0.6500000000000017,50000.0,5.0,250000.0,-2025.0000000000043,-1625.0000000000043
2025-09-15,PGHL,SHORT,A_MOD_BREAK_C1_LOW,MODERATE,2025-09-15 13:45:00+05:30,2025-09-15 14:00:00+05:30,6060.2877,6099.67957005,6005.7451107,2025-09-15 15:09:00+05:30,6099.67957005,SL,-4.049999999999988,-3.249999999999988,23.473247528076172,39.68092727661133,13.01369857788086,1.5060155808399613,1.428529271874111,0.002881182033630386,0.4470779031618413,0.0,6099.67957005,-0.8099999999999976,-0.6499999999999976,50000.0,5.0,250000.0,-2024.9999999999939,-1624.9999999999939
2025-09-15,PRUDENT,LONG,B_HUGE_GREEN_PULLBACK_HOLD_THEN_BREAK,HUGE,2025-09-15 12:00:00+05:30,2025-09-15 14:30:00+05:30,2918.6837176757813,2902.6309572285645,2950.7892385702144,2025-09-15 14:37:00+05:30,2950.7892385702144,TARGET,4.699999999999913,5.499999999999913,36.757991790771484,77.8238525390625,94.49077606201172,3.133229952990087,3.3924235087746917,0.0067269467295413094,8.766493888791452,0.0,2902.6309572285645,0.9399999999999826,1.0999999999999825,50000.0,5.0,250000.0,2349.999999999957,2749.9999999999563
2025-09-15,EXPLEOSOL,SHORT,A_MOD_BREAK_C1_LOW,MODERATE,2025-09-15 14:15:00+05:30,2025-09-15 14:30:00+05:30,984.803,991.2042194999999,975.939773,2025-09-15 15:30:00+05:30,979.0,EOD,2.146274534094635,2.946274534094635,39.0949821472168,38.319602966308594,41.80077362060547,2.700382854796141,1.9337673624027447,0.0030091215973720494,0.7931131003283891,0.0,991.2042194999999,0.42925490681892703,0.589254906818927,50000.0,5.0,250000.0,1073.1372670473174,1473.1372670473174
2025-09-16,JKTYRE,LONG,A_MOD_BREAK_C1_HIGH,MODERATE,2025-09-16 10:00:00+05:30,2025-09-16 10:15:00+05:30,376.0752,374.0067864,380.21202719999997,2025-09-16 10:59:00+05:30,374.0067864,SL,-3.54999999999998,-2.7499999999999805,34.30186080932617,74.71247100830078,81.28811645507812,0.7100902585056607,2.4658115939506797,0.004669961535660786,4.7735379503575714,0.0,374.0067864,-0.709999999999996,-0.549999999999996,50000.0,5.0,250000.0,-1774.99999999999,-1374.9999999999902
2025-09-16,AHLUCONT,LONG,A_MOD_BREAK_C1_HIGH,MODERATE,2025-09-16 10:15:00+05:30,2025-09-16 10:30:00+05:30,943.4886477905274,938.2994602276794,953.867022916223,2025-09-16 10:55:00+05:30,953.867022916223,TARGET,4.699999999999945,5.499999999999945,28.78879737854004,69.07391357421875,54.36695098876953,1.1782809369453415,1.436591197949204,0.006640812059888345,5.024929671927172,0.0,938.2994602276794,0.9399999999999891,1.099999999999989,50000.0,5.0,250000.0,2349.9999999999727,2749.9999999999727
2025-09-16,AEROFLEX,LONG,A_MOD_BREAK_C1_HIGH,MODERATE,2025-09-16 11:30:00+05:30,2025-09-16 11:45:00+05:30,180.2100036621094,179.21884864196778,182.19231370239257,2025-09-16 11:46:00+05:30,182.19231370239257,TARGET,4.69999999999994,5.49999999999994,25.15330696105957,63.47548294067383,67.06505584716797,1.6510553195074538,1.2800652850065815,0.0042457825830169785,4.284001854212061,0.0,179.21884864196778,0.939999999999988,1.0999999999999879,50000.0,5.0,250000.0,2349.9999999999695,2749.9999999999695
2025-09-16,DEEPAKNTR,LONG,B_HUGE_C1_CLOSE_RECLAIM_BREAK,HUGE,2025-09-16 11:45:00+05:30,2025-09-16 12:15:00+05:30,1781.9562955810547,1772.155535955359,1801.5578148324462,2025-09-16 15:30:00+05:30,1794.0,EOD,2.5793489909970213,3.3793489909970207,43.57768630981445,82.48115539550781,82.54654693603516,1.555130132083602,3.0307873623330317,0.004117494538062594,7.345616065456592,0.0,1772.155535955359,0.5158697981994043,0.6758697981994042,50000.0,5.0,250000.0,1289.6744954985106,1689.6744954985104
2025-09-16,ONMOBILE,LONG,B_HUGE_C1_CLOSE_RECLAIM_BREAK,HUGE,2025-09-16 11:45:00+05:30,2025-09-16 12:15:00+05:30,57.55,57.233475,58.183049999999994,2025-09-16 12:25:00+05:30,58.183049999999994,TARGET,4.699999999999976,5.499999999999976,27.834810256958008,82.6219711303711,81.85067749023438,1.5652178166663135,5.084115162047503,0.009055906793345576,8.35682723705457,0.0,57.233475,0.9399999999999953,1.0999999999999952,50000.0,5.0,250000.0,2349.999999999988,2749.999999999988
2025-09-16,POCL,LONG,B_HUGE_GREEN_PULLBACK_HOLD_THEN_BREAK,HUGE,2025-09-16 12:15:00+05:30,2025-09-16 14:15:00+05:30,1288.8576955810547,1281.768978255359,1303.0351302324461,2025-09-16 14:39:00+05:30,1303.0351302324461,TARGET,4.699999999999931,5.499999999999931,25.04426383972168,70.7274398803711,80.04178619384766,2.0798831293578077,2.5822907913247914,0.010054898410503705,6.410278432600726,0.0,1281.768978255359,0.9399999999999862,1.099999999999986,50000.0,5.0,250000.0,2349.9999999999654,2749.999999999965
2025-09-16,GESHIP,LONG,B_HUGE_GREEN_PULLBACK_HOLD_THEN_BREAK,HUGE,2025-09-16 13:15:00+05:30,2025-09-16 14:30:00+05:30,1058.7117,1052.88878565,1070.3575286999999,2025-09-16 15:21:00+05:30,1052.88878565,SL,-3.5500000000000087,-2.750000000000009,49.23517608642578,80.40653991699219,95.61827087402344,2.8407448536316253,3.6866619581944766,0.006945296702751047,9.292812166548298,0.0,1052.88878565,-0.7100000000000017,-0.5500000000000018,50000.0,5.0,250000.0,-1775.0000000000045,-1375.0000000000045
2025-09-17,WHEELS,LONG,A_MOD_BREAK_C1_HIGH,MODERATE,2025-09-17 10:00:00+05:30,2025-09-17 10:15:00+05:30,811.7622955810547,807.2976029553589,820.6916808324462,2025-09-17 11:08:00+05:30,807.2976029553589,SL,-3.5499999999999754,-2.749999999999976,22.028182983398438,66.08209228515625,86.94115447998047,0.7223961581830558,2.2814892502801385,0.008286879964241146,3.7822627891892857,0.0,807.2976029553589,-0.7099999999999951,-0.5499999999999952,50000.0,5.0,250000.0,-1774.9999999999877,-1374.999999999988
2025-09-17,ANTELOPUS,LONG,A_MOD_BREAK_C1_HIGH,MODERATE,2025-09-17 10:15:00+05:30,2025-09-17 10:30:00+05:30,567.1134,563.9942763,573.3516473999999,2025-09-17 10:31:00+05:30,573.3516473999999,TARGET,4.699999999999981,5.4999999999999805,44.212646484375,83.95452117919922,92.81390380859375,3.0184302766002453,4.800253783123423,0.003992779267364701,10.468945487569423,0.0,563.9942763,0.9399999999999962,1.099999999999996,50000.0,5.0,250000.0,2349.9999999999905,2749.9999999999905
2025-09-17,SUPRIYA,LONG,A_MOD_BREAK_C1_HIGH,MODERATE,2025-09-17 11:15:00+05:30,2025-09-17 11:30:00+05:30,655.0810022094727,651.4780566973207,662.2868932337768,2025-09-17 12:35:00+05:30,662.2868932337768,TARGET,4.699999999999963,5.499999999999963,34.875770568847656,61.65520477294922,68.03614807128906,1.8459403767852807,1.224201183835237,0.004167999465260634,4.836464649454667,0.0,651.4780566973207,0.9399999999999926,1.0999999999999925,50000.0,5.0,250000.0,2349.9999999999814,2749.9999999999814
2025-09-17,KALYANKJIL,LONG,A_MOD_BREAK_C1_HIGH,MODERATE,2025-09-17 11:30:00+05:30,2025-09-17 11:45:00+05:30,520.0040044189453,517.1439823946412,525.7240484675536,2025-09-17 11:46:00+05:30,525.7240484675536,TARGET,4.699999999999919,5.499999999999919,42.886436462402344,75.4150619506836,89.18035125732422,2.20125075473922,3.2733692693240997,0.00609320542062366,7.936492860452985,0.0,517.1439823946412,0.939999999999984,1.0999999999999839,50000.0,5.0,250000.0,2349.99999999996,2749.9999999999595
2025-09-17,GRAPHITE,LONG,B_HUGE_C1_CLOSE_RECLAIM_BREAK,HUGE,2025-09-17 11:30:00+05:30,2025-09-17 12:00:00+05:30,555.36105,552.306564225,561.47002155,2025-09-17 13:48:00+05:30,552.306564225,SL,-3.54999999999999,-2.7499999999999902,37.4672966003418,72.98575592041016,78.78231048583984,1.1981872735242438,2.0343781917016495,0.006252006709387795,5.558032359715412,0.0,552.306564225,-0.709999999999998,-0.549999999999998,50000.0,5.0,250000.0,-1774.999999999995,-1374.9999999999952
2025-09-17,INDIANB,LONG,B_HUGE_GREEN_PULLBACK_HOLD_THEN_BREAK,HUGE,2025-09-17 10:30:00+05:30,2025-09-17 12:15:00+05:30,709.9419477905274,706.0372670776795,717.7513092162231,2025-09-17 14:13:00+05:30,706.0372670776795,SL,-3.549999999999953,-2.749999999999954,20.363317489624023,81.0872573852539,76.91903686523438,1.5091500018406554,4.839906363431064,0.003063383460129227,7.620111017941431,0.0,706.0372670776795,-0.7099999999999906,-0.5499999999999907,50000.0,5.0,250000.0,-1774.9999999999766,-1374.9999999999768
2025-09-17,MVGJL,LONG,B_HUGE_C1_CLOSE_RECLAIM_BREAK,HUGE,2025-09-17 12:30:00+05:30,2025-09-17 13:00:00+05:30,204.83999328613282,203.7133733230591,207.09323321228027,2025-09-17 13:01:00+05:30,207.09323321228027,TARGET,4.699999999999958,5.499999999999958,35.534847259521484,76.54019165039062,76.59446716308594,2.4974892958529566,2.6999195658938984,0.007188554401805752,7.7527273273919874,0.0,203.7133733230591,0.9399999999999917,1.0999999999999917,50000.0,5.0,250000.0,2349.999999999979,2749.999999999979
2025-09-17,RUPA,LONG,B_HUGE_C1_CLOSE_RECLAIM_BREAK,HUGE,2025-09-17 12:30:00+05:30,2025-09-17 13:00:00+05:30,208.83999328613282,207.6913733230591,211.13723321228025,2025-09-17 13:43:00+05:30,207.6913733230591,SL,-3.549999999999959,-2.7499999999999587,37.45909881591797,71.92037963867188,81.4937515258789,1.4110297433741315,2.3431359225468658,0.005600288625459969,6.0006985316489505,0.0,207.6913733230591,-0.7099999999999917,-0.5499999999999917,50000.0,5.0,250000.0,-1774.9999999999793,-1374.9999999999793
2025-09-17,GATEWAY,LONG,B_HUGE_C1_CLOSE_RECLAIM_BREAK,HUGE,2025-09-17 13:15:00+05:30,2025-09-17 13:45:00+05:30,63.86000137329101,63.508771365737914,64.56246138839721,2025-09-17 15:30:00+05:30,63.83000183105469,EOD,-1.034885230122093,-0.2348852301220931,34.102439880371094,69.61497497558594,74.9260482788086,1.449339707458201,2.220873512915995,0.0036268360696208243,5.674638682793379,0.0,63.508771365737914,-0.2069770460244186,-0.04697704602441862,50000.0,5.0,250000.0,-517.4426150610465,-117.44261506104655
2025-09-17,DCMSHRIRAM,LONG,B_HUGE_C1_CLOSE_RECLAIM_BREAK,HUGE,2025-09-17 14:00:00+05:30,2025-09-17 14:30:00+05:30,1310.9620911621093,1303.7517996607178,1325.3826741648925,2025-09-17 14:37:00+05:30,1325.3826741648925,TARGET,4.699999999999973,5.4999999999999725,46.387054443359375,94.16920471191406,95.44351196289062,0.8074904434283695,4.218368910549726,0.008752144635863136,7.694788854645621,0.0,1303.7517996607178,0.9399999999999946,1.0999999999999945,50000.0,5.0,250000.0,2349.999999999987,2749.9999999999864
2025-09-18,LAOPALA,LONG,B_HUGE_C1_CLOSE_RECLAIM_BREAK,HUGE,2025-09-18 10:00:00+05:30,2025-09-18 10:30:00+05:30,252.1404143371582,250.75364205830385,254.9139588948669,2025-09-18 10:33:00+05:30,254.9139588948669,TARGET,4.699999999999927,5.499999999999927,29.545061111450195,76.58358001708984,71.94962310791016,0.9800831729701541,3.5262764509320728,0.004221859305930584,6.7552841152825,0.0,250.75364205830385,0.9399999999999855,1.0999999999999854,50000.0,5.0,250000.0,2349.9999999999636,2749.9999999999636
2025-09-18,SOBHA,LONG,A_MOD_BREAK_C1_HIGH,MODERATE,2025-09-18 10:30:00+05:30,2025-09-18 10:45:00+05:30,1638.3276,1629.3167982000002,1656.3492036,2025-09-18 15:19:00+05:30,1629.3167982000002,SL,-3.5499999999999554,-2.749999999999955,33.50470733642578,74.86335754394531,89.19139099121094,1.6793171599440497,2.712041300240644,0.004962854064568103,6.355265826339242,0.0,1629.3167982000002,-0.7099999999999911,-0.549999999999991,50000.0,5.0,250000.0,-1774.9999999999777,-1374.9999999999775
2025-09-18,EMBDL-BE,LONG,B_HUGE_GREEN_PULLBACK_HOLD_THEN_BREAK,HUGE,2025-09-18 10:00:00+05:30,2025-09-18 11:00:00+05:30,100.88999633789062,100.33510135803223,101.99978629760741,2025-09-18 11:01:00+05:30,101.99978629760741,TARGET,4.699999999999979,5.499999999999979,21.218786239624023,74.8808364868164,88.22342681884766,2.0550225115726772,4.006092884538433,0.005054943023189422,7.956164764511123,0.0,100.33510135803223,0.9399999999999957,1.0999999999999956,50000.0,5.0,250000.0,2349.999999999989,2749.999999999989
2025-09-18,RBA,LONG,B_HUGE_C1_CLOSE_RECLAIM_BREAK,HUGE,2025-09-18 10:30:00+05:30,2025-09-18 11:00:00+05:30,82.74000244140625,82.28493242797852,83.6501424682617,2025-09-18 11:01:00+05:30,83.6501424682617,TARGET,4.699999999999939,5.499999999999938,29.484477996826172,81.44094848632812,84.85099792480469,1.2176102844410528,3.9158743631269193,0.006400820001884052,7.2426083058298225,0.0,82.28493242797852,0.9399999999999877,1.0999999999999877,50000.0,5.0,250000.0,2349.999999999969,2749.999999999969
2025-09-18,KFINTECH,LONG,B_HUGE_GREEN_PULLBACK_HOLD_THEN_BREAK,HUGE,2025-09-18 10:00:00+05:30,2025-09-18 11:15:00+05:30,1144.1288044189453,1137.836095994641,1156.7142212675535,2025-09-18 13:02:00+05:30,1137.836095994641,SL,-3.5500000000000167,-2.750000000000017,27.630556106567383,80.48873901367188,83.522705078125,1.3870960238375334,4.432350258554201,0.004355632056570007,7.4891642800528935,0.0,1137.836095994641,-0.7100000000000033,-0.5500000000000034,50000.0,5.0,250000.0,-1775.0000000000084,-1375.0000000000084
2025-09-18,LTF,LONG,B_HUGE_GREEN_PULLBACK_HOLD_THEN_BREAK,HUGE,2025-09-18 10:30:00+05:30,2025-09-18 11:30:00+05:30,249.4499938964844,248.07801893005373,252.1939438293457,2025-09-18 12:42:00+05:30,248.07801893005373,SL,-3.5499999999999843,-2.749999999999984,33.21345138549805,83.60780334472656,96.81327056884766,2.2070672684978567,5.0291773058662805,0.0040628400749574125,9.324933376216624,0.0,248.07801893005373,-0.7099999999999969,-0.5499999999999968,50000.0,5.0,250000.0,-1774.999999999992,-1374.999999999992
2025-09-18,GRSE,LONG,B_HUGE_C1_CLOSE_RECLAIM_BREAK,HUGE,2025-09-18 11:00:00+05:30,2025-09-18 11:30:00+05:30,2632.8265088378907,2618.3459630392827,2661.7876004351074,2025-09-18 11:31:00+05:30,2661.7876004351074,TARGET,4.69999999999997,5.49999999999997,37.006980895996094,66.60836791992188,45.932674407958984,1.8895750549197807,1.801990581967299,0.00884343122794394,5.728579906965857,0.0,2618.3459630392827,0.939999999999994,1.0999999999999939,50000.0,5.0,250000.0,2349.999999999985,2749.9999999999845
2025-09-18,GRAPHITE,LONG,A_MOD_BREAK_C1_HIGH,MODERATE,2025-09-18 11:30:00+05:30,2025-09-18 11:45:00+05:30,559.5619022094727,556.4843117473206,565.7170831337768,2025-09-18 11:53:00+05:30,565.7170831337768,TARGET,4.699999999999903,5.499999999999902,41.56338119506836,64.37065887451172,72.19512176513672,0.7756288486239326,1.45898833385498,0.004979832960046742,3.9313301426104372,0.0,556.4843117473206,0.9399999999999806,1.0999999999999805,50000.0,5.0,250000.0,2349.9999999999513,2749.9999999999513
2025-09-18,ETERNAL,LONG,B_HUGE_GREEN_PULLBACK_HOLD_THEN_BREAK,HUGE,2025-09-18 10:00:00+05:30,2025-09-18 12:30:00+05:30,333.51670220947267,331.6823603473206,337.18538593377684,2025-09-18 14:56:00+05:30,337.18538593377684,TARGET,4.699999999999962,5.499999999999962,38.81468963623047,77.78309631347656,83.66594696044922,1.3916977979507799,3.3346673225350503,0.003521349022940588,7.216616888176398,0.0,331.6823603473206,0.9399999999999924,1.0999999999999923,50000.0,5.0,250000.0,2349.999999999981,2749.999999999981
2025-09-18,USHAMART,LONG,B_HUGE_GREEN_PULLBACK_HOLD_THEN_BREAK,HUGE,2025-09-18 11:15:00+05:30,2025-09-18 12:30:00+05:30,412.33245,410.064621525,416.86810694999997,2025-09-18 13:16:00+05:30,416.86810694999997,TARGET,4.699999999999971,5.499999999999971,23.77155303955078,69.29686737060547,80.00074005126953,1.7691845912435766,2.004088538015689,0.007979915873355534,5.400848690612851,0.0,410.064621525,0.9399999999999942,1.099999999999994,50000.0,5.0,250000.0,2349.9999999999854,2749.999999999985
2025-09-18,GNFC,LONG,B_HUGE_GREEN_PULLBACK_HOLD_THEN_BREAK,HUGE,2025-09-18 12:00:00+05:30,2025-09-18 14:00:00+05:30,515.6031,512.7672829500001,521.2747340999999,2025-09-18 15:30:00+05:30,516.5,EOD,0.06975815312200373,0.8697581531220036,22.631969451904297,70.86615753173828,70.90066528320312,2.1632462095535323,1.6340810653603726,0.003131425099415809,6.040336435954686,0.0,512.7672829500001,0.013951630624400746,0.17395163062440072,50000.0,5.0,250000.0,34.87907656100187,434.8790765610018
2025-09-19,GODREJIND,SHORT,A_MOD_BREAK_C1_LOW,MODERATE,2025-09-19 12:00:00+05:30,2025-09-19 12:15:00+05:30,1193.2613,1201.0174984499997,1182.5219482999998,2025-09-19 12:49:00+05:30,1182.5219482999998,TARGET,3.700000000000019,4.500000000000019,24.267534255981445,27.950191497802734,2.8846869468688965,2.640127630587285,2.8430069535898315,0.004344969750649269,0.5740130138397217,0.0,1201.0174984499997,0.7400000000000038,0.9000000000000038,50000.0,5.0,250000.0,1850.0000000000093,2250.0000000000095
2025-09-19,INDHOTEL,SHORT,A_MOD_BREAK_C1_LOW,MODERATE,2025-09-19 12:00:00+05:30,2025-09-19 12:15:00+05:30,768.6462277954101,773.6424282760803,761.7284117452515,2025-09-19 13:42:00+05:30,773.6424282760803,SL,-4.049999999999993,-3.2499999999999925,32.299678802490234,31.15306854248047,5.928489685058594,1.5353321423673574,2.1467618585489094,0.004286651028458256,0.613178306951641,0.0,773.6424282760803,-0.8099999999999985,-0.6499999999999985,50000.0,5.0,250000.0,-2024.9999999999964,-1624.9999999999961
2025-09-19,VTL,SHORT,A_MOD_BREAK_C1_LOW,MODERATE,2025-09-19 12:15:00+05:30,2025-09-19 12:30:00+05:30,431.3137138977051,434.1172530380402,427.43189047262575,2025-09-19 15:04:00+05:30,427.43189047262575,TARGET,3.700000000000001,4.500000000000001,24.986940383911133,33.87104797363281,11.95315170288086,1.283409262637365,1.390705731003892,0.005653046511830212,0.42893601327040043,0.0,434.1172530380402,0.7400000000000002,0.9000000000000001,50000.0,5.0,250000.0,1850.0000000000005,2250.0000000000005
2025-09-19,SIGNATURE,SHORT,A_MOD_BREAK_C1_LOW,MODERATE,2025-09-19 13:00:00+05:30,2025-09-19 13:15:00+05:30,1125.7748,1133.0923361999999,1115.6428268,2025-09-19 13:38:00+05:30,1115.6428268,TARGET,3.699999999999978,4.499999999999977,22.477924346923828,34.85271072387695,9.508310317993164,2.3276504487394867,2.265609685960191,0.005249960087559662,0.5471688652038573,0.0,1133.0923361999999,0.7399999999999956,0.8999999999999955,50000.0,5.0,250000.0,1849.9999999999889,2249.9999999999886
2025-09-22,GUJGASLTD,SHORT,A_MOD_BREAK_C1_LOW,MODERATE,2025-09-22 11:45:00+05:30,2025-09-22 12:00:00+05:30,431.46367779541015,434.2681917010803,427.5805046952515,2025-09-22 15:30:00+05:30,430.0,EOD,0.89617730383343,1.69617730383343,47.759273529052734,30.985061645507812,11.106971740722656,1.070532462786279,1.645606013237518,0.006030277634329649,0.7460125845852659,0.0,434.2681917010803,0.179235460766686,0.339235460766686,50000.0,5.0,250000.0,448.08865191671504,848.088651916715
2025-09-22,CONFIPET,SHORT,A_MOD_BREAK_C1_LOW,MODERATE,2025-09-22 12:15:00+05:30,2025-09-22 12:30:00+05:30,47.13999862670899,47.446408617782595,46.715738639068604,2025-09-22 15:21:00+05:30,46.715738639068604,TARGET,3.7000000000000224,4.500000000000022,47.4129524230957,29.128841400146484,7.51786470413208,1.854326590524591,1.7840019760483814,0.004358378058031405,0.884901538490658,0.0,47.446408617782595,0.7400000000000044,0.9000000000000045,50000.0,5.0,250000.0,1850.0000000000111,2250.000000000011
2025-09-22,MAHLIFE,SHORT,A_MOD_BREAK_C1_LOW,MODERATE,2025-09-22 12:30:00+05:30,2025-09-22 12:45:00+05:30,375.9248,378.3683112,372.5414768,2025-09-22 14:49:00+05:30,372.5414768,TARGET,3.700000000000009,4.500000000000009,21.541744232177734,29.937776565551758,11.678367614746094,1.785665689378959,1.988438355798592,0.004791652625898187,0.4950395769139134,0.0,378.3683112,0.7400000000000018,0.9000000000000018,50000.0,5.0,250000.0,1850.0000000000043,2250.0000000000045
2025-09-22,VINATIORGA,SHORT,A_MOD_BREAK_C1_LOW,MODERATE,2025-09-22 14:00:00+05:30,2025-09-22 14:15:00+05:30,1699.8599111816407,1710.9090006043211,1684.5611719810058,2025-09-22 15:30:00+05:30,1705.0,EOD,-2.3119154186024256,-1.5119154186024257,20.20539665222168,34.199859619140625,11.569047927856445,2.406604956706127,2.1345750409137443,0.0033761612602292196,0.5130809497833251,0.0,1710.9090006043211,-0.46238308372048514,-0.30238308372048517,50000.0,5.0,250000.0,-1155.9577093012128,-755.957709301213
2025-09-22,CUMMINSIND,SHORT,A_MOD_BREAK_C1_LOW,MODERATE,2025-09-22 14:15:00+05:30,2025-09-22 14:30:00+05:30,4010.0977223632813,4036.1633575586425,3974.0068428620116,2025-09-22 15:30:00+05:30,3999.0,EOD,0.5837221847976581,1.383722184797658,37.21057891845703,23.142728805541992,8.437673568725586,4.278496583050604,3.2927482149152225,0.002840061596393823,0.7681586837768555,0.0,4036.1633575586425,0.11674443695953163,0.2767444369595316,50000.0,5.0,250000.0,291.86109239882904,691.861092398829
2025-09-22,SIEMENS,SHORT,A_MOD_BREAK_C1_LOW,MODERATE,2025-09-22 14:15:00+05:30,2025-09-22 14:30:00+05:30,3265.246722363281,3286.470826058642,3235.8595018620117,2025-09-22 14:48:00+05:30,3235.8595018620117,TARGET,3.6999999999999855,4.499999999999986,43.27555847167969,25.697250366210938,11.844449043273926,2.3793450590464817,2.2601935097443353,0.0030718386848293242,0.8591333770751952,0.0,3286.470826058642,0.7399999999999971,0.8999999999999971,50000.0,5.0,250000.0,1849.9999999999927,2249.9999999999927
2025-09-23,SJVN,SHORT,A_MOD_BREAK_C1_LOW,MODERATE,2025-09-23 10:45:00+05:30,2025-09-23 11:00:00+05:30,93.11000366210938,93.71521868591309,92.2720136291504,2025-09-23 15:30:00+05:30,92.9000015258789,EOD,0.32770984840982703,1.127709848409827,23.38416290283203,35.584068298339844,34.431190490722656,0.8808548067633241,1.6421447740342103,0.003685991299699007,0.34701927342777267,0.0,93.71521868591309,0.0655419696819654,0.22554196968196538,50000.0,5.0,250000.0,163.85492420491352,563.8549242049135
2025-09-23,DBL,SHORT,A_MOD_BREAK_C1_LOW,MODERATE,2025-09-23 11:00:00+05:30,2025-09-23 11:15:00+05:30,551.0397944091796,554.6215530728393,546.080436259497,2025-09-23 11:20:00+05:30,546.080436259497,TARGET,3.7000000000000366,4.500000000000036,33.83121871948242,27.11772346496582,10.263008117675781,1.2450915204757487,2.3473042475020884,0.007296430106582007,0.5853592968754924,0.0,554.6215530728393,0.7400000000000073,0.9000000000000073,50000.0,5.0,250000.0,1850.0000000000182,2250.0000000000186
2025-09-23,KEI,SHORT,A_MOD_BREAK_C1_LOW,MODERATE,2025-09-23 11:00:00+05:30,2025-09-23 11:15:00+05:30,4061.3875111816405,4087.786530004321,4024.8350235810058,2025-09-23 12:04:00+05:30,4087.786530004321,SL,-4.049999999999957,-3.2499999999999574,40.07849884033203,18.77393913269043,10.116630554199219,1.477448035857294,2.6131382012402793,0.005732540771244256,0.7197308888800069,0.0,4087.786530004321,-0.8099999999999914,-0.6499999999999915,50000.0,5.0,250000.0,-2024.9999999999786,-1624.9999999999786
2025-09-23,JINDALPOLY,SHORT,A_MOD_BREAK_C1_LOW,MODERATE,2025-09-23 11:15:00+05:30,2025-09-23 11:30:00+05:30,589.882,593.7162329999999,584.5730619999999,2025-09-23 11:41:00+05:30,593.7162329999999,SL,-4.0499999999999385,-3.249999999999938,42.19587326049805,30.41503143310547,18.0174617767334,0.8081837541605302,2.132083747993974,0.0051751286142293585,0.6343702558855635,0.0,593.7162329999999,-0.8099999999999876,-0.6499999999999876,50000.0,5.0,250000.0,-2024.999999999969,-1624.9999999999688
2025-09-23,KRN,SHORT,A_MOD_BREAK_C1_LOW,MODERATE,2025-09-23 11:15:00+05:30,2025-09-23 11:30:00+05:30,862.4774944091797,868.0835981228394,854.7151969594971,2025-09-23 11:54:00+05:30,854.7151969594971,TARGET,3.6999999999999855,4.499999999999985,26.113096237182617,26.33852767944336,5.842104911804199,2.1604976429880516,2.3660594408439675,0.00479997357423752,0.6016964435577392,0.0,868.0835981228394,0.7399999999999971,0.899999999999997,50000.0,5.0,250000.0,1849.9999999999927,2249.9999999999923
2025-09-23,TATVA,SHORT,A_MOD_BREAK_C1_LOW,MODERATE,2025-09-23 11:15:00+05:30,2025-09-23 11:30:00+05:30,1083.1833444091797,1090.2240361478393,1073.434694309497,2025-09-23 12:32:00+05:30,1090.2240361478393,SL,-4.05000000000001,-3.2500000000000098,24.771474838256836,30.786293029785156,17.41868019104004,1.3954382162405132,2.3826394633702495,0.0054296351886763345,0.4757738104159423,0.0,1090.2240361478393,-0.8100000000000018,-0.6500000000000019,50000.0,5.0,250000.0,-2025.0000000000045,-1625.0000000000048
2025-09-23,POWERMECH,SHORT,A_PULLBACK_C2_THEN_BREAK_C2_LOW,MODERATE,2025-09-23 11:15:00+05:30,2025-09-23 11:45:00+05:30,2931.2136888183595,2950.2665777956786,2904.8327656189945,2025-09-23 12:45:00+05:30,2904.8327656189945,TARGET,3.6999999999999664,4.499999999999967,26.90688705444336,27.78722381591797,1.9553653001785278,2.4181883886106186,3.1028770793967975,0.005070535535389612,0.6136033058166503,0.0,2950.2665777956786,0.7399999999999933,0.8999999999999934,50000.0,5.0,250000.0,1849.9999999999834,2249.999999999983
2025-09-23,CRISIL,SHORT,A_MOD_BREAK_C1_LOW,MODERATE,2025-09-23 12:00:00+05:30,2025-09-23 12:15:00+05:30,4865.0268,4896.6494741999995,4821.241558799999,2025-09-23 15:30:00+05:30,4850.0,EOD,0.7443697041915209,1.5443697041915208,50.74796676635742,16.606548309326172,5.999713897705078,1.5869863752927136,2.309127908402187,0.0036743995890981406,0.8877226156762248,0.0,4896.6494741999995,0.1488739408383042,0.30887394083830416,50000.0,5.0,250000.0,372.18485209576045,772.1848520957603
2025-09-24,NESCO,SHORT,A_MOD_BREAK_C1_LOW,MODERATE,2025-09-24 11:15:00+05:30,2025-09-24 11:30:00+05:30,1444.8109555908204,1454.2022268021606,1431.8076569905031,2025-09-24 14:49:00+05:30,1431.8076569905031,TARGET,3.699999999999969,4.499999999999968,32.315486907958984,31.81128692626953,34.75479507446289,0.7361769448436438,1.630223798122748,0.008231882937373258,0.4550744588731599,0.0,1454.2022268021606,0.7399999999999938,0.8999999999999937,50000.0,5.0,250000.0,1849.9999999999845,2249.999999999984
2025-09-24,INNOVACAP,SHORT,A_MOD_BREAK_C1_LOW,MODERATE,2025-09-24 11:45:00+05:30,2025-09-24 12:00:00+05:30,851.8296,857.3664924,844.1631336,2025-09-24 13:20:00+05:30,844.1631336,TARGET,3.6999999999999944,4.499999999999995,22.09055519104004,32.74728012084961,7.250250339508057,1.1144834235801164,1.8435380383983888,0.005729039182058755,0.3785698289120404,0.0,857.3664924,0.7399999999999989,0.8999999999999989,50000.0,5.0,250000.0,1849.9999999999973,2249.9999999999973
2025-09-24,MANORAMA,LONG,B_HUGE_C1_CLOSE_RECLAIM_BREAK,HUGE,2025-09-24 13:15:00+05:30,2025-09-24 13:45:00+05:30,1480.0960088378906,1471.9554807892823,1496.3770649351072,2025-09-24 14:32:00+05:30,1471.9554807892823,SL,-3.549999999999968,-2.749999999999968,52.15306854248047,80.7908706665039,91.16251373291016,2.101424124892798,3.431459519302781,0.005917792544529925,8.163216592169052,0.0,1471.9554807892823,-0.7099999999999935,-0.5499999999999936,50000.0,5.0,250000.0,-1774.9999999999839,-1374.999999999984
2025-09-25,ETERNAL,SHORT,A_MOD_BREAK_C1_LOW,MODERATE,2025-09-25 10:00:00+05:30,2025-09-25 10:15:00+05:30,331.9336,334.0911684,328.9461976,2025-09-25 10:52:00+05:30,334.0911684,SL,-4.050000000000003,-3.2500000000000036,20.728342056274414,22.218055725097656,11.29056167602539,1.6241097772820967,3.3874472314527124,0.0033019868668486907,0.4551443418684831,0.0,334.0911684,-0.8100000000000007,-0.6500000000000007,50000.0,5.0,250000.0,-2025.0000000000016,-1625.0000000000016
2025-09-25,SJS,SHORT,A_MOD_BREAK_C1_LOW,MODERATE,2025-09-25 10:30:00+05:30,2025-09-25 10:45:00+05:30,1493.3012555908203,1503.0077137521605,1479.861544290503,2025-09-25 11:43:00+05:30,1479.861544290503,TARGET,3.70000000000001,4.50000000000001,29.350643157958984,27.409914016723633,19.391096115112305,0.7871296071309092,2.7968242507113414,0.004992063524896606,0.4380073286172939,0.0,1503.0077137521605,0.740000000000002,0.900000000000002,50000.0,5.0,250000.0,1850.000000000005,2250.000000000005
2025-09-25,ENGINERSIN,SHORT,A_MOD_BREAK_C1_LOW,MODERATE,2025-09-25 10:45:00+05:30,2025-09-25 11:00:00+05:30,201.62999267578124,202.9405876281738,199.81532274169922,2025-09-25 11:36:00+05:30,199.81532274169922,TARGET,3.69999999999997,4.49999999999997,31.107683181762695,31.51519012451172,26.11823844909668,1.0522933941548671,1.6516939260571026,0.004150441397549259,0.4933512880063973,0.0,202.9405876281738,0.739999999999994,0.899999999999994,50000.0,5.0,250000.0,1849.999999999985,2249.999999999985
2025-09-25,KSCL,SHORT,A_MOD_BREAK_C1_LOW,MODERATE,2025-09-25 10:45:00+05:30,2025-09-25 11:00:00+05:30,1119.776,1127.054544,1109.698016,2025-09-25 11:09:00+05:30,1109.698016,TARGET,3.7000000000000064,4.500000000000007,26.371068954467773,30.814085006713867,11.900860786437988,1.093966102115595,2.39665085995917,0.005295487740395689,0.44701010218724574,0.0,1127.054544,0.7400000000000013,0.9000000000000014,50000.0,5.0,250000.0,1850.0000000000034,2250.000000000003
2025-09-25,MANAPPURAM,SHORT,A_MOD_BREAK_C1_LOW,MODERATE,2025-09-25 11:30:00+05:30,2025-09-25 11:45:00+05:30,280.14397220458983,281.96490802391963,277.6226764547485,2025-09-25 12:11:00+05:30,277.6226764547485,TARGET,3.7000000000000366,4.500000000000036,46.09992599487305,18.35797882080078,9.167155265808105,1.2766332531669853,2.7731369492325944,0.006110470013962703,0.774909709227318,0.0,281.96490802391963,0.7400000000000073,0.9000000000000072,50000.0,5.0,250000.0,1850.0000000000182,2250.000000000018
2025-09-25,GRAVITA,SHORT,A_PULLBACK_C2_THEN_BREAK_C2_LOW,MODERATE,2025-09-25 11:45:00+05:30,2025-09-25 12:15:00+05:30,1614.7769555908203,1625.2730058021605,1600.243962990503,2025-09-25 15:13:00+05:30,1600.243962990503,TARGET,3.699999999999992,4.499999999999992,43.676143646240234,21.27530860900879,2.7890565395355225,1.5238301364803755,2.6331530272708035,0.004481407327353434,0.7818124285776691,0.0,1625.2730058021605,0.7399999999999984,0.8999999999999984,50000.0,5.0,250000.0,1849.9999999999961,2249.999999999996
2025-09-25,EXPLEOSOL,SHORT,A_MOD_BREAK_C1_LOW,MODERATE,2025-09-25 12:00:00+05:30,2025-09-25 12:15:00+05:30,978.8042,985.1664273,969.9949622,2025-09-25 12:16:00+05:30,969.9949622,TARGET,3.700000000000002,4.500000000000003,53.53477478027344,29.585494995117188,16.438411712646484,2.0633865217356138,2.112810290385483,0.005318840385335702,0.96,0.0,985.1664273,0.7400000000000004,0.9000000000000005,50000.0,5.0,250000.0,1850.0000000000011,2250.000000000001
2025-09-25,RAMCOIND,SHORT,A_MOD_BREAK_C1_LOW,MODERATE,2025-09-25 12:00:00+05:30,2025-09-25 12:15:00+05:30,373.9252,376.3557138,370.5598732,2025-09-25 13:53:00+05:30,370.5598732,TARGET,3.6999999999999886,4.4999999999999885,34.58241271972656,27.442750930786133,14.229557991027832,1.9425582836146043,2.541782609038381,0.005172250425329827,0.718683890428454,0.0,376.3557138,0.7399999999999978,0.8999999999999977,50000.0,5.0,250000.0,1849.9999999999945,2249.999999999994
2025-09-25,RKFORGE,SHORT,A_MOD_BREAK_C1_LOW,MODERATE,2025-09-25 12:00:00+05:30,2025-09-25 12:15:00+05:30,548.8902,552.4579863,543.9501882000001,2025-09-25 14:38:00+05:30,543.9501882000001,TARGET,3.699999999999981,4.4999999999999805,26.905818939208984,23.232973098754883,0.0,2.24325421488381,2.909538836143808,0.004605787916478781,0.6135872840881347,0.0,552.4579863,0.7399999999999962,0.8999999999999961,50000.0,5.0,250000.0,1849.9999999999905,2249.9999999999905
2025-09-25,TCS,SHORT,A_MOD_BREAK_C1_LOW,MODERATE,2025-09-25 12:00:00+05:30,2025-09-25 12:15:00+05:30,2996.4006,3015.8772038999996,2969.4329946,2025-09-25 13:59:00+05:30,2969.4329946,TARGET,3.7000000000000233,4.500000000000023,53.77739334106445,19.014638900756836,3.086244583129883,2.0269281823496756,3.0886394567326176,0.002471347342797815,0.96,0.0,3015.8772038999996,0.7400000000000047,0.9000000000000046,50000.0,5.0,250000.0,1850.0000000000116,2250.0000000000114
2025-09-25,FEDFINA,SHORT,A_MOD_BREAK_C1_LOW,MODERATE,2025-09-25 12:15:00+05:30,2025-09-25 12:30:00+05:30,148.95,149.918175,147.60944999999998,2025-09-25 15:30:00+05:30,149.22000122070312,EOD,-1.7063485085704477,-0.9063485085704477,31.549930572509766,37.209259033203125,30.038291931152344,1.0377351291510264,1.463066652541414,0.005754123732043363,0.4880059388161468,0.0,149.918175,-0.34126970171408955,-0.18126970171408954,50000.0,5.0,250000.0,-853.1742542852239,-453.17425428522387
2025-09-25,MUFTI,SHORT,A_MOD_BREAK_C1_LOW,MODERATE,2025-09-25 12:15:00+05:30,2025-09-25 12:30:00+05:30,111.56000061035157,112.28514061431885,110.5559606048584,2025-09-25 13:18:00+05:30,110.5559606048584,TARGET,3.700000000000012,4.5000000000000115,50.42609786987305,16.232892990112305,5.898470401763916,1.6241103178953649,2.3431282557718878,0.004366785506902649,0.8942193056316887,0.0,112.28514061431885,0.7400000000000024,0.9000000000000024,50000.0,5.0,250000.0,1850.0000000000061,2250.000000000006
2025-09-25,NCC,SHORT,A_MOD_BREAK_C1_LOW,MODERATE,2025-09-25 12:15:00+05:30,2025-09-25 12:30:00+05:30,207.22999877929686,208.57699377136228,205.3649287902832,2025-09-25 15:30:00+05:30,206.3800048828125,EOD,1.2508466474239097,2.0508466474239095,32.419124603271484,31.44654655456543,11.71701717376709,1.5252082786073187,1.5573353294366037,0.004515940034232198,0.5910650842771832,0.0,208.57699377136228,0.25016932948478193,0.4101693294847819,50000.0,5.0,250000.0,625.4233237119548,1025.4233237119547
2025-09-25,SHK,SHORT,A_MOD_BREAK_C1_LOW,MODERATE,2025-09-25 12:30:00+05:30,2025-09-25 12:45:00+05:30,234.97000427246093,236.4973093002319,232.8552742340088,2025-09-25 15:14:00+05:30,236.4973093002319,SL,-4.0499999999999625,-3.2499999999999627,49.720550537109375,23.500938415527344,6.939871788024902,1.9281475545915194,2.632678221296054,0.005106818964477816,0.9432340801101564,0.0,236.4973093002319,-0.8099999999999925,-0.6499999999999926,50000.0,5.0,250000.0,-2024.9999999999814,-1624.9999999999816
2025-09-25,NBCC,SHORT,A_MOD_BREAK_C1_LOW,MODERATE,2025-09-25 13:15:00+05:30,2025-09-25 13:30:00+05:30,110.32000274658203,111.03708276443481,109.32712272186279,2025-09-25 15:03:00+05:30,109.32712272186279,TARGET,3.7000000000000135,4.500000000000013,22.614826202392578,38.64846420288086,22.347877502441406,1.9883686363941757,1.6305293821477378,0.003841777248212025,0.5287133735122562,0.0,111.03708276443481,0.7400000000000027,0.9000000000000027,50000.0,5.0,250000.0,1850.0000000000066,2250.000000000007
2025-09-25,AJANTPHARM,SHORT,A_MOD_BREAK_C1_LOW,MODERATE,2025-09-25 13:45:00+05:30,2025-09-25 14:00:00+05:30,2483.4031223632815,2499.5452426586426,2461.052494262012,2025-09-25 15:30:00+05:30,2483.0,EOD,-0.7188367044296394,0.08116329557036053,29.66176414489746,27.144630432128906,5.618180274963379,2.49129665808808,2.506986722328521,0.0033902523022342995,0.6549264621734618,0.0,2499.5452426586426,-0.14376734088592788,0.016232659114072106,50000.0,5.0,250000.0,-359.4183522148197,40.581647785180266
2025-09-25,IONEXCHANG,SHORT,A_MOD_BREAK_C1_LOW,MODERATE,2025-09-25 13:45:00+05:30,2025-09-25 14:00:00+05:30,414.7670361022949,417.4630218369598,411.0341327773743,2025-09-25 15:30:00+05:30,411.0341327773743,TARGET,3.6999999999999855,4.499999999999985,37.427513122558594,23.332839965820312,10.16686725616455,2.4880234386281135,2.592117904851732,0.003546893982681817,0.7714126968383788,0.0,417.4630218369598,0.7399999999999971,0.899999999999997,50000.0,5.0,250000.0,1849.9999999999927,2249.9999999999923
2025-09-26,HLEGLAS,SHORT,A_MOD_BREAK_C1_LOW,MODERATE,2025-09-26 10:45:00+05:30,2025-09-26 11:00:00+05:30,489.902,493.08636299999995,485.492882,2025-09-26 11:19:00+05:30,485.492882,TARGET,3.699999999999978,4.499999999999978,28.137311935424805,26.169658660888672,26.78740692138672,1.1798301244015665,3.0376830598008464,0.010738301056129529,0.48852995080164624,0.0,493.08636299999995,0.7399999999999956,0.8999999999999956,50000.0,5.0,250000.0,1849.9999999999889,2249.999999999989
2025-09-26,KRN,SHORT,A_MOD_BREAK_C1_LOW,MODERATE,2025-09-26 11:00:00+05:30,2025-09-26 11:15:00+05:30,833.7332444091796,839.1525104978392,826.229645209497,2025-09-26 11:22:00+05:30,826.229645209497,TARGET,3.7000000000000135,4.500000000000013,45.07078552246094,20.44663429260254,5.197507381439209,1.9385104321889097,2.860500080020427,0.005812645529558558,0.8753011084699731,0.0,839.1525104978392,0.7400000000000027,0.9000000000000027,50000.0,5.0,250000.0,1850.0000000000066,2250.000000000007
2025-09-26,ELIN,SHORT,A_PULLBACK_C2_THEN_BREAK_C2_LOW,MODERATE,2025-09-26 11:00:00+05:30,2025-09-26 11:30:00+05:30,207.47000427246093,208.81855930023193,205.60277423400876,2025-09-26 11:42:00+05:30,205.60277423400876,TARGET,3.7000000000000366,4.500000000000036,39.25177764892578,29.219539642333984,17.581567764282227,1.2385214677688694,2.058077625832369,0.012471444447009305,0.6655179215934388,0.0,208.81855930023193,0.7400000000000073,0.9000000000000072,50000.0,5.0,250000.0,1850.0000000000182,2250.000000000018
2025-09-26,AARTIIND,SHORT,A_MOD_BREAK_C1_LOW,MODERATE,2025-09-26 11:15:00+05:30,2025-09-26 11:30:00+05:30,373.4253,375.85256445,370.0644723,2025-09-26 15:30:00+05:30,374.29998779296875,EOD,-1.9711683608057045,-1.1711683608057046,26.348163604736328,26.76975440979004,17.122039794921875,1.1027680922537972,2.202409412390669,0.0051307051641613895,0.4482068702154594,0.0,375.85256445,-0.3942336721611409,-0.23423367216114094,50000.0,5.0,250000.0,-985.5841804028522,-585.5841804028523
2025-09-26,BOMDYEING,SHORT,A_MOD_BREAK_C1_LOW,MODERATE,2025-09-26 11:15:00+05:30,2025-09-26 11:30:00+05:30,169.34999389648436,170.4507688568115,167.825843951416,2025-09-26 13:52:00+05:30,167.825843951416,TARGET,3.7,4.5,36.93362045288086,24.463851928710938,12.567119598388672,1.4412049873643273,2.895008003250938,0.0063785317246926355,0.6662151795819702,0.0,170.4507688568115,0.74,0.8999999999999999,50000.0,5.0,250000.0,1850.0,2250.0
2025-09-26,PNCINFRA,SHORT,A_MOD_BREAK_C1_LOW,MODERATE,2025-09-26 11:15:00+05:30,2025-09-26 11:30:00+05:30,294.4411,296.35496715,291.7911301,2025-09-26 11:44:00+05:30,291.7911301,TARGET,3.700000000000052,4.5000000000000515,42.69842529296875,13.79871940612793,3.8782618045806885,2.034485170807529,3.1114204401428296,0.004243769131118772,0.8504763793945311,0.0,296.35496715,0.7400000000000104,0.9000000000000103,50000.0,5.0,250000.0,1850.0000000000261,2250.000000000026
2025-09-26,PPLPHARMA,SHORT,A_MOD_BREAK_C1_LOW,MODERATE,2025-09-26 11:15:00+05:30,2025-09-26 11:30:00+05:30,189.2500030517578,190.4801280715942,187.54675302429197,2025-09-26 11:44:00+05:30,187.54675302429197,TARGET,3.7000000000000197,4.5000000000000195,41.319618225097656,29.060558319091797,38.14358139038086,0.8727770664771519,2.4363269506685756,0.008813545250246566,0.6325302600099665,0.0,190.4801280715942,0.740000000000004,0.9000000000000039,50000.0,5.0,250000.0,1850.00000000001,2250.00000000001
2025-09-26,VASCONEQ,SHORT,A_MOD_BREAK_C1_LOW,MODERATE,2025-09-26 11:15:00+05:30,2025-09-26 11:30:00+05:30,58.95,59.333175,58.419450000000005,2025-09-26 11:31:00+05:30,58.419450000000005,TARGET,3.6999999999999833,4.499999999999983,25.629405975341797,29.855087280273438,32.78235626220703,0.22950757519728482,1.8858376278339897,0.010811148053508694,0.27889679668135126,0.0,59.333175,0.7399999999999967,0.8999999999999966,50000.0,5.0,250000.0,1849.9999999999916,2249.999999999992
2025-09-26,ABCAPITAL,SHORT,A_MOD_BREAK_C1_LOW,MODERATE,2025-09-26 11:30:00+05:30,2025-09-26 11:45:00+05:30,283.19335,285.034106775,280.64460985,2025-09-26 13:33:00+05:30,280.64460985,TARGET,3.7000000000000255,4.500000000000026,42.350372314453125,29.856351852416992,27.3583984375,0.7208021998552261,2.050566600638282,0.007156730756807912,0.6213959696914615,0.0,285.034106775,0.7400000000000051,0.9000000000000051,50000.0,5.0,250000.0,1850.0000000000127,2250.0000000000127
2025-09-26,DEVYANI,SHORT,A_MOD_BREAK_C1_LOW,MODERATE,2025-09-26 11:30:00+05:30,2025-09-26 11:45:00+05:30,168.14999694824218,169.24297192840575,166.636646975708,2025-09-26 14:19:00+05:30,166.636646975708,TARGET,3.699999999999978,4.499999999999978,63.73222351074219,12.178081512451172,2.496326208114624,2.2968984037461575,3.673417077714993,0.005094472579049143,0.96,0.0,169.24297192840575,0.7399999999999956,0.8999999999999956,50000.0,5.0,250000.0,1849.9999999999889,2249.999999999989
2025-09-26,ELECON,SHORT,A_MOD_BREAK_C1_LOW,MODERATE,2025-09-26 11:30:00+05:30,2025-09-26 11:45:00+05:30,571.4356777954101,575.1500097010803,566.2927566952515,2025-09-26 13:31:00+05:30,566.2927566952515,TARGET,3.6999999999999855,4.499999999999985,29.976356506347656,31.941072463989258,29.52889633178711,0.929197328033811,2.0613296147320237,0.006623473864315033,0.47225488000113175,0.0,575.1500097010803,0.7399999999999971,0.899999999999997,50000.0,5.0,250000.0,1849.9999999999927,2249.9999999999923
2025-09-26,GMRP&UI,SHORT,A_MOD_BREAK_C1_LOW,MODERATE,2025-09-26 11:30:00+05:30,2025-09-26 11:45:00+05:30,113.31000061035157,114.04651561431885,112.2902106048584,2025-09-26 12:26:00+05:30,114.04651561431885,SL,-4.0499999999999945,-3.249999999999995,29.526453018188477,26.486953735351562,3.4290101528167725,1.7280223456592978,2.978220860189095,0.005358875829098873,0.6053007057632043,0.0,114.04651561431885,-0.8099999999999989,-0.649999999999999,50000.0,5.0,250000.0,-2024.9999999999973,-1624.9999999999975
2025-09-26,IEX,SHORT,A_MOD_BREAK_C1_LOW,MODERATE,2025-09-26 11:30:00+05:30,2025-09-26 11:45:00+05:30,138.3000061035156,139.19895614318847,137.05530604858396,2025-09-26 13:36:00+05:30,137.05530604858396,TARGET,3.7000000000000544,4.500000000000054,25.284765243530273,27.947200775146484,11.321677207946777,1.3281803966448522,2.096572459730875,0.004687957815314889,0.47170304806580327,0.0,139.19895614318847,0.7400000000000109,0.9000000000000109,50000.0,5.0,250000.0,1850.0000000000273,2250.0000000000273
2025-09-26,INDHOTEL,SHORT,A_MOD_BREAK_C1_LOW,MODERATE,2025-09-26 11:30:00+05:30,2025-09-26 11:45:00+05:30,720.1559277954102,724.8369413260804,713.6745244452516,2025-09-26 13:52:00+05:30,713.6745244452516,TARGET,3.6999999999999664,4.499999999999967,42.63844299316406,23.396005630493164,4.76539945602417,2.0651484519418033,3.2237557588740033,0.004553491622420835,0.8495766448974609,0.0,724.8369413260804,0.7399999999999933,0.8999999999999934,50000.0,5.0,250000.0,1849.9999999999834,2249.999999999983
2025-09-26,IOLCP,SHORT,A_MOD_BREAK_C1_LOW,MODERATE,2025-09-26 11:30:00+05:30,2025-09-26 11:45:00+05:30,106.75000305175782,107.44387807159424,105.789253024292,2025-09-26 12:59:00+05:30,105.789253024292,TARGET,3.700000000000001,4.500000000000001,40.19265365600586,21.13954734802246,5.6233229637146,1.89168418854859,2.801063557835993,0.009685904693643744,0.7939345378360911,0.0,107.44387807159424,0.7400000000000002,0.9000000000000002,50000.0,5.0,250000.0,1850.0000000000005,2250.000000000001
2025-09-26,LAURUSLABS,SHORT,A_MOD_BREAK_C1_LOW,MODERATE,2025-09-26 11:30:00+05:30,2025-09-26 11:45:00+05:30,849.2301444091797,854.7501403478393,841.587073109497,2025-09-26 11:59:00+05:30,841.587073109497,TARGET,3.700000000000033,4.500000000000034,42.95438003540039,22.81435203552246,7.719930648803711,1.7257328959025238,3.37479587225475,0.010572208392073857,0.8063189573139475,0.0,854.7501403478393,0.7400000000000067,0.9000000000000067,50000.0,5.0,250000.0,1850.0000000000166,2250.000000000017
2025-09-26,TECHM,SHORT,A_MOD_BREAK_C1_LOW,MODERATE,2025-09-26 11:30:00+05:30,2025-09-26 11:45:00+05:30,1415.9167111816407,1425.1201698043212,1403.173460781006,2025-09-26 15:30:00+05:30,1407.0,EOD,2.348741416505834,3.1487414165058336,49.31437301635742,28.178911209106445,11.025556564331055,1.4008278369940428,2.689901116481861,0.004496430711335672,0.8448604667193187,0.0,1425.1201698043212,0.46974828330116675,0.6297482833011667,50000.0,5.0,250000.0,1174.370708252917,1574.370708252917
2025-09-26,GPTINFRA,SHORT,A_PULLBACK_C2_THEN_BREAK_C2_LOW,MODERATE,2025-09-26 11:45:00+05:30,2025-09-26 12:15:00+05:30,114.24000091552735,114.98256092147827,113.2118409072876,2025-09-26 15:00:00+05:30,114.98256092147827,SL,-4.049999999999969,-3.24999999999997,20.570133209228516,28.939611434936523,15.856399536132812,1.4072824414302056,2.0703142775909646,0.006617096647802684,0.41482642538871367,0.0,114.98256092147827,-0.8099999999999938,-0.6499999999999939,50000.0,5.0,250000.0,-2024.9999999999848,-1624.9999999999848
2025-09-26,PGEL,SHORT,A_PULLBACK_C2_THEN_BREAK_C2_LOW,MODERATE,2025-09-26 11:45:00+05:30,2025-09-26 12:15:00+05:30,521.14575,524.533197375,516.45543825,2025-09-26 13:27:00+05:30,516.45543825,TARGET,3.699999999999979,4.499999999999979,43.761966705322266,18.575176239013672,6.611097812652588,2.334077824481854,3.978208060355734,0.0065644483104755165,0.8664295005798339,0.0,524.533197375,0.7399999999999958,0.8999999999999958,50000.0,5.0,250000.0,1849.9999999999895,2249.9999999999895
2025-09-26,RICOAUTO,SHORT,A_PULLBACK_C2_THEN_BREAK_C2_LOW,MODERATE,2025-09-26 11:45:00+05:30,2025-09-26 12:15:00+05:30,93.67000122070313,94.2788562286377,92.8269712097168,2025-09-26 12:45:00+05:30,92.8269712097168,TARGET,3.6999999999999855,4.499999999999985,58.691864013671875,18.378408432006836,7.550073146820068,1.8091203268612488,2.5815319994776207,0.009660323992319055,0.9265960572007186,0.0,94.2788562286377,0.7399999999999971,0.899999999999997,50000.0,5.0,250000.0,1849.9999999999927,2249.9999999999923
2025-09-26,VBL,SHORT,A_MOD_BREAK_C1_LOW,MODERATE,2025-09-26 13:15:00+05:30,2025-09-26 13:30:00+05:30,446.86062220458984,449.76521624891967,442.8388766047485,2025-09-26 15:30:00+05:30,444.29998779296875,EOD,2.0651376787108564,2.8651376787108562,28.263402938842773,31.246498107910156,11.088021278381348,1.6621487105608925,1.9939057187840077,0.003137869220149298,0.5745223543699982,0.0,449.76521624891967,0.41302753574217127,0.5730275357421712,50000.0,5.0,250000.0,1032.5688393554283,1432.5688393554283
2025-09-26,JYOTICNC,SHORT,A_MOD_BREAK_C1_LOW,MODERATE,2025-09-26 13:30:00+05:30,2025-09-26 13:45:00+05:30,867.9263555908203,873.5678769021606,860.1150183905029,2025-09-26 15:30:00+05:30,866.9000244140625,EOD,-0.2087452407991625,0.5912547592008374,39.97565460205078,31.163360595703125,6.1546125411987305,2.6891851483116094,2.45940848585647,0.0036700611421784817,0.8096348190307616,0.0,873.5678769021606,-0.041749048159832505,0.11825095184016747,50000.0,5.0,250000.0,-104.37262039958127,295.6273796004187
2025-09-26,SAMHI,SHORT,A_MOD_BREAK_C1_LOW,MODERATE,2025-09-26 13:30:00+05:30,2025-09-26 13:45:00+05:30,202.19000549316405,203.50424052886962,200.37029544372558,2025-09-26 15:30:00+05:30,202.0,EOD,-0.3301313418024632,0.4698686581975367,25.1207275390625,32.05076217651367,13.426519393920898,1.8427019985835946,1.776767045641624,0.004551155984088986,0.5481221151201477,0.0,203.50424052886962,-0.06602626836049263,0.09397373163950734,50000.0,5.0,250000.0,-165.06567090123158,234.93432909876836
2025-09-26,CHALET,SHORT,A_MOD_BREAK_C1_LOW,MODERATE,2025-09-26 13:45:00+05:30,2025-09-26 14:00:00+05:30,957.1085277954102,963.3297332260803,948.4945510452515,2025-09-26 14:27:00+05:30,963.3297332260803,SL,-4.049999999999978,-3.2499999999999787,58.46832275390625,19.700841903686523,16.877586364746094,2.9286463262650013,3.640750966295706,0.005176093425977778,0.96,0.0,963.3297332260803,-0.8099999999999956,-0.6499999999999957,50000.0,5.0,250000.0,-2024.999999999989,-1624.9999999999893
2025-09-26,GSFC,SHORT,A_MOD_BREAK_C1_LOW,MODERATE,2025-09-26 13:45:00+05:30,2025-09-26 14:00:00+05:30,196.50999755859374,197.78731254272458,194.7414075805664,2025-09-26 15:10:00+05:30,197.78731254272458,SL,-4.049999999999949,-3.2499999999999494,38.23086929321289,29.113130569458008,10.356082916259766,2.2572061042273988,2.3086706522228013,0.0036787365675878467,0.7834630393981934,0.0,197.78731254272458,-0.8099999999999898,-0.6499999999999899,50000.0,5.0,250000.0,-2024.9999999999748,-1624.9999999999748
2025-09-26,GTPL,SHORT,A_MOD_BREAK_C1_LOW,MODERATE,2025-09-26 13:45:00+05:30,2025-09-26 14:00:00+05:30,109.45,110.161425,108.46495,2025-09-26 15:30:00+05:30,110.161425,SL,-4.04999999999996,-3.24999999999996,47.345645904541016,35.75872039794922,15.481329917907715,1.547107951291185,2.8539029827781257,0.003195754394547407,0.8409285800440724,0.0,110.161425,-0.8099999999999921,-0.649999999999992,50000.0,5.0,250000.0,-2024.99999999998,-1624.99999999998
2025-09-26,AMBIKCO,SHORT,A_MOD_BREAK_C1_LOW,MODERATE,2025-09-26 14:00:00+05:30,2025-09-26 14:15:00+05:30,1419.716,1428.9441539999998,1406.9385559999998,2025-09-26 15:30:00+05:30,1425.0,EOD,-2.660935567395206,-1.8609355673952066,38.60332107543945,31.204132080078125,7.347120761871338,2.485127240401513,3.001222574241807,0.003266645424102638,0.7890498161315918,0.0,1428.9441539999998,-0.5321871134790412,-0.3721871134790413,50000.0,5.0,250000.0,-1330.467783697603,-930.4677836976033
2025-09-26,DOMS,SHORT,A_MOD_BREAK_C1_LOW,MODERATE,2025-09-26 14:00:00+05:30,2025-09-26 14:15:00+05:30,2479.4039223632813,2495.5200478586426,2457.089287062012,2025-09-26 15:30:00+05:30,2478.199951171875,EOD,-0.5572055161027029,0.24279448389729705,48.798553466796875,23.7006893157959,5.109143257141113,2.7678350840650183,3.311962890625,0.004030307994838136,0.941978302001953,0.0,2495.5200478586426,-0.11144110322054057,0.04855889677945941,50000.0,5.0,250000.0,-278.60275805135143,121.39724194864853
2025-09-26,KAMDHENU,SHORT,A_MOD_BREAK_C1_LOW,MODERATE,2025-09-26 14:00:00+05:30,2025-09-26 14:15:00+05:30,26.63000030517578,26.80309530715942,26.3903303024292,2025-09-26 15:21:00+05:30,26.3903303024292,TARGET,3.6999999999999975,4.499999999999998,38.967323303222656,24.665922164916992,3.901249885559082,2.6993528438957997,3.332185687085284,0.006559212383875498,0.7945098495483398,0.0,26.80309530715942,0.7399999999999995,0.8999999999999996,50000.0,5.0,250000.0,1849.9999999999989,2249.999999999999
2025-09-26,LYKALABS,SHORT,A_MOD_BREAK_C1_LOW,MODERATE,2025-09-26 14:15:00+05:30,2025-09-26 14:30:00+05:30,93.95,94.560675,93.10445,2025-09-26 14:52:00+05:30,94.560675,SL,-4.0500000000000025,-3.2500000000000027,34.901336669921875,28.556100845336914,1.004338026046753,4.285234585514512,4.65454850257679,0.0033872494645430695,0.7335200500488281,0.0,94.560675,-0.8100000000000005,-0.6500000000000006,50000.0,5.0,250000.0,-2025.0000000000011,-1625.0000000000014
2025-09-29,FSL,SHORT,A_MOD_BREAK_C1_LOW,MODERATE,2025-09-29 11:30:00+05:30,2025-09-29 11:45:00+05:30,345.13097220458985,347.37432352391966,342.02479345474853,2025-09-29 11:46:00+05:30,342.02479345474853,TARGET,3.7000000000000166,4.500000000000016,32.51935577392578,35.1639518737793,21.20349884033203,0.8961121647379169,1.9058678153943445,0.008592519459153227,0.49990335620773935,0.0,347.37432352391966,0.7400000000000033,0.9000000000000032,50000.0,5.0,250000.0,1850.0000000000084,2250.000000000008
2025-09-29,WHIRLPOOL,SHORT,A_MOD_BREAK_C1_LOW,MODERATE,2025-09-29 11:30:00+05:30,2025-09-29 11:45:00+05:30,1215.8567555908203,1223.7598245021607,1204.9140447905029,2025-09-29 12:32:00+05:30,1204.9140447905029,TARGET,3.7000000000000077,4.500000000000007,50.112632751464844,23.491540908813477,11.618453979492188,1.2416802343718427,2.1534677904336195,0.0055879592871591445,0.8272940410150724,0.0,1223.7598245021607,0.7400000000000015,0.9000000000000015,50000.0,5.0,250000.0,1850.0000000000039,2250.0000000000036
2025-09-29,KOTAKBANK,SHORT,A_MOD_BREAK_C1_LOW,MODERATE,2025-09-29 11:45:00+05:30,2025-09-29 12:00:00+05:30,396.3207138977051,398.8967985380402,392.75382747262574,2025-09-29 15:11:00+05:30,398.8967985380402,SL,-4.049999999999981,-3.2499999999999813,24.748577117919922,31.958040237426758,12.40884017944336,2.1793406276730773,2.208886852374008,0.002844902111620943,0.5812286567687988,0.0,398.8967985380402,-0.8099999999999963,-0.6499999999999962,50000.0,5.0,250000.0,-2024.9999999999907,-1624.9999999999907
2025-09-29,SONATSOFTW,SHORT,A_MOD_BREAK_C1_LOW,MODERATE,2025-09-29 11:45:00+05:30,2025-09-29 12:00:00+05:30,349.0301861022949,351.2988823119598,345.8889144273743,2025-09-29 13:25:00+05:30,351.2988823119598,SL,-4.049999999999948,-3.2499999999999485,33.02546691894531,26.964977264404297,2.4824280738830566,1.8141626132450486,2.049032728278011,0.006949702456898562,0.6728604611020632,0.0,351.2988823119598,-0.8099999999999896,-0.6499999999999897,50000.0,5.0,250000.0,-2024.9999999999739,-1624.9999999999743
2025-09-29,RAYMOND,SHORT,A_MOD_BREAK_C1_LOW,MODERATE,2025-09-29 12:00:00+05:30,2025-09-29 12:15:00+05:30,587.0825722045898,590.8986089239196,581.7988290547486,2025-09-29 13:32:00+05:30,590.8986089239196,SL,-4.049999999999936,-3.249999999999936,36.65581130981445,26.492660522460938,0.7788571715354919,1.8042578975101626,2.648644760665807,0.007065036273522277,0.7255823017114953,0.0,590.8986089239196,-0.8099999999999872,-0.6499999999999873,50000.0,5.0,250000.0,-2024.9999999999677,-1624.999999999968
2025-09-29,SCI,SHORT,A_MOD_BREAK_C1_LOW,MODERATE,2025-09-29 12:00:00+05:30,2025-09-29 12:15:00+05:30,221.33999938964843,222.77870938568114,219.3479393951416,2025-09-29 15:11:00+05:30,222.77870938568114,SL,-4.049999999999997,-3.249999999999997,20.056217193603516,30.660362243652344,8.920543670654297,2.035579195354353,2.1016149454110598,0.006989231857388224,0.5108432579040527,0.0,222.77870938568114,-0.8099999999999994,-0.6499999999999994,50000.0,5.0,250000.0,-2024.9999999999986,-1624.9999999999984
2025-09-29,KPRMILL,SHORT,A_MOD_BREAK_C1_LOW,MODERATE,2025-09-29 12:15:00+05:30,2025-09-29 12:30:00+05:30,1042.9913111816406,1049.7707547043212,1033.6043893810058,2025-09-29 13:41:00+05:30,1049.7707547043212,SL,-4.049999999999966,-3.2499999999999662,30.446510314941406,20.55132293701172,1.7725752592086792,2.5554205771253766,2.530867885655421,0.005679628134868043,0.666697654724121,0.0,1049.7707547043212,-0.8099999999999932,-0.6499999999999932,50000.0,5.0,250000.0,-2024.999999999983,-1624.9999999999832
2025-09-29,COROMANDEL,SHORT,A_MOD_BREAK_C1_LOW,MODERATE,2025-09-29 13:00:00+05:30,2025-09-29 13:15:00+05:30,2151.3696888183595,2165.3535917956788,2132.0073616189943,2025-09-29 13:34:00+05:30,2165.3535917956788,SL,-4.049999999999993,-3.2499999999999925,53.977970123291016,25.876123428344727,11.379691123962402,1.9116048208368264,2.9059151944757513,0.0064572861494207245,0.9445308436464446,0.0,2165.3535917956788,-0.8099999999999985,-0.6499999999999985,50000.0,5.0,250000.0,-2024.9999999999964,-1624.9999999999961
2025-09-30,HDFCAMC,SHORT,A_PULLBACK_C2_THEN_BREAK_C2_LOW,MODERATE,2025-09-30 11:30:00+05:30,2025-09-30 12:00:00+05:30,2764.447,2782.4159055,2739.566977,2025-09-30 13:39:00+05:30,2739.566977,TARGET,3.70000000000003,4.50000000000003,29.807172775268555,26.974349975585938,8.95961856842041,1.318380957778479,2.4440780549201744,0.004598295063480977,0.5378242592402622,0.0,2782.4159055,0.740000000000006,0.900000000000006,50000.0,5.0,250000.0,1850.000000000015,2250.000000000015
2025-09-30,CCL,SHORT,A_MOD_BREAK_C1_LOW,MODERATE,2025-09-30 12:00:00+05:30,2025-09-30 12:15:00+05:30,839.8819777954102,845.3412106510804,832.3230399952515,2025-09-30 12:48:00+05:30,845.3412106510804,SL,-4.050000000000001,-3.25,55.479549407958984,28.774442672729492,7.4973368644714355,1.1577416745936797,2.0069441165851796,0.008234096124077227,0.812604793053894,0.0,845.3412106510804,-0.81,-0.65,50000.0,5.0,250000.0,-2025.0000000000002,-1625.0000000000002
2025-09-30,AVANTEL,SHORT,A_MOD_BREAK_C1_LOW,MODERATE,2025-09-30 12:45:00+05:30,2025-09-30 13:00:00+05:30,173.45,174.57742499999998,171.88895,2025-09-30 13:05:00+05:30,171.88895,TARGET,3.699999999999984,4.499999999999984,23.07513999938965,31.315828323364258,5.525280475616455,2.341140156742151,2.2260652845927167,0.007149834061877668,0.5561270999908448,0.0,174.57742499999998,0.7399999999999969,0.8999999999999968,50000.0,5.0,250000.0,1849.9999999999923,2249.999999999992
2025-09-30,DMART,SHORT,A_MOD_BREAK_C1_LOW,MODERATE,2025-09-30 13:00:00+05:30,2025-09-30 13:15:00+05:30,4443.511022363281,4472.393844008642,4403.519423162012,2025-09-30 14:08:00+05:30,4472.393844008642,SL,-4.049999999999988,-3.249999999999988,25.504695892333984,26.984899520874023,4.538177013397217,2.6076647088323397,2.4896106454025784,0.004141616541783457,0.5925704383850097,0.0,4472.393844008642,-0.8099999999999976,-0.6499999999999976,50000.0,5.0,250000.0,-2024.9999999999939,-1624.9999999999939
2025-09-30,CRISIL,SHORT,A_MOD_BREAK_C1_LOW,MODERATE,2025-09-30 13:15:00+05:30,2025-09-30 13:30:00+05:30,4478.1042,4507.211877299999,4437.8012622,2025-09-30 14:07:00+05:30,4437.8012622,TARGET,3.7000000000000135,4.500000000000012,61.24225616455078,12.82020378112793,6.915826320648193,2.353000765170606,4.135454594128482,0.0037698884791747085,0.96,0.0,4507.211877299999,0.7400000000000027,0.9000000000000026,50000.0,5.0,250000.0,1850.0000000000066,2250.0000000000064
2025-09-30,BDL,SHORT,A_MOD_BREAK_C1_LOW,MODERATE,2025-09-30 13:30:00+05:30,2025-09-30 13:45:00+05:30,1479.704,1489.322076,1466.3866639999999,2025-09-30 14:21:00+05:30,1466.3866639999999,TARGET,3.7000000000000233,4.500000000000023,25.407268524169922,25.34752655029297,1.388909101486206,3.1636461863656096,3.2758485419590935,0.0033156404624114164,0.5911090278625488,0.0,1489.322076,0.7400000000000047,0.9000000000000046,50000.0,5.0,250000.0,1850.0000000000116,2250.0000000000114
2025-09-30,HARIOMPIPE,SHORT,A_MOD_BREAK_C1_LOW,MODERATE,2025-09-30 13:30:00+05:30,2025-09-30 13:45:00+05:30,478.1043722045898,481.21205062391965,473.8014328547485,2025-09-30 15:30:00+05:30,481.21205062391965,SL,-4.049999999999995,-3.2499999999999956,38.16960525512695,26.599117279052734,5.921074867248535,2.631837625953697,2.504852837577118,0.006012124175747805,0.7825440788269042,0.0,481.21205062391965,-0.8099999999999992,-0.6499999999999991,50000.0,5.0,250000.0,-2024.9999999999977,-1624.9999999999977
2025-10-01,GMBREW,LONG,B_HUGE_C1_CLOSE_RECLAIM_BREAK,HUGE,2025-10-01 10:00:00+05:30,2025-10-01 10:30:00+05:30,722.8445522094727,718.8689071723206,730.7958422837768,2025-10-01 11:55:00+05:30,718.8689071723206,SL,-3.5499999999999643,-2.7499999999999645,27.485157012939453,80.6361083984375,92.82781219482422,1.292868069699039,4.199209833502732,0.0050455681468656,7.234207987941033,0.0,718.8689071723206,-0.7099999999999929,-0.5499999999999929,50000.0,5.0,250000.0,-1774.999999999982,-1374.9999999999823
2025-10-01,NETWEB,LONG,B_HUGE_C1_CLOSE_RECLAIM_BREAK,HUGE,2025-10-01 10:15:00+05:30,2025-10-01 10:45:00+05:30,4011.0019911621093,3988.941480210718,4055.1230130648923,2025-10-01 10:46:00+05:30,4055.1230130648923,TARGET,4.699999999999976,5.499999999999976,22.207916259765625,86.22337341308594,90.32823944091797,2.069919620720383,4.736758465927906,0.015554974782322348,8.528304824442722,0.0,3988.941480210718,0.9399999999999953,1.0999999999999952,50000.0,5.0,250000.0,2349.999999999988,2749.999999999988
2025-10-01,MAXIND,LONG,B_HUGE_C1_CLOSE_RECLAIM_BREAK,HUGE,2025-10-01 12:00:00+05:30,2025-10-01 12:30:00+05:30,224.6300018310547,223.39453682098392,227.10093185119626,2025-10-01 13:15:00+05:30,223.39453682098392,SL,-3.54999999999996,-2.7499999999999596,34.13509750366211,69.22142791748047,83.25978088378906,1.3206595053483867,2.103823912067583,0.016026746661842665,5.689716533386584,0.0,223.39453682098392,-0.709999999999992,-0.5499999999999919,50000.0,5.0,250000.0,-1774.99999999998,-1374.9999999999798
2025-10-01,INDRAMEDCO,LONG,B_HUGE_C1_CLOSE_RECLAIM_BREAK,HUGE,2025-10-01 12:30:00+05:30,2025-10-01 13:00:00+05:30,452.79055220947265,450.30020417232055,457.7712482837768,2025-10-01 14:35:00+05:30,457.7712482837768,TARGET,4.699999999999944,5.499999999999944,26.046010971069336,72.9827880859375,84.74171447753906,1.8006113077013413,2.619466873971608,0.005490876633924032,6.468181534361278,0.0,450.30020417232055,0.9399999999999888,1.0999999999999888,50000.0,5.0,250000.0,2349.999999999972,2749.9999999999723
2025-10-01,PRECWIRE,LONG,B_HUGE_C1_CLOSE_RECLAIM_BREAK,HUGE,2025-10-01 12:45:00+05:30,2025-10-01 13:15:00+05:30,190.6999938964844,189.65114393005373,192.7976938293457,2025-10-01 15:30:00+05:30,192.0,EOD,2.60851113037078,3.40851113037078,21.676227569580078,79.64913177490234,73.6176528930664,1.5676305981100644,4.060518906197726,0.008130086313205925,7.334079746742992,0.0,189.65114393005373,0.521702226074156,0.681702226074156,50000.0,5.0,250000.0,1304.2555651853897,1704.25556518539
2025-10-03,JPPOWER,LONG,A_MOD_BREAK_C1_HIGH,MODERATE,2025-10-03 10:00:00+05:30,2025-10-03 10:15:00+05:30,17.990000534057618,17.8910555311203,18.18789053993225,2025-10-03 11:44:00+05:30,18.18789053993225,TARGET,4.699999999999988,5.499999999999988,37.19709777832031,74.61954498291016,81.64517974853516,1.2057773542188979,2.510782983698669,0.0052984048813337695,5.883269325547003,0.0,17.8910555311203,0.9399999999999975,1.0999999999999974,50000.0,5.0,250000.0,2349.9999999999936,2749.9999999999936
2025-10-03,MOIL,LONG,A_MOD_BREAK_C1_HIGH,MODERATE,2025-10-03 10:00:00+05:30,2025-10-03 10:15:00+05:30,373.1746261047363,371.1221656611603,377.27954699188837,2025-10-03 10:19:00+05:30,377.27954699188837,TARGET,4.699999999999931,5.499999999999931,30.618968963623047,74.58282470703125,78.06285095214844,0.875327277043532,2.6893899214011947,0.006783987778005534,5.2412397678397955,0.0,371.1221656611603,0.9399999999999862,1.099999999999986,50000.0,5.0,250000.0,2349.9999999999654,2749.999999999965
2025-10-03,JKPAPER,LONG,B_HUGE_C1_CLOSE_RECLAIM_BREAK,HUGE,2025-10-03 10:00:00+05:30,2025-10-03 10:30:00+05:30,405.28105220947265,403.0520064223206,409.7391437837768,2025-10-03 10:31:00+05:30,409.7391437837768,TARGET,4.699999999999939,5.499999999999938,36.55976867675781,79.66484069824219,89.51753997802734,0.7397783917133108,3.603648598801986,0.007262739841081147,6.424911143067289,0.0,403.0520064223206,0.9399999999999877,1.0999999999999877,50000.0,5.0,250000.0,2349.999999999969,2749.999999999969
2025-10-03,LEMONTREE,LONG,B_HUGE_C1_CLOSE_RECLAIM_BREAK,HUGE,2025-10-03 10:00:00+05:30,2025-10-03 10:30:00+05:30,171.77999572753907,170.83520575103762,173.66957568054198,2025-10-03 15:02:00+05:30,173.66957568054198,TARGET,4.699999999999936,5.499999999999936,23.83833122253418,81.98619079589844,87.37586212158203,1.2900933868532456,4.32599521785733,0.00592709740826267,7.726713032821282,0.0,170.83520575103762,0.9399999999999873,1.0999999999999872,50000.0,5.0,250000.0,2349.9999999999686,2749.999999999968
2025-10-03,NAM-INDIA,LONG,B_HUGE_C1_CLOSE_RECLAIM_BREAK,HUGE,2025-10-03 10:00:00+05:30,2025-10-03 10:30:00+05:30,895.2289977905274,890.3052383026795,905.0765167662231,2025-10-03 10:56:00+05:30,890.3052383026795,SL,-3.5499999999999776,-2.7499999999999774,28.06702995300293,80.13521575927734,87.8458480834961,1.0723191871122648,4.393500786896892,0.0041019277128901575,7.512387029296373,0.0,890.3052383026795,-0.7099999999999955,-0.5499999999999955,50000.0,5.0,250000.0,-1774.9999999999889,-1374.9999999999886
2025-10-03,WELCORP,LONG,B_HUGE_C1_CLOSE_RECLAIM_BREAK,HUGE,2025-10-03 10:00:00+05:30,2025-10-03 10:30:00+05:30,866.5733044189453,861.8071512446412,876.1056107675537,2025-10-03 11:26:00+05:30,861.8071512446412,SL,-3.5499999999999554,-2.7499999999999556,28.163009643554688,75.34791564941406,83.44514465332031,1.0815912204508553,2.6153157090201957,0.004451919225038108,5.623831541644877,0.0,861.8071512446412,-0.7099999999999911,-0.5499999999999912,50000.0,5.0,250000.0,-1774.9999999999777,-1374.9999999999777
2025-10-03,BATAINDIA,LONG,B_HUGE_GREEN_PULLBACK_HOLD_THEN_BREAK,HUGE,2025-10-03 10:00:00+05:30,2025-10-03 11:30:00+05:30,1221.2442,1214.5273569,1234.6778861999999,2025-10-03 11:37:00+05:30,1234.6778861999999,TARGET,4.699999999999912,5.499999999999911,40.80628967285156,80.00505828857422,91.48721313476562,2.2566126638521506,4.571017409617442,0.004354690226355038,9.18202115800794,0.0,1214.5273569,0.9399999999999824,1.0999999999999823,50000.0,5.0,250000.0,2349.999999999956,2749.9999999999554
2025-10-03,LLOYDSENGG,LONG,B_HUGE_C1_CLOSE_RECLAIM_BREAK,HUGE,2025-10-03 11:15:00+05:30,2025-10-03 11:45:00+05:30,60.71999816894531,60.38603817901611,61.3879181488037,2025-10-03 11:49:00+05:30,61.3879181488037,TARGET,4.699999999999927,5.499999999999927,32.92927169799805,74.33727264404297,85.48760986328125,2.0888118294557243,3.1025619990647844,0.007664416789547666,7.452807754559634,0.0,60.38603817901611,0.9399999999999855,1.0999999999999854,50000.0,5.0,250000.0,2349.9999999999636,2749.9999999999636
2025-10-03,AZAD,LONG,B_HUGE_C1_CLOSE_RECLAIM_BREAK,HUGE,2025-10-03 11:30:00+05:30,2025-10-03 12:00:00+05:30,1721.3442,1711.8768069,1740.2789861999997,2025-10-03 12:01:00+05:30,1740.2789861999997,TARGET,4.699999999999925,5.499999999999924,62.285892486572266,90.9206771850586,97.33919525146484,0.8471391069750716,4.413461397135934,0.010330363112365971,8.241841050961646,0.0,1711.8768069,0.9399999999999848,1.0999999999999848,50000.0,5.0,250000.0,2349.999999999962,2749.9999999999623
2025-10-03,ADSL,LONG,B_HUGE_GREEN_PULLBACK_HOLD_THEN_BREAK,HUGE,2025-10-03 11:15:00+05:30,2025-10-03 12:45:00+05:30,189.05,188.01022500000002,191.12955,2025-10-03 12:56:00+05:30,191.12955,TARGET,4.699999999999955,5.499999999999955,39.55840301513672,74.43050384521484,73.24978637695312,1.7098314052679782,2.333374813121868,0.00978803027282182,6.391579964797583,0.0,188.01022500000002,0.9399999999999911,1.099999999999991,50000.0,5.0,250000.0,2349.9999999999777,2749.9999999999773
2025-10-03,CANBK,LONG,B_HUGE_C1_CLOSE_RECLAIM_BREAK,HUGE,2025-10-03 12:15:00+05:30,2025-10-03 12:45:00+05:30,125.96999816894531,125.27716317901611,127.3556681488037,2025-10-03 13:26:00+05:30,125.27716317901611,SL,-3.5499999999999865,-2.7499999999999867,23.564302444458008,71.14535522460938,54.39363098144531,1.6189507212466308,2.929250264516056,0.005717921654472278,6.070614954061927,0.0,125.27716317901611,-0.7099999999999973,-0.5499999999999974,50000.0,5.0,250000.0,-1774.9999999999932,-1374.9999999999934
2025-10-03,TVSHLTD,LONG,B_HUGE_GREEN_PULLBACK_HOLD_THEN_BREAK,HUGE,2025-10-03 12:00:00+05:30,2025-10-03 13:00:00+05:30,13331.6658,13258.3416381,13478.314123799999,2025-10-03 14:36:00+05:30,13258.3416381,SL,-3.5500000000000007,-2.7500000000000013,29.82961082458496,83.11125946044922,70.96785736083984,210.6542418531594,3.326921253460654,0.007306367510198613,258.2279319293186,0.0,13258.3416381,-0.7100000000000002,-0.5500000000000003,50000.0,5.0,250000.0,-1775.0000000000005,-1375.0000000000007
2025-10-03,RANEHOLDIN,LONG,B_HUGE_C1_CLOSE_RECLAIM_BREAK,HUGE,2025-10-03 12:45:00+05:30,2025-10-03 13:15:00+05:30,1667.3334,1658.1630663,1685.6740673999998,2025-10-03 13:29:00+05:30,1658.1630663,SL,-3.5499999999999696,-2.7499999999999702,21.076004028320312,68.71250915527344,83.98384857177734,1.5065190347341921,2.3113512402346514,0.006645807336030353,5.422425150397072,0.0,1658.1630663,-0.709999999999994,-0.549999999999994,50000.0,5.0,250000.0,-1774.999999999985,-1374.9999999999852
2025-10-03,FINOPB,LONG,B_HUGE_GREEN_PULLBACK_HOLD_THEN_BREAK,HUGE,2025-10-03 11:45:00+05:30,2025-10-03 13:30:00+05:30,291.0582,289.45737990000003,294.2598402,2025-10-03 15:07:00+05:30,289.45737990000003,SL,-3.5499999999999385,-2.749999999999939,34.54928970336914,83.70641326904297,78.29952239990234,1.708521360100684,4.332105455678837,0.007583899250144101,8.174130516683423,0.0,289.45737990000003,-0.7099999999999878,-0.5499999999999878,50000.0,5.0,250000.0,-1774.9999999999693,-1374.9999999999695
2025-10-03,HONASA,LONG,B_HUGE_C1_CLOSE_RECLAIM_BREAK,HUGE,2025-10-03 13:45:00+05:30,2025-10-03 14:15:00+05:30,285.7071238952637,284.1357347138398,288.84990225811157,2025-10-03 14:49:00+05:30,288.84990225811157,TARGET,4.69999999999996,5.499999999999959,27.69948959350586,65.52940368652344,83.8079833984375,3.5370804417513924,2.018991856297112,0.0026880973393377415,7.540108792605181,0.0,284.1357347138398,0.939999999999992,1.0999999999999919,50000.0,5.0,250000.0,2349.9999999999795,2749.99999999998
2025-10-06,AADHARHFC,LONG,A_MOD_BREAK_C1_HIGH,MODERATE,2025-10-06 10:00:00+05:30,2025-10-06 10:15:00+05:30,520.0540022094726,517.1937051973206,525.7745962337767,2025-10-06 10:16:00+05:30,525.7745962337767,TARGET,4.699999999999896,5.499999999999896,28.87232208251953,79.83772277832031,93.96469116210938,1.7018852869197851,2.9819695370230734,0.005709887040143648,6.530127326339193,0.0,517.1937051973206,0.9399999999999793,1.0999999999999792,50000.0,5.0,250000.0,2349.999999999948,2749.999999999948
2025-10-06,FEDFINA,LONG,A_MOD_BREAK_C1_HIGH,MODERATE,2025-10-06 10:15:00+05:30,2025-10-06 10:30:00+05:30,157.05,156.186225,158.77755,2025-10-06 10:31:00+05:30,158.77755,TARGET,4.699999999999935,5.499999999999935,21.51449203491211,69.93319702148438,78.32112884521484,1.769453942000124,2.436526311179935,0.005605921315870833,5.775574431077495,0.0,156.186225,0.9399999999999871,1.099999999999987,50000.0,5.0,250000.0,2349.9999999999677,2749.9999999999673
2025-10-06,THYROCARE,LONG,A_MOD_BREAK_C1_HIGH,MODERATE,2025-10-06 10:15:00+05:30,2025-10-06 10:30:00+05:30,402.0804,399.86895780000003,406.5032844,2025-10-06 11:04:00+05:30,406.5032844,TARGET,4.699999999999983,5.499999999999982,35.68284225463867,79.55401611328125,85.66767120361328,1.300044322443871,3.1701960674668683,0.007564700922592119,6.457800311902234,0.0,399.86895780000003,0.9399999999999966,1.0999999999999965,50000.0,5.0,250000.0,2349.9999999999914,2749.9999999999914
2025-10-06,CDSL,LONG,B_HUGE_C1_CLOSE_RECLAIM_BREAK,HUGE,2025-10-06 10:15:00+05:30,2025-10-06 10:45:00+05:30,1512.3024,1503.9847368,1528.9377264,2025-10-06 11:55:00+05:30,1503.9847368,SL,-3.54999999999999,-2.74999999999999,39.79836654663086,78.59608459472656,93.39725494384766,1.8681353534470921,3.740746532283319,0.0038218135556215963,8.036724457092072,0.0,1503.9847368,-0.709999999999998,-0.5499999999999979,50000.0,5.0,250000.0,-1774.999999999995,-1374.999999999995
2025-10-06,ANUP,LONG,A_MOD_BREAK_C1_HIGH,MODERATE,2025-10-06 10:30:00+05:30,2025-10-06 10:45:00+05:30,2437.4874,2424.0812193,2464.2997613999996,2025-10-06 10:46:00+05:30,2464.2997613999996,TARGET,4.699999999999927,5.499999999999927,41.05050277709961,80.21863555908203,90.42662811279297,1.5116856498245137,3.385270871823371,0.009822887740111703,7.260858404250067,0.0,2424.0812193,0.9399999999999855,1.0999999999999854,50000.0,5.0,250000.0,2349.9999999999636,2749.9999999999636
2025-10-06,SUPRIYA,LONG,B_HUGE_C1_CLOSE_RECLAIM_BREAK,HUGE,2025-10-06 10:30:00+05:30,2025-10-06 11:00:00+05:30,744.39885,740.3046563250001,752.58723735,2025-10-06 11:26:00+05:30,740.3046563250001,SL,-3.549999999999952,-2.749999999999952,27.567522048950195,66.2417221069336,78.89627838134766,0.8000382277220913,1.9534017287804575,0.0076443233624536155,4.462812498600446,0.0,740.3046563250001,-0.7099999999999904,-0.5499999999999904,50000.0,5.0,250000.0,-1774.9999999999761,-1374.9999999999761
2025-10-06,AUBANK,LONG,B_HUGE_GREEN_PULLBACK_HOLD_THEN_BREAK,HUGE,2025-10-06 11:00:00+05:30,2025-10-06 12:30:00+05:30,759.8019544189453,755.6230436696412,768.1597759175537,2025-10-06 15:30:00+05:30,764.4000244140625,EOD,2.225834540418831,3.0258345404188307,40.393863677978516,78.73023223876953,85.13307189941406,1.4961186120500443,3.4877987672110815,0.0049914776957374046,7.456535327721106,0.0,755.6230436696412,0.4451669080837662,0.6051669080837662,50000.0,5.0,250000.0,1112.9172702094156,1512.9172702094156
2025-10-06,GRMOVER,LONG,B_HUGE_GREEN_PULLBACK_HOLD_THEN_BREAK,HUGE,2025-10-06 11:15:00+05:30,2025-10-06 12:30:00+05:30,126.7000015258789,126.00315151748657,128.09370154266355,2025-10-06 15:17:00+05:30,128.09370154266355,TARGET,4.6999999999999265,5.499999999999926,51.7238655090332,80.36730194091797,86.24442291259766,1.2290689906328875,3.818428150816778,0.00629337852144327,7.651308964198044,0.0,126.00315151748657,0.9399999999999853,1.0999999999999852,50000.0,5.0,250000.0,2349.999999999963,2749.999999999963
2025-10-06,FOSECOIND,LONG,B_HUGE_C1_CLOSE_RECLAIM_BREAK,HUGE,2025-10-06 13:15:00+05:30,2025-10-06 13:45:00+05:30,5649.1296,5618.059387200001,5711.2700256,2025-10-06 15:20:00+05:30,5618.059387200001,SL,-3.549999999999942,-2.7499999999999423,24.447599411010742,69.89444732666016,88.92228698730469,4.013308684025564,3.956432607727017,0.0062285003175816525,9.657041418511312,0.0,5618.059387200001,-0.7099999999999884,-0.5499999999999885,50000.0,5.0,250000.0,-1774.9999999999711,-1374.9999999999714
2025-10-06,BHARATFORG,LONG,B_HUGE_C1_CLOSE_RECLAIM_BREAK,HUGE,2025-10-06 13:45:00+05:30,2025-10-06 14:15:00+05:30,1229.3457955810547,1222.584393705359,1242.8685993324461,2025-10-06 15:30:00+05:30,1236.0,EOD,1.9064006087075456,2.706400608707545,20.649822235107422,66.40743255615234,82.10269165039062,2.1812761485214267,2.6776239712083387,0.0028417949187300316,6.321404542008789,0.0,1222.584393705359,0.3812801217415091,0.5412801217415091,50000.0,5.0,250000.0,953.2003043537727,1353.2003043537727
2025-10-06,GODREJPROP,LONG,B_HUGE_C1_CLOSE_RECLAIM_BREAK,HUGE,2025-10-06 13:45:00+05:30,2025-10-06 14:15:00+05:30,2049.6097911621096,2038.336937310718,2072.1554988648927,2025-10-06 15:30:00+05:30,2055.0,EOD,0.5149353748047436,1.3149353748047434,31.84086036682129,65.58422088623047,75.86605834960938,1.7026543666031508,2.009714326987402,0.0031475672056149725,5.642392400976593,0.0,2038.336937310718,0.10298707496094872,0.2629870749609487,50000.0,5.0,250000.0,257.4676874023718,657.4676874023717
2025-10-07,IPCALAB,LONG,B_HUGE_GREEN_PULLBACK_HOLD_THEN_BREAK,HUGE,2025-10-07 10:00:00+05:30,2025-10-07 11:00:00+05:30,1367.2734,1359.7533963,1382.3134074,2025-10-07 12:23:00+05:30,1382.3134074,TARGET,4.699999999999972,5.499999999999972,21.77956771850586,72.58829498291016,83.09333801269531,1.8225873973026605,3.677212686599062,0.005422756003979628,6.910715617473107,0.0,1359.7533963,0.9399999999999944,1.0999999999999943,50000.0,5.0,250000.0,2349.999999999986,2749.999999999986
2025-10-07,IRCON,LONG,B_HUGE_GREEN_PULLBACK_HOLD_THEN_BREAK,HUGE,2025-10-07 13:15:00+05:30,2025-10-07 14:15:00+05:30,176.58999328613282,175.6187483230591,178.53248321228025,2025-10-07 14:33:00+05:30,178.53248321228025,TARGET,4.699999999999916,5.499999999999915,29.405977249145508,75.50909423828125,62.01238250732422,1.432587465953877,2.925593484862368,0.005453047855746759,6.835434315515993,0.0,175.6187483230591,0.9399999999999831,1.099999999999983,50000.0,5.0,250000.0,2349.9999999999577,2749.9999999999573
2025-10-07,NETWEB,LONG,B_HUGE_C1_CLOSE_RECLAIM_BREAK,HUGE,2025-10-07 13:45:00+05:30,2025-10-07 14:15:00+05:30,4340.868,4316.9932260000005,4388.617548,2025-10-07 14:26:00+05:30,4316.9932260000005,SL,-3.5499999999999865,-2.7499999999999867,22.01025390625,73.18373107910156,74.84833526611328,2.8021617977380835,4.224669012388727,0.0061998055277881535,8.595828360116604,0.0,4316.9932260000005,-0.7099999999999973,-0.5499999999999974,50000.0,5.0,250000.0,-1774.9999999999932,-1374.9999999999934
2025-10-08,MADRASFERT,SHORT,A_MOD_BREAK_C1_LOW,MODERATE,2025-10-08 11:00:00+05:30,2025-10-08 11:15:00+05:30,84.35000152587891,84.89827653579712,83.590851512146,2025-10-08 15:28:00+05:30,84.89827653579712,SL,-4.050000000000007,-3.250000000000007,28.803821563720703,47.39365005493164,25.24404525756836,1.3723509851225209,0.24159822168638384,0.00479856364899109,0.4442986569365709,0.0,84.89827653579712,-0.8100000000000014,-0.6500000000000015,50000.0,5.0,250000.0,-2025.0000000000034,-1625.0000000000036
2025-10-08,QUESS,SHORT,A_MOD_BREAK_C1_LOW,MODERATE,2025-10-08 11:00:00+05:30,2025-10-08 11:15:00+05:30,239.02000732421874,240.57363737182615,236.86882725830077,2025-10-08 12:11:00+05:30,236.86882725830077,TARGET,3.700000000000002,4.500000000000003,22.074111938476562,24.043529510498047,10.155226707458496,1.7533220736037853,2.435506475996876,0.005625753349321947,0.49794304195781086,0.0,240.57363737182615,0.7400000000000004,0.9000000000000005,50000.0,5.0,250000.0,1850.0000000000011,2250.000000000001
2025-10-08,ALLDIGI,SHORT,A_MOD_BREAK_C1_LOW,MODERATE,2025-10-08 11:15:00+05:30,2025-10-08 11:30:00+05:30,862.57745,868.184203425,854.81425295,2025-10-08 14:18:00+05:30,868.184203425,SL,-4.04999999999998,-3.24999999999998,24.370737075805664,39.610435485839844,35.54459762573242,1.219935457069184,1.0224993976117531,0.006677145613894467,0.39017473100477984,0.0,868.184203425,-0.8099999999999961,-0.649999999999996,50000.0,5.0,250000.0,-2024.9999999999905,-1624.9999999999902
2025-10-08,JAGSNPHARM,SHORT,A_MOD_BREAK_C1_LOW,MODERATE,2025-10-08 11:15:00+05:30,2025-10-08 11:30:00+05:30,213.14999694824218,214.53547192840574,211.231646975708,2025-10-08 13:16:00+05:30,214.53547192840574,SL,-4.049999999999978,-3.249999999999978,25.516021728515625,31.483802795410156,14.63980770111084,1.6711291597973927,1.9970774350163896,0.00474183620370616,0.5350418006430975,0.0,214.53547192840574,-0.8099999999999956,-0.6499999999999956,50000.0,5.0,250000.0,-2024.999999999989,-1624.9999999999889
2025-10-09,ONMOBILE,SHORT,A_MOD_BREAK_C1_LOW,MODERATE,2025-10-09 10:00:00+05:30,2025-10-09 10:15:00+05:30,67.7,68.14005,67.0907,2025-10-09 10:17:00+05:30,67.0907,TARGET,3.700000000000033,4.500000000000034,20.4415340423584,29.30265235900879,6.240398406982422,0.873222949382875,2.280169456071766,0.007056498745599065,0.3194370267773791,0.0,68.14005,0.7400000000000067,0.9000000000000067,50000.0,5.0,250000.0,1850.0000000000166,2250.000000000017
2025-10-09,TIIL,LONG,B_HUGE_GREEN_PULLBACK_HOLD_THEN_BREAK,HUGE,2025-10-09 11:00:00+05:30,2025-10-09 12:30:00+05:30,2329.7659088378905,2316.952196339282,2355.393333835107,2025-10-09 12:38:00+05:30,2355.393333835107,TARGET,4.699999999999963,5.499999999999963,25.452983856201172,83.58314514160156,95.23417663574219,2.584463926598063,4.6038696786430835,0.006166947251988905,9.148672807004994,0.0,2316.952196339282,0.9399999999999926,1.0999999999999925,50000.0,5.0,250000.0,2349.9999999999814,2749.9999999999814
2025-10-09,GMBREW,LONG,B_HUGE_GREEN_PULLBACK_HOLD_THEN_BREAK,HUGE,2025-10-09 12:30:00+05:30,2025-10-09 14:30:00+05:30,895.0289455810547,890.1062863803589,904.8742639824462,2025-10-09 14:31:00+05:30,904.8742639824462,TARGET,4.699999999999957,5.499999999999956,38.36222457885742,87.43904876708984,76.77457427978516,1.2312927019704558,5.878412448566806,0.019632800031741927,8.538897381637915,0.0,890.1062863803589,0.9399999999999913,1.0999999999999912,50000.0,5.0,250000.0,2349.9999999999786,2749.999999999978
2025-10-10,SBIN,LONG,A_MOD_BREAK_C1_HIGH,MODERATE,2025-10-10 10:00:00+05:30,2025-10-10 10:15:00+05:30,873.2245977905274,868.4218625026795,882.830068366223,2025-10-10 10:45:00+05:30,882.830068366223,TARGET,4.699999999999928,5.499999999999928,30.150814056396484,80.19898223876953,93.89108276367188,1.7447789987422966,3.4517804630514326,0.0030885006151404244,7.261189823839128,0.0,868.4218625026795,0.9399999999999857,1.0999999999999857,50000.0,5.0,250000.0,2349.9999999999645,2749.999999999964
2025-10-10,UNIONBANK,LONG,A_MOD_BREAK_C1_HIGH,MODERATE,2025-10-10 10:00:00+05:30,2025-10-10 10:15:00+05:30,139.24000244140626,138.47418242797855,140.77164246826172,2025-10-10 15:30:00+05:30,139.33999633789062,EOD,-0.4409297086645692,0.35907029133543067,40.16401290893555,70.21831512451172,66.23445129394531,0.9579821909760268,1.9766212270860404,0.004041291151422029,4.890774750244361,0.0,138.47418242797855,-0.08818594173291384,0.07181405826708613,50000.0,5.0,250000.0,-220.4648543322846,179.53514566771534
2025-10-10,MAHSCOOTER,LONG,B_HUGE_C1_CLOSE_RECLAIM_BREAK,HUGE,2025-10-10 10:00:00+05:30,2025-10-10 10:30:00+05:30,17195.4384,17100.8634888,17384.588222399998,2025-10-10 11:49:00+05:30,17100.8634888,SL,-3.5499999999999297,-2.7499999999999303,30.921232223510742,77.36349487304688,90.56829833984375,277.7451005006993,4.058229706988835,0.004167220824371665,339.1398198144283,0.0,17100.8634888,-0.709999999999986,-0.5499999999999861,50000.0,5.0,250000.0,-1774.999999999965,-1374.9999999999652
2025-10-10,CENTRALBK,LONG,B_HUGE_C1_CLOSE_RECLAIM_BREAK,HUGE,2025-10-10 10:15:00+05:30,2025-10-10 10:45:00+05:30,38.439999389648435,38.22857939300537,38.86283938293457,2025-10-10 11:34:00+05:30,38.22857939300537,SL,-3.5499999999999963,-2.7499999999999964,39.53696823120117,85.83141326904297,89.29763793945312,0.7406009878672336,4.755734633439988,0.005116659814901227,7.9109356927297805,0.0,38.22857939300537,-0.7099999999999993,-0.5499999999999993,50000.0,5.0,250000.0,-1774.9999999999982,-1374.9999999999982
2025-10-10,RACE,LONG,A_MOD_BREAK_C1_HIGH,MODERATE,2025-10-10 12:00:00+05:30,2025-10-10 12:15:00+05:30,222.05,220.82872500000002,224.49255,2025-10-10 12:16:00+05:30,224.49255,TARGET,4.699999999999962,5.499999999999962,39.56017303466797,74.05388641357422,95.90216064453125,1.457141452017978,3.0087663435305956,0.009036209241952555,6.709741905380816,0.0,220.82872500000002,0.9399999999999924,1.0999999999999923,50000.0,5.0,250000.0,2349.999999999981,2749.999999999981
2025-10-10,LTFOODS,LONG,B_HUGE_GREEN_PULLBACK_HOLD_THEN_BREAK,HUGE,2025-10-10 11:30:00+05:30,2025-10-10 14:30:00+05:30,402.5305022094727,400.31658444732057,406.95833773377683,2025-10-10 15:29:00+05:30,400.31658444732057,SL,-3.5500000000000087,-2.750000000000009,26.091806411743164,75.3226318359375,88.0301284790039,2.3374980125013916,2.9671239429795384,0.007712406313809221,6.746302817969285,0.0,400.31658444732057,-0.7100000000000017,-0.5500000000000018,50000.0,5.0,250000.0,-1775.0000000000045,-1375.0000000000045
2025-10-10,GOKEX,LONG,B_HUGE_C1_CLOSE_RECLAIM_BREAK,HUGE,2025-10-10 14:00:00+05:30,2025-10-10 14:30:00+05:30,791.1582,786.8068299,799.8609401999998,2025-10-10 14:31:00+05:30,799.8609401999998,TARGET,4.699999999999925,5.499999999999924,56.696529388427734,77.95735168457031,79.68221282958984,2.5139920683641757,3.4672306970979045,0.011761784704234899,9.361191189617678,0.0,786.8068299,0.9399999999999848,1.0999999999999848,50000.0,5.0,250000.0,2349.999999999962,2749.9999999999623
2025-10-10,THYROCARE,LONG,B_HUGE_C1_CLOSE_RECLAIM_BREAK,HUGE,2025-10-10 14:00:00+05:30,2025-10-10 14:30:00+05:30,417.6835261047363,415.38626671116026,422.2780448918884,2025-10-10 14:53:00+05:30,415.38626671116026,SL,-3.54999999999999,-2.7499999999999902,28.730989456176758,75.71678161621094,89.20377349853516,2.479856896552686,3.1793138171617636,0.005080051274792152,7.295015795046736,0.0,415.38626671116026,-0.709999999999998,-0.549999999999998,50000.0,5.0,250000.0,-1774.999999999995,-1374.9999999999952
2025-10-13,ZOTA,SHORT,A_MOD_BREAK_C1_LOW,MODERATE,2025-10-13 10:00:00+05:30,2025-10-13 10:15:00+05:30,1409.0181888183595,1418.1768070456787,1396.3370251189942,2025-10-13 10:23:00+05:30,1396.3370251189942,TARGET,3.700000000000002,4.500000000000003,34.61836242675781,23.55451774597168,7.728857040405273,1.5477314928790582,3.2547827182536744,0.011783958908655238,0.6501284476552023,0.0,1418.1768070456787,0.7400000000000004,0.9000000000000005,50000.0,5.0,250000.0,1850.0000000000011,2250.000000000001
2025-10-13,ANUP,SHORT,A_MOD_BREAK_C1_LOW,MODERATE,2025-10-13 11:15:00+05:30,2025-10-13 11:30:00+05:30,2362.5274,2377.8838281,2341.2646534,2025-10-13 15:30:00+05:30,2354.60009765625,EOD,0.8777164878066481,1.6777164878066482,21.952556610107422,32.506744384765625,21.275043487548828,1.0545036118084667,1.4698194998104224,0.005599750877627204,0.34731745620861415,0.0,2377.8838281,0.17554329756132964,0.3355432975613296,50000.0,5.0,250000.0,438.85824390332414,838.858243903324
2025-10-13,MINDACORP,SHORT,A_MOD_BREAK_C1_LOW,MODERATE,2025-10-13 11:15:00+05:30,2025-10-13 11:30:00+05:30,564.5870722045898,568.2568881739196,559.5057885547485,2025-10-13 11:34:00+05:30,559.5057885547485,TARGET,3.700000000000027,4.500000000000027,27.646076202392578,23.565967559814453,13.317981719970703,2.1217470170886825,3.3110396875049557,0.008249059187627472,0.6246911430358886,0.0,568.2568881739196,0.7400000000000053,0.9000000000000054,50000.0,5.0,250000.0,1850.0000000000134,2250.000000000013
2025-10-13,KROSS,SHORT,A_PULLBACK_C2_THEN_BREAK_C2_LOW,MODERATE,2025-10-13 11:15:00+05:30,2025-10-13 11:45:00+05:30,184.95,186.15217499999997,183.28545,2025-10-13 15:30:00+05:30,184.9499969482422,EOD,-0.7999917497761526,8.250223847340678e-06,35.369667053222656,25.781259536743164,5.9667463302612305,1.5422655261075338,2.641307084873189,0.006353933892520103,0.6604414728671582,0.0,186.15217499999997,-0.15999834995523052,1.6500447694681356e-06,50000.0,5.0,250000.0,-399.9958748880763,0.004125111923670339
2025-10-13,LUMAXIND,SHORT,A_MOD_BREAK_C1_LOW,MODERATE,2025-10-13 11:30:00+05:30,2025-10-13 11:45:00+05:30,4796.5405,4827.71801325,4753.3716355,2025-10-13 12:04:00+05:30,4827.71801325,SL,-4.0499999999999705,-3.2499999999999707,22.92129135131836,23.914817810058594,3.146061420440674,2.028396533671787,2.581926290348947,0.006223788590027148,0.5538193702697753,0.0,4827.71801325,-0.8099999999999941,-0.6499999999999941,50000.0,5.0,250000.0,-2024.9999999999852,-1624.9999999999854
2025-10-13,POLYMED,SHORT,A_PULLBACK_C2_THEN_BREAK_C2_LOW,MODERATE,2025-10-13 11:30:00+05:30,2025-10-13 12:00:00+05:30,1873.1253,1885.3006144499998,1856.2671722999999,2025-10-13 14:32:00+05:30,1856.2671722999999,TARGET,3.700000000000019,4.500000000000019,29.245044708251953,28.8420467376709,16.66666603088379,1.2629242869503732,1.9454811486993075,0.004273898957219161,0.51696147827506,0.0,1885.3006144499998,0.7400000000000038,0.9000000000000038,50000.0,5.0,250000.0,1850.0000000000093,2250.0000000000095
2025-10-13,ORCHPHARMA,SHORT,A_MOD_BREAK_C1_LOW,MODERATE,2025-10-13 11:45:00+05:30,2025-10-13 12:00:00+05:30,729.5040944091797,734.2458710228394,722.9385575594971,2025-10-13 15:30:00+05:30,730.9000244140625,EOD,-1.7567663948571193,-0.9567663948571193,34.87110900878906,29.48894691467285,9.271993637084961,1.5768077320592384,2.2440979872521214,0.00554494214164104,0.6590079882422026,0.0,734.2458710228394,-0.3513532789714239,-0.19135327897142387,50000.0,5.0,250000.0,-878.3831974285597,-478.3831974285597
2025-10-14,CAPACITE,SHORT,A_MOD_BREAK_C1_LOW,MODERATE,2025-10-14 10:15:00+05:30,2025-10-14 10:30:00+05:30,278.9442,280.7573373,276.4337022,2025-10-14 11:33:00+05:30,276.4337022,TARGET,3.699999999999993,4.499999999999993,24.552690505981445,30.792875289916992,41.66666793823242,1.264467093497042,2.1234438522522807,0.004999749220862049,0.44957209895170397,0.0,280.7573373,0.7399999999999987,0.8999999999999986,50000.0,5.0,250000.0,1849.9999999999966,2249.9999999999964
2025-10-14,GATEWAY,SHORT,A_MOD_BREAK_C1_LOW,MODERATE,2025-10-14 10:15:00+05:30,2025-10-14 10:30:00+05:30,59.1900016784668,59.574736689376834,58.657291663360596,2025-10-14 12:52:00+05:30,58.657291663360596,TARGET,3.700000000000024,4.500000000000024,44.994590759277344,24.097509384155273,17.619047164916992,1.9000581642945773,2.528180976500038,0.0032292320159349845,0.8674290401407112,0.0,59.574736689376834,0.7400000000000049,0.9000000000000048,50000.0,5.0,250000.0,1850.0000000000123,2250.000000000012
2025-10-14,JBMA,SHORT,A_MOD_BREAK_C1_LOW,MODERATE,2025-10-14 10:30:00+05:30,2025-10-14 10:45:00+05:30,638.8722,643.0248693,633.1223502,2025-10-14 15:30:00+05:30,637.7999877929688,EOD,0.039144516721240086,0.8391445167212399,20.150110244750977,27.606876373291016,7.130672454833984,2.1122281919383945,3.0232340494791665,0.0046918984758393765,0.5122516536712647,0.0,643.0248693,0.007828903344248017,0.167828903344248,50000.0,5.0,250000.0,19.572258360620044,419.57225836062
2025-10-14,BRIGADE,SHORT,A_MOD_BREAK_C1_LOW,MODERATE,2025-10-14 11:00:00+05:30,2025-10-14 11:15:00+05:30,922.7154444091797,928.7130947978393,914.4110054094971,2025-10-14 11:19:00+05:30,914.4110054094971,TARGET,3.6999999999999855,4.499999999999985,29.04021644592285,34.60298538208008,33.20109176635742,1.318760327945958,1.6882351830759235,0.004130908552464324,0.5107980632331817,0.0,928.7130947978393,0.7399999999999971,0.899999999999997,50000.0,5.0,250000.0,1849.9999999999927,2249.9999999999923
2025-10-14,EMCURE,SHORT,A_MOD_BREAK_C1_LOW,MODERATE,2025-10-14 11:00:00+05:30,2025-10-14 11:15:00+05:30,1352.4294111816407,1361.2202023543214,1340.2575464810059,2025-10-14 12:13:00+05:30,1340.2575464810059,TARGET,3.7000000000000286,4.500000000000028,25.33001708984375,28.313940048217773,9.987268447875977,1.4773105012880468,2.172432390724913,0.007214111113927,0.49847959407306436,0.0,1361.2202023543214,0.7400000000000058,0.9000000000000057,50000.0,5.0,250000.0,1850.0000000000143,2250.000000000014
2025-10-14,MAHABANK,SHORT,A_MOD_BREAK_C1_LOW,MODERATE,2025-10-14 11:00:00+05:30,2025-10-14 11:15:00+05:30,56.51000137329102,56.87731638221741,56.0014113609314,2025-10-14 14:55:00+05:30,56.87731638221741,SL,-4.049999999999985,-3.2499999999999845,21.374557495117188,28.946786880493164,4.761950492858887,2.0723599230436065,2.311348360124216,0.005127305021998919,0.5306183624267578,0.0,56.87731638221741,-0.809999999999997,-0.6499999999999969,50000.0,5.0,250000.0,-2024.9999999999925,-1624.9999999999923
2025-10-14,SCHAEFFLER,SHORT,A_MOD_BREAK_C1_LOW,MODERATE,2025-10-14 11:00:00+05:30,2025-10-14 11:15:00+05:30,3945.2108,3970.8546701999994,3909.7039028,2025-10-14 11:20:00+05:30,3909.7039028,TARGET,3.6999999999999886,4.499999999999989,57.3347053527832,14.466755867004395,7.540085315704346,2.0550108435661576,3.351233994871155,0.004180524513306406,0.96,0.0,3970.8546701999994,0.7399999999999978,0.8999999999999978,50000.0,5.0,250000.0,1849.9999999999945,2249.9999999999945
2025-10-14,CANBK,SHORT,A_MOD_BREAK_C1_LOW,MODERATE,2025-10-14 11:15:00+05:30,2025-10-14 11:30:00+05:30,125.50000305175782,126.31575307159423,124.37050302429199,2025-10-14 15:30:00+05:30,125.26000213623047,EOD,0.15617892307288286,0.9561789230728828,30.202993392944336,28.859880447387695,11.620709419250488,1.6087920085451117,2.031498544455395,0.004380727173040498,0.5945835023895596,0.0,126.31575307159423,0.031235784614576573,0.19123578461457655,50000.0,5.0,250000.0,78.08946153644143,478.0894615364413
2025-10-14,PNBHOUSING,SHORT,A_MOD_BREAK_C1_LOW,MODERATE,2025-10-14 11:15:00+05:30,2025-10-14 11:30:00+05:30,841.9815944091797,847.4544747728394,834.4037600594971,2025-10-14 12:51:00+05:30,834.4037600594971,TARGET,3.6999999999999753,4.499999999999975,28.56975746154785,30.939620971679688,9.535496711730957,1.7383587144961672,1.9583606916174217,0.00397179466543092,0.590677171540918,0.0,847.4544747728394,0.7399999999999951,0.899999999999995,50000.0,5.0,250000.0,1849.9999999999877,2249.9999999999877
2025-10-14,SUNPHARMA,SHORT,A_MOD_BREAK_C1_LOW,MODERATE,2025-10-14 11:30:00+05:30,2025-10-14 11:45:00+05:30,1652.6694,1663.4117511,1637.7953754,2025-10-14 15:30:00+05:30,1652.0999755859375,EOD,-0.6277258554970231,0.17227414450297682,26.987977981567383,32.26122283935547,17.226940155029297,1.201311663845755,1.6910308456393128,0.002815001953925541,0.45960075317848353,0.0,1663.4117511,-0.1255451710994046,0.03445482890059536,50000.0,5.0,250000.0,-313.86292774851154,86.1370722514884
2025-10-14,RPTECH,SHORT,A_MOD_BREAK_C1_LOW,MODERATE,2025-10-14 11:45:00+05:30,2025-10-14 12:00:00+05:30,325.9348,328.0533762,323.0013868,2025-10-14 12:50:00+05:30,323.0013868,TARGET,3.7000000000000286,4.500000000000028,33.50203323364258,23.98171615600586,10.993087768554688,1.9028157962315488,2.500273584898504,0.006741238990036972,0.6955232628451598,0.0,328.0533762,0.7400000000000058,0.9000000000000057,50000.0,5.0,250000.0,1850.0000000000143,2250.000000000014
2025-10-14,NBCC,SHORT,A_MOD_BREAK_C1_LOW,MODERATE,2025-10-14 12:30:00+05:30,2025-10-14 12:45:00+05:30,109.7999984741211,110.51369846420288,108.811798487854,2025-10-14 13:34:00+05:30,110.51369846420288,SL,-4.04999999999996,-3.24999999999996,26.574419021606445,17.89455795288086,3.470850944519043,3.3614796040291663,3.428230773522046,0.004648774885291714,0.6086162853240966,0.0,110.51369846420288,-0.8099999999999921,-0.649999999999992,50000.0,5.0,250000.0,-2024.99999999998,-1624.99999999998
2025-10-14,NCC,SHORT,A_MOD_BREAK_C1_LOW,MODERATE,2025-10-14 12:30:00+05:30,2025-10-14 12:45:00+05:30,203.84999389648436,205.1750188568115,202.015343951416,2025-10-14 15:30:00+05:30,203.91000366210938,EOD,-0.9471909919592258,-0.14719099195922591,37.0321044921875,12.588088989257812,6.212298393249512,2.895208819301151,3.2890935350633552,0.0036278070626583584,0.7654815673828124,0.0,205.1750188568115,-0.18943819839184517,-0.029438198391845184,50000.0,5.0,250000.0,-473.5954959796129,-73.59549597961296
2025-10-14,VTL,SHORT,A_MOD_BREAK_C1_LOW,MODERATE,2025-10-14 14:00:00+05:30,2025-10-14 14:15:00+05:30,389.12217220458984,391.65146632391964,385.6200726547485,2025-10-14 14:37:00+05:30,391.65146632391964,SL,-4.049999999999945,-3.2499999999999445,50.89840316772461,19.030113220214844,1.8474422693252563,4.559967388446251,3.5318823128385435,0.002679495786229861,0.96,0.0,391.65146632391964,-0.809999999999989,-0.6499999999999889,50000.0,5.0,250000.0,-2024.9999999999725,-1624.9999999999725
2025-10-15,LODHA,LONG,B_HUGE_C1_CLOSE_RECLAIM_BREAK,HUGE,2025-10-15 10:15:00+05:30,2025-10-15 10:45:00+05:30,1173.4345911621094,1166.9807009107178,1186.3423716648924,2025-10-15 10:58:00+05:30,1186.3423716648924,TARGET,4.699999999999912,5.499999999999911,25.498088836669922,72.06585693359375,84.6744613647461,1.4135235052193735,3.6116970687190744,0.005771748242924094,6.655591812166243,0.0,1166.9807009107178,0.9399999999999824,1.0999999999999823,50000.0,5.0,250000.0,2349.999999999956,2749.9999999999554
2025-10-15,COLPAL,LONG,B_HUGE_C1_CLOSE_RECLAIM_BREAK,HUGE,2025-10-15 11:00:00+05:30,2025-10-15 11:30:00+05:30,2234.146691162109,2221.8588843607176,2258.722304764892,2025-10-15 15:30:00+05:30,2228.0,EOD,-2.175623898471929,-1.3756238984719293,27.194787979125977,73.48662567138672,92.88032531738281,1.771325469290572,3.127423604694421,0.0028587870837015333,6.316569897954028,0.0,2221.8588843607176,-0.43512477969438584,-0.27512477969438587,50000.0,5.0,250000.0,-1087.8119492359644,-687.8119492359647
2025-10-15,ABSLAMC,LONG,B_HUGE_C1_CLOSE_RECLAIM_BREAK,HUGE,2025-10-15 12:15:00+05:30,2025-10-15 12:45:00+05:30,860.172,855.4410540000001,869.633892,2025-10-15 15:30:00+05:30,866.0,EOD,2.5876945541124186,3.387694554112418,28.196922302246094,61.26981735229492,69.02410888671875,1.7289116092421106,1.897068840462452,0.004368773726529853,5.352886570599167,0.0,855.4410540000001,0.5175389108224837,0.6775389108224836,50000.0,5.0,250000.0,1293.8472770562091,1693.847277056209
2025-10-15,ASHAPURMIN,LONG,B_HUGE_C1_CLOSE_RECLAIM_BREAK,HUGE,2025-10-15 12:15:00+05:30,2025-10-15 12:45:00+05:30,692.2383955810546,688.4310844053589,699.8530179324462,2025-10-15 13:15:00+05:30,688.4310844053589,SL,-3.5499999999999696,-2.74999999999997,30.222698211669922,74.633056640625,87.77275085449219,1.4363385399259996,3.0238396754164873,0.007172799608020413,6.234032587243413,0.0,688.4310844053589,-0.709999999999994,-0.5499999999999939,50000.0,5.0,250000.0,-1774.999999999985,-1374.9999999999848
2025-10-15,TATVA,LONG,B_HUGE_GREEN_PULLBACK_HOLD_THEN_BREAK,HUGE,2025-10-15 11:45:00+05:30,2025-10-15 13:15:00+05:30,1233.8466955810547,1227.060538755359,1247.4190092324461,2025-10-15 13:20:00+05:30,1247.4190092324461,TARGET,4.699999999999905,5.499999999999905,49.52102279663086,77.998779296875,85.13681030273438,1.4811203323148836,2.9484475741299536,0.019843221127247613,7.071714030347447,0.0,1227.060538755359,0.9399999999999811,1.099999999999981,50000.0,5.0,250000.0,2349.9999999999527,2749.9999999999527
2025-10-15,ONMOBILE,LONG,B_HUGE_GREEN_PULLBACK_HOLD_THEN_BREAK,HUGE,2025-10-15 13:00:00+05:30,2025-10-15 14:00:00+05:30,71.24999694824218,70.85812196502685,72.03374691467285,2025-10-15 14:01:00+05:30,72.03374691467285,TARGET,4.699999999999987,5.499999999999986,26.252531051635742,73.52796173095703,71.77731323242188,2.1713921567764642,2.8757275681100674,0.00743962224875211,7.271658450114927,0.0,70.85812196502685,0.9399999999999973,1.0999999999999972,50000.0,5.0,250000.0,2349.999999999993,2749.9999999999927
2025-10-15,GMBREW,LONG,B_HUGE_GREEN_PULLBACK_HOLD_THEN_BREAK,HUGE,2025-10-15 12:30:00+05:30,2025-10-15 14:15:00+05:30,1105.221,1099.1422845,1117.3784309999999,2025-10-15 14:16:00+05:30,1117.3784309999999,TARGET,4.699999999999937,5.499999999999937,49.52154541015625,80.6968994140625,91.71568298339844,2.956130080272144,2.727593069159315,0.021306367743208623,8.540888528948948,0.0,1099.1422845,0.9399999999999875,1.0999999999999874,50000.0,5.0,250000.0,2349.999999999969,2749.9999999999686
2025-10-16,ENDURANCE,LONG,B_HUGE_C1_CLOSE_RECLAIM_BREAK,HUGE,2025-10-16 10:00:00+05:30,2025-10-16 10:30:00+05:30,2902.7803911621095,2886.815099010718,2934.7109754648923,2025-10-16 13:20:00+05:30,2934.7109754648923,TARGET,4.699999999999928,5.499999999999928,34.135990142822266,85.20585632324219,94.78324890136719,1.4480790083357162,5.009153226228557,0.00549336230309106,8.445497279901721,0.0,2886.815099010718,0.9399999999999857,1.0999999999999857,50000.0,5.0,250000.0,2349.9999999999645,2749.999999999964
2025-10-16,INDIAGLYCO,LONG,B_HUGE_C1_CLOSE_RECLAIM_BREAK,HUGE,2025-10-16 10:00:00+05:30,2025-10-16 10:30:00+05:30,986.1972,980.7731154,997.0453691999999,2025-10-16 11:04:00+05:30,980.7731154,SL,-3.54999999999995,-2.74999999999995,29.63254165649414,69.84243774414062,82.39227294921875,1.307218103184709,2.855454685494146,0.006407559280705017,6.118586080127124,0.0,980.7731154,-0.70999999999999,-0.5499999999999899,50000.0,5.0,250000.0,-1774.999999999975,-1374.9999999999748
2025-10-16,MEDANTA,LONG,A_MOD_BREAK_C1_HIGH,MODERATE,2025-10-16 10:30:00+05:30,2025-10-16 10:45:00+05:30,1378.9756911621093,1371.3913248607178,1394.1444237648925,2025-10-16 11:27:00+05:30,1371.3913248607178,SL,-3.549999999999993,-2.749999999999994,22.48217010498047,75.49522399902344,96.20137023925781,1.9155272051398056,3.097795643702868,0.0037746767248922693,6.743604390622249,0.0,1371.3913248607178,-0.7099999999999986,-0.5499999999999987,50000.0,5.0,250000.0,-1774.9999999999966,-1374.9999999999968
2025-10-16,OLAELEC,LONG,B_HUGE_C1_CLOSE_RECLAIM_BREAK,HUGE,2025-10-16 10:30:00+05:30,2025-10-16 11:00:00+05:30,55.00000076293945,54.69750075874329,55.60500077133178,2025-10-16 15:30:00+05:30,55.380001068115234,EOD,2.654548180950563,3.454548180950563,61.720760345458984,87.71459197998047,82.6495590209961,2.2356082908470625,5.881119745869636,0.005745485250311823,10.809483503280543,0.0,54.69750075874329,0.5309096361901127,0.6909096361901126,50000.0,5.0,250000.0,1327.2740904752816,1727.2740904752816
2025-10-16,PDSL,LONG,A_MOD_BREAK_C1_HIGH,MODERATE,2025-10-16 13:00:00+05:30,2025-10-16 13:15:00+05:30,305.11099779052734,303.43288730267943,308.4672187662231,2025-10-16 13:16:00+05:30,308.4672187662231,TARGET,4.699999999999916,5.499999999999915,26.62652587890625,71.85213470458984,82.41436767578125,3.7915668791010937,2.4158081092673735,0.005957265969597256,8.128818322535407,0.0,303.43288730267943,0.9399999999999831,1.099999999999983,50000.0,5.0,250000.0,2349.9999999999577,2749.9999999999573
2025-10-16,APARINDS,LONG,B_HUGE_GREEN_PULLBACK_HOLD_THEN_BREAK,HUGE,2025-10-16 10:00:00+05:30,2025-10-16 14:15:00+05:30,8851.77,8803.085265000002,8949.13947,2025-10-16 14:49:00+05:30,8803.085265000002,SL,-3.5499999999999376,-2.749999999999938,28.385135650634766,84.07740783691406,90.952880859375,2.30570564228946,5.8630115301888175,0.005706075471023034,9.465002958399383,0.0,8803.085265000002,-0.7099999999999875,-0.5499999999999876,50000.0,5.0,250000.0,-1774.9999999999688,-1374.999999999969
2025-10-16,CENTURYPLY,LONG,B_HUGE_GREEN_PULLBACK_HOLD_THEN_BREAK,HUGE,2025-10-16 13:30:00+05:30,2025-10-16 14:30:00+05:30,757.9515477905273,753.7828142776794,766.289014816223,2025-10-16 15:10:00+05:30,766.289014816223,TARGET,4.699999999999917,5.4999999999999165,20.620777130126953,70.70368194580078,76.90116882324219,4.006415569874848,2.878457526290205,0.004478227859766931,8.90953361357339,0.0,753.7828142776794,0.9399999999999833,1.0999999999999832,50000.0,5.0,250000.0,2349.999999999958,2749.999999999958
2025-10-17,ESABINDIA,LONG,B_HUGE_C1_CLOSE_RECLAIM_BREAK,HUGE,2025-10-17 10:30:00+05:30,2025-10-17 11:00:00+05:30,4982.296064648437,4954.893436292871,5037.10132135957,2025-10-17 15:12:00+05:30,4954.893436292871,SL,-3.5499999999999456,-2.749999999999946,48.33424758911133,74.90459442138672,87.90670013427734,1.5818727681043336,4.016926051929522,0.0035417967971177753,8.35001875408913,0.0,4954.893436292871,-0.7099999999999891,-0.5499999999999892,50000.0,5.0,250000.0,-1774.9999999999727,-1374.9999999999727
2025-10-17,PARAS,LONG,B_HUGE_GREEN_PULLBACK_HOLD_THEN_BREAK,HUGE,2025-10-17 11:45:00+05:30,2025-10-17 12:45:00+05:30,712.6924977905273,708.7726890526794,720.5321152662231,2025-10-17 13:20:00+05:30,708.7726890526794,SL,-3.550000000000011,-2.7500000000000107,21.198532104492188,67.30756378173828,68.1305160522461,1.327902433970113,1.5434161171267353,0.006856382955390669,4.658464532727243,0.0,708.7726890526794,-0.7100000000000022,-0.5500000000000022,50000.0,5.0,250000.0,-1775.0000000000055,-1375.0000000000052
2025-10-17,BRITANNIA,LONG,B_HUGE_GREEN_PULLBACK_HOLD_THEN_BREAK,HUGE,2025-10-17 10:30:00+05:30,2025-10-17 13:30:00+05:30,6141.228,6107.4512460000005,6208.781507999999,2025-10-17 14:05:00+05:30,6107.4512460000005,SL,-3.549999999999962,-2.749999999999962,53.32518005371094,81.46436309814453,95.0457534790039,1.8759304180352354,4.1909081667142996,0.004422297391535031,8.433008837015675,0.0,6107.4512460000005,-0.7099999999999924,-0.5499999999999924,50000.0,5.0,250000.0,-1774.9999999999811,-1374.9999999999811
2025-10-20,EQUITASBNK,LONG,B_HUGE_GREEN_PULLBACK_HOLD_THEN_BREAK,HUGE,2025-10-20 10:15:00+05:30,2025-10-20 12:15:00+05:30,57.71999816894531,57.40253817901611,58.354918148803705,2025-10-20 12:35:00+05:30,58.354918148803705,TARGET,4.699999999999974,5.499999999999973,35.13859939575195,85.37310791015625,73.5323715209961,1.257702471922946,3.5181317781099803,0.005123470750862028,6.961748190431262,0.0,57.40253817901611,0.9399999999999948,1.0999999999999948,50000.0,5.0,250000.0,2349.9999999999873,2749.999999999987
2025-10-20,IEX,LONG,B_HUGE_C1_CLOSE_RECLAIM_BREAK,HUGE,2025-10-20 12:30:00+05:30,2025-10-20 13:00:00+05:30,136.7600067138672,136.00782667694094,138.26436678771972,2025-10-20 14:40:00+05:30,138.26436678771972,TARGET,4.699999999999945,5.499999999999945,31.96966552734375,73.73159790039062,88.72486877441406,3.032443669004292,2.7347798020436533,0.00470756336454329,8.135904804010385,0.0,136.00782667694094,0.9399999999999891,1.099999999999989,50000.0,5.0,250000.0,2349.9999999999727,2749.9999999999727
2025-10-20,SURYODAY,LONG,B_HUGE_GREEN_PULLBACK_HOLD_THEN_BREAK,HUGE,2025-10-20 12:45:00+05:30,2025-10-20 13:45:00+05:30,148.99000244140626,148.17055742797854,150.6288924682617,2025-10-20 15:30:00+05:30,148.50999450683594,EOD,-2.4108729669935336,-1.6108729669935338,40.646976470947266,79.56198120117188,74.71638488769531,2.2587443787661625,2.5276773189232067,0.010226296567416361,7.342634346718507,0.0,148.17055742797854,-0.4821745933987067,-0.32217459339870674,50000.0,5.0,250000.0,-1205.4364834967669,-805.4364834967669
2025-10-20,PVRINOX,LONG,B_HUGE_C1_CLOSE_RECLAIM_BREAK,HUGE,2025-10-20 13:15:00+05:30,2025-10-20 13:45:00+05:30,1152.7305,1146.3904822499999,1165.4105354999997,2025-10-20 15:30:00+05:30,1157.9000244140625,EOD,1.4422953214400973,2.242295321440097,34.3675422668457,73.35630798339844,82.56129455566406,2.7810997750128172,4.0588471098438195,0.007647978975043638,8.899462420331842,0.0,1146.3904822499999,0.2884590642880195,0.44845906428801946,50000.0,5.0,250000.0,721.1476607200486,1121.1476607200486
2025-10-20,GSLSU,LONG,B_HUGE_GREEN_PULLBACK_HOLD_THEN_BREAK,HUGE,2025-10-20 12:45:00+05:30,2025-10-20 14:00:00+05:30,106.03999786376953,105.4567778755188,107.20643784027098,2025-10-20 14:02:00+05:30,107.20643784027098,TARGET,4.6999999999999345,5.499999999999934,30.369443893432617,78.7418441772461,75.89891052246094,1.5072405570810743,4.389495576460953,0.017700004577636718,7.59402360928031,0.0,105.4567778755188,0.9399999999999868,1.0999999999999868,50000.0,5.0,250000.0,2349.9999999999673,2749.999999999967
2025-10-20,GICHSGFIN,LONG,B_HUGE_C1_CLOSE_RECLAIM_BREAK,HUGE,2025-10-20 13:30:00+05:30,2025-10-20 14:00:00+05:30,173.13999633789064,172.18772635803225,175.0445362976074,2025-10-20 15:06:00+05:30,172.18772635803225,SL,-3.5499999999999634,-2.7499999999999636,22.01652717590332,69.03438568115234,93.7762451171875,2.154486870350552,2.166155960056525,0.005100548523351352,5.9043659887842415,0.0,172.18772635803225,-0.7099999999999926,-0.5499999999999927,50000.0,5.0,250000.0,-1774.9999999999816,-1374.9999999999818
2025-10-23,BANKINDIA,LONG,A_MOD_BREAK_C1_HIGH,MODERATE,2025-10-23 10:00:00+05:30,2025-10-23 10:15:00+05:30,133.4199951171875,132.68618514404298,134.88761506347657,2025-10-23 10:19:00+05:30,134.88761506347657,TARGET,4.699999999999999,5.499999999999999,54.06322479248047,79.56210327148438,96.54369354248047,1.7392334379221601,4.52039189426338,0.004788713342963631,8.405923548143859,0.0,132.68618514404298,0.94,1.0999999999999999,50000.0,5.0,250000.0,2349.9999999999995,2750.0
2025-10-23,IDBI,LONG,B_HUGE_C1_CLOSE_RECLAIM_BREAK,HUGE,2025-10-23 10:00:00+05:30,2025-10-23 10:30:00+05:30,96.67000274658203,96.13831773147584,97.73337277679443,2025-10-23 11:28:00+05:30,96.13831773147584,SL,-3.54999999999995,-2.74999999999995,41.32494354248047,75.43238067626953,76.97238159179688,0.6029110643406475,3.4544116807580822,0.00622468400433759,5.989371864979305,0.0,96.13831773147584,-0.70999999999999,-0.5499999999999899,50000.0,5.0,250000.0,-1774.999999999975,-1374.9999999999748
2025-10-23,MANGLMCEM,LONG,B_HUGE_C1_CLOSE_RECLAIM_BREAK,HUGE,2025-10-23 10:15:00+05:30,2025-10-23 10:45:00+05:30,810.2619955810546,805.8055546053589,819.1748775324462,2025-10-23 10:47:00+05:30,819.1748775324462,TARGET,4.69999999999998,5.49999999999998,45.593414306640625,87.70867156982422,90.18204498291016,1.8946848413402877,4.89253517888962,0.010743821348638157,9.568985401938791,0.0,805.8055546053589,0.939999999999996,1.0999999999999959,50000.0,5.0,250000.0,2349.9999999999895,2749.99999999999
2025-10-23,KIRLOSIND,LONG,B_HUGE_GREEN_PULLBACK_HOLD_THEN_BREAK,HUGE,2025-10-23 10:45:00+05:30,2025-10-23 12:00:00+05:30,3960.0919088378905,3938.311403339282,4003.652919835107,2025-10-23 14:46:00+05:30,3938.311403339282,SL,-3.5499999999999954,-2.7499999999999956,25.4537410736084,70.02864837646484,70.31192779541016,1.4582412742097683,2.5768272081854358,0.004584082591382763,5.613475776801243,0.0,3938.311403339282,-0.7099999999999991,-0.5499999999999992,50000.0,5.0,250000.0,-1774.9999999999977,-1374.999999999998
2025-10-23,ELECON,LONG,B_HUGE_GREEN_PULLBACK_HOLD_THEN_BREAK,HUGE,2025-10-23 10:15:00+05:30,2025-10-23 13:00:00+05:30,570.0140044189453,566.8789273946411,576.2841584675537,2025-10-23 14:09:00+05:30,566.8789273946411,SL,-3.550000000000021,-2.7500000000000213,22.58955955505371,79.03751373291016,78.98217010498047,2.24073559863313,3.6024911778560127,0.007327467408751419,7.310941044555699,0.0,566.8789273946411,-0.7100000000000042,-0.5500000000000043,50000.0,5.0,250000.0,-1775.0000000000105,-1375.0000000000107
2025-10-23,DBOL,LONG,B_HUGE_C1_CLOSE_RECLAIM_BREAK,HUGE,2025-10-23 12:30:00+05:30,2025-10-23 13:00:00+05:30,80.59000091552734,80.14675591049195,81.47649092559813,2025-10-23 13:17:00+05:30,80.14675591049195,SL,-3.5499999999999576,-2.7499999999999583,40.250511169433594,71.07059478759766,78.159423828125,1.9422546761318087,2.253983213943175,0.007742370925262532,6.637870911760757,0.0,80.14675591049195,-0.7099999999999915,-0.5499999999999916,50000.0,5.0,250000.0,-1774.9999999999789,-1374.999999999979
2025-10-24,AURIONPRO,SHORT,A_MOD_BREAK_C1_LOW,MODERATE,2025-10-24 10:15:00+05:30,2025-10-24 10:30:00+05:30,1159.5680888183595,1167.1052813956787,1149.1319760189942,2025-10-24 15:30:00+05:30,1167.1052813956787,SL,-4.049999999999974,-3.2499999999999734,27.0560359954834,24.9318904876709,8.566723823547363,0.820657737527816,3.2787725939676515,0.005167951263506591,0.4094556439996188,0.0,1167.1052813956787,-0.8099999999999947,-0.6499999999999947,50000.0,5.0,250000.0,-2024.9999999999868,-1624.9999999999866
2025-10-24,DALBHARAT,SHORT,A_MOD_BREAK_C1_LOW,MODERATE,2025-10-24 10:15:00+05:30,2025-10-24 10:30:00+05:30,2109.6780776367186,2123.3909851413573,2090.6909749379884,2025-10-24 11:35:00+05:30,2090.6909749379884,TARGET,3.699999999999953,4.499999999999953,33.88975524902344,24.479768753051758,5.073415756225586,0.7324630778667155,3.049544525697048,0.00400263746252197,0.4965273673620268,0.0,2123.3909851413573,0.7399999999999907,0.8999999999999906,50000.0,5.0,250000.0,1849.9999999999766,2249.9999999999764
2025-10-24,AEGISLOG,SHORT,A_MOD_BREAK_C1_LOW,MODERATE,2025-10-24 10:30:00+05:30,2025-10-24 10:45:00+05:30,794.4410555908203,799.6049224521605,787.2910860905029,2025-10-24 13:49:00+05:30,787.2910860905029,TARGET,3.700000000000018,4.500000000000018,38.01195526123047,35.5160026550293,43.49486541748047,0.7810547659391676,1.3529813358792826,0.0037220686906572283,0.5345129797517755,0.0,799.6049224521605,0.7400000000000035,0.9000000000000036,50000.0,5.0,250000.0,1850.0000000000089,2250.000000000009
2025-10-24,IOLCP,SHORT,A_MOD_BREAK_C1_LOW,MODERATE,2025-10-24 10:30:00+05:30,2025-10-24 10:45:00+05:30,93.5499984741211,94.15807346420289,92.708048487854,2025-10-24 13:16:00+05:30,92.708048487854,TARGET,3.700000000000033,4.500000000000033,20.65959930419922,28.104978561401367,2.82619571685791,1.6168038224308063,2.797640605836272,0.004453321319263004,0.4528346584883794,0.0,94.15807346420289,0.7400000000000067,0.9000000000000066,50000.0,5.0,250000.0,1850.0000000000166,2250.0000000000164
2025-10-24,PNBGILTS,SHORT,A_MOD_BREAK_C1_LOW,MODERATE,2025-10-24 10:30:00+05:30,2025-10-24 10:45:00+05:30,90.07000274658203,90.65545776443481,89.25937272186279,2025-10-24 15:30:00+05:30,90.37999725341797,EOD,-2.5208532107416772,-1.720853210741677,31.103471755981445,20.919111251831055,11.736659049987793,1.5622894468456268,3.127523552785612,0.0041271302622474335,0.5999527295377063,0.0,90.65545776443481,-0.5041706421483354,-0.34417064214833537,50000.0,5.0,250000.0,-1260.4266053708386,-860.4266053708384
2025-10-24,VIPIND,SHORT,A_MOD_BREAK_C1_LOW,MODERATE,2025-10-24 12:30:00+05:30,2025-10-24 12:45:00+05:30,424.915,427.6769475,421.09076500000003,2025-10-24 15:17:00+05:30,427.6769475,SL,-4.049999999999956,-3.2499999999999556,44.20616149902344,27.92966651916504,36.35874557495117,1.270398027018146,1.7228186703276531,0.005736130675731302,0.7315530107299097,0.0,427.6769475,-0.8099999999999912,-0.6499999999999911,50000.0,5.0,250000.0,-2024.9999999999777,-1624.9999999999777
2025-10-24,JINDALSAW,SHORT,A_MOD_BREAK_C1_LOW,MODERATE,2025-10-24 13:00:00+05:30,2025-10-24 13:15:00+05:30,182.84999389648436,184.0385188568115,181.204343951416,2025-10-24 13:35:00+05:30,181.204343951416,TARGET,3.699999999999993,4.499999999999993,22.142820358276367,25.082494735717773,1.8065321445465088,3.294456676326863,2.978811274421512,0.004113965021456526,0.5421423053741454,0.0,184.0385188568115,0.7399999999999987,0.8999999999999986,50000.0,5.0,250000.0,1849.9999999999966,2249.9999999999964
2025-10-24,FUSION,SHORT,A_PULLBACK_C2_THEN_BREAK_C2_LOW,MODERATE,2025-10-24 13:00:00+05:30,2025-10-24 13:30:00+05:30,180.64000244140624,181.81416245727536,179.01424241943357,2025-10-24 14:01:00+05:30,181.81416245727536,SL,-4.049999999999942,-3.2499999999999423,21.722515106201172,28.22978973388672,8.839842796325684,2.5858005392425536,2.9502120788947086,0.004993126248394544,0.5358377265930176,0.0,181.81416245727536,-0.8099999999999885,-0.6499999999999885,50000.0,5.0,250000.0,-2024.9999999999714,-1624.9999999999711
2025-10-24,MINDACORP,SHORT,A_MOD_BREAK_C1_LOW,MODERATE,2025-10-24 13:15:00+05:30,2025-10-24 13:30:00+05:30,566.0867722045898,569.7663362239197,560.9919912547485,2025-10-24 15:30:00+05:30,565.7999877929688,EOD,-0.5466957137117051,0.2533042862882948,20.423259735107422,34.85017776489258,19.540374755859375,1.4413336369782905,1.2797568426978618,0.004610722237373365,0.38257012463270523,0.0,569.7663362239197,-0.10933914274234102,0.05066085725765896,50000.0,5.0,250000.0,-273.34785685585257,126.6521431441474
2025-10-24,SURYAROSNI,SHORT,A_MOD_BREAK_C1_LOW,MODERATE,2025-10-24 13:30:00+05:30,2025-10-24 13:45:00+05:30,262.5474861022949,264.2540447619598,260.1845587273742,2025-10-24 13:46:00+05:30,260.1845587273742,TARGET,3.7000000000000366,4.500000000000036,30.211885452270508,26.325111389160156,24.34501075744629,2.471522909408398,2.5469167578621774,0.006345282438669654,0.6631782817840575,0.0,264.2540447619598,0.7400000000000073,0.9000000000000072,50000.0,5.0,250000.0,1850.0000000000182,2250.000000000018
2025-10-24,WOCKPHARMA,SHORT,A_MOD_BREAK_C1_LOW,MODERATE,2025-10-24 13:45:00+05:30,2025-10-24 14:00:00+05:30,1326.4346111816405,1335.056436154321,1314.4966996810058,2025-10-24 15:30:00+05:30,1331.199951171875,EOD,-2.596296609747426,-1.7962966097474258,35.22395706176758,19.739309310913086,6.731019020080566,3.128079625869214,3.2082732079352057,0.003067683036148707,0.7383593559265136,0.0,1335.056436154321,-0.5192593219494852,-0.3592593219494852,50000.0,5.0,250000.0,-1298.148304873713,-898.148304873713
2025-10-27,COROMANDEL,LONG,B_HUGE_C1_CLOSE_RECLAIM_BREAK,HUGE,2025-10-27 10:00:00+05:30,2025-10-27 10:30:00+05:30,2224.344682324219,2212.1107865714357,2248.812473829785,2025-10-27 15:21:00+05:30,2248.812473829785,TARGET,4.699999999999979,5.499999999999979,27.55385398864746,77.78495025634766,86.91554260253906,0.9279432174744624,3.3379604167559824,0.0077020514814645676,5.936675386634883,0.0,2212.1107865714357,0.9399999999999957,1.0999999999999956,50000.0,5.0,250000.0,2349.999999999989,2749.999999999989
2025-10-27,SFL,LONG,B_HUGE_C1_CLOSE_RECLAIM_BREAK,HUGE,2025-10-27 10:00:00+05:30,2025-10-27 10:30:00+05:30,682.6864977905274,678.9317220526794,690.1960492662231,2025-10-27 15:21:00+05:30,678.9317220526794,SL,-3.5500000000000154,-2.750000000000015,24.00299644470215,75.6373519897461,57.09366226196289,0.6609741603568747,2.256050664658147,0.0042958578568267495,4.982693743515119,0.0,678.9317220526794,-0.7100000000000031,-0.550000000000003,50000.0,5.0,250000.0,-1775.0000000000077,-1375.0000000000075
2025-10-27,FEDERALBNK,LONG,B_HUGE_C1_CLOSE_RECLAIM_BREAK,HUGE,2025-10-27 10:30:00+05:30,2025-10-27 11:00:00+05:30,234.55,233.25997500000003,237.13004999999998,2025-10-27 15:30:00+05:30,233.82000732421875,EOD,-2.3561557786852725,-1.5561557786852727,22.4202938079834,77.27044677734375,97.02439880371094,2.2651593150867275,4.325155199931539,0.005013704299926758,8.315253509436022,0.0,233.25997500000003,-0.4712311557370545,-0.3112311557370545,50000.0,5.0,250000.0,-1178.0778893426364,-778.0778893426362
2025-10-27,FIEMIND,LONG,B_HUGE_GREEN_PULLBACK_HOLD_THEN_BREAK,HUGE,2025-10-27 10:00:00+05:30,2025-10-27 11:15:00+05:30,2080.416,2068.9737120000004,2103.300576,2025-10-27 11:42:00+05:30,2103.300576,TARGET,4.6999999999999815,5.499999999999981,30.904062271118164,76.38056945800781,79.94465637207031,1.3840818762021636,3.2913341199753505,0.006672187729673687,7.053916490416041,0.0,2068.9737120000004,0.9399999999999964,1.0999999999999963,50000.0,5.0,250000.0,2349.999999999991,2749.999999999991
2025-10-27,CESC,LONG,B_HUGE_GREEN_PULLBACK_HOLD_THEN_BREAK,HUGE,2025-10-27 11:00:00+05:30,2025-10-27 12:00:00+05:30,181.38999633789064,180.39235135803224,183.38528629760742,2025-10-27 15:04:00+05:30,180.39235135803224,SL,-3.5499999999999843,-2.749999999999984,53.61377716064453,74.25933074951172,74.6480941772461,1.587285168276341,2.0913748546410718,0.0063707057130642395,6.172350447460873,0.0,180.39235135803224,-0.7099999999999969,-0.5499999999999968,50000.0,5.0,250000.0,-1774.999999999992,-1374.999999999992
2025-10-27,NAVNETEDUL,LONG,B_HUGE_C1_CLOSE_RECLAIM_BREAK,HUGE,2025-10-27 11:45:00+05:30,2025-10-27 12:15:00+05:30,160.87000732421876,159.98522228393557,162.63957740478514,2025-10-27 12:16:00+05:30,162.63957740478514,TARGET,4.699999999999925,5.499999999999924,33.656185150146484,60.610694885253906,46.291255950927734,1.1007136350723852,1.0850996060161637,0.0077193822939892786,4.322115063013074,0.0,159.98522228393557,0.9399999999999848,1.0999999999999848,50000.0,5.0,250000.0,2349.999999999962,2749.9999999999623
2025-10-27,HERITGFOOD,LONG,B_HUGE_GREEN_PULLBACK_HOLD_THEN_BREAK,HUGE,2025-10-27 11:45:00+05:30,2025-10-27 12:45:00+05:30,488.7477238952637,486.0596114138398,494.12394885811153,2025-10-27 12:46:00+05:30,494.12394885811153,TARGET,4.699999999999955,5.499999999999955,32.4333381652832,66.5855484008789,63.55305480957031,2.5332596850518674,1.710344961981085,0.003740768883559722,6.726588928317031,0.0,486.0596114138398,0.9399999999999911,1.099999999999991,50000.0,5.0,250000.0,2349.9999999999777,2749.9999999999773
2025-10-27,SWSOLAR,LONG,B_HUGE_GREEN_PULLBACK_HOLD_THEN_BREAK,HUGE,2025-10-27 12:15:00+05:30,2025-10-27 13:30:00+05:30,231.7499969482422,230.47537196502688,234.29924691467284,2025-10-27 15:30:00+05:30,232.10000610351562,EOD,-0.04485618148336937,0.7551438185166305,23.250350952148438,75.42862701416016,83.2895278930664,2.268312242456152,2.7888341912835086,0.0060194220229131375,6.983721746732979,0.0,230.47537196502688,-0.008971236296673873,0.1510287637033261,50000.0,5.0,250000.0,-22.428090741684684,377.57190925831526
2025-10-27,GMMPFAUDLR,LONG,B_HUGE_C1_CLOSE_RECLAIM_BREAK,HUGE,2025-10-27 14:00:00+05:30,2025-10-27 14:30:00+05:30,1215.7431,1209.05651295,1229.1162740999998,2025-10-27 15:30:00+05:30,1212.800048828125,EOD,-2.0103918878400022,-1.2103918878400022,32.48101806640625,75.44754791259766,78.20098114013672,1.4977586461518189,4.418252056561479,0.004507276267487539,7.499686449952655,0.0,1209.05651295,-0.4020783775680004,-0.24207837756800044,50000.0,5.0,250000.0,-1005.1959439200009,-605.1959439200011
2025-10-28,BSE,SHORT,A_MOD_BREAK_C1_LOW,MODERATE,2025-10-28 11:00:00+05:30,2025-10-28 11:15:00+05:30,2429.514,2445.305841,2407.648374,2025-10-28 14:39:00+05:30,2407.648374,TARGET,3.700000000000051,4.500000000000051,28.06212615966797,23.37019157409668,2.2590789794921875,2.738072065035348,3.629501995638572,0.00512638602237152,0.6309318923950196,0.0,2445.305841,0.7400000000000102,0.9000000000000101,50000.0,5.0,250000.0,1850.0000000000255,2250.0000000000255
2025-10-28,ADANIENSOL,SHORT,A_MOD_BREAK_C1_LOW,MODERATE,2025-10-28 11:15:00+05:30,2025-10-28 11:30:00+05:30,924.3151,930.32314815,915.9962641000001,2025-10-28 15:30:00+05:30,923.0,EOD,-0.08860839772063131,0.7113916022793686,29.813892364501953,26.109027862548828,9.239968299865723,1.7622976483765964,2.4828500018275896,0.005400382262182408,0.6156104739334336,0.0,930.32314815,-0.017721679544126262,0.1422783204558737,50000.0,5.0,250000.0,-44.30419886031565,355.69580113968425
2025-10-28,SHANKARA,LONG,B_HUGE_GREEN_PULLBACK_HOLD_THEN_BREAK,HUGE,2025-10-28 13:15:00+05:30,2025-10-28 14:15:00+05:30,139.4999969482422,138.73274696502688,141.03449691467284,2025-10-28 15:30:00+05:30,139.5,EOD,-0.7999890617997565,1.0938200243343341e-05,37.96163558959961,78.75102996826172,93.29248046875,4.794122692315358,5.0215932837072295,0.0053914091282132055,12.412890772539136,0.0,138.73274696502688,-0.1599978123599513,2.187640048668668e-06,50000.0,5.0,250000.0,-399.99453089987827,0.00546910012167167
2025-10-28,QUICKHEAL,SHORT,A_MOD_BREAK_C1_LOW,MODERATE,2025-10-28 14:00:00+05:30,2025-10-28 14:15:00+05:30,318.4363,320.50613595,315.5703733,2025-10-28 15:30:00+05:30,317.5,EOD,0.6701527432645351,1.470152743264535,23.535926818847656,25.858896255493164,6.191823959350586,3.5806276732123665,3.422122189028532,0.003173369627732497,0.5630389022827149,0.0,320.50613595,0.13403054865290703,0.294030548652907,50000.0,5.0,250000.0,335.0763716322676,735.0763716322675
2025-10-28,SFL,SHORT,A_MOD_BREAK_C1_LOW,MODERATE,2025-10-28 14:00:00+05:30,2025-10-28 14:15:00+05:30,668.4162777954101,672.7609836010803,662.4005312952514,2025-10-28 15:30:00+05:30,667.6500244140625,EOD,-0.2268142422601605,0.5731857577398394,48.482025146484375,28.326143264770508,11.296613693237305,2.502003768399381,2.517391979837387,0.0026429252783354493,0.9372303771972657,0.0,672.7609836010803,-0.045362848452032103,0.11463715154796787,50000.0,5.0,250000.0,-113.40712113008026,286.5928788699197
2025-10-28,TORNTPOWER,SHORT,A_MOD_BREAK_C1_LOW,MODERATE,2025-10-28 14:00:00+05:30,2025-10-28 14:15:00+05:30,1272.7454,1281.0182451,1261.2906914,2025-10-28 15:21:00+05:30,1281.0182451,SL,-4.050000000000016,-3.2500000000000155,43.604759216308594,17.35755157470703,1.3848309516906738,3.3254321905790207,3.911556804483328,0.004581353387336044,0.8640713882446289,0.0,1281.0182451,-0.8100000000000032,-0.6500000000000031,50000.0,5.0,250000.0,-2025.0000000000077,-1625.0000000000077
2025-10-29,RHIM,LONG,B_HUGE_C1_CLOSE_RECLAIM_BREAK,HUGE,2025-10-29 10:15:00+05:30,2025-10-29 10:45:00+05:30,460.6921261047363,458.1583194111603,465.75973949188835,2025-10-29 11:49:00+05:30,465.75973949188835,TARGET,4.699999999999948,5.499999999999947,20.24737548828125,79.96818542480469,82.9831771850586,0.9371402814674813,3.7554772889537533,0.006125541051773806,6.259718830423004,0.0,458.1583194111603,0.9399999999999895,1.0999999999999894,50000.0,5.0,250000.0,2349.9999999999736,2749.999999999973
2025-10-29,ADANIENT,LONG,B_HUGE_C1_CLOSE_RECLAIM_BREAK,HUGE,2025-10-29 10:45:00+05:30,2025-10-29 11:15:00+05:30,2468.8935823242186,2455.3146676214355,2496.051411729785,2025-10-29 11:18:00+05:30,2496.051411729785,TARGET,4.699999999999957,5.499999999999956,24.419157028198242,77.23429107666016,89.34517669677734,1.5489165006352263,3.210048336884485,0.004818057184558214,6.594448660089196,0.0,2455.3146676214355,0.9399999999999913,1.0999999999999912,50000.0,5.0,250000.0,2349.9999999999786,2749.999999999978
2025-10-29,PATANJALI,LONG,B_HUGE_GREEN_PULLBACK_HOLD_THEN_BREAK,HUGE,2025-10-29 10:15:00+05:30,2025-10-29 11:45:00+05:30,600.8201522094727,597.5156413723206,607.4291738837768,2025-10-29 15:30:00+05:30,604.9000244140625,EOD,2.5952524641412222,3.3952524641412225,28.5888729095459,74.02857971191406,81.08992767333984,1.111356410097063,2.730272538942288,0.00368213534503552,5.9875603076208925,0.0,597.5156413723206,0.5190504928282444,0.6790504928282445,50000.0,5.0,250000.0,1297.626232070611,1697.6262320706112
2025-10-29,AJANTPHARM,LONG,B_HUGE_GREEN_PULLBACK_HOLD_THEN_BREAK,HUGE,2025-10-29 11:00:00+05:30,2025-10-29 13:00:00+05:30,2445.1888911621095,2431.740352260718,2472.0859689648923,2025-10-29 15:30:00+05:30,2456.89990234375,EOD,1.5947048066447533,2.394704806644753,30.185625076293945,76.92847442626953,92.77299499511719,2.592657294107782,3.7928355855285627,0.0037767825156895447,8.304635840736955,0.0,2431.740352260718,0.31894096132895067,0.47894096132895064,50000.0,5.0,250000.0,797.3524033223766,1197.3524033223766
2025-10-29,LUPIN,LONG,B_HUGE_GREEN_PULLBACK_HOLD_THEN_BREAK,HUGE,2025-10-29 11:00:00+05:30,2025-10-29 13:15:00+05:30,1951.4901955810546,1940.7569995053589,1972.956587732446,2025-10-29 15:30:00+05:30,1956.199951171875,EOD,0.4067074693700998,1.2067074693700997,37.50900650024414,78.41329193115234,89.65570831298828,1.8265559410173615,2.9581985495044387,0.004243316045470878,7.337350681959149,0.0,1940.7569995053589,0.08134149387401995,0.24134149387401993,50000.0,5.0,250000.0,203.3537346850499,603.3537346850499
2025-10-29,JKIL,LONG,B_HUGE_GREEN_PULLBACK_HOLD_THEN_BREAK,HUGE,2025-10-29 12:15:00+05:30,2025-10-29 13:15:00+05:30,646.1292,642.5754894,653.2366212,2025-10-29 15:30:00+05:30,652.0,EOD,3.7430542374497477,4.543054237449748,51.68382263183594,79.31682586669922,81.4882583618164,2.1925967400030433,3.0414229552000656,0.006768424053398947,8.381496731216439,0.0,642.5754894,0.7486108474899495,0.9086108474899496,50000.0,5.0,250000.0,1871.5271187248738,2271.527118724874
2025-10-29,HARSHA,LONG,B_HUGE_GREEN_PULLBACK_HOLD_THEN_BREAK,HUGE,2025-10-29 10:30:00+05:30,2025-10-29 13:30:00+05:30,410.082,407.826549,414.5929019999999,2025-10-29 14:43:00+05:30,407.826549,SL,-3.549999999999992,-2.7499999999999925,20.014358520507812,71.2274169921875,85.14958953857422,1.4649136693378946,2.862497568850637,0.004531511101004293,5.958470935336765,0.0,407.826549,-0.7099999999999984,-0.5499999999999985,50000.0,5.0,250000.0,-1774.999999999996,-1374.9999999999961
2025-10-29,RAJRATAN,LONG,B_HUGE_C1_CLOSE_RECLAIM_BREAK,HUGE,2025-10-29 13:00:00+05:30,2025-10-29 13:30:00+05:30,396.02920220947266,393.8510415973206,400.3855234337768,2025-10-29 13:31:00+05:30,400.3855234337768,TARGET,4.69999999999996,5.499999999999959,21.340513229370117,66.51266479492188,57.55710220336914,2.5810667179864546,2.1597160899993812,0.005944103462833607,6.7254088448381335,0.0,393.8510415973206,0.939999999999992,1.0999999999999919,50000.0,5.0,250000.0,2349.9999999999795,2749.99999999998
2025-10-29,HSCL,LONG,B_HUGE_C1_CLOSE_RECLAIM_BREAK,HUGE,2025-10-29 13:15:00+05:30,2025-10-29 13:45:00+05:30,481.5963,478.94752035,486.8938592999999,2025-10-29 13:57:00+05:30,486.8938592999999,TARGET,4.69999999999993,5.499999999999929,31.547760009765625,72.44635009765625,76.36553192138672,1.4497310282353097,2.4470339494718534,0.004695148111503815,6.008771144558487,0.0,478.94752035,0.939999999999986,1.0999999999999859,50000.0,5.0,250000.0,2349.999999999965,2749.9999999999645
2025-10-29,RECLTD,LONG,B_HUGE_GREEN_PULLBACK_HOLD_THEN_BREAK,HUGE,2025-10-29 11:15:00+05:30,2025-10-29 14:30:00+05:30,384.17682610473634,382.06385356116033,388.4027711918884,2025-10-29 15:30:00+05:30,388.20001220703125,EOD,4.436112421312592,5.236112421312592,31.298206329345703,82.1111068725586,89.00965118408203,2.3790848922080947,4.218590114264466,0.005399499662439518,8.997282583277107,0.0,382.06385356116033,0.8872224842625185,1.0472224842625184,50000.0,5.0,250000.0,2218.056210656296,2618.056210656296
2025-10-29,PVRINOX,LONG,B_HUGE_C1_CLOSE_RECLAIM_BREAK,HUGE,2025-10-29 14:00:00+05:30,2025-10-29 14:30:00+05:30,1226.2452,1219.5008514,1239.7338972,2025-10-29 15:30:00+05:30,1231.0,EOD,1.138763960095392,1.9387639600953919,41.21043395996094,76.2680435180664,94.7378158569336,3.1338367768202873,4.075175015522746,0.004025866506928138,9.647317020579106,0.0,1219.5008514,0.2277527920190784,0.38775279201907836,50000.0,5.0,250000.0,569.381980047696,969.381980047696
2025-10-30,KPITTECH,SHORT,A_MOD_BREAK_C1_LOW,MODERATE,2025-10-30 10:00:00+05:30,2025-10-30 10:15:00+05:30,1170.1659444091797,1177.7720230478394,1159.634450909497,2025-10-30 15:30:00+05:30,1172.0,EOD,-1.583673289922276,-0.7836732899222764,20.442306518554688,26.70730972290039,13.029502868652344,1.901867249753382,3.0985355962308447,0.004620883522470961,0.4994613664851621,0.0,1177.7720230478394,-0.3167346579844552,-0.15673465798445527,50000.0,5.0,250000.0,-791.8366449611381,-391.8366449611382
2025-10-30,UBL,SHORT,A_MOD_BREAK_C1_LOW,MODERATE,2025-10-30 10:45:00+05:30,2025-10-30 11:00:00+05:30,1785.8427111816407,1797.4506888043213,1769.770126781006,2025-10-30 15:30:00+05:30,1793.0,EOD,-2.8038967523695235,-2.0038967523695232,34.0694465637207,14.946659088134766,47.61366271972656,0.7106804659555895,2.7313755439638028,0.007110090458530039,0.4954107799980387,0.0,1797.4506888043213,-0.5607793504739047,-0.40077935047390467,50000.0,5.0,250000.0,-1401.9483761847619,-1001.9483761847616
2025-10-30,SOUTHBANK,SHORT,A_MOD_BREAK_C1_LOW,MODERATE,2025-10-30 12:15:00+05:30,2025-10-30 12:30:00+05:30,37.60999984741211,37.85446484642029,37.271509848785406,2025-10-30 14:36:00+05:30,37.271509848785406,TARGET,3.6999999999999575,4.499999999999957,33.2422981262207,23.60717010498047,9.42915153503418,2.517627048859573,3.2688054726162306,0.0068378921166967616,0.7086344718933104,0.0,37.85446484642029,0.7399999999999916,0.8999999999999915,50000.0,5.0,250000.0,1849.9999999999789,2249.9999999999786
2025-10-30,DALMIASUG,SHORT,A_MOD_BREAK_C1_LOW,MODERATE,2025-10-30 12:30:00+05:30,2025-10-30 12:45:00+05:30,351.67965,353.96556772499997,348.51453315,2025-10-30 13:13:00+05:30,348.51453315,TARGET,3.7000000000000055,4.500000000000005,31.24266815185547,27.922109603881836,9.914508819580078,1.7008721958721533,2.023450636231511,0.005627896088386598,0.626292656555459,0.0,353.96556772499997,0.7400000000000011,0.9000000000000011,50000.0,5.0,250000.0,1850.0000000000027,2250.0000000000027
2025-10-30,TEJASNET,SHORT,A_MOD_BREAK_C1_LOW,MODERATE,2025-10-30 13:15:00+05:30,2025-10-30 13:30:00+05:30,536.14275,539.6276778749999,531.3174652499999,2025-10-30 15:30:00+05:30,536.25,EOD,-0.9000200040008204,-0.1000200040008205,24.152217864990234,29.718868255615234,2.8851380348205566,3.39443537213618,2.7182416218034815,0.0020908701345840335,0.5722832679748535,0.0,539.6276778749999,-0.18000400080016407,-0.020004000800164103,50000.0,5.0,250000.0,-450.01000200041017,-50.01000200041026
2025-10-30,KSCL,SHORT,A_MOD_BREAK_C1_LOW,MODERATE,2025-10-30 14:15:00+05:30,2025-10-30 14:30:00+05:30,1033.7932,1040.5128558000001,1024.4890612000002,2025-10-30 15:30:00+05:30,1034.0,EOD,-0.9000200040007662,-0.10002000400076637,36.012168884277344,28.80928611755371,13.053675651550293,2.88727509900626,2.413134871661269,0.0031893439400233264,0.7501825332641601,0.0,1040.5128558000001,-0.18000400080015325,-0.020004000800153274,50000.0,5.0,250000.0,-450.0100020003831,-50.01000200038319
2025-10-31,CHAMBLFERT,SHORT,A_MOD_BREAK_C1_LOW,MODERATE,2025-10-31 10:30:00+05:30,2025-10-31 10:45:00+05:30,477.4045,480.50762925,473.10785949999996,2025-10-31 12:03:00+05:30,480.50762925,SL,-4.0499999999999945,-3.2499999999999947,42.91839599609375,20.17053985595703,7.500412940979004,1.3390405748361989,3.450680410899987,0.0032593239545198336,0.7381080405377409,0.0,480.50762925,-0.8099999999999989,-0.6499999999999989,50000.0,5.0,250000.0,-2024.9999999999973,-1624.9999999999973
2025-10-31,MANYAVAR,SHORT,A_MOD_BREAK_C1_LOW,MODERATE,2025-10-31 10:45:00+05:30,2025-10-31 11:00:00+05:30,658.8682,663.1508433,652.9383862,2025-10-31 11:13:00+05:30,652.9383862,TARGET,3.7000000000000255,4.500000000000026,48.40941619873047,19.306406021118164,3.5367677211761475,0.7281987452617336,3.105796387797395,0.0063082668958556855,0.7135760234017603,0.0,663.1508433,0.7400000000000051,0.9000000000000051,50000.0,5.0,250000.0,1850.0000000000127,2250.0000000000127
2025-10-31,TECHM,SHORT,A_MOD_BREAK_C1_LOW,MODERATE,2025-10-31 10:45:00+05:30,2025-10-31 11:00:00+05:30,1430.4138111816405,1439.711500954321,1417.5400868810057,2025-10-31 15:30:00+05:30,1424.0,EOD,1.4419425523940514,2.2419425523940513,44.04496383666992,35.759979248046875,65.67024993896484,0.5296163008404134,1.1968795250387083,0.0027203874767951245,0.5732012864490565,0.0,1439.711500954321,0.2883885104788103,0.4483885104788103,50000.0,5.0,250000.0,720.9712761970258,1120.9712761970256
2025-10-31,SHYAMMETL,SHORT,A_MOD_BREAK_C1_LOW,MODERATE,2025-10-31 11:00:00+05:30,2025-10-31 11:15:00+05:30,894.0211722045898,899.8323098239196,885.9749816547485,2025-10-31 11:56:00+05:30,885.9749816547485,TARGET,3.6999999999999944,4.499999999999995,21.734619140625,20.712182998657227,2.6519861221313477,1.8468244588120228,2.8405202041664377,0.003002818745159122,0.509213567401479,0.0,899.8323098239196,0.7399999999999989,0.8999999999999989,50000.0,5.0,250000.0,1849.9999999999973,2249.9999999999973
2025-10-31,DIAMINESQ,SHORT,A_MOD_BREAK_C1_LOW,MODERATE,2025-10-31 11:15:00+05:30,2025-10-31 11:30:00+05:30,267.0465861022949,268.7823889119598,264.6431668273742,2025-10-31 11:36:00+05:30,268.7823889119598,SL,-4.049999999999975,-3.249999999999975,20.845428466796875,37.873558044433594,11.330491065979004,1.4131991530524222,1.6832007899357047,0.014552240051440339,0.40415131828291223,0.0,268.7823889119598,-0.809999999999995,-0.649999999999995,50000.0,5.0,250000.0,-2024.9999999999873,-1624.9999999999875
2025-10-31,NH,SHORT,A_MOD_BREAK_C1_LOW,MODERATE,2025-10-31 11:15:00+05:30,2025-10-31 11:30:00+05:30,1745.6508,1756.9975301999998,1729.9399428,2025-10-31 14:47:00+05:30,1756.9975301999998,SL,-4.049999999999975,-3.2499999999999747,29.661510467529297,25.541587829589844,3.416154384613037,2.23998533646957,2.601478607093608,0.005903999533868887,0.6549226570129394,0.0,1756.9975301999998,-0.809999999999995,-0.6499999999999949,50000.0,5.0,250000.0,-2024.9999999999873,-1624.9999999999873
2025-10-31,FORTIS,SHORT,A_MOD_BREAK_C1_LOW,MODERATE,2025-10-31 12:15:00+05:30,2025-10-31 12:30:00+05:30,1029.9939111816407,1036.6888716043213,1020.7239659810059,2025-10-31 15:07:00+05:30,1020.7239659810059,TARGET,3.7,4.5,28.607105255126953,27.47964096069336,7.144434928894043,1.3556988240922234,1.8804244291929997,0.0052395741106906505,0.5203750945026934,0.0,1036.6888716043213,0.74,0.8999999999999999,50000.0,5.0,250000.0,1850.0,2250.0
2025-11-03,SYRMA,SHORT,A_MOD_BREAK_C1_LOW,MODERATE,2025-11-03 11:45:00+05:30,2025-11-03 12:00:00+05:30,791.8416,796.9885704,784.7150256,2025-11-03 15:30:00+05:30,793.4500122070312,EOD,-1.8156148698371481,-1.0156148698371485,21.383325576782227,25.550148010253906,7.437711715698242,1.646275709794335,2.15019559820407,0.008025191698463916,0.46884813286574206,0.0,796.9885704,-0.36312297396742965,-0.2031229739674297,50000.0,5.0,250000.0,-907.8074349185741,-507.80743491857424
2025-11-03,MAXIND,SHORT,A_MOD_BREAK_C1_LOW,MODERATE,2025-11-03 12:30:00+05:30,2025-11-03 12:45:00+05:30,211.8199951171875,213.1968250854492,209.9136151611328,2025-11-03 13:52:00+05:30,213.1968250854492,SL,-4.049999999999995,-3.2499999999999964,26.381179809570312,40.13358688354492,14.857621192932129,1.0428526417760244,1.1309290631795348,0.004528307970964683,0.3947633626133357,0.0,213.1968250854492,-0.8099999999999992,-0.6499999999999992,50000.0,5.0,250000.0,-2024.9999999999977,-1624.9999999999982
2025-11-03,FMGOETZE,LONG,B_HUGE_C1_CLOSE_RECLAIM_BREAK,HUGE,2025-11-03 14:00:00+05:30,2025-11-03 14:30:00+05:30,476.0952,473.4766764,481.3322471999999,2025-11-03 15:10:00+05:30,473.4766764,SL,-3.5500000000000034,-2.7500000000000036,32.152164459228516,74.18856048583984,93.14543151855469,2.9075402926608573,3.804897161472077,0.005162068274842591,8.869760285082606,0.0,473.4766764,-0.7100000000000006,-0.5500000000000007,50000.0,5.0,250000.0,-1775.0000000000016,-1375.0000000000018
2025-11-04,HITECH,SHORT,A_MOD_BREAK_C1_LOW,MODERATE,2025-11-04 10:00:00+05:30,2025-11-04 10:15:00+05:30,112.2,112.9293,111.1902,2025-11-04 11:40:00+05:30,112.9293,SL,-4.049999999999977,-3.2499999999999774,21.48980140686035,21.154678344726562,13.934242248535156,2.2304788217568094,3.658201903368905,0.0035275597457710252,0.5323470211029053,0.0,112.9293,-0.8099999999999954,-0.6499999999999955,50000.0,5.0,250000.0,-2024.9999999999886,-1624.9999999999886
2025-11-04,AFFLE,SHORT,A_MOD_BREAK_C1_LOW,MODERATE,2025-11-04 10:15:00+05:30,2025-11-04 10:30:00+05:30,1825.6348,1837.5014262,1809.2040868,2025-11-04 10:33:00+05:30,1809.2040868,TARGET,3.7000000000000357,4.5000000000000355,25.695812225341797,20.141172409057617,9.902799606323242,1.378978334857102,4.1086854531514945,0.007600693369087794,0.4867583919801198,0.0,1837.5014262,0.7400000000000071,0.900000000000007,50000.0,5.0,250000.0,1850.0000000000177,2250.0000000000177
2025-11-04,TATAPOWER,SHORT,A_MOD_BREAK_C1_LOW,MODERATE,2025-11-04 10:15:00+05:30,2025-11-04 10:30:00+05:30,400.5698638977051,403.17356801304015,396.96473512262577,2025-11-04 15:30:00+05:30,400.54998779296875,EOD,-0.775190214582123,0.02480978541787697,27.389726638793945,26.479459762573242,7.3209991455078125,1.243908286945529,3.1475770478251586,0.003885585965771119,0.48852984979737674,0.0,403.17356801304015,-0.1550380429164246,0.004961957083575394,50000.0,5.0,250000.0,-387.5951072910615,12.404892708938487
2025-11-04,NTPC,SHORT,A_MOD_BREAK_C1_LOW,MODERATE,2025-11-04 10:30:00+05:30,2025-11-04 10:45:00+05:30,330.68385,332.833295025,327.70769535,2025-11-04 15:30:00+05:30,330.5,EOD,-0.5220154537332156,0.2779845462667843,42.6363639831543,22.576799392700195,8.562821388244629,1.1959062954097437,3.308933876450951,0.0030103608560706195,0.7088290614440196,0.0,332.833295025,-0.10440309074664311,0.05559690925335686,50000.0,5.0,250000.0,-261.00772686660775,138.99227313339216
2025-11-04,NATIONALUM,SHORT,A_MOD_BREAK_C1_LOW,MODERATE,2025-11-04 11:00:00+05:30,2025-11-04 11:15:00+05:30,233.5000030517578,235.01775307159423,231.39850302429198,2025-11-04 15:30:00+05:30,233.0,EOD,0.2706703323831866,1.0706703323831865,25.129173278808594,25.177474975585938,13.034743309020996,2.250725194652246,3.3785596822367405,0.004277173676637809,0.5869375991821288,0.0,235.01775307159423,0.05413406647663732,0.2141340664766373,50000.0,5.0,250000.0,135.3351661915933,535.3351661915932
2025-11-04,FORTIS,SHORT,A_MOD_BREAK_C1_LOW,MODERATE,2025-11-04 11:15:00+05:30,2025-11-04 11:30:00+05:30,1025.7948,1032.4624661999999,1016.5626467999999,2025-11-04 14:56:00+05:30,1016.5626467999999,TARGET,3.6999999999999855,4.499999999999986,23.26274871826172,37.2615852355957,25.050308227539062,0.8705524801714413,1.4645954647476556,0.003856140044003959,0.33451768804131077,0.0,1032.4624661999999,0.7399999999999971,0.8999999999999971,50000.0,5.0,250000.0,1849.9999999999927,2249.9999999999927
2025-11-04,WIPRO,SHORT,A_MOD_BREAK_C1_LOW,MODERATE,2025-11-04 11:15:00+05:30,2025-11-04 11:30:00+05:30,232.84999389648436,234.3635188568115,230.754343951416,2025-11-04 15:30:00+05:30,232.3000030517578,EOD,0.3809981944235197,1.1809981944235195,35.32575607299805,33.918701171875,15.930910110473633,1.4375374859321264,1.959597987067915,0.0022843642246468455,0.6394353004864886,0.0,234.3635188568115,0.07619963888470394,0.2361996388847039,50000.0,5.0,250000.0,190.49909721175985,590.4990972117598
2025-11-04,CHAMBLFERT,SHORT,A_MOD_BREAK_C1_LOW,MODERATE,2025-11-04 11:30:00+05:30,2025-11-04 11:45:00+05:30,479.904,483.023376,475.584864,2025-11-04 15:30:00+05:30,482.70001220703125,EOD,-3.713095334724501,-2.9130953347245008,27.931360244750977,26.034460067749023,3.671483039855957,2.5031967523606102,2.8774271890808656,0.0035260438818422446,0.6289704036712647,0.0,483.023376,-0.7426190669449002,-0.5826190669449002,50000.0,5.0,250000.0,-1856.5476673622506,-1456.5476673622504
2025-11-04,JUBLFOOD,SHORT,A_MOD_BREAK_C1_LOW,MODERATE,2025-11-04 11:30:00+05:30,2025-11-04 11:45:00+05:30,593.7312055908203,597.5904584271606,588.3876247405029,2025-11-04 15:30:00+05:30,594.0,EOD,-1.0263603518297595,-0.22636035182975955,31.497194290161133,33.01062774658203,11.025254249572754,1.7342321348918164,1.733135967946446,0.003810005997990554,0.6226053363558071,0.0,597.5904584271606,-0.20527207036595188,-0.04527207036595191,50000.0,5.0,250000.0,-513.1801759148797,-113.18017591487977
2025-11-04,MANORAMA,SHORT,A_MOD_BREAK_C1_LOW,MODERATE,2025-11-04 13:00:00+05:30,2025-11-04 13:15:00+05:30,1348.7302,1357.4969463,1336.5916282,2025-11-04 14:26:00+05:30,1336.5916282,TARGET,3.6999999999999664,4.499999999999967,29.55514144897461,21.848987579345703,3.4126009941101074,2.60104353496604,2.750549835186106,0.004267716602186877,0.653327121734619,0.0,1357.4969463,0.7399999999999933,0.8999999999999934,50000.0,5.0,250000.0,1849.9999999999834,2249.999999999983
2025-11-04,KAYNES,SHORT,A_MOD_BREAK_C1_LOW,MODERATE,2025-11-04 13:15:00+05:30,2025-11-04 13:30:00+05:30,6573.685,6616.4139525,6514.5218350000005,2025-11-04 14:45:00+05:30,6616.4139525,SL,-4.049999999999974,-3.2499999999999734,21.792186737060547,31.64922332763672,12.591947555541992,2.0168840097624945,2.091334468892667,0.005133436632348368,0.5368828010559081,0.0,6616.4139525,-0.8099999999999947,-0.6499999999999947,50000.0,5.0,250000.0,-2024.9999999999868,-1624.9999999999866
2025-11-04,ETERNAL,SHORT,A_MOD_BREAK_C1_LOW,MODERATE,2025-11-04 13:45:00+05:30,2025-11-04 14:00:00+05:30,314.2371277954102,316.2796691260803,311.4089936452515,2025-11-04 15:30:00+05:30,313.70001220703125,EOD,0.054634193208103754,0.8546341932081036,33.692626953125,28.245946884155273,2.0472826957702637,3.089041587230253,3.1223560352813085,0.0029080445108567938,0.7153894042968749,0.0,316.2796691260803,0.01092683864162075,0.17092683864162073,50000.0,5.0,250000.0,27.317096604051876,427.3170966040518
2025-11-04,BDL,SHORT,A_MOD_BREAK_C1_LOW,MODERATE,2025-11-04 14:00:00+05:30,2025-11-04 14:15:00+05:30,1485.2029,1494.8567188499999,1471.8360739,2025-11-04 15:30:00+05:30,1480.5,EOD,0.7832516890453151,1.583251689045315,35.40205764770508,23.693178176879883,6.352690696716309,3.4834287897858958,3.288088489546176,0.0037419611604404515,0.7410308647155761,0.0,1494.8567188499999,0.156650337809063,0.316650337809063,50000.0,5.0,250000.0,391.62584452265753,791.6258445226574
2025-11-04,CARTRADE,SHORT,A_MOD_BREAK_C1_LOW,MODERATE,2025-11-04 14:00:00+05:30,2025-11-04 14:15:00+05:30,2924.415,2943.4236975,2898.095265,2025-11-04 15:30:00+05:30,2915.39990234375,EOD,0.7413506045226079,1.5413506045226077,29.982036590576172,29.06966209411621,12.3021240234375,2.623688253776235,2.403091081530381,0.005896447146769585,0.6597305488586425,0.0,2943.4236975,0.14827012090452157,0.30827012090452155,50000.0,5.0,250000.0,370.67530226130395,770.6753022613038
2025-11-06,ASAHIINDIA,SHORT,A_MOD_BREAK_C1_LOW,MODERATE,2025-11-06 10:15:00+05:30,2025-11-06 10:30:00+05:30,897.07055,902.901508575,888.99691505,2025-11-06 10:31:00+05:30,888.99691505,TARGET,3.7000000000000233,4.500000000000023,45.804019927978516,22.760812759399414,21.085941314697266,0.7529381731274031,3.4882389958997724,0.011786985526403813,0.6788244792169733,0.0,902.901508575,0.7400000000000047,0.9000000000000046,50000.0,5.0,250000.0,1850.0000000000116,2250.0000000000114
2025-11-06,CAMS,SHORT,A_MOD_BREAK_C1_LOW,MODERATE,2025-11-06 10:15:00+05:30,2025-11-06 10:30:00+05:30,748.0503722045898,752.9126996239196,741.3179188547485,2025-11-06 15:30:00+05:30,748.5999755859375,EOD,-1.1673572006440605,-0.36735720064406063,68.95634460449219,16.916250228881836,7.267759799957275,1.578077439704008,3.8968155464960925,0.0038473158088597886,0.8861635519482014,0.0,752.9126996239196,-0.2334714401288121,-0.07347144012881213,50000.0,5.0,250000.0,-583.6786003220303,-183.67860032203032
2025-11-06,CONCORDBIO,SHORT,A_MOD_BREAK_C1_LOW,MODERATE,2025-11-06 10:15:00+05:30,2025-11-06 10:30:00+05:30,1431.9135111816406,1441.2209490043213,1419.0262895810058,2025-11-06 11:38:00+05:30,1419.0262895810058,TARGET,3.7000000000000135,4.500000000000012,24.896141052246094,17.754409790039062,4.144657135009766,2.1771430881255074,3.945050050402044,0.003635772586119577,0.5834421157836913,0.0,1441.2209490043213,0.7400000000000027,0.9000000000000026,50000.0,5.0,250000.0,1850.0000000000066,2250.0000000000064
2025-11-06,GODREJIND,SHORT,A_MOD_BREAK_C1_LOW,MODERATE,2025-11-06 10:15:00+05:30,2025-11-06 10:30:00+05:30,1084.8829555908203,1091.9346948021605,1075.1190089905028,2025-11-06 10:34:00+05:30,1091.9346948021605,SL,-4.049999999999935,-3.249999999999935,20.75210952758789,25.084604263305664,5.54320764541626,1.4020385244828353,3.322679040294546,0.0047856232546819215,0.41663838469831455,0.0,1091.9346948021605,-0.809999999999987,-0.649999999999987,50000.0,5.0,250000.0,-2024.9999999999673,-1624.9999999999677
2025-11-06,GRASIM,SHORT,A_MOD_BREAK_C1_LOW,MODERATE,2025-11-06 10:15:00+05:30,2025-11-06 10:30:00+05:30,2729.454,2747.195451,2704.888914,2025-11-06 10:35:00+05:30,2704.888914,TARGET,3.700000000000012,4.5000000000000115,39.708709716796875,9.89178466796875,5.826147556304932,1.703469303022755,5.503506797988404,0.007276034311576997,0.7537377737809352,0.0,2747.195451,0.7400000000000024,0.9000000000000024,50000.0,5.0,250000.0,1850.0000000000061,2250.000000000006
2025-11-06,GRINDWELL,SHORT,A_MOD_BREAK_C1_LOW,MODERATE,2025-11-06 10:15:00+05:30,2025-11-06 10:30:00+05:30,1607.6784,1618.1283096,1593.2092944,2025-11-06 13:21:00+05:30,1593.2092944,TARGET,3.6999999999999753,4.499999999999975,28.523378372192383,20.443220138549805,2.779096841812134,1.8794991524093922,3.9934673095025675,0.005548153350602335,0.6167630272545295,0.0,1618.1283096,0.7399999999999951,0.899999999999995,50000.0,5.0,250000.0,1849.9999999999877,2249.9999999999877
2025-11-06,HINDCOPPER,SHORT,A_MOD_BREAK_C1_LOW,MODERATE,2025-11-06 10:15:00+05:30,2025-11-06 10:30:00+05:30,324.98497779541015,327.0973801510803,322.0601129952515,2025-11-06 10:37:00+05:30,322.0601129952515,TARGET,3.699999999999972,4.499999999999972,42.01553726196289,15.69609260559082,18.48329734802246,1.9072454207069545,3.322443080295101,0.00590392509770407,0.8240010075531603,0.0,327.0973801510803,0.7399999999999944,0.8999999999999944,50000.0,5.0,250000.0,1849.9999999999861,2249.999999999986
2025-11-06,HINDZINC,SHORT,A_MOD_BREAK_C1_LOW,MODERATE,2025-11-06 10:15:00+05:30,2025-11-06 10:30:00+05:30,467.9064,470.9477916,463.69524240000004,2025-11-06 15:30:00+05:30,467.6000061035156,EOD,-0.47259061162190313,0.32740938837809674,34.652099609375,26.531370162963867,15.616021156311035,1.5522574461653666,2.300024979670944,0.0037545796133514144,0.6514265472195642,0.0,470.9477916,-0.09451812232438063,0.06548187767561935,50000.0,5.0,250000.0,-236.29530581095156,163.70469418904838
2025-11-06,IONEXCHANG,SHORT,A_MOD_BREAK_C1_LOW,MODERATE,2025-11-06 10:15:00+05:30,2025-11-06 10:30:00+05:30,385.7228277954102,388.23002617608034,382.2513223452515,2025-11-06 14:05:00+05:30,388.23002617608034,SL,-4.049999999999994,-3.2499999999999933,46.644046783447266,15.969413757324219,4.6729278564453125,1.6275577104459529,3.802431414181955,0.006103436411942092,0.8444833010797506,0.0,388.23002617608034,-0.8099999999999987,-0.6499999999999987,50000.0,5.0,250000.0,-2024.9999999999968,-1624.9999999999966
2025-11-06,J&KBANK,SHORT,A_MOD_BREAK_C1_LOW,MODERATE,2025-11-06 10:15:00+05:30,2025-11-06 10:30:00+05:30,103.45,104.12242499999999,102.51895,2025-11-06 10:56:00+05:30,104.12242499999999,SL,-4.04999999999995,-3.2499999999999507,36.114830017089844,13.636876106262207,3.5648820400238037,2.6325046333812425,4.053458022900763,0.004030368466308151,0.7517224502563475,0.0,104.12242499999999,-0.8099999999999901,-0.6499999999999901,50000.0,5.0,250000.0,-2024.9999999999752,-1624.9999999999754
2025-11-06,KIOCL,SHORT,A_MOD_BREAK_C1_LOW,MODERATE,2025-11-06 10:15:00+05:30,2025-11-06 10:30:00+05:30,411.96757779541014,414.64536705108026,408.2598695952514,2025-11-06 10:31:00+05:30,408.2598695952514,TARGET,3.7000000000000357,4.5000000000000355,26.377883911132812,15.756841659545898,15.012988090515137,1.9452376311967265,3.342467019896228,0.009184168548719661,0.5960848441264193,0.0,414.64536705108026,0.7400000000000071,0.900000000000007,50000.0,5.0,250000.0,1850.0000000000177,2250.0000000000177
2025-11-06,MUFTI,SHORT,A_MOD_BREAK_C1_LOW,MODERATE,2025-11-06 10:15:00+05:30,2025-11-06 10:30:00+05:30,110.65999908447266,111.37928907852172,109.6640590927124,2025-11-06 12:19:00+05:30,109.6640590927124,TARGET,3.699999999999993,4.499999999999994,24.392677307128906,31.243331909179688,10.715080261230469,0.7595859716889187,2.1264223483086844,0.004440910710955341,0.35881770465249435,0.0,111.37928907852172,0.7399999999999987,0.8999999999999987,50000.0,5.0,250000.0,1849.9999999999966,2249.999999999997
2025-11-06,SWANCORP,SHORT,A_MOD_BREAK_C1_LOW,MODERATE,2025-11-06 10:15:00+05:30,2025-11-06 10:30:00+05:30,441.11177220458984,443.97899872391963,437.1417662547485,2025-11-06 10:56:00+05:30,443.97899872391963,SL,-4.04999999999995,-3.2499999999999503,49.40630340576172,12.687691688537598,5.003303527832031,2.10956010327266,4.785692426613451,0.006337706739673999,0.9510945510864257,0.0,443.97899872391963,-0.8099999999999901,-0.64999999999999,50000.0,5.0,250000.0,-2024.9999999999752,-1624.999999999975
2025-11-06,TARC,SHORT,A_MOD_BREAK_C1_LOW,MODERATE,2025-11-06 10:15:00+05:30,2025-11-06 10:30:00+05:30,153.95,154.950675,152.56445,2025-11-06 10:41:00+05:30,152.56445,TARGET,3.699999999999984,4.499999999999984,25.717161178588867,27.252538681030273,4.1647047996521,1.44827465609113,3.352195464419101,0.006553819427242527,0.49920548249478075,0.0,154.950675,0.7399999999999969,0.8999999999999968,50000.0,5.0,250000.0,1849.9999999999923,2249.999999999992
2025-11-06,TARSONS,SHORT,A_MOD_BREAK_C1_LOW,MODERATE,2025-11-06 10:15:00+05:30,2025-11-06 10:30:00+05:30,284.4431,286.29198015000003,281.8831121,2025-11-06 13:38:00+05:30,281.8831121,TARGET,3.700000000000018,4.500000000000018,34.787384033203125,28.107177734375,5.209800720214844,1.340996433574658,2.6716783060010743,0.004205372714828732,0.6164851363736119,0.0,286.29198015000003,0.7400000000000035,0.9000000000000036,50000.0,5.0,250000.0,1850.0000000000089,2250.000000000009
2025-11-06,UNICHEMLAB,SHORT,A_MOD_BREAK_C1_LOW,MODERATE,2025-11-06 10:15:00+05:30,2025-11-06 10:30:00+05:30,462.75743610229495,465.76535943695984,458.5926191773743,2025-11-06 14:55:00+05:30,465.76535943695984,SL,-4.049999999999976,-3.249999999999976,49.38161087036133,27.75701332092285,13.961858749389648,0.9974596530814912,2.7163521973258864,0.00486068017099733,0.7752796023446809,0.0,465.76535943695984,-0.8099999999999952,-0.6499999999999952,50000.0,5.0,250000.0,-2024.9999999999877,-1624.9999999999882
2025-11-06,VENUSPIPES,SHORT,A_MOD_BREAK_C1_LOW,MODERATE,2025-11-06 10:15:00+05:30,2025-11-06 10:30:00+05:30,1259.748,1267.936362,1248.410268,2025-11-06 15:30:00+05:30,1265.0,EOD,-2.8845438929055462,-2.0845438929055464,24.657703399658203,36.236228942871094,43.52955627441406,0.3970442475750295,1.4849244697676398,0.004096691335607667,0.2735945178088852,0.0,1267.936362,-0.5769087785811092,-0.41690877858110925,50000.0,5.0,250000.0,-1442.2719464527731,-1042.2719464527731
2025-11-06,CONCOR,SHORT,A_MOD_BREAK_C1_LOW,MODERATE,2025-11-06 10:30:00+05:30,2025-11-06 10:45:00+05:30,525.1949277954102,528.6086948260803,520.4681734452515,2025-11-06 13:51:00+05:30,520.4681734452515,TARGET,3.699999999999981,4.4999999999999805,46.62655258178711,13.08573055267334,3.278944492340088,2.349472209677353,4.573504018679447,0.00491509397320355,0.9093982887268066,0.0,528.6086948260803,0.7399999999999962,0.8999999999999961,50000.0,5.0,250000.0,1849.9999999999905,2249.9999999999905
2025-11-06,DBCORP,SHORT,A_MOD_BREAK_C1_LOW,MODERATE,2025-11-06 10:30:00+05:30,2025-11-06 10:45:00+05:30,261.84761389770506,263.5496233880401,259.4909853726257,2025-11-06 10:58:00+05:30,263.5496233880401,SL,-4.049999999999953,-3.249999999999953,24.661426544189453,29.29983901977539,16.40846824645996,1.7449137155830927,2.2759987078995922,0.006218308535081641,0.5352812983898829,0.0,263.5496233880401,-0.8099999999999905,-0.6499999999999906,50000.0,5.0,250000.0,-2024.9999999999766,-1624.9999999999766
2025-11-06,HINDALCO,SHORT,A_MOD_BREAK_C1_LOW,MODERATE,2025-11-06 10:30:00+05:30,2025-11-06 10:45:00+05:30,772.0455722045898,777.0638684239196,765.0971620547485,2025-11-06 11:11:00+05:30,777.0638684239196,SL,-4.050000000000004,-3.2500000000000044,54.629093170166016,4.16178560256958,1.3849554061889648,1.5618284838335748,5.87741660879803,0.009115004921203531,0.8833199846708755,0.0,777.0638684239196,-0.8100000000000009,-0.6500000000000009,50000.0,5.0,250000.0,-2025.0000000000025,-1625.0000000000023
2025-11-06,JTLIND,SHORT,A_MOD_BREAK_C1_LOW,MODERATE,2025-11-06 10:30:00+05:30,2025-11-06 10:45:00+05:30,61.92000122070313,62.32248122863769,61.3627212097168,2025-11-06 10:46:00+05:30,61.3627212097168,TARGET,3.6999999999999766,4.499999999999976,53.716392517089844,6.845207691192627,4.227575302124023,1.899069364674763,5.5353711845805185,0.006963306228965304,0.9423371388180835,0.0,62.32248122863769,0.7399999999999953,0.8999999999999952,50000.0,5.0,250000.0,1849.9999999999884,2249.999999999988
2025-11-06,KIRLOSENG,SHORT,A_MOD_BREAK_C1_LOW,MODERATE,2025-11-06 10:30:00+05:30,2025-11-06 10:45:00+05:30,994.6010277954101,1001.0659344760802,985.6496185452514,2025-11-06 11:53:00+05:30,985.6496185452514,TARGET,3.7,4.5,22.47010040283203,27.20368766784668,7.221862316131592,1.6257619124093743,2.5891874920415012,0.006749373615810928,0.481559840714121,0.0,1001.0659344760802,0.74,0.8999999999999999,50000.0,5.0,250000.0,1850.0,2250.0
2025-11-06,RAILTEL,SHORT,A_MOD_BREAK_C1_LOW,MODERATE,2025-11-06 10:30:00+05:30,2025-11-06 10:45:00+05:30,356.5286861022949,358.8461225619598,353.31992792737424,2025-11-06 15:25:00+05:30,353.31992792737424,TARGET,3.700000000000009,4.500000000000009,43.1827278137207,12.938230514526367,2.1156344413757324,1.8135887857690216,4.179783246032522,0.004206399663750381,0.8251189547153892,0.0,358.8461225619598,0.7400000000000018,0.9000000000000018,50000.0,5.0,250000.0,1850.0000000000043,2250.0000000000045
2025-11-06,TATAELXSI,SHORT,A_MOD_BREAK_C1_LOW,MODERATE,2025-11-06 10:30:00+05:30,2025-11-06 10:45:00+05:30,5253.949,5288.099668499999,5206.663458999999,2025-11-06 15:30:00+05:30,5227.5,EOD,1.7170590730895576,2.5170590730895577,41.95249557495117,16.269378662109375,1.9125683307647705,2.15063809038831,4.152443068689509,0.004002990504880954,0.8392874336242675,0.0,5288.099668499999,0.34341181461791154,0.5034118146179115,50000.0,5.0,250000.0,858.5295365447789,1258.529536544779
2025-11-06,TCI,SHORT,A_MOD_BREAK_C1_LOW,MODERATE,2025-11-06 10:30:00+05:30,2025-11-06 10:45:00+05:30,1161.0677888183593,1168.6147294456787,1150.6181787189942,2025-11-06 15:30:00+05:30,1156.0999755859375,EOD,1.339329537975402,2.139329537975402,23.524240493774414,18.15737533569336,1.1301052570343018,1.8348262485995883,3.0638636770493424,0.005621787498147344,0.5339582009115442,0.0,1168.6147294456787,0.2678659075950804,0.42786590759508036,50000.0,5.0,250000.0,669.6647689877009,1069.6647689877009
2025-11-06,MANYAVAR,SHORT,A_PULLBACK_C2_THEN_BREAK_C2_LOW,MODERATE,2025-11-06 10:45:00+05:30,2025-11-06 11:15:00+05:30,633.9731555908203,638.0939811021606,628.267397190503,2025-11-06 11:42:00+05:30,638.0939811021606,SL,-4.049999999999963,-3.2499999999999636,26.308713912963867,26.41216468811035,4.915721893310547,1.9909715459619632,2.597379184346049,0.004161979645255982,0.6030507292378016,0.0,638.0939811021606,-0.8099999999999927,-0.6499999999999927,50000.0,5.0,250000.0,-2024.9999999999816,-1624.9999999999818
2025-11-06,MGL,SHORT,A_MOD_BREAK_C1_LOW,MODERATE,2025-11-06 11:00:00+05:30,2025-11-06 11:15:00+05:30,1242.4514111816407,1250.5273453543211,1231.2693484810059,2025-11-06 13:41:00+05:30,1231.2693484810059,TARGET,3.700000000000009,4.500000000000009,42.90137481689453,17.7844295501709,4.645434856414795,2.1217945136582776,3.5906292449350934,0.0035165515547246886,0.853520622253418,0.0,1250.5273453543211,0.7400000000000018,0.9000000000000018,50000.0,5.0,250000.0,1850.0000000000043,2250.0000000000045
2025-11-06,ACE,SHORT,A_MOD_BREAK_C1_LOW,MODERATE,2025-11-06 11:15:00+05:30,2025-11-06 11:30:00+05:30,1071.7856,1078.7522064,1062.1395295999998,2025-11-06 15:30:00+05:30,1070.0999755859375,EOD,-0.013637310455359847,0.7863626895446401,24.07426643371582,27.056716918945312,4.1419525146484375,1.9000040244934004,2.3310119105855023,0.0052204896364553156,0.5536147007920824,0.0,1078.7522064,-0.0027274620910719694,0.157272537908928,50000.0,5.0,250000.0,-6.8186552276799235,393.18134477232
2025-11-06,LTF,SHORT,A_MOD_BREAK_C1_LOW,MODERATE,2025-11-06 11:30:00+05:30,2025-11-06 11:45:00+05:30,274.2951361022949,276.07805448695984,271.82647987737425,2025-11-06 12:55:00+05:30,276.07805448695984,SL,-4.050000000000013,-3.2500000000000133,33.48234558105469,29.564420700073242,7.445135593414307,2.1321511348379594,2.824102599708388,0.0050360156505575675,0.7122351837158203,0.0,276.07805448695984,-0.8100000000000027,-0.6500000000000027,50000.0,5.0,250000.0,-2025.0000000000068,-1625.0000000000066
2025-11-06,BOROLTD,SHORT,A_MOD_BREAK_C1_LOW,MODERATE,2025-11-06 12:00:00+05:30,2025-11-06 12:15:00+05:30,340.28193610229494,342.4937686869598,337.2193986773743,2025-11-06 12:26:00+05:30,337.2193986773743,TARGET,3.7000000000000135,4.500000000000012,38.66469192504883,26.95488929748535,8.43281078338623,1.1296576885657672,2.2284285161437705,0.007797940198936098,0.6376604743747416,0.0,342.4937686869598,0.7400000000000027,0.9000000000000026,50000.0,5.0,250000.0,1850.0000000000066,2250.0000000000064
2025-11-06,CHEMCON,SHORT,A_MOD_BREAK_C1_LOW,MODERATE,2025-11-06 12:00:00+05:30,2025-11-06 12:15:00+05:30,234.95,236.477175,232.83544999999998,2025-11-06 12:32:00+05:30,232.83544999999998,TARGET,3.700000000000018,4.500000000000018,33.6929817199707,25.60515785217285,6.680233478546143,1.5354956005822662,2.5291493651600825,0.008282670061639014,0.6341064559014571,0.0,236.477175,0.7400000000000035,0.9000000000000036,50000.0,5.0,250000.0,1850.0000000000089,2250.000000000009
2025-11-06,TRACXN,SHORT,A_MOD_BREAK_C1_LOW,MODERATE,2025-11-06 12:15:00+05:30,2025-11-06 12:30:00+05:30,49.0499984741211,49.36882346420288,48.60854848785401,2025-11-06 12:31:00+05:30,48.60854848785401,TARGET,3.699999999999981,4.4999999999999805,42.414241790771484,26.47245979309082,14.730643272399902,1.0180637709171085,2.5416738712063127,0.012498180451551483,0.6743747867720662,0.0,49.36882346420288,0.7399999999999962,0.8999999999999961,50000.0,5.0,250000.0,1849.9999999999905,2249.9999999999905
2025-11-06,KOTHARIPET,SHORT,A_MOD_BREAK_C1_LOW,MODERATE,2025-11-06 14:00:00+05:30,2025-11-06 14:15:00+05:30,142.7,143.62754999999999,141.4157,2025-11-06 14:46:00+05:30,141.4157,TARGET,3.7000000000000064,4.500000000000007,37.07624435424805,29.949068069458008,7.8903398513793945,2.9689042117379714,3.00045878010708,0.0035776879031687403,0.7661436653137206,0.0,143.62754999999999,0.7400000000000013,0.9000000000000014,50000.0,5.0,250000.0,1850.0000000000034,2250.000000000003
2025-11-06,UNIPARTS,SHORT,A_MOD_BREAK_C1_LOW,MODERATE,2025-11-06 14:15:00+05:30,2025-11-06 14:30:00+05:30,490.15195,493.337937675,485.74058245,2025-11-06 15:11:00+05:30,485.74058245,TARGET,3.7000000000000233,4.500000000000023,31.587495803833008,25.85735321044922,6.2311601638793945,3.365998106293953,3.0832366570640013,0.00459891525411978,0.683812437057495,0.0,493.337937675,0.7400000000000047,0.9000000000000046,50000.0,5.0,250000.0,1850.0000000000116,2250.0000000000114
2025-11-07,ABREL,SHORT,A_MOD_BREAK_C1_LOW,MODERATE,2025-11-07 10:00:00+05:30,2025-11-07 10:15:00+05:30,1775.3448111816406,1786.8845524543212,1759.3667078810058,2025-11-07 10:41:00+05:30,1786.8845524543212,SL,-4.049999999999998,-3.2499999999999982,33.20859146118164,20.1589412689209,11.405699729919434,0.9956953883811721,3.2702976422395804,0.004910479776640834,0.5323755648844297,0.0,1786.8845524543212,-0.8099999999999996,-0.6499999999999997,50000.0,5.0,250000.0,-2024.999999999999,-1624.9999999999993
2025-11-07,SUPREMEIND,SHORT,A_MOD_BREAK_C1_LOW,MODERATE,2025-11-07 10:00:00+05:30,2025-11-07 10:15:00+05:30,3803.2392,3827.9602548,3769.0100472,2025-11-07 10:49:00+05:30,3769.0100472,TARGET,3.700000000000009,4.500000000000009,27.234079360961914,23.188549041748047,12.955462455749512,0.6687677673667113,2.851486377193959,0.003167712726051499,0.38554554970360316,0.0,3827.9602548,0.7400000000000018,0.9000000000000017,50000.0,5.0,250000.0,1850.0000000000043,2250.000000000004
2025-11-07,ZYDUSWELL,SHORT,A_MOD_BREAK_C1_LOW,MODERATE,2025-11-07 10:00:00+05:30,2025-11-07 10:15:00+05:30,438.46227779541016,441.3122826010803,434.5161172952515,2025-11-07 11:13:00+05:30,441.3122826010803,SL,-4.049999999999985,-3.249999999999985,25.517499923706055,28.462902069091797,20.056529998779297,0.8105561703618541,2.099866698844742,0.009688823534302239,0.3846098286689153,0.0,441.3122826010803,-0.809999999999997,-0.649999999999997,50000.0,5.0,250000.0,-2024.9999999999925,-1624.9999999999925
2025-11-07,ABB,SHORT,A_MOD_BREAK_C1_LOW,MODERATE,2025-11-07 11:00:00+05:30,2025-11-07 11:15:00+05:30,4999.0,5031.4935,4954.009,2025-11-07 14:37:00+05:30,5031.4935,SL,-4.049999999999958,-3.2499999999999583,39.45787048339844,19.497211456298828,14.59793472290039,1.0057866050097353,3.12634947891969,0.008918753054503572,0.6278807131276802,0.0,5031.4935,-0.8099999999999916,-0.6499999999999917,50000.0,5.0,250000.0,-2024.999999999979,-1624.9999999999793
2025-11-07,BSE,LONG,B_HUGE_GREEN_PULLBACK_HOLD_THEN_BREAK,HUGE,2025-11-07 12:45:00+05:30,2025-11-07 13:45:00+05:30,2625.525,2611.0846125000003,2654.4057749999997,2025-11-07 13:55:00+05:30,2654.4057749999997,TARGET,4.69999999999993,5.499999999999929,54.08098220825195,83.9170913696289,95.43587493896484,3.2971025262419453,3.4144634739887048,0.010186089409722222,9.655941253308251,0.0,2611.0846125000003,0.939999999999986,1.0999999999999859,50000.0,5.0,250000.0,2349.999999999965,2749.9999999999645
2025-11-10,KRSNAA,LONG,B_HUGE_C1_CLOSE_RECLAIM_BREAK,HUGE,2025-11-10 10:45:00+05:30,2025-11-10 11:15:00+05:30,823.1646,818.6371947,832.2194105999998,2025-11-10 11:16:00+05:30,832.2194105999998,TARGET,4.699999999999928,5.499999999999928,35.28929138183594,77.10774993896484,97.54386901855469,1.13755935152931,3.9257959509184026,0.018746756116790587,6.545155919581613,0.0,818.6371947,0.9399999999999857,1.0999999999999857,50000.0,5.0,250000.0,2349.9999999999645,2749.999999999964
2025-11-11,WHEELS,SHORT,A_PULLBACK_C2_THEN_BREAK_C2_LOW,MODERATE,2025-11-11 10:00:00+05:30,2025-11-11 10:30:00+05:30,889.822,895.6058429999999,881.813602,2025-11-11 11:42:00+05:30,895.6058429999999,SL,-4.0499999999999625,-3.2499999999999623,20.654300689697266,24.962690353393555,6.066531658172607,1.249271760222979,2.424801878785689,0.00442145088012701,0.3884370683844803,0.0,895.6058429999999,-0.8099999999999925,-0.6499999999999925,50000.0,5.0,250000.0,-2024.9999999999814,-1624.9999999999814
2025-11-11,RECLTD,SHORT,A_MOD_BREAK_C1_LOW,MODERATE,2025-11-11 10:15:00+05:30,2025-11-11 10:30:00+05:30,357.9284,360.2549346,354.70704440000003,2025-11-11 13:04:00+05:30,360.2549346,SL,-4.0500000000000025,-3.2500000000000027,22.478755950927734,23.072534561157227,11.438807487487793,1.3718808892416428,3.013090305404116,0.003480170063073355,0.4372604948812035,0.0,360.2549346,-0.8100000000000005,-0.6500000000000006,50000.0,5.0,250000.0,-2025.0000000000011,-1625.0000000000014
2025-11-11,UTIAMC,SHORT,A_MOD_BREAK_C1_LOW,MODERATE,2025-11-11 10:15:00+05:30,2025-11-11 10:30:00+05:30,1180.2639,1187.9356153499998,1169.6415249,2025-11-11 15:30:00+05:30,1173.4000244140625,EOD,2.1077715525898157,2.9077715525898156,23.218061447143555,23.455001831054688,5.753872871398926,1.6468238751773756,3.48634921892587,0.0036881254598689463,0.49646509986319404,0.0,1187.9356153499998,0.42155431051796316,0.5815543105179631,50000.0,5.0,250000.0,1053.885776294908,1453.885776294908
2025-11-11,UTKARSHBNK,SHORT,A_MOD_BREAK_C1_LOW,MODERATE,2025-11-11 10:30:00+05:30,2025-11-11 10:45:00+05:30,16.300000381469726,16.40595038394928,16.153300378036498,2025-11-11 12:27:00+05:30,16.153300378036498,TARGET,3.7000000000000135,4.500000000000013,23.40691566467285,26.779067993164062,4.040400981903076,1.4925708369330117,2.8033498858340713,0.009305377584151111,0.4723036314333698,0.0,16.40595038394928,0.7400000000000027,0.9000000000000027,50000.0,5.0,250000.0,1850.0000000000066,2250.000000000007
2025-11-11,ORIENTCEM,SHORT,A_MOD_BREAK_C1_LOW,MODERATE,2025-11-11 11:15:00+05:30,2025-11-11 11:30:00+05:30,192.0500061035156,193.29833114318845,190.32155604858397,2025-11-11 15:30:00+05:30,191.17999267578125,EOD,1.465070034065564,2.265070034065564,49.1408805847168,15.265877723693848,5.355248928070068,2.027572247548162,3.5233905319664687,0.005629203990573244,0.9471132087707519,0.0,193.29833114318845,0.2930140068131128,0.45301400681311277,50000.0,5.0,250000.0,732.535017032782,1132.535017032782
2025-11-12,VOLTAMP,LONG,B_HUGE_C1_CLOSE_RECLAIM_BREAK,HUGE,2025-11-12 10:00:00+05:30,2025-11-12 10:30:00+05:30,8338.6674,8292.8047293,8430.392741399999,2025-11-12 12:12:00+05:30,8292.8047293,SL,-3.5500000000000185,-2.7500000000000187,49.8983154296875,82.36763000488281,86.45368194580078,2.1263247610320155,5.260004492711039,0.004695076957886577,9.378474380405297,0.0,8292.8047293,-0.7100000000000037,-0.5500000000000037,50000.0,5.0,250000.0,-1775.0000000000093,-1375.0000000000093
2025-11-12,ATL,LONG,B_HUGE_C1_CLOSE_RECLAIM_BREAK,HUGE,2025-11-12 10:15:00+05:30,2025-11-12 10:45:00+05:30,31.679999160766602,31.505759165382386,32.02847915153503,2025-11-12 10:46:00+05:30,32.02847915153503,TARGET,4.699999999999934,5.4999999999999325,26.016666412353516,70.67131805419922,69.24834442138672,1.8728012620179653,3.004707045762695,0.013007552313846718,7.028661712188942,0.0,31.505759165382386,0.9399999999999866,1.0999999999999865,50000.0,5.0,250000.0,2349.999999999967,2749.9999999999663
2025-11-12,GREAVESCOT,LONG,B_HUGE_GREEN_PULLBACK_HOLD_THEN_BREAK,HUGE,2025-11-12 11:15:00+05:30,2025-11-12 12:30:00+05:30,214.7100036621094,213.5290986419678,217.07181370239257,2025-11-12 12:31:00+05:30,217.07181370239257,TARGET,4.699999999999966,5.499999999999966,33.100467681884766,80.64906311035156,84.17376708984375,2.004492722174056,4.045466059782263,0.00877707051083298,8.398366439874131,0.0,213.5290986419678,0.9399999999999933,1.0999999999999932,50000.0,5.0,250000.0,2349.999999999983,2749.9999999999827
2025-11-12,PSPPROJECT,LONG,B_HUGE_C1_CLOSE_RECLAIM_BREAK,HUGE,2025-11-12 12:00:00+05:30,2025-11-12 12:30:00+05:30,985.7470977905274,980.3254887526796,996.5903158662231,2025-11-12 15:13:00+05:30,980.3254887526796,SL,-3.5499999999999563,-2.749999999999957,22.835092544555664,70.97116088867188,59.977684020996094,1.2993448504038503,2.0610633381050567,0.008193384782648142,5.236396247560463,0.0,980.3254887526796,-0.7099999999999913,-0.5499999999999914,50000.0,5.0,250000.0,-1774.9999999999782,-1374.9999999999784
2025-11-12,TITAN,LONG,B_HUGE_GREEN_PULLBACK_HOLD_THEN_BREAK,HUGE,2025-11-12 11:15:00+05:30,2025-11-12 12:45:00+05:30,3870.5740088378907,3849.2858517892823,3913.150322935107,2025-11-12 15:21:00+05:30,3849.2858517892823,SL,-3.5499999999999945,-2.7499999999999942,38.87248229980469,77.67375183105469,92.07294464111328,1.660619517162865,3.5515421329810164,0.0033602626315371188,7.446216659450954,0.0,3849.2858517892823,-0.7099999999999989,-0.5499999999999988,50000.0,5.0,250000.0,-1774.999999999997,-1374.999999999997
2025-11-12,GNFC,LONG,B_HUGE_GREEN_PULLBACK_HOLD_THEN_BREAK,HUGE,2025-11-12 12:15:00+05:30,2025-11-12 13:15:00+05:30,518.0036044189453,515.1545845946412,523.7016440675536,2025-11-12 13:32:00+05:30,515.1545845946412,SL,-3.549999999999953,-2.749999999999953,36.603153228759766,77.42817687988281,80.98185729980469,1.7254076350070515,3.020399908915081,0.008054758716781785,6.677679297880761,0.0,515.1545845946412,-0.7099999999999906,-0.5499999999999906,50000.0,5.0,250000.0,-1774.9999999999766,-1374.9999999999766
2025-11-12,ASAL,LONG,A_MOD_BREAK_C1_HIGH,MODERATE,2025-11-12 13:00:00+05:30,2025-11-12 13:15:00+05:30,528.7056955810547,525.7978142553588,534.5214582324462,2025-11-12 13:16:00+05:30,534.5214582324462,TARGET,4.69999999999994,5.49999999999994,36.4909782409668,67.99356079101562,86.08788299560547,1.6264457223854094,1.9551675835229299,0.006010396752490627,5.3514434270890385,0.0,525.7978142553588,0.939999999999988,1.0999999999999879,50000.0,5.0,250000.0,2349.9999999999695,2749.9999999999695
2025-11-12,GLENMARK,LONG,B_HUGE_GREEN_PULLBACK_HOLD_THEN_BREAK,HUGE,2025-11-12 10:45:00+05:30,2025-11-12 13:45:00+05:30,1855.2710044189453,1845.0670138946411,1875.6789854675535,2025-11-12 15:15:00+05:30,1845.0670138946411,SL,-3.5499999999999776,-2.749999999999978,23.178442001342773,67.8418197631836,91.83619689941406,1.339934340221794,2.2066996625433735,0.0058391800142318625,5.612672188911203,0.0,1845.0670138946411,-0.7099999999999955,-0.5499999999999956,50000.0,5.0,250000.0,-1774.9999999999889,-1374.999999999989
2025-11-12,BIOCON,LONG,B_HUGE_C1_CLOSE_RECLAIM_BREAK,HUGE,2025-11-12 14:00:00+05:30,2025-11-12 14:30:00+05:30,403.13059779052736,400.9133795026795,407.56503436622313,2025-11-12 14:47:00+05:30,407.56503436622313,TARGET,4.699999999999962,5.499999999999962,29.79267692565918,75.98405456542969,85.30388641357422,3.168985045903024,4.030005063496243,0.007301476778624778,9.060732944259529,0.0,400.9133795026795,0.9399999999999924,1.0999999999999923,50000.0,5.0,250000.0,2349.999999999981,2749.999999999981
2025-11-13,GOKULAGRO,LONG,B_HUGE_C1_CLOSE_RECLAIM_BREAK,HUGE,2025-11-13 10:00:00+05:30,2025-11-13 10:30:00+05:30,200.10000305175782,198.99945303497316,202.30110308532713,2025-11-13 10:33:00+05:30,202.30110308532713,TARGET,4.699999999999919,5.499999999999919,50.215606689453125,88.90221405029297,81.23321533203125,1.108539807287484,4.31584977858391,0.016478031987318235,7.797176248838673,0.0,198.99945303497316,0.939999999999984,1.0999999999999839,50000.0,5.0,250000.0,2349.99999999996,2749.9999999999595
2025-11-13,SUPRIYA,LONG,B_HUGE_C1_CLOSE_RECLAIM_BREAK,HUGE,2025-11-13 10:00:00+05:30,2025-11-13 10:30:00+05:30,796.1592,791.7803244,804.9169512,2025-11-13 10:31:00+05:30,804.9169512,TARGET,4.699999999999948,5.499999999999947,35.81998825073242,79.47675323486328,91.42647552490234,2.12659316928163,4.203062417377694,0.008085060359245569,8.585518048075267,0.0,791.7803244,0.9399999999999895,1.0999999999999894,50000.0,5.0,250000.0,2349.9999999999736,2749.999999999973
2025-11-13,GLENMARK,LONG,A_MOD_BREAK_C1_HIGH,MODERATE,2025-11-13 10:15:00+05:30,2025-11-13 10:30:00+05:30,1876.6753088378907,1866.3535946392824,1897.3187372351074,2025-11-13 10:31:00+05:30,1897.3187372351074,TARGET,4.6999999999999655,5.4999999999999645,27.22372817993164,72.06008911132812,91.60311889648438,1.9437068800138328,2.3912534420009006,0.004821831997496367,5.890106160984507,0.0,1866.3535946392824,0.9399999999999931,1.099999999999993,50000.0,5.0,250000.0,2349.9999999999827,2749.9999999999827
2025-11-13,LUXIND,LONG,A_MOD_BREAK_C1_HIGH,MODERATE,2025-11-13 10:45:00+05:30,2025-11-13 11:00:00+05:30,1210.242,1203.585669,1223.5546619999998,2025-11-13 14:45:00+05:30,1203.585669,SL,-3.549999999999962,-2.7499999999999627,24.629539489746094,60.62456130981445,90.05462646484375,1.3561587362422312,1.4099894643603148,0.0050353932971796715,3.9369720970931867,0.0,1203.585669,-0.7099999999999924,-0.5499999999999925,50000.0,5.0,250000.0,-1774.9999999999811,-1374.9999999999814
2025-11-13,THYROCARE,LONG,A_MOD_BREAK_C1_HIGH,MODERATE,2025-11-13 10:45:00+05:30,2025-11-13 11:00:00+05:30,488.4976738952637,485.8109366888398,493.8711483081115,2025-11-13 11:01:00+05:30,493.8711483081115,TARGET,4.699999999999925,5.499999999999924,47.541229248046875,85.96673583984375,96.83196258544922,2.861762278966864,4.185275244443155,0.008935909652260463,9.792870056047184,0.0,485.8109366888398,0.9399999999999848,1.0999999999999848,50000.0,5.0,250000.0,2349.999999999962,2749.9999999999623
2025-11-13,ICICIBANK,LONG,B_HUGE_GREEN_PULLBACK_HOLD_THEN_BREAK,HUGE,2025-11-13 10:15:00+05:30,2025-11-13 11:45:00+05:30,1386.4771911621094,1378.8515666107178,1401.7284402648925,2025-11-13 15:30:00+05:30,1385.4000244140625,EOD,-1.1884545504654378,-0.3884545504654379,41.86381530761719,80.1319351196289,96.62200164794922,2.1056421286245186,4.047969907820764,0.002925365602573334,8.054156032607986,0.0,1378.8515666107178,-0.23769091009308757,-0.07769091009308758,50000.0,5.0,250000.0,-594.2272752327189,-194.22727523271897
2025-11-13,HONASA,LONG,A_MOD_BREAK_C1_HIGH,MODERATE,2025-11-13 11:30:00+05:30,2025-11-13 11:45:00+05:30,300.06,298.40967,303.36066,2025-11-13 12:00:00+05:30,298.40967,SL,-3.5499999999999945,-2.7499999999999947,51.14640808105469,71.18914031982422,60.143577575683594,0.4109050484852691,2.0063805430968156,0.016267324627970974,4.358374818831651,0.0,298.40967,-0.7099999999999989,-0.5499999999999989,50000.0,5.0,250000.0,-1774.999999999997,-1374.9999999999973
2025-11-13,DEEPAKFERT,LONG,B_HUGE_C1_CLOSE_RECLAIM_BREAK,HUGE,2025-11-13 11:30:00+05:30,2025-11-13 12:00:00+05:30,1417.7835,1409.98569075,1433.3791184999998,2025-11-13 12:21:00+05:30,1433.3791184999998,TARGET,4.699999999999919,5.499999999999919,43.07937240600586,74.54573059082031,87.8380355834961,2.202312577154226,2.994065243515082,0.005175110818637532,7.430629673871746,0.0,1409.98569075,0.939999999999984,1.0999999999999839,50000.0,5.0,250000.0,2349.99999999996,2749.9999999999595
2025-11-13,SALZERELEC,LONG,B_HUGE_C1_CLOSE_RECLAIM_BREAK,HUGE,2025-11-13 11:45:00+05:30,2025-11-13 12:15:00+05:30,770.2039977905273,765.9678758026795,778.676241766223,2025-11-13 12:16:00+05:30,778.676241766223,TARGET,4.699999999999957,5.499999999999956,32.344886779785156,85.99201965332031,66.70531463623047,1.6601319141799422,5.22488161795142,0.017021175258286787,9.127377540962028,0.0,765.9678758026795,0.9399999999999913,1.0999999999999912,50000.0,5.0,250000.0,2349.9999999999786,2749.999999999978
2025-11-14,AGARIND,SHORT,A_MOD_BREAK_C1_LOW,MODERATE,2025-11-14 10:00:00+05:30,2025-11-14 10:15:00+05:30,811.6376277954101,816.9132723760803,804.3328891452514,2025-11-14 10:40:00+05:30,816.9132723760803,SL,-4.049999999999979,-3.249999999999979,35.44210433959961,30.51502227783203,9.42434310913086,0.5470352481127738,2.5258024825451932,0.010285786475367036,0.48736273351372955,0.0,816.9132723760803,-0.8099999999999958,-0.6499999999999958,50000.0,5.0,250000.0,-2024.9999999999895,-1624.9999999999895
2025-11-14,BLUEJET,SHORT,A_MOD_BREAK_C1_LOW,MODERATE,2025-11-14 10:00:00+05:30,2025-11-14 10:15:00+05:30,566.8866,570.5713629,561.7846206,2025-11-14 11:16:00+05:30,570.5713629,SL,-4.050000000000008,-3.2500000000000084,20.194543838500977,24.891822814941406,5.992986679077148,1.4130690909550223,3.6986452334625013,0.004975341942133769,0.4102052484946435,0.0,570.5713629,-0.8100000000000016,-0.6500000000000017,50000.0,5.0,250000.0,-2025.0000000000043,-1625.0000000000043
2025-11-14,ESCORTS,SHORT,A_MOD_BREAK_C1_LOW,MODERATE,2025-11-14 10:00:00+05:30,2025-11-14 10:15:00+05:30,3549.3900776367186,3572.461113141357,3517.445566937988,2025-11-14 15:30:00+05:30,3555.0,EOD,-1.5902656851704255,-0.7902656851704258,25.744916915893555,29.184419631958008,6.531142711639404,1.1184393496640508,3.141901954047855,0.004053298585543002,0.4419006399296122,0.0,3572.461113141357,-0.3180531370340851,-0.15805313703408516,50000.0,5.0,250000.0,-795.1328425852128,-395.13284258521287
2025-11-14,FORTIS,SHORT,A_MOD_BREAK_C1_LOW,MODERATE,2025-11-14 10:00:00+05:30,2025-11-14 10:15:00+05:30,940.0119722045898,946.1220500239197,931.5518644547485,2025-11-14 12:08:00+05:30,931.5518644547485,TARGET,3.700000000000002,4.500000000000003,25.323774337768555,26.96038818359375,14.342080116271973,0.8683611560131257,2.874926776338711,0.00502718742436306,0.39181981736882526,0.0,946.1220500239197,0.7400000000000004,0.9000000000000005,50000.0,5.0,250000.0,1850.0000000000011,2250.000000000001
2025-11-14,PTC,SHORT,A_MOD_BREAK_C1_LOW,MODERATE,2025-11-14 10:00:00+05:30,2025-11-14 10:15:00+05:30,165.7500030517578,166.8273780715942,164.25825302429197,2025-11-14 12:39:00+05:30,164.25825302429197,TARGET,3.7000000000000197,4.5000000000000195,21.45429039001465,27.886850357055664,4.669244766235352,1.3551159273091358,3.0054897514694034,0.0030808965843844125,0.4189596431293185,0.0,166.8273780715942,0.740000000000004,0.9000000000000039,50000.0,5.0,250000.0,1850.00000000001,2250.00000000001
2025-11-14,JASH,SHORT,A_MOD_BREAK_C1_LOW,MODERATE,2025-11-14 10:15:00+05:30,2025-11-14 10:30:00+05:30,476.5546638977051,479.65226921304014,472.26567192262576,2025-11-14 10:37:00+05:30,479.65226921304014,SL,-4.04999999999996,-3.24999999999996,42.37474822998047,25.1285400390625,13.401082992553711,0.7719783869370693,2.2160520587482244,0.007403086982221147,0.6307174411636942,0.0,479.65226921304014,-0.8099999999999921,-0.649999999999992,50000.0,5.0,250000.0,-2024.99999999998,-1624.99999999998
2025-11-14,BBL,SHORT,A_MOD_BREAK_C1_LOW,MODERATE,2025-11-14 10:30:00+05:30,2025-11-14 10:45:00+05:30,2918.4162,2937.3859053,2892.1504542000002,2025-11-14 11:12:00+05:30,2937.3859053,SL,-4.049999999999998,-3.249999999999998,44.698638916015625,31.58477210998535,0.0,1.4574551994768636,2.3133095103755252,0.0033352921457476875,0.7855342436486854,0.0,2937.3859053,-0.8099999999999996,-0.6499999999999996,50000.0,5.0,250000.0,-2024.999999999999,-1624.9999999999989
2025-11-14,CLEAN,SHORT,A_MOD_BREAK_C1_LOW,MODERATE,2025-11-14 10:30:00+05:30,2025-11-14 10:45:00+05:30,926.8146,932.8388949,918.4732686,2025-11-14 14:09:00+05:30,918.4732686,TARGET,3.7000000000000313,4.50000000000003,24.189056396484375,26.541484832763672,9.813469886779785,1.474914353730572,3.279699299487296,0.004279554660977988,0.48094585785011573,0.0,932.8388949,0.7400000000000062,0.9000000000000061,50000.0,5.0,250000.0,1850.0000000000155,2250.0000000000155
2025-11-14,IEX,SHORT,A_MOD_BREAK_C1_LOW,MODERATE,2025-11-14 10:30:00+05:30,2025-11-14 10:45:00+05:30,137.3000061035156,138.19245614318845,136.06430604858397,2025-11-14 15:30:00+05:30,137.75,EOD,-2.4387249689745794,-1.6387249689745795,34.323734283447266,26.856176376342773,9.977709770202637,1.2071665364771542,2.420049346502378,0.003825348498136702,0.5861101581352108,0.0,138.19245614318845,-0.48774499379491587,-0.3277449937949159,50000.0,5.0,250000.0,-1219.3624844872895,-819.3624844872897
2025-11-14,WHEELS,SHORT,A_MOD_BREAK_C1_LOW,MODERATE,2025-11-14 10:30:00+05:30,2025-11-14 10:45:00+05:30,878.8741777954101,884.5868599510802,870.9643101952514,2025-11-14 11:25:00+05:30,884.5868599510802,SL,-4.049999999999968,-3.249999999999968,47.013797760009766,37.22996139526367,49.1358642578125,0.7347329774911014,1.5884092039119333,0.004104715945762842,0.6732056976566858,0.0,884.5868599510802,-0.8099999999999936,-0.6499999999999936,50000.0,5.0,250000.0,-2024.9999999999839,-1624.9999999999839
2025-11-14,PREMIERENE,SHORT,A_MOD_BREAK_C1_LOW,MODERATE,2025-11-14 10:45:00+05:30,2025-11-14 11:00:00+05:30,1020.3958555908204,1027.0284286521608,1011.212292890503,2025-11-14 11:50:00+05:30,1011.212292890503,TARGET,3.699999999999978,4.499999999999978,24.60678482055664,23.69676399230957,2.006904125213623,2.284723394092612,3.140119880131501,0.007229627531395191,0.5791017723083496,0.0,1027.0284286521608,0.7399999999999956,0.8999999999999956,50000.0,5.0,250000.0,1849.9999999999889,2249.999999999989
2025-11-14,RAYMONDLSL,SHORT,A_MOD_BREAK_C1_LOW,MODERATE,2025-11-14 13:45:00+05:30,2025-11-14 14:00:00+05:30,1121.8755555908203,1129.1677467021607,1111.7786755905029,2025-11-14 15:30:00+05:30,1124.0999755859375,EOD,-1.7913844650736235,-0.9913844650736237,33.8106575012207,48.20000457763672,25.309999465942383,1.5910090682519762,0.2019809176050955,0.007937919946470083,0.5556854953426611,0.0,1129.1677467021607,-0.3582768930147247,-0.19827689301472473,50000.0,5.0,250000.0,-895.6922325368117,-495.6922325368118
2025-11-14,HDFCAMC,SHORT,A_MOD_BREAK_C1_LOW,MODERATE,2025-11-14 14:00:00+05:30,2025-11-14 14:15:00+05:30,2693.4612,2710.9686978,2669.2200492,2025-11-14 15:12:00+05:30,2710.9686978,SL,-4.049999999999959,-3.2499999999999596,38.41722869873047,25.54506492614746,11.762530326843262,2.255169919501231,2.59916875640372,0.003113077726845218,0.786258430480957,0.0,2710.9686978,-0.8099999999999918,-0.6499999999999919,50000.0,5.0,250000.0,-2024.9999999999795,-1624.9999999999798
2025-11-14,PCBL,SHORT,A_MOD_BREAK_C1_LOW,MODERATE,2025-11-14 14:15:00+05:30,2025-11-14 14:30:00+05:30,343.0313861022949,345.2610901119598,339.94410362737426,2025-11-14 15:00:00+05:30,339.94410362737426,TARGET,3.699999999999981,4.499999999999981,25.03952407836914,28.116769790649414,6.696982383728027,2.8171204718323195,2.5346222270698497,0.0033800458148037986,0.585592861175537,0.0,345.2610901119598,0.7399999999999962,0.8999999999999962,50000.0,5.0,250000.0,1849.9999999999905,2249.999999999991
2025-11-18,CEMPRO,SHORT,A_MOD_BREAK_C1_LOW,MODERATE,2025-11-18 10:00:00+05:30,2025-11-18 10:15:00+05:30,808.9881944091796,814.2466176728393,801.707300659497,2025-11-18 10:48:00+05:30,801.707300659497,TARGET,3.699999999999993,4.499999999999993,25.405763626098633,28.523448944091797,3.7634780406951904,1.4468472097684844,3.431560781921236,0.00755964822701445,0.4942847161009642,0.0,814.2466176728393,0.7399999999999987,0.8999999999999986,50000.0,5.0,250000.0,1849.9999999999966,2249.9999999999964
2025-11-18,CYIENT,SHORT,A_MOD_BREAK_C1_LOW,MODERATE,2025-11-18 10:00:00+05:30,2025-11-18 10:15:00+05:30,1118.7762,1126.0482453,1108.7072142,2025-11-18 11:45:00+05:30,1126.0482453,SL,-4.049999999999976,-3.2499999999999756,21.536785125732422,32.52449417114258,14.569477081298828,1.1051542888067605,1.865137138048045,0.0043956729270588435,0.3697106343295717,0.0,1126.0482453,-0.8099999999999952,-0.6499999999999951,50000.0,5.0,250000.0,-2024.9999999999877,-1624.9999999999877
2025-11-18,DBREALTY,SHORT,A_MOD_BREAK_C1_LOW,MODERATE,2025-11-18 10:00:00+05:30,2025-11-18 10:15:00+05:30,137.95,138.84667499999998,136.70845,2025-11-18 10:38:00+05:30,138.84667499999998,SL,-4.049999999999956,-3.2499999999999556,41.13581848144531,15.53936767578125,1.713304042816162,1.3860493853646807,4.628938820234896,0.006941003643948099,0.7195959196604989,0.0,138.84667499999998,-0.8099999999999912,-0.6499999999999911,50000.0,5.0,250000.0,-2024.9999999999777,-1624.9999999999777
2025-11-18,HIRECT,SHORT,A_MOD_BREAK_C1_LOW,MODERATE,2025-11-18 10:00:00+05:30,2025-11-18 10:15:00+05:30,1522.7953555908202,1532.6935254021605,1509.090197390503,2025-11-18 15:30:00+05:30,1520.4000244140625,EOD,-0.013508509871838215,0.7864914901281617,26.234731674194336,24.647703170776367,6.871406078338623,1.132453626595768,3.1984632684452503,0.004429709411101685,0.45170035976717443,0.0,1532.6935254021605,-0.002701701974367643,0.15729829802563233,50000.0,5.0,250000.0,-6.754254935919107,393.24574506408084
2025-11-18,IGL,SHORT,A_MOD_BREAK_C1_LOW,MODERATE,2025-11-18 10:00:00+05:30,2025-11-18 10:15:00+05:30,209.5500061035156,210.91208114318846,207.66405604858397,2025-11-18 15:30:00+05:30,208.35000610351562,EOD,2.0632783704315445,2.8632783704315443,25.7987060546875,31.379236221313477,18.73200035095215,1.0891626458587829,1.8919421451976568,0.004104102347915959,0.4321811611054823,0.0,210.91208114318846,0.41265567408630893,0.5726556740863089,50000.0,5.0,250000.0,1031.6391852157724,1431.6391852157724
2025-11-18,VINCOFE,SHORT,A_MOD_BREAK_C1_LOW,MODERATE,2025-11-18 10:00:00+05:30,2025-11-18 10:15:00+05:30,166.14999694824218,167.22997192840575,164.654646975708,2025-11-18 10:31:00+05:30,164.654646975708,TARGET,3.6999999999999753,4.499999999999975,29.5223331451416,26.92578887939453,5.714280605316162,1.1764048015771211,3.4235351994063254,0.005503764905427632,0.5087058374531201,0.0,167.22997192840575,0.7399999999999951,0.899999999999995,50000.0,5.0,250000.0,1849.9999999999877,2249.9999999999877
2025-11-18,JIOFIN,SHORT,A_PULLBACK_C2_THEN_BREAK_C2_LOW,MODERATE,2025-11-18 10:00:00+05:30,2025-11-18 10:30:00+05:30,307.9384,309.93999959999996,305.1669544,2025-11-18 15:30:00+05:30,305.79998779296875,EOD,2.6721428166010663,3.4721428166010657,25.572673797607422,22.318262100219727,10.578771591186523,1.5605568602961108,3.684790889306751,0.0029873064160249683,0.5166875575159307,0.0,309.93999959999996,0.5344285633202133,0.6944285633202132,50000.0,5.0,250000.0,1336.0714083005332,1736.071408300533
2025-11-18,OLECTRA,SHORT,A_PULLBACK_C2_THEN_BREAK_C2_LOW,MODERATE,2025-11-18 10:00:00+05:30,2025-11-18 10:30:00+05:30,1387.7224,1396.7425956,1375.2328984,2025-11-18 10:47:00+05:30,1375.2328984,TARGET,3.7000000000000135,4.500000000000013,22.451261520385742,25.363683700561523,8.281950950622559,1.7353806071084752,3.1837607945852024,0.003385954168926984,0.5004605290497692,0.0,1396.7425956,0.7400000000000027,0.9000000000000027,50000.0,5.0,250000.0,1850.0000000000066,2250.000000000007
2025-11-18,ALOKINDS,SHORT,A_MOD_BREAK_C1_LOW,MODERATE,2025-11-18 10:15:00+05:30,2025-11-18 10:30:00+05:30,17.060000610351562,17.170890614318846,16.9064606048584,2025-11-18 15:30:00+05:30,17.06999969482422,EOD,-1.093056392582711,-0.2930563925827112,21.096174240112305,23.496028900146484,9.325343132019043,2.081348323844109,3.1166584604721623,0.003172772589832104,0.5264426136016847,0.0,17.170890614318846,-0.21861127851654222,-0.05861127851654224,50000.0,5.0,250000.0,-546.5281962913556,-146.5281962913556
2025-11-18,NATIONALUM,SHORT,A_MOD_BREAK_C1_LOW,MODERATE,2025-11-18 10:15:00+05:30,2025-11-18 10:30:00+05:30,255.52888583068847,257.18982358858796,253.22912585821226,2025-11-18 11:18:00+05:30,257.18982358858796,SL,-4.050000000000028,-3.2500000000000284,32.00758361816406,27.535791397094727,17.734651565551758,1.0926474268129682,3.1086283474987684,0.0056526183543560305,0.5313270539647303,0.0,257.18982358858796,-0.8100000000000056,-0.6500000000000057,50000.0,5.0,250000.0,-2025.000000000014,-1625.0000000000143
2025-11-18,SENCO,SHORT,A_MOD_BREAK_C1_LOW,MODERATE,2025-11-18 11:30:00+05:30,2025-11-18 11:45:00+05:30,323.0353861022949,325.1351161119598,320.12806762737426,2025-11-18 15:30:00+05:30,321.54998779296875,EOD,1.499126308186859,2.299126308186859,28.620180130004883,20.193374633789062,7.724151134490967,1.5860782149646233,2.856257872450792,0.004903256211610627,0.5668663895688824,0.0,325.1351161119598,0.29982526163737183,0.4598252616373718,50000.0,5.0,250000.0,749.5631540934296,1149.5631540934296
2025-11-19,SCHAND,LONG,A_MOD_BREAK_C1_HIGH,MODERATE,2025-11-19 10:15:00+05:30,2025-11-19 10:30:00+05:30,172.05,171.10372500000003,173.94254999999998,2025-11-19 10:31:00+05:30,173.94254999999998,TARGET,4.699999999999918,5.499999999999917,23.162792205810547,64.88050079345703,81.54635620117188,0.9155302682033912,1.8715609369811328,0.006885376780532127,3.677510361345968,0.0,171.10372500000003,0.9399999999999835,1.0999999999999834,50000.0,5.0,250000.0,2349.999999999959,2749.9999999999586
2025-11-19,INTELLECT,LONG,B_HUGE_GREEN_PULLBACK_HOLD_THEN_BREAK,HUGE,2025-11-19 10:15:00+05:30,2025-11-19 11:30:00+05:30,1165.1330044189453,1158.7247728946413,1177.9494674675536,2025-11-19 11:35:00+05:30,1158.7247728946413,SL,-3.5499999999999265,-2.7499999999999263,25.298690795898438,65.57280731201172,49.463924407958984,1.73357239077779,2.3123308896417365,0.012977882343850961,5.801996826008065,0.0,1158.7247728946413,-0.7099999999999853,-0.5499999999999853,50000.0,5.0,250000.0,-1774.9999999999632,-1374.9999999999632
2025-11-19,ORIENTCEM,SHORT,A_MOD_BREAK_C1_LOW,MODERATE,2025-11-19 11:15:00+05:30,2025-11-19 11:30:00+05:30,180.7500030517578,181.9248780715942,179.12325302429198,2025-11-19 15:10:00+05:30,181.9248780715942,SL,-4.049999999999946,-3.2499999999999463,28.585798263549805,22.77549934387207,20.18454933166504,1.7387783199274711,2.487398471610341,0.004081063035529263,0.5930731799405544,0.0,181.9248780715942,-0.8099999999999892,-0.6499999999999893,50000.0,5.0,250000.0,-2024.999999999973,-1624.999999999973
2025-11-19,LTTS,LONG,B_HUGE_GREEN_PULLBACK_HOLD_THEN_BREAK,HUGE,2025-11-19 10:45:00+05:30,2025-11-19 11:45:00+05:30,4347.769282324219,4323.856551271436,4395.594744429784,2025-11-19 12:08:00+05:30,4395.594744429784,TARGET,4.699999999999925,5.499999999999924,30.584674835205078,87.02855682373047,93.07131958007812,2.1553494715602755,6.225383869258605,0.005605221264408913,10.425989919531169,0.0,4323.856551271436,0.9399999999999848,1.0999999999999848,50000.0,5.0,250000.0,2349.999999999962,2749.9999999999623
2025-11-20,MAZDOCK,LONG,B_HUGE_C1_CLOSE_RECLAIM_BREAK,HUGE,2025-11-20 10:15:00+05:30,2025-11-20 10:45:00+05:30,2818.5636,2803.0615002,2849.5677995999995,2025-11-20 15:30:00+05:30,2831.0,EOD,1.4061591939951343,2.206159193995134,25.485227584838867,70.91883087158203,66.11840057373047,0.6290974604794394,2.7445847470718814,0.003906002613227362,4.861120104847091,0.0,2803.0615002,0.28123183879902686,0.44123183879902683,50000.0,5.0,250000.0,703.0795969975671,1103.079596997567
2025-11-20,GENESYS,LONG,B_HUGE_C1_CLOSE_RECLAIM_BREAK,HUGE,2025-11-20 11:00:00+05:30,2025-11-20 11:30:00+05:30,472.0944,469.4978808,477.2874384,2025-11-20 11:37:00+05:30,477.2874384,TARGET,4.699999999999976,5.499999999999976,45.0485954284668,71.53095245361328,67.16486358642578,0.5421705820508159,2.9705945540437035,0.014807805166406146,5.973147236227192,0.0,469.4978808,0.9399999999999953,1.0999999999999952,50000.0,5.0,250000.0,2349.999999999988,2749.999999999988
2025-11-20,BAJFINANCE,LONG,B_HUGE_C1_CLOSE_RECLAIM_BREAK,HUGE,2025-11-20 13:45:00+05:30,2025-11-20 14:15:00+05:30,1028.2056,1022.5504692000001,1039.5158615999999,2025-11-20 15:30:00+05:30,1028.699951171875,EOD,-0.5596049020375904,0.2403950979624095,44.023075103759766,78.21285247802734,94.87545013427734,3.453940134635433,3.9335712060261474,0.0026403514791555442,9.920913281901015,0.0,1022.5504692000001,-0.11192098040751808,0.0480790195924819,50000.0,5.0,250000.0,-279.8024510187952,120.19754898120475
2025-11-21,JSWENERGY,SHORT,A_MOD_BREAK_C1_LOW,MODERATE,2025-11-21 10:00:00+05:30,2025-11-21 10:15:00+05:30,494.0011861022949,497.2121938119598,489.55517542737425,2025-11-21 10:22:00+05:30,489.55517542737425,TARGET,3.700000000000018,4.500000000000018,45.34139633178711,14.42117691040039,1.7046297788619995,1.7884060589646948,4.256457866531498,0.0055183944898198,0.8530920052956281,0.0,497.2121938119598,0.7400000000000035,0.9000000000000036,50000.0,5.0,250000.0,1850.0000000000089,2250.000000000009
2025-11-21,KHAICHEM,SHORT,A_MOD_BREAK_C1_LOW,MODERATE,2025-11-21 10:00:00+05:30,2025-11-21 10:15:00+05:30,88.95,89.528175,88.14945,2025-11-21 13:16:00+05:30,89.528175,SL,-4.05000000000001,-3.2500000000000098,26.285154342651367,20.440099716186523,6.834103107452393,1.4654864602890956,3.842798420066136,0.005023526349824659,0.5107374456903622,0.0,89.528175,-0.8100000000000018,-0.6500000000000019,50000.0,5.0,250000.0,-2025.0000000000045,-1625.0000000000048
2025-11-21,LODHA,SHORT,A_MOD_BREAK_C1_LOW,MODERATE,2025-11-21 10:00:00+05:30,2025-11-21 10:15:00+05:30,1175.7648,1183.4072712,1165.1829168,2025-11-21 11:26:00+05:30,1165.1829168,TARGET,3.6999999999999975,4.499999999999997,20.57463264465332,30.023204803466797,6.6315178871154785,1.5300360478884065,2.917960782610329,0.004549597883933163,0.4363757980502709,0.0,1183.4072712,0.7399999999999995,0.8999999999999995,50000.0,5.0,250000.0,1849.9999999999989,2249.9999999999986
2025-11-21,NIACL,SHORT,A_MOD_BREAK_C1_LOW,MODERATE,2025-11-21 10:00:00+05:30,2025-11-21 10:15:00+05:30,175.5000030517578,176.64075307159422,173.92050302429197,2025-11-21 15:30:00+05:30,174.02999877929688,EOD,3.388046287461882,4.188046287461882,27.51491928100586,26.772438049316406,3.469050645828247,1.2484794414506124,2.880211385172113,0.0033475011750814182,0.4912076914689451,0.0,176.64075307159422,0.6776092574923764,0.8376092574923764,50000.0,5.0,250000.0,1694.023143730941,2094.023143730941
2025-11-21,PRAKASH,SHORT,A_MOD_BREAK_C1_LOW,MODERATE,2025-11-21 10:00:00+05:30,2025-11-21 10:15:00+05:30,135.6700012207031,136.5518562286377,134.44897120971677,2025-11-21 10:20:00+05:30,134.44897120971677,TARGET,3.7000000000000433,4.500000000000043,34.41693115234375,21.31165313720703,1.6757299900054932,0.9418161764598251,4.232179006788774,0.004639179068599267,0.5410717981656257,0.0,136.5518562286377,0.7400000000000087,0.9000000000000086,50000.0,5.0,250000.0,1850.0000000000216,2250.0000000000214
2025-11-21,RHIM,SHORT,A_MOD_BREAK_C1_LOW,MODERATE,2025-11-21 10:00:00+05:30,2025-11-21 10:15:00+05:30,465.85682220458983,468.88489154891965,461.66411080474853,2025-11-21 12:53:00+05:30,468.88489154891965,SL,-4.0499999999999865,-3.2499999999999876,43.28087615966797,17.94473648071289,4.265780925750732,1.2941298959511598,3.6342076694099106,0.004673044940700197,0.7356858741864725,0.0,468.88489154891965,-0.8099999999999974,-0.6499999999999975,50000.0,5.0,250000.0,-2024.9999999999934,-1624.9999999999936
2025-11-21,SANDHAR,SHORT,A_MOD_BREAK_C1_LOW,MODERATE,2025-11-21 10:00:00+05:30,2025-11-21 10:15:00+05:30,533.4432777954102,536.9106591010803,528.6422882952514,2025-11-21 10:50:00+05:30,528.6422882952514,TARGET,3.7000000000000277,4.5000000000000275,30.700363159179688,35.0805778503418,38.00008010864258,1.0198950022206588,1.5287825009144305,0.0057763536090891425,0.4754261978220321,0.0,536.9106591010803,0.7400000000000055,0.9000000000000055,50000.0,5.0,250000.0,1850.0000000000139,2250.0000000000136
2025-11-21,SONATSOFTW,SHORT,A_MOD_BREAK_C1_LOW,MODERATE,2025-11-21 10:00:00+05:30,2025-11-21 10:15:00+05:30,358.37832220458984,360.70778129891966,355.15291730474854,2025-11-21 15:30:00+05:30,357.8999938964844,EOD,-0.13264893763245786,0.667351062367542,32.07530975341797,24.845046997070312,12.47191047668457,1.3615477638635647,3.4671401291682744,0.00455946905687711,0.5794005049773934,0.0,360.70778129891966,-0.02652978752649157,0.1334702124735084,50000.0,5.0,250000.0,-66.32446881622893,333.67553118377106
2025-11-21,GABRIEL,SHORT,A_MOD_BREAK_C1_LOW,MODERATE,2025-11-21 10:15:00+05:30,2025-11-21 10:30:00+05:30,1023.9951111816406,1030.6510794043213,1014.7791551810059,2025-11-21 11:46:00+05:30,1030.6510794043213,SL,-4.050000000000024,-3.250000000000024,29.979990005493164,25.899682998657227,9.055778503417969,1.1504950860915826,4.004244901406636,0.007087191178319979,0.5110364901484243,0.0,1030.6510794043213,-0.8100000000000047,-0.6500000000000048,50000.0,5.0,250000.0,-2025.0000000000116,-1625.000000000012
2025-11-21,HINDZINC,SHORT,A_MOD_BREAK_C1_LOW,MODERATE,2025-11-21 10:15:00+05:30,2025-11-21 10:30:00+05:30,464.907,467.92889549999995,460.72283699999997,2025-11-21 14:52:00+05:30,460.72283699999997,TARGET,3.7000000000000135,4.500000000000013,33.37200164794922,16.999189376831055,4.285287857055664,1.5135414411293637,4.005043639258458,0.003323864770281513,0.625449776916877,0.0,467.92889549999995,0.7400000000000027,0.9000000000000027,50000.0,5.0,250000.0,1850.0000000000066,2250.000000000007
2025-11-21,KIRLOSBROS,SHORT,A_MOD_BREAK_C1_LOW,MODERATE,2025-11-21 10:15:00+05:30,2025-11-21 10:30:00+05:30,1707.1585,1718.25503025,1691.7940735,2025-11-21 14:17:00+05:30,1718.25503025,SL,-4.049999999999967,-3.2499999999999667,27.539955139160156,22.86716651916504,6.808084487915039,1.3506175750139282,3.585863163973193,0.0044454637679339016,0.5094574027148397,0.0,1718.25503025,-0.8099999999999934,-0.6499999999999934,50000.0,5.0,250000.0,-2024.9999999999834,-1624.9999999999834
2025-11-21,LICHSGFIN,SHORT,A_MOD_BREAK_C1_LOW,MODERATE,2025-11-21 10:15:00+05:30,2025-11-21 10:30:00+05:30,548.5902722045898,552.1561089739197,543.6529597547485,2025-11-21 15:30:00+05:30,546.8499755859375,EOD,0.7861533705826593,1.5861533705826592,37.56610107421875,10.757569313049316,2.3487579822540283,1.371658417443967,4.595345809316354,0.0027788029216967197,0.6635317391659754,0.0,552.1561089739197,0.15723067411653185,0.31723067411653183,50000.0,5.0,250000.0,393.0766852913296,793.0766852913296
2025-11-21,SKIPPER,SHORT,A_MOD_BREAK_C1_LOW,MODERATE,2025-11-21 10:15:00+05:30,2025-11-21 10:30:00+05:30,480.15395,483.27495067499996,475.83256445,2025-11-21 12:00:00+05:30,483.27495067499996,SL,-4.049999999999946,-3.249999999999946,22.199010848999023,18.86345100402832,4.138733386993408,1.545304797586029,3.7656821688906232,0.003962470928020251,0.46341350231254047,0.0,483.27495067499996,-0.8099999999999892,-0.6499999999999891,50000.0,5.0,250000.0,-2024.999999999973,-1624.9999999999727
2025-11-21,EXICOM,SHORT,A_PULLBACK_C2_THEN_BREAK_C2_LOW,MODERATE,2025-11-21 10:15:00+05:30,2025-11-21 10:45:00+05:30,122.15999908447266,122.95403907852173,121.06055909271241,2025-11-21 10:50:00+05:30,121.06055909271241,TARGET,3.699999999999981,4.499999999999981,21.33663558959961,23.737506866455078,8.565678596496582,1.4810033796154238,2.876559945773237,0.00793130818582859,0.4392251252766933,0.0,122.95403907852173,0.7399999999999962,0.8999999999999962,50000.0,5.0,250000.0,1849.9999999999905,2249.999999999991
2025-11-21,AMBUJACEM,SHORT,A_MOD_BREAK_C1_LOW,MODERATE,2025-11-21 10:30:00+05:30,2025-11-21 10:45:00+05:30,546.9905555908203,550.5459942021606,542.067640590503,2025-11-21 12:55:00+05:30,550.5459942021606,SL,-4.0499999999999385,-3.249999999999938,24.281179428100586,17.56734848022461,3.31527042388916,1.692837633881201,4.174948276286595,0.0033084462201695268,0.5204642773507189,0.0,550.5459942021606,-0.8099999999999876,-0.6499999999999876,50000.0,5.0,250000.0,-2024.999999999969,-1624.9999999999688
2025-11-21,BATAINDIA,SHORT,A_MOD_BREAK_C1_LOW,MODERATE,2025-11-21 10:45:00+05:30,2025-11-21 11:00:00+05:30,999.3001,1005.79555065,990.3063991,2025-11-21 15:30:00+05:30,999.0,EOD,-0.6498449064500027,0.15015509354999718,22.701385498046875,24.736265182495117,9.783598899841309,1.337689800677938,2.7230233711250276,0.002858294896072318,0.43461649758934223,0.0,1005.79555065,-0.12996898129000053,0.030031018709999437,50000.0,5.0,250000.0,-324.92245322500133,75.0775467749986
2025-11-21,MANINFRA,SHORT,A_MOD_BREAK_C1_LOW,MODERATE,2025-11-21 10:45:00+05:30,2025-11-21 11:00:00+05:30,122.89000244140625,123.68878745727538,121.7839924194336,2025-11-21 15:12:00+05:30,123.68878745727538,SL,-4.049999999999951,-3.249999999999952,44.46120834350586,16.800081253051758,3.638607978820801,1.746670990283243,3.9306805430298306,0.004465008675165093,0.8325855484521554,0.0,123.68878745727538,-0.8099999999999903,-0.6499999999999904,50000.0,5.0,250000.0,-2024.9999999999757,-1624.999999999976
2025-11-21,XPROINDIA,SHORT,A_MOD_BREAK_C1_LOW,MODERATE,2025-11-21 10:45:00+05:30,2025-11-21 11:00:00+05:30,1006.3986555908203,1012.9402468521606,997.341067690503,2025-11-21 12:35:00+05:30,1012.9402468521606,SL,-4.0499999999999705,-3.2499999999999702,27.433937072753906,32.17339324951172,15.60604190826416,0.7941430138442351,2.4072835199291513,0.0050665668857650566,0.4104840835140497,0.0,1012.9402468521606,-0.8099999999999941,-0.649999999999994,50000.0,5.0,250000.0,-2024.9999999999852,-1624.999999999985
2025-11-24,ABSLAMC,SHORT,A_MOD_BREAK_C1_LOW,MODERATE,2025-11-24 10:00:00+05:30,2025-11-24 10:15:00+05:30,720.1559277954102,724.8369413260804,713.6745244452516,2025-11-24 15:30:00+05:30,720.0,EOD,-0.6917402541644391,0.1082597458355608,29.861141204833984,21.68262481689453,5.255009174346924,1.5548198981608439,3.774721680291396,0.004103446789143509,0.5800106002506573,0.0,724.8369413260804,-0.13834805083288781,0.02165194916711216,50000.0,5.0,250000.0,-345.87012708221954,54.1298729177804
2025-11-24,APOLLO,SHORT,A_MOD_BREAK_C1_LOW,MODERATE,2025-11-24 10:00:00+05:30,2025-11-24 10:15:00+05:30,264.4471,266.16600615,262.06707609999995,2025-11-24 11:37:00+05:30,262.06707609999995,TARGET,3.70000000000005,4.50000000000005,51.000091552734375,16.009464263916016,6.785434246063232,1.3106117811228024,3.9611858439217182,0.006955486707116038,0.8393570616964903,0.0,266.16600615,0.74000000000001,0.90000000000001,50000.0,5.0,250000.0,1850.000000000025,2250.000000000025
2025-11-24,EIMCOELECO,SHORT,A_MOD_BREAK_C1_LOW,MODERATE,2025-11-24 10:00:00+05:30,2025-11-24 10:15:00+05:30,1613.6772,1624.1661018,1599.1541052,2025-11-24 10:17:00+05:30,1599.1541052,TARGET,3.7000000000000255,4.500000000000025,30.568235397338867,18.837547302246094,11.045945167541504,1.7875342444665598,4.51435183767084,0.005802739736834547,0.6313420237417309,0.0,1624.1661018,0.7400000000000051,0.900000000000005,50000.0,5.0,250000.0,1850.0000000000127,2250.0000000000123
2025-11-24,PATELENG,SHORT,A_MOD_BREAK_C1_LOW,MODERATE,2025-11-24 10:00:00+05:30,2025-11-24 10:15:00+05:30,32.40999908447266,32.62066407852173,32.11830909271241,2025-11-24 10:19:00+05:30,32.11830909271241,TARGET,3.69999999999995,4.49999999999995,60.15544891357422,13.910638809204102,4.403496742248535,1.6512293865216754,4.913299431482317,0.0036055033969178796,0.8989651426412932,0.0,32.62066407852173,0.73999999999999,0.89999999999999,50000.0,5.0,250000.0,1849.999999999975,2249.999999999975
2025-11-24,PREMEXPLN,SHORT,A_MOD_BREAK_C1_LOW,MODERATE,2025-11-24 10:00:00+05:30,2025-11-24 10:15:00+05:30,538.3923,541.8918499499999,533.5467692999999,2025-11-24 10:16:00+05:30,533.5467692999999,TARGET,3.7000000000000375,4.500000000000038,44.78191375732422,10.644683837890625,5.074329853057861,1.9221601236369064,4.825698914030086,0.0057524777409699345,0.8681067279963217,0.0,541.8918499499999,0.7400000000000075,0.9000000000000076,50000.0,5.0,250000.0,1850.0000000000189,2250.000000000019
2025-11-24,TARC,SHORT,A_MOD_BREAK_C1_LOW,MODERATE,2025-11-24 10:00:00+05:30,2025-11-24 10:15:00+05:30,131.61000366210936,132.46546868591307,130.42551362915037,2025-11-24 10:26:00+05:30,130.42551362915037,TARGET,3.700000000000024,4.500000000000024,27.046070098876953,26.390321731567383,15.581374168395996,1.513143698296895,3.2124312952439933,0.006183580167105733,0.5304911986851109,0.0,132.46546868591307,0.7400000000000049,0.9000000000000048,50000.0,5.0,250000.0,1850.0000000000123,2250.000000000012
2025-11-24,BAJAJCON,SHORT,B_HUGE_RED_FAILED_BOUNCE,HUGE,2025-11-24 10:00:00+05:30,2025-11-24 11:30:00+05:30,257.49847779541017,259.17221790108033,255.18099149525148,2025-11-24 11:41:00+05:30,259.17221790108033,SL,-4.049999999999994,-3.249999999999994,45.03660583496094,14.076921463012695,13.863237380981445,1.772421525406585,5.16233156669382,0.006614529203534423,0.8857228544705664,0.0,259.17221790108033,-0.8099999999999987,-0.6499999999999988,50000.0,5.0,250000.0,-2024.9999999999968,-1624.999999999997
2025-11-24,CAPACITE,SHORT,A_MOD_BREAK_C1_LOW,MODERATE,2025-11-24 11:15:00+05:30,2025-11-24 11:30:00+05:30,279.04418610229493,280.8579733119598,276.53278842737427,2025-11-24 11:49:00+05:30,280.8579733119598,SL,-4.04999999999996,-3.24999999999996,32.70682144165039,23.617719650268555,10.09464168548584,1.2406554935913714,2.563247077528557,0.0069614599547388085,0.5677170330032457,0.0,280.8579733119598,-0.8099999999999921,-0.649999999999992,50000.0,5.0,250000.0,-2024.99999999998,-1624.99999999998
2025-11-24,CMSINFO,SHORT,A_MOD_BREAK_C1_LOW,MODERATE,2025-11-24 11:15:00+05:30,2025-11-24 11:30:00+05:30,349.88002220458986,352.1542423489197,346.73110200474855,2025-11-24 12:25:00+05:30,346.73110200474855,TARGET,3.7000000000000064,4.500000000000007,28.33957862854004,25.018070220947266,5.597850799560547,1.0401611902570467,2.1518003677367705,0.004174055473577507,0.4671218877230838,0.0,352.1542423489197,0.7400000000000013,0.9000000000000014,50000.0,5.0,250000.0,1850.0000000000034,2250.000000000003
2025-11-24,DEEPAKNTR,SHORT,A_MOD_BREAK_C1_LOW,MODERATE,2025-11-24 11:15:00+05:30,2025-11-24 11:30:00+05:30,1662.7673555908202,1673.5753434021606,1647.8024493905027,2025-11-24 11:43:00+05:30,1647.8024493905027,TARGET,3.7000000000000357,4.5000000000000355,54.55449295043945,12.442571640014648,3.2191109657287598,2.5058506072923814,4.382424219779454,0.0028762187062315136,0.96,0.0,1673.5753434021606,0.7400000000000071,0.900000000000007,50000.0,5.0,250000.0,1850.0000000000177,2250.0000000000177
2025-11-24,GREENPLY,SHORT,A_MOD_BREAK_C1_LOW,MODERATE,2025-11-24 11:15:00+05:30,2025-11-24 11:30:00+05:30,282.9434,284.78253209999997,280.39690939999997,2025-11-24 14:22:00+05:30,280.39690939999997,TARGET,3.7000000000000477,4.500000000000047,32.90599060058594,24.752168655395508,7.041782379150391,1.8272192240751046,2.757412049951155,0.004574567830056929,0.6733532232219324,0.0,284.78253209999997,0.7400000000000095,0.9000000000000095,50000.0,5.0,250000.0,1850.0000000000239,2250.0000000000236
2025-11-24,NHPC,SHORT,A_MOD_BREAK_C1_LOW,MODERATE,2025-11-24 11:15:00+05:30,2025-11-24 11:30:00+05:30,77.35000152587891,77.85277653579712,76.653851512146,2025-11-24 12:32:00+05:30,76.653851512146,TARGET,3.69999999999996,4.499999999999959,59.153968811035156,12.71422004699707,8.6094331741333,1.9264610240335545,3.3737019089050317,0.0036875802770214524,0.947130679205872,0.0,77.85277653579712,0.739999999999992,0.8999999999999919,50000.0,5.0,250000.0,1849.99999999998,2249.99999999998
2025-11-24,HSCL,SHORT,A_PULLBACK_C2_THEN_BREAK_C2_LOW,MODERATE,2025-11-24 11:15:00+05:30,2025-11-24 11:45:00+05:30,430.0639638977051,432.85937966304016,426.19338822262574,2025-11-24 11:54:00+05:30,426.19338822262574,TARGET,3.7000000000000064,4.500000000000007,64.47549438476562,18.6512451171875,2.85771107673645,2.2198353180969264,3.301116943359375,0.004644681773458227,0.96,0.0,432.85937966304016,0.7400000000000013,0.9000000000000014,50000.0,5.0,250000.0,1850.0000000000034,2250.000000000003
2025-11-24,GSFC,SHORT,A_MOD_BREAK_C1_LOW,MODERATE,2025-11-24 12:00:00+05:30,2025-11-24 12:15:00+05:30,184.7500030517578,185.95087807159422,183.08725302429198,2025-11-24 15:27:00+05:30,183.08725302429198,TARGET,3.6999999999999966,4.4999999999999964,35.188663482666016,15.43320083618164,0.5106197595596313,2.8475998720947118,3.10873747737728,0.0035095804504984003,0.7378299522399903,0.0,185.95087807159422,0.7399999999999993,0.8999999999999992,50000.0,5.0,250000.0,1849.9999999999984,2249.999999999998
2025-11-24,SENCO,SHORT,A_MOD_BREAK_C1_LOW,MODERATE,2025-11-24 12:00:00+05:30,2025-11-24 12:15:00+05:30,316.53668610229494,318.59417456195985,313.6878559273743,2025-11-24 15:30:00+05:30,316.0,EOD,0.047747079340901694,0.8477470793409015,21.252717971801758,35.200828552246094,12.304226875305176,1.1029460149604038,1.4531619934601139,0.0036193660233278585,0.3444644218681027,0.0,318.59417456195985,0.009549415868180339,0.16954941586818031,50000.0,5.0,250000.0,23.87353967045085,423.8735396704508
2025-11-24,GICHSGFIN,SHORT,B_HUGE_RED_FAILED_BOUNCE,HUGE,2025-11-24 10:00:00+05:30,2025-11-24 13:30:00+05:30,166.9899932861328,168.07542824249265,165.4870833465576,2025-11-24 15:30:00+05:30,167.0,EOD,-0.8299620164965592,-0.02996201649655928,24.3962345123291,19.190811157226562,2.959256887435913,1.5866983292227674,3.6429851418490453,0.003203840961510822,0.5436157252989208,0.0,168.07542824249265,-0.16599240329931184,-0.005992403299311856,50000.0,5.0,250000.0,-414.9810082482796,-14.981008248279641
2025-11-24,EMAMILTD,SHORT,A_MOD_BREAK_C1_LOW,MODERATE,2025-11-24 13:15:00+05:30,2025-11-24 13:30:00+05:30,506.8986,510.1934409,502.3365126,2025-11-24 15:30:00+05:30,504.04998779296875,EOD,2.0098442242997296,2.8098442242997295,24.449857711791992,30.771276473999023,21.08515739440918,1.699211507666444,2.3774483971270475,0.0029571130394406833,0.5241098795185075,0.0,510.1934409,0.40196884485994594,0.5619688448599459,50000.0,5.0,250000.0,1004.9221121498648,1404.9221121498647
2025-11-24,UPL,SHORT,A_MOD_BREAK_C1_LOW,MODERATE,2025-11-24 13:15:00+05:30,2025-11-24 13:30:00+05:30,743.9511555908203,748.7868381021607,737.255595190503,2025-11-24 15:30:00+05:30,737.255595190503,TARGET,3.7000000000000055,4.500000000000005,25.46122932434082,33.757755279541016,13.168937683105469,2.479150476899587,2.0996129358570306,0.0032617977334606038,0.5919184398651123,0.0,748.7868381021607,0.7400000000000011,0.900000000000001,50000.0,5.0,250000.0,1850.0000000000027,2250.0000000000023
2025-11-24,CROMPTON,SHORT,A_MOD_BREAK_C1_LOW,MODERATE,2025-11-24 13:30:00+05:30,2025-11-24 13:45:00+05:30,266.19675,267.927028875,263.80097925,2025-11-24 15:30:00+05:30,265.3500061035156,EOD,0.790447472563778,1.590447472563778,30.041261672973633,33.2274284362793,10.193985939025879,1.9275378275520856,1.5850071760255409,0.0026812364735041777,0.6271884037174964,0.0,267.927028875,0.1580894945127556,0.3180894945127556,50000.0,5.0,250000.0,395.22373628188905,795.2237362818889
2025-11-24,KALYANKJIL,SHORT,A_MOD_BREAK_C1_LOW,MODERATE,2025-11-24 14:00:00+05:30,2025-11-24 14:15:00+05:30,488.9022,492.08006429999995,484.50208019999997,2025-11-24 15:01:00+05:30,484.50208019999997,TARGET,3.7000000000000286,4.500000000000028,46.976627349853516,28.546566009521484,2.3392083644866943,4.075148593290259,3.1720557484145786,0.00287759011508497,0.9146494102478027,0.0,492.08006429999995,0.7400000000000058,0.9000000000000057,50000.0,5.0,250000.0,1850.0000000000143,2250.000000000014
2025-11-24,HINDPETRO,SHORT,A_MOD_BREAK_C1_LOW,MODERATE,2025-11-24 14:15:00+05:30,2025-11-24 14:30:00+05:30,464.5070861022949,467.5263821619598,460.3265223273743,2025-11-24 15:30:00+05:30,463.79998779296875,EOD,-0.03887241929991639,0.7611275807000835,27.59736442565918,26.49472999572754,10.379019737243652,3.327155539160383,2.8171817317507446,0.003287258712194299,0.6239604663848877,0.0,467.5263821619598,-0.007774483859983278,0.1522255161400167,50000.0,5.0,250000.0,-19.436209649958197,380.56379035004176
2025-11-25,THOMASCOOK,SHORT,A_MOD_BREAK_C1_LOW,MODERATE,2025-11-25 11:30:00+05:30,2025-11-25 11:45:00+05:30,152.14999694824218,153.13897192840574,150.780646975708,2025-11-25 14:29:00+05:30,150.780646975708,TARGET,3.6999999999999575,4.499999999999958,38.510013580322266,30.257902145385742,8.636500358581543,1.246299558216855,1.6425812767385664,0.005934428033502844,0.637881690229712,0.0,153.13897192840574,0.7399999999999916,0.8999999999999916,50000.0,5.0,250000.0,1849.9999999999789,2249.999999999979
2025-11-26,JAMNAAUTO,LONG,B_HUGE_GREEN_PULLBACK_HOLD_THEN_BREAK,HUGE,2025-11-26 11:15:00+05:30,2025-11-26 13:30:00+05:30,109.55,108.947475,110.75504999999998,2025-11-26 15:30:00+05:30,109.9000015258789,EOD,0.7974510537604251,1.597451053760425,41.689422607421875,83.249267578125,94.23776245117188,2.0941308040849482,4.475734182051258,0.00609459259115511,9.26025222680271,0.0,108.947475,0.15949021075208503,0.319490210752085,50000.0,5.0,250000.0,398.72552688021256,798.7255268802126
2025-11-26,POKARNA,LONG,B_HUGE_GREEN_PULLBACK_HOLD_THEN_BREAK,HUGE,2025-11-26 10:30:00+05:30,2025-11-26 13:45:00+05:30,941.6383022094726,936.4592915473206,951.9963235337767,2025-11-26 15:30:00+05:30,941.9000244140625,EOD,-0.6610282716963728,0.13897172830362708,43.61187744140625,75.93956756591797,92.69928741455078,2.4422484393254003,3.360460023515286,0.007665469728506253,8.400871108160912,0.0,936.4592915473206,-0.13220565433927456,0.027794345660725417,50000.0,5.0,250000.0,-330.5141358481864,69.48586415181354
2025-11-26,FUSION,LONG,B_HUGE_C1_CLOSE_RECLAIM_BREAK,HUGE,2025-11-26 13:15:00+05:30,2025-11-26 13:45:00+05:30,176.62000732421876,175.64859728393557,178.56282740478514,2025-11-26 15:25:00+05:30,178.56282740478514,TARGET,4.699999999999919,5.499999999999919,32.64065933227539,77.66690063476562,89.4233169555664,3.17850484512902,3.7211249644207816,0.008996832123815602,9.189634151780316,0.0,175.64859728393557,0.939999999999984,1.0999999999999839,50000.0,5.0,250000.0,2349.99999999996,2749.9999999999595
2025-11-26,MANINFRA,LONG,B_HUGE_C1_CLOSE_RECLAIM_BREAK,HUGE,2025-11-26 13:45:00+05:30,2025-11-26 14:15:00+05:30,126.42999725341797,125.73463226852418,127.82072722320555,2025-11-26 14:16:00+05:30,127.82072722320555,TARGET,4.699999999999953,5.499999999999953,32.84583282470703,73.46520233154297,66.99813079833984,3.459372176229423,3.7015072921578764,0.005312776507452907,9.440916266612742,0.0,125.73463226852418,0.9399999999999906,1.0999999999999905,50000.0,5.0,250000.0,2349.999999999977,2749.9999999999764
2025-11-27,BLS,LONG,B_HUGE_C1_CLOSE_RECLAIM_BREAK,HUGE,2025-11-27 10:30:00+05:30,2025-11-27 11:00:00+05:30,318.21362389526365,316.4634489638397,321.71397375811154,2025-11-27 11:01:00+05:30,321.71397375811154,TARGET,4.699999999999975,5.499999999999975,22.998836517333984,69.61653137207031,81.59867095947266,2.702571826473124,2.2098231771379164,0.004860681968485024,7.119042878009332,0.0,316.4634489638397,0.9399999999999951,1.099999999999995,50000.0,5.0,250000.0,2349.9999999999877,2749.9999999999873
2025-11-27,MOTHERSON,LONG,B_HUGE_C1_CLOSE_RECLAIM_BREAK,HUGE,2025-11-27 10:45:00+05:30,2025-11-27 11:15:00+05:30,113.89999847412109,113.27354848251343,115.1528984573364,2025-11-27 11:16:00+05:30,115.1528984573364,TARGET,4.699999999999925,5.499999999999924,35.6782341003418,81.75789642333984,82.97447204589844,2.1822828951895983,4.286296510754236,0.0038584662880438575,8.849935801483252,0.0,113.27354848251343,0.9399999999999848,1.0999999999999848,50000.0,5.0,250000.0,2349.999999999962,2749.9999999999623
2025-11-27,LTTS,LONG,B_HUGE_GREEN_PULLBACK_HOLD_THEN_BREAK,HUGE,2025-11-27 10:45:00+05:30,2025-11-27 13:15:00+05:30,4375.774882324219,4351.708120471436,4423.9084060297855,2025-11-27 15:30:00+05:30,4377.0,EOD,-0.6600113455642209,0.13998865443577901,41.342506408691406,82.14935302734375,79.21332550048828,1.3971945972027722,3.3531544336301207,0.00486506594760567,7.369551350656799,0.0,4351.708120471436,-0.13200226911284418,0.027997730887155806,50000.0,5.0,250000.0,-330.0056727821105,69.9943272178895
2025-11-28,VOLTAMP,LONG,B_HUGE_C1_CLOSE_RECLAIM_BREAK,HUGE,2025-11-28 10:00:00+05:30,2025-11-28 10:30:00+05:30,8462.6922,8416.1473929,8555.781814199998,2025-11-28 10:31:00+05:30,8555.781814199998,TARGET,4.699999999999901,5.4999999999999005,30.094900131225586,83.89618682861328,87.3727035522461,1.7443892308701798,4.939406500776991,0.00669880271761035,8.658147151323035,0.0,8416.1473929,0.9399999999999802,1.09999999999998,50000.0,5.0,250000.0,2349.9999999999504,2749.9999999999504
2025-12-01,DCXINDIA,SHORT,A_MOD_BREAK_C1_LOW,MODERATE,2025-12-01 11:45:00+05:30,2025-12-01 12:00:00+05:30,181.84999389648436,183.0320188568115,180.213343951416,2025-12-01 12:11:00+05:30,180.213343951416,TARGET,3.7000000000000313,4.50000000000003,35.4075927734375,28.15054702758789,22.472488403320312,1.5135853518707478,1.6494373013373043,0.006519196825670583,0.6384631932458085,0.0,183.0320188568115,0.7400000000000062,0.9000000000000061,50000.0,5.0,250000.0,1850.0000000000155,2250.0000000000155
2025-12-02,GOKEX,SHORT,A_MOD_BREAK_C1_LOW,MODERATE,2025-12-02 10:00:00+05:30,2025-12-02 10:15:00+05:30,877.7744222045899,883.4799559489197,869.8744524047486,2025-12-02 12:05:00+05:30,869.8744524047486,TARGET,3.6999999999999957,4.499999999999995,32.29594421386719,23.94261932373047,4.655900001525879,1.0359300809364411,3.923902704120727,0.005781608583270114,0.525726927371885,0.0,883.4799559489197,0.7399999999999991,0.899999999999999,50000.0,5.0,250000.0,1849.9999999999977,2249.9999999999977
2025-12-02,IRCTC,SHORT,A_MOD_BREAK_C1_LOW,MODERATE,2025-12-02 10:00:00+05:30,2025-12-02 10:15:00+05:30,680.5638722045899,684.9875373739196,674.4387973547485,2025-12-02 15:30:00+05:30,680.0,EOD,-0.3857316060847554,0.4142683939152445,32.826141357421875,34.43675231933594,17.48401641845703,1.1847812662376644,2.234148209965694,0.0024815029490313635,0.5597288419529194,0.0,684.9875373739196,-0.07714632121695107,0.0828536787830489,50000.0,5.0,250000.0,-192.86580304237768,207.13419695762227
2025-12-02,MEDANTA,SHORT,A_MOD_BREAK_C1_LOW,MODERATE,2025-12-02 10:00:00+05:30,2025-12-02 10:15:00+05:30,1214.2571,1222.1497711499999,1203.3287861000001,2025-12-02 11:17:00+05:30,1222.1497711499999,SL,-4.049999999999935,-3.2499999999999347,24.030858993530273,25.622682571411133,5.103638648986816,1.250006447304692,3.5175282579279727,0.004751725312229888,0.43921401318127523,0.0,1222.1497711499999,-0.809999999999987,-0.6499999999999869,50000.0,5.0,250000.0,-2024.9999999999673,-1624.9999999999675
2025-12-02,MANAPPURAM,SHORT,A_MOD_BREAK_C1_LOW,MODERATE,2025-12-02 11:15:00+05:30,2025-12-02 11:30:00+05:30,277.04458610229494,278.8453759119598,274.5511848273743,2025-12-02 12:55:00+05:30,274.5511848273743,TARGET,3.6999999999999797,4.49999999999998,23.879159927368164,23.17386245727539,2.652043342590332,2.0842193390773067,3.1530885340664927,0.004059157907383801,0.5681873989105224,0.0,278.8453759119598,0.739999999999996,0.8999999999999959,50000.0,5.0,250000.0,1849.99999999999,2249.99999999999
2025-12-02,PCBL,SHORT,A_MOD_BREAK_C1_LOW,MODERATE,2025-12-02 11:15:00+05:30,2025-12-02 11:30:00+05:30,318.5362861022949,320.60677196195985,315.6694595273743,2025-12-02 15:30:00+05:30,318.0,EOD,0.04179750579922953,0.8417975057992294,29.518596649169922,25.715896606445312,5.710113048553467,1.6004635462366894,2.7290614279934498,0.0036078512902353323,0.5828600703289695,0.0,320.60677196195985,0.008359501159845906,0.16835950115984588,50000.0,5.0,250000.0,20.898752899614763,420.8987528996147
2025-12-02,CAMS,SHORT,A_MOD_BREAK_C1_LOW,MODERATE,2025-12-02 12:00:00+05:30,2025-12-02 12:15:00+05:30,767.9463555908203,772.9380069021606,761.034838390503,2025-12-02 15:30:00+05:30,769.4000244140625,EOD,-1.7464650835694213,-0.9464650835694213,37.935733795166016,29.043964385986328,6.669629096984863,1.2154184710008487,2.097200739427321,0.004209885345066229,0.6417342393526388,0.0,772.9380069021606,-0.34929301671388424,-0.18929301671388427,50000.0,5.0,250000.0,-873.2325417847105,-473.23254178471063
2025-12-02,JTEKTINDIA,SHORT,A_MOD_BREAK_C1_LOW,MODERATE,2025-12-02 12:15:00+05:30,2025-12-02 12:30:00+05:30,150.5500061035156,151.52858114318846,149.19505604858398,2025-12-02 15:08:00+05:30,151.52858114318846,SL,-4.049999999999986,-3.2499999999999862,42.372745513916016,24.553115844726562,6.130212306976318,1.7482887756607188,2.817403901220574,0.005677276880873646,0.8015417184493658,0.0,151.52858114318846,-0.8099999999999972,-0.6499999999999972,50000.0,5.0,250000.0,-2024.999999999993,-1624.9999999999932
2025-12-02,IGARASHI,SHORT,A_MOD_BREAK_C1_LOW,MODERATE,2025-12-02 12:30:00+05:30,2025-12-02 12:45:00+05:30,448.4103,451.32496695,444.3746073,2025-12-02 13:46:00+05:30,444.3746073,TARGET,3.70000000000003,4.50000000000003,46.890655517578125,27.1199893951416,9.86423397064209,1.6269093719482695,2.415950587678936,0.007680049248060476,0.8480689728546189,0.0,451.32496695,0.740000000000006,0.900000000000006,50000.0,5.0,250000.0,1850.000000000015,2250.000000000015
2025-12-02,NUCLEUS,SHORT,A_MOD_BREAK_C1_LOW,MODERATE,2025-12-02 13:15:00+05:30,2025-12-02 13:30:00+05:30,913.8172,919.7570117999999,905.5928451999999,2025-12-02 15:26:00+05:30,919.7570117999999,SL,-4.049999999999954,-3.249999999999954,25.322307586669922,34.363792419433594,21.494699478149414,1.0897687448197086,1.2742449130838733,0.004729359576192431,0.39425638979769145,0.0,919.7570117999999,-0.8099999999999907,-0.6499999999999908,50000.0,5.0,250000.0,-2024.9999999999768,-1624.999999999977
2025-12-03,MAXHEALTH,SHORT,A_MOD_BREAK_C1_LOW,MODERATE,2025-12-03 10:00:00+05:30,2025-12-03 10:15:00+05:30,1094.4810111816407,1101.5951377543213,1084.630682081006,2025-12-03 14:25:00+05:30,1084.630682081006,TARGET,3.7000000000000064,4.500000000000007,50.723819732666016,18.340787887573242,4.898411273956299,0.9511068066730791,4.210866656671995,0.004220479590707718,0.7764436911677888,0.0,1101.5951377543213,0.7400000000000013,0.9000000000000014,50000.0,5.0,250000.0,1850.0000000000034,2250.000000000003
2025-12-03,NDRAUTO,SHORT,A_MOD_BREAK_C1_LOW,MODERATE,2025-12-03 10:00:00+05:30,2025-12-03 10:15:00+05:30,837.0325722045899,842.4732839239197,829.4992790547485,2025-12-03 11:56:00+05:30,842.4732839239197,SL,-4.0499999999999705,-3.2499999999999702,28.643695831298828,42.516021728515625,8.049524307250977,2.030985647111596,1.0457650712067674,0.0110931476051958,0.5919436910298208,0.0,842.4732839239197,-0.8099999999999941,-0.649999999999994,50000.0,5.0,250000.0,-2024.9999999999852,-1624.999999999985
2025-12-03,PFC,SHORT,A_MOD_BREAK_C1_LOW,MODERATE,2025-12-03 10:00:00+05:30,2025-12-03 10:15:00+05:30,355.4289,357.73918785,352.2300399,2025-12-03 10:47:00+05:30,352.2300399,TARGET,3.699999999999987,4.499999999999987,26.03301239013672,26.561464309692383,4.996022701263428,1.3589104644537484,3.169304488427811,0.003634186756083099,0.4883045171314568,0.0,357.73918785,0.7399999999999973,0.8999999999999974,50000.0,5.0,250000.0,1849.9999999999934,2249.999999999993
2025-12-03,ABCAPITAL,SHORT,A_MOD_BREAK_C1_LOW,MODERATE,2025-12-03 10:15:00+05:30,2025-12-03 10:30:00+05:30,351.2797361022949,353.56305438695983,348.1182184773743,2025-12-03 11:23:00+05:30,348.1182184773743,TARGET,3.699999999999972,4.499999999999972,21.28103256225586,30.491655349731445,5.937608242034912,1.5046980671144878,2.588916297684683,0.0035749844472300167,0.4425376501788733,0.0,353.56305438695983,0.7399999999999944,0.8999999999999944,50000.0,5.0,250000.0,1849.9999999999861,2249.999999999986
2025-12-03,BANKINDIA,SHORT,A_MOD_BREAK_C1_LOW,MODERATE,2025-12-03 10:15:00+05:30,2025-12-03 10:30:00+05:30,142.3000061035156,143.22495614318845,141.01930604858399,2025-12-03 11:01:00+05:30,141.01930604858399,TARGET,3.6999999999999575,4.499999999999958,35.57425308227539,14.579120635986328,4.427284240722656,1.4258680088171913,4.177033179666015,0.005436683998004958,0.6431406977771392,0.0,143.22495614318845,0.7399999999999916,0.8999999999999916,50000.0,5.0,250000.0,1849.9999999999789,2249.999999999979
2025-12-03,BHEL,SHORT,A_MOD_BREAK_C1_LOW,MODERATE,2025-12-03 10:15:00+05:30,2025-12-03 10:30:00+05:30,281.69365,283.524658725,279.15840715,2025-12-03 11:41:00+05:30,279.15840715,TARGET,3.6999999999999558,4.499999999999956,37.96989059448242,19.439971923828125,4.608034133911133,1.7562849090827914,3.253571547780569,0.005044110755584078,0.7368982180067247,0.0,283.524658725,0.7399999999999911,0.899999999999991,50000.0,5.0,250000.0,1849.9999999999777,2249.9999999999777
2025-12-03,GAIL,SHORT,A_MOD_BREAK_C1_LOW,MODERATE,2025-12-03 10:15:00+05:30,2025-12-03 10:30:00+05:30,166.66000671386718,167.7432967575073,165.16006665344236,2025-12-03 12:42:00+05:30,165.16006665344236,TARGET,3.7000000000000446,4.500000000000044,23.016292572021484,18.257160186767578,1.6768720149993896,2.1497774180396823,4.545976019577894,0.0029462164430144157,0.5552443885803222,0.0,167.7432967575073,0.7400000000000089,0.9000000000000089,50000.0,5.0,250000.0,1850.0000000000223,2250.0000000000223
2025-12-03,NCC,SHORT,A_MOD_BREAK_C1_LOW,MODERATE,2025-12-03 10:15:00+05:30,2025-12-03 10:30:00+05:30,169.45999450683593,170.56148447113034,167.9348545562744,2025-12-03 10:56:00+05:30,170.56148447113034,SL,-4.049999999999948,-3.249999999999948,21.433307647705078,27.951587677001953,3.571868658065796,1.7619595803263026,3.10293542074364,0.00356216809727559,0.48984254127267907,0.0,170.56148447113034,-0.8099999999999896,-0.6499999999999896,50000.0,5.0,250000.0,-2024.9999999999739,-1624.9999999999739
2025-12-03,SBFC,SHORT,A_MOD_BREAK_C1_LOW,MODERATE,2025-12-03 10:15:00+05:30,2025-12-03 10:30:00+05:30,105.45,106.135425,104.50095,2025-12-03 12:14:00+05:30,106.135425,SL,-4.049999999999976,-3.249999999999976,43.05889892578125,26.117868423461914,31.249711990356445,1.0119753433526506,1.7099536636050994,0.004549763778939632,0.6684768521536875,0.0,106.135425,-0.8099999999999952,-0.6499999999999952,50000.0,5.0,250000.0,-2024.9999999999877,-1624.9999999999882
2025-12-03,RVNL,SHORT,A_PULLBACK_C2_THEN_BREAK_C2_LOW,MODERATE,2025-12-03 10:15:00+05:30,2025-12-03 10:45:00+05:30,314.2371277954102,316.2796691260803,311.4089936452515,2025-12-03 14:35:00+05:30,311.4089936452515,TARGET,3.6999999999999966,4.4999999999999964,30.831857681274414,24.541425704956055,8.206809043884277,1.5912466895081863,2.8010864067073955,0.0030518202241321345,0.6009460358830487,0.0,316.2796691260803,0.7399999999999993,0.8999999999999992,50000.0,5.0,250000.0,1849.9999999999984,2249.999999999998
2025-12-03,CANBK,SHORT,A_MOD_BREAK_C1_LOW,MODERATE,2025-12-03 10:30:00+05:30,2025-12-03 10:45:00+05:30,148.22999877929686,149.19349377136228,146.8959287902832,2025-12-03 11:21:00+05:30,146.8959287902832,TARGET,3.6999999999999957,4.499999999999995,36.2894287109375,20.54068946838379,3.428738832473755,2.368742761704868,3.971776534975038,0.005468577348190582,0.7543414306640626,0.0,149.19349377136228,0.7399999999999991,0.899999999999999,50000.0,5.0,250000.0,1849.9999999999977,2249.9999999999977
2025-12-03,CENTRALBK,SHORT,A_MOD_BREAK_C1_LOW,MODERATE,2025-12-03 10:30:00+05:30,2025-12-03 10:45:00+05:30,37.35999984741211,37.60283984642029,37.0237598487854,2025-12-03 15:30:00+05:30,37.310001373291016,EOD,-0.13085553633159427,0.6691444636684056,57.742088317871094,19.7020320892334,4.2494611740112305,2.1081808838642555,4.069564111531491,0.0043724002273369915,0.96,0.0,37.60283984642029,-0.026171107266318855,0.13382889273368112,50000.0,5.0,250000.0,-65.42776816579713,334.5722318342028
2025-12-03,CROMPTON,SHORT,A_MOD_BREAK_C1_LOW,MODERATE,2025-12-03 10:30:00+05:30,2025-12-03 10:45:00+05:30,257.0485861022949,258.71940191195984,254.73514882737425,2025-12-03 15:30:00+05:30,257.3999938964844,EOD,-1.4835435267666162,-0.6835435267666162,26.785282135009766,16.012773513793945,5.397366046905518,2.050907934012633,3.7858449451910943,0.0036936285159137536,0.6117792320251465,0.0,258.71940191195984,-0.2967087053533232,-0.13670870535332325,50000.0,5.0,250000.0,-741.7717633833081,-341.7717633833081
2025-12-03,LTF,SHORT,A_MOD_BREAK_C1_LOW,MODERATE,2025-12-03 10:30:00+05:30,2025-12-03 10:45:00+05:30,302.13957220458985,304.1034794239197,299.4203160547485,2025-12-03 11:04:00+05:30,299.4203160547485,TARGET,3.700000000000033,4.500000000000033,24.355043411254883,18.426218032836914,9.256782531738281,1.7224407662696175,2.7424516353227895,0.004311464978720462,0.5267527852660063,0.0,304.1034794239197,0.7400000000000067,0.9000000000000066,50000.0,5.0,250000.0,1850.0000000000166,2250.0000000000164
2025-12-03,PARACABLES,SHORT,A_MOD_BREAK_C1_LOW,MODERATE,2025-12-03 10:30:00+05:30,2025-12-03 10:45:00+05:30,38.10999984741211,38.357714846420286,37.767009848785406,2025-12-03 11:21:00+05:30,38.357714846420286,SL,-4.04999999999994,-3.2499999999999405,44.912174224853516,24.792633056640625,12.967379570007324,0.9240689564870194,2.0157168692327514,0.006787600494053216,0.6953946807580311,0.0,38.357714846420286,-0.8099999999999881,-0.6499999999999881,50000.0,5.0,250000.0,-2024.99999999997,-1624.9999999999704
2025-12-03,KTKBANK,SHORT,A_MOD_BREAK_C1_LOW,MODERATE,2025-12-03 10:45:00+05:30,2025-12-03 11:00:00+05:30,205.53000183105468,206.86594684295653,203.6802318145752,2025-12-03 11:24:00+05:30,203.6802318145752,TARGET,3.6999999999999753,4.499999999999975,26.93801498413086,18.45264434814453,5.101634502410889,2.4642761949959624,3.7225097878915125,0.006704570042682057,0.6140702247619629,0.0,206.86594684295653,0.7399999999999951,0.899999999999995,50000.0,5.0,250000.0,1849.9999999999877,2249.9999999999877
2025-12-03,SIYSIL,SHORT,A_PULLBACK_C2_THEN_BREAK_C2_LOW,MODERATE,2025-12-03 11:00:00+05:30,2025-12-03 11:30:00+05:30,692.8614,697.3649991,686.6256474,2025-12-03 15:30:00+05:30,690.8499755859375,EOD,0.6515344728848393,1.4515344728848392,22.20993423461914,34.374351501464844,20.3389835357666,0.9495627291980071,1.3131568492903318,0.006096689904062951,0.32498033359345496,0.0,697.3649991,0.13030689457696787,0.29030689457696784,50000.0,5.0,250000.0,325.76723644241963,725.7672364424195
2025-12-03,PARAS,SHORT,A_MOD_BREAK_C1_LOW,MODERATE,2025-12-03 11:15:00+05:30,2025-12-03 11:30:00+05:30,692.8614,697.3649991,686.6256474,2025-12-03 12:07:00+05:30,697.3649991,SL,-4.049999999999981,-3.2499999999999813,23.501882553100586,18.242830276489258,3.485236883163452,2.216908518099778,2.815048239100685,0.004262011460583619,0.5625282382965087,0.0,697.3649991,-0.8099999999999963,-0.6499999999999962,50000.0,5.0,250000.0,-2024.9999999999907,-1624.9999999999907
2025-12-03,DIAMONDYD,SHORT,A_MOD_BREAK_C1_LOW,MODERATE,2025-12-03 11:45:00+05:30,2025-12-03 12:00:00+05:30,1061.7876,1068.6892194,1052.2315116000002,2025-12-03 13:20:00+05:30,1068.6892194,SL,-4.049999999999926,-3.2499999999999263,31.157251358032227,36.40011978149414,38.79399108886719,0.8767657040652796,1.1851588119626115,0.0070016123705215596,0.4400507091800379,0.0,1068.6892194,-0.8099999999999852,-0.6499999999999853,50000.0,5.0,250000.0,-2024.999999999963,-1624.9999999999632
2025-12-03,AVADHSUGAR,SHORT,A_MOD_BREAK_C1_LOW,MODERATE,2025-12-03 14:00:00+05:30,2025-12-03 14:15:00+05:30,362.9274,365.28642809999997,359.66105339999996,2025-12-03 15:30:00+05:30,364.5,EOD,-2.966549012281826,-2.1665490122818265,22.400115966796875,27.432086944580078,2.9785513877868652,3.7565332285002917,3.8098101847062247,0.003656458068189043,0.5460017395019532,0.0,365.28642809999997,-0.5933098024563652,-0.4333098024563653,50000.0,5.0,250000.0,-1483.274506140913,-1083.2745061409132
2025-12-04,HEG,LONG,B_HUGE_C1_CLOSE_RECLAIM_BREAK,HUGE,2025-12-04 10:00:00+05:30,2025-12-04 10:30:00+05:30,526.7553544189453,523.8581999696412,532.5496633175537,2025-12-04 10:42:00+05:30,532.5496633175537,TARGET,4.699999999999994,5.499999999999994,36.58507537841797,67.15790557861328,71.25731658935547,0.77072065532086,1.6554377524920976,0.0029567003486588956,4.519477592138475,0.0,523.8581999696412,0.9399999999999988,1.0999999999999988,50000.0,5.0,250000.0,2349.9999999999973,2749.999999999997
2025-12-04,LTTS,LONG,B_HUGE_GREEN_PULLBACK_HOLD_THEN_BREAK,HUGE,2025-12-04 10:00:00+05:30,2025-12-04 11:30:00+05:30,4689.637935351562,4663.844926707129,4741.223952640429,2025-12-04 14:00:00+05:30,4663.844926707129,SL,-3.54999999999994,-2.7499999999999405,26.540773391723633,86.71764373779297,96.29876708984375,1.6321103779881225,5.882952286203276,0.003888664220872182,9.248560435502469,0.0,4663.844926707129,-0.709999999999988,-0.549999999999988,50000.0,5.0,250000.0,-1774.99999999997,-1374.9999999999702
2025-12-05,VINCOFE,LONG,B_HUGE_GREEN_PULLBACK_HOLD_THEN_BREAK,HUGE,2025-12-05 12:30:00+05:30,2025-12-05 14:30:00+05:30,168.72999267578126,167.80197771606447,170.58602259521484,2025-12-05 14:47:00+05:30,167.80197771606447,SL,-3.549999999999981,-2.7499999999999813,29.09650230407715,76.93241882324219,84.81695556640625,2.4878206516964734,3.8305429889103237,0.007310620063188998,8.556778477973598,0.0,167.80197771606447,-0.7099999999999962,-0.5499999999999963,50000.0,5.0,250000.0,-1774.9999999999905,-1374.9999999999907
2025-12-08,ABREL,SHORT,A_MOD_BREAK_C1_LOW,MODERATE,2025-12-08 10:00:00+05:30,2025-12-08 10:15:00+05:30,1674.7649555908204,1685.6509278021606,1659.692070990503,2025-12-08 11:25:00+05:30,1685.6509278021606,SL,-4.0499999999999705,-3.2499999999999702,24.69776725769043,30.122053146362305,3.3390321731567383,1.4464803990963064,3.6534024513753844,0.009690083521083375,0.48360057870721,0.0,1685.6509278021606,-0.8099999999999941,-0.649999999999994,50000.0,5.0,250000.0,-2024.9999999999852,-1624.999999999985
2025-12-08,ATGL,SHORT,A_MOD_BREAK_C1_LOW,MODERATE,2025-12-08 10:00:00+05:30,2025-12-08 10:15:00+05:30,585.9827555908203,589.7916435021606,580.7089107905028,2025-12-08 11:17:00+05:30,580.7089107905028,TARGET,3.700000000000032,4.500000000000032,26.037748336791992,27.06683921813965,6.8325605392456055,1.4533363463564875,2.7760029777799358,0.0032151946631234015,0.5049000856642651,0.0,589.7916435021606,0.7400000000000064,0.9000000000000064,50000.0,5.0,250000.0,1850.0000000000161,2250.000000000016
2025-12-08,AURIONPRO,SHORT,A_MOD_BREAK_C1_LOW,MODERATE,2025-12-08 10:00:00+05:30,2025-12-08 10:15:00+05:30,1055.7888,1062.6514272,1046.2867008,2025-12-08 11:02:00+05:30,1046.2867008,TARGET,3.6999999999999886,4.4999999999999885,21.23227310180664,26.713924407958984,6.615756034851074,1.5280375716925934,2.726989571061719,0.005901690801240389,0.44589067157330337,0.0,1062.6514272,0.7399999999999978,0.8999999999999977,50000.0,5.0,250000.0,1849.9999999999945,2249.999999999994
2025-12-08,IDBI,SHORT,A_MOD_BREAK_C1_LOW,MODERATE,2025-12-08 10:00:00+05:30,2025-12-08 10:15:00+05:30,96.25000305175782,96.87562807159424,95.38375302429199,2025-12-08 11:16:00+05:30,95.38375302429199,TARGET,3.700000000000021,4.50000000000002,22.002904891967773,29.295921325683594,14.968535423278809,1.2905735446230935,2.6881685511475357,0.0036251585737212925,0.415893943688558,0.0,96.87562807159424,0.7400000000000042,0.9000000000000041,50000.0,5.0,250000.0,1850.0000000000105,2250.0000000000105
2025-12-08,NAVINFLUOR,SHORT,A_MOD_BREAK_C1_LOW,MODERATE,2025-12-08 10:00:00+05:30,2025-12-08 10:15:00+05:30,5649.8698,5686.5939537,5599.020971800001,2025-12-08 11:55:00+05:30,5599.020971800001,TARGET,3.6999999999999855,4.499999999999986,20.331785202026367,22.255373001098633,0.4848484992980957,1.395903512268013,3.326084316367564,0.0047951783835308,0.40925989267729773,0.0,5686.5939537,0.7399999999999971,0.8999999999999971,50000.0,5.0,250000.0,1849.9999999999927,2249.9999999999927
2025-12-08,PENIND,SHORT,A_MOD_BREAK_C1_LOW,MODERATE,2025-12-08 10:00:00+05:30,2025-12-08 10:15:00+05:30,199.95,201.24967499999997,198.15044999999998,2025-12-08 11:06:00+05:30,198.15044999999998,TARGET,3.700000000000027,4.500000000000027,42.444244384765625,19.235090255737305,2.4672086238861084,1.20471576852009,3.9930578851530747,0.00674803196044616,0.7074889252625001,0.0,201.24967499999997,0.7400000000000053,0.9000000000000054,50000.0,5.0,250000.0,1850.0000000000134,2250.000000000013
2025-12-08,PRAKASH,SHORT,A_MOD_BREAK_C1_LOW,MODERATE,2025-12-08 10:00:00+05:30,2025-12-08 10:15:00+05:30,127.46000213623047,128.28849215011596,126.3128621170044,2025-12-08 10:45:00+05:30,126.3128621170044,TARGET,3.69999999999999,4.49999999999999,33.34916687011719,23.249094009399414,4.839179992675781,1.6205202866573505,3.6948108493014358,0.006964959579685375,0.6438285532167942,0.0,128.28849215011596,0.739999999999998,0.899999999999998,50000.0,5.0,250000.0,1849.9999999999948,2249.999999999995
2025-12-08,RUPA,SHORT,A_MOD_BREAK_C1_LOW,MODERATE,2025-12-08 10:00:00+05:30,2025-12-08 10:15:00+05:30,164.0699951171875,165.1364500854492,162.5933651611328,2025-12-08 11:44:00+05:30,162.5933651611328,TARGET,3.700000000000021,4.50000000000002,26.722414016723633,25.45099639892578,1.657591462135315,1.321805772559508,3.601964080654739,0.0050818653901248305,0.49215222044876833,0.0,165.1364500854492,0.7400000000000042,0.9000000000000041,50000.0,5.0,250000.0,1850.0000000000105,2250.0000000000105
2025-12-08,SJVN,SHORT,A_MOD_BREAK_C1_LOW,MODERATE,2025-12-08 10:00:00+05:30,2025-12-08 10:15:00+05:30,72.39999694824219,72.87059692840576,71.748396975708,2025-12-08 12:38:00+05:30,71.748396975708,TARGET,3.700000000000041,4.500000000000041,47.86653518676758,13.412847518920898,6.444899082183838,2.0149023532329022,5.279063775640695,0.00348767823186414,0.9279980278015136,0.0,72.87059692840576,0.7400000000000082,0.9000000000000082,50000.0,5.0,250000.0,1850.0000000000205,2250.0000000000205
2025-12-08,TEXRAIL,SHORT,A_MOD_BREAK_C1_LOW,MODERATE,2025-12-08 10:00:00+05:30,2025-12-08 10:15:00+05:30,119.99000091552735,120.76993592147826,118.9100909072876,2025-12-08 12:37:00+05:30,118.9100909072876,TARGET,3.7000000000000166,4.500000000000017,47.14904022216797,16.963924407958984,6.676818370819092,2.030777165579834,4.514604529044962,0.0042565861549128375,0.9172356033325195,0.0,120.76993592147826,0.7400000000000033,0.9000000000000034,50000.0,5.0,250000.0,1850.0000000000084,2250.0000000000086
2025-12-08,GMDCLTD,SHORT,A_PULLBACK_C2_THEN_BREAK_C2_LOW,MODERATE,2025-12-08 10:00:00+05:30,2025-12-08 10:30:00+05:30,503.8992,507.1745448,499.3641072,2025-12-08 11:00:00+05:30,499.3641072,TARGET,3.7000000000000286,4.500000000000029,23.19748878479004,24.870574951171875,5.564723968505859,1.3029438828776208,2.6559400165677527,0.006164804874406966,0.4359775112754342,0.0,507.1745448,0.7400000000000058,0.9000000000000058,50000.0,5.0,250000.0,1850.0000000000143,2250.0000000000146
2025-12-08,ICIL,SHORT,A_MOD_BREAK_C1_LOW,MODERATE,2025-12-08 10:15:00+05:30,2025-12-08 10:30:00+05:30,287.19255,289.05930157499995,284.60781705,2025-12-08 10:35:00+05:30,284.60781705,TARGET,3.699999999999981,4.4999999999999805,34.89643859863281,22.116743087768555,8.059781074523926,1.7974531571121957,3.3890977931600212,0.010937501158979204,0.6980008814741263,0.0,289.05930157499995,0.7399999999999962,0.8999999999999961,50000.0,5.0,250000.0,1849.9999999999905,2249.9999999999905
2025-12-08,PNGJL,SHORT,A_MOD_BREAK_C1_LOW,MODERATE,2025-12-08 10:15:00+05:30,2025-12-08 10:30:00+05:30,609.2281055908203,613.1880882771605,603.7450526405029,2025-12-08 10:59:00+05:30,603.7450526405029,TARGET,3.700000000000027,4.500000000000027,24.350566864013672,31.605836868286133,14.083995819091797,1.3973036002906338,2.2365078026149305,0.005936755401671205,0.469786633011066,0.0,613.1880882771605,0.7400000000000053,0.9000000000000054,50000.0,5.0,250000.0,1850.0000000000134,2250.000000000013
2025-12-08,GOKULAGRO,SHORT,A_PULLBACK_C2_THEN_BREAK_C2_LOW,MODERATE,2025-12-08 10:15:00+05:30,2025-12-08 10:45:00+05:30,195.47000427246093,196.74055930023192,193.71077423400877,2025-12-08 12:09:00+05:30,193.71077423400877,TARGET,3.7000000000000286,4.500000000000028,39.87407302856445,22.19098472595215,11.769832611083984,2.0405858977185813,3.282858970259034,0.004877010665400027,0.8081110954284667,0.0,196.74055930023192,0.7400000000000058,0.9000000000000057,50000.0,5.0,250000.0,1850.0000000000143,2250.000000000014
2025-12-08,MANYAVAR,SHORT,A_PULLBACK_C2_THEN_BREAK_C2_LOW,MODERATE,2025-12-08 10:15:00+05:30,2025-12-08 10:45:00+05:30,587.0325944091796,590.8483062728393,581.749301059497,2025-12-08 15:29:00+05:30,590.8483062728393,SL,-4.049999999999992,-3.249999999999992,39.609596252441406,12.36670207977295,17.151893615722656,1.2702996436728502,2.7827425609447163,0.005332665775897311,0.6764463814293697,0.0,590.8483062728393,-0.8099999999999983,-0.6499999999999984,50000.0,5.0,250000.0,-2024.9999999999955,-1624.999999999996
2025-12-08,TITAGARH,SHORT,A_PULLBACK_C2_THEN_BREAK_C2_LOW,MODERATE,2025-12-08 10:15:00+05:30,2025-12-08 10:45:00+05:30,774.3950777954102,779.4286458010803,767.4255220952515,2025-12-08 10:56:00+05:30,779.4286458010803,SL,-4.049999999999942,-3.2499999999999423,25.26994514465332,29.169025421142578,14.136199951171875,1.7113517367585356,2.9777900669002686,0.005096444301944203,0.5385357311025436,0.0,779.4286458010803,-0.8099999999999885,-0.6499999999999885,50000.0,5.0,250000.0,-2024.9999999999714,-1624.9999999999711
2025-12-08,VPRPL,SHORT,A_MOD_BREAK_C1_LOW,MODERATE,2025-12-08 10:30:00+05:30,2025-12-08 10:45:00+05:30,75.10000152587891,75.58815153579712,74.424101512146,2025-12-08 11:20:00+05:30,74.424101512146,TARGET,3.7000000000000255,4.500000000000025,44.96373748779297,23.6412296295166,3.4808287620544434,1.478065554751688,3.430278343516633,0.005599636838397649,0.7931175343984398,0.0,75.58815153579712,0.7400000000000051,0.900000000000005,50000.0,5.0,250000.0,1850.0000000000127,2250.0000000000123
2025-12-08,DLF,SHORT,A_MOD_BREAK_C1_LOW,MODERATE,2025-12-08 10:45:00+05:30,2025-12-08 11:00:00+05:30,697.9603555908203,702.4970979021606,691.6787123905029,2025-12-08 12:10:00+05:30,691.6787123905029,TARGET,3.6999999999999957,4.499999999999995,32.765079498291016,23.435062408447266,1.0026440620422363,2.332556973206166,3.8711623891204208,0.005294617531466129,0.7014761924743651,0.0,702.4970979021606,0.7399999999999991,0.899999999999999,50000.0,5.0,250000.0,1849.9999999999977,2249.9999999999977
2025-12-08,GODREJPROP,SHORT,A_MOD_BREAK_C1_LOW,MODERATE,2025-12-08 11:00:00+05:30,2025-12-08 11:15:00+05:30,2003.5992,2016.6225948000001,1985.5668072,2025-12-08 12:10:00+05:30,1985.5668072,TARGET,3.7000000000000055,4.500000000000005,28.85116195678711,21.15946388244629,3.9019246101379395,2.1802140277794906,3.9271373445052813,0.006190578408616525,0.6427674293518066,0.0,2016.6225948000001,0.7400000000000011,0.9000000000000011,50000.0,5.0,250000.0,1850.0000000000027,2250.0000000000027
2025-12-08,INDNIPPON,SHORT,A_MOD_BREAK_C1_LOW,MODERATE,2025-12-08 11:00:00+05:30,2025-12-08 11:15:00+05:30,792.3415,797.4917197499999,785.2104265,2025-12-08 13:04:00+05:30,785.2104265,TARGET,3.6999999999999735,4.499999999999973,53.315948486328125,23.302427291870117,14.632308959960938,1.0508189502683905,2.457274660701149,0.00768165470283541,0.7938933162969684,0.0,797.4917197499999,0.7399999999999947,0.8999999999999946,50000.0,5.0,250000.0,1849.9999999999866,2249.9999999999864
2025-12-08,JAMNAAUTO,SHORT,A_MOD_BREAK_C1_LOW,MODERATE,2025-12-08 11:00:00+05:30,2025-12-08 11:15:00+05:30,118.75000305175782,119.52187807159423,117.68125302429199,2025-12-08 12:07:00+05:30,117.68125302429199,TARGET,3.700000000000019,4.500000000000019,20.520009994506836,24.702871322631836,3.983450174331665,2.3588754853871783,3.043793896646638,0.006435592121904205,0.5178001499176026,0.0,119.52187807159423,0.7400000000000038,0.9000000000000038,50000.0,5.0,250000.0,1850.0000000000093,2250.0000000000095
2025-12-08,BLUEDART,SHORT,A_MOD_BREAK_C1_LOW,MODERATE,2025-12-08 11:15:00+05:30,2025-12-08 11:30:00+05:30,5461.9074,5497.4097980999995,5412.7502334,2025-12-08 11:32:00+05:30,5412.7502334,TARGET,3.6999999999999975,4.499999999999998,27.447996139526367,17.209287643432617,4.022227764129639,3.7686828907881256,3.384261731748157,0.0034972349962660585,0.6217199420928954,0.0,5497.4097980999995,0.7399999999999995,0.8999999999999996,50000.0,5.0,250000.0,1849.9999999999989,2249.999999999999
2025-12-08,INDIGO,SHORT,A_MOD_BREAK_C1_LOW,MODERATE,2025-12-08 11:15:00+05:30,2025-12-08 11:30:00+05:30,4985.0028,5017.4053182,4940.1377748,2025-12-08 11:32:00+05:30,5017.4053182,SL,-4.049999999999957,-3.2499999999999574,49.195068359375,19.45693588256836,8.433682441711426,1.9431438524296754,3.6119875559314814,0.01235424532673033,0.937976199565818,0.0,5017.4053182,-0.8099999999999914,-0.6499999999999915,50000.0,5.0,250000.0,-2024.9999999999786,-1624.9999999999786
2025-12-08,MOL,SHORT,A_MOD_BREAK_C1_LOW,MODERATE,2025-12-08 11:15:00+05:30,2025-12-08 11:30:00+05:30,63.7,64.11405,63.1267,2025-12-08 12:13:00+05:30,63.1267,TARGET,3.7000000000000255,4.500000000000026,36.28733825683594,20.483200073242188,5.020092487335205,1.8872165046717742,3.198668118964468,0.005501400255689434,0.7345729621700994,0.0,64.11405,0.7400000000000051,0.9000000000000051,50000.0,5.0,250000.0,1850.0000000000127,2250.0000000000127
2025-12-08,AEROFLEX,SHORT,A_MOD_BREAK_C1_LOW,MODERATE,2025-12-08 11:30:00+05:30,2025-12-08 11:45:00+05:30,171.7,172.81605,170.1547,2025-12-08 12:38:00+05:30,170.1547,TARGET,3.699999999999993,4.499999999999993,33.66243362426758,23.432579040527344,9.366238594055176,2.027987412624266,2.844938885024113,0.005903549254911747,0.7149365043640137,0.0,172.81605,0.7399999999999987,0.8999999999999986,50000.0,5.0,250000.0,1849.9999999999966,2249.9999999999964
2025-12-08,HUDCO,SHORT,A_MOD_BREAK_C1_LOW,MODERATE,2025-12-08 11:30:00+05:30,2025-12-08 11:45:00+05:30,218.0699951171875,219.48745008544918,216.1073651611328,2025-12-08 12:27:00+05:30,216.1073651611328,TARGET,3.699999999999993,4.499999999999993,27.109113693237305,31.64791488647461,2.9798243045806885,2.015288752773301,2.5315914550667733,0.005412934260456616,0.6166367053985595,0.0,219.48745008544918,0.7399999999999987,0.8999999999999986,50000.0,5.0,250000.0,1849.9999999999966,2249.9999999999964
2025-12-08,PREMEXPLN,SHORT,A_MOD_BREAK_C1_LOW,MODERATE,2025-12-08 11:30:00+05:30,2025-12-08 11:45:00+05:30,510.8978,514.2186356999999,506.2997198,2025-12-08 12:30:00+05:30,506.2997198,TARGET,3.7000000000000255,4.500000000000026,40.29854202270508,17.67177391052246,6.8158183097839355,2.4249976756887457,3.2508718998017065,0.006295331294837899,0.8144781303405761,0.0,514.2186356999999,0.7400000000000051,0.9000000000000051,50000.0,5.0,250000.0,1850.0000000000127,2250.0000000000127
2025-12-08,OLECTRA,SHORT,A_PULLBACK_C2_THEN_BREAK_C2_LOW,MODERATE,2025-12-08 11:30:00+05:30,2025-12-08 12:00:00+05:30,1182.7634,1190.4513621,1172.1185294,2025-12-08 13:10:00+05:30,1172.1185294,TARGET,3.7000000000000446,4.500000000000044,25.713041305541992,25.608078002929688,7.168810844421387,2.248538913229202,2.8988597470750808,0.005978962120697621,0.5956956195831298,0.0,1190.4513621,0.7400000000000089,0.9000000000000088,50000.0,5.0,250000.0,1850.0000000000223,2250.000000000022
2025-12-08,APTECHT,SHORT,A_MOD_BREAK_C1_LOW,MODERATE,2025-12-08 11:45:00+05:30,2025-12-08 12:00:00+05:30,98.75000305175782,99.39187807159423,97.861253024292,2025-12-08 12:35:00+05:30,97.861253024292,TARGET,3.6999999999999886,4.4999999999999885,24.195011138916016,30.920944213867188,2.5297369956970215,1.9805643159901751,2.0674281532678678,0.005299290742394119,0.5695239223820208,0.0,99.39187807159423,0.7399999999999978,0.8999999999999977,50000.0,5.0,250000.0,1849.9999999999945,2249.999999999994
2025-12-08,HGS,SHORT,A_MOD_BREAK_C1_LOW,MODERATE,2025-12-08 11:45:00+05:30,2025-12-08 12:00:00+05:30,459.908,462.897402,455.768828,2025-12-08 13:35:00+05:30,455.768828,TARGET,3.700000000000033,4.500000000000033,39.433902740478516,25.200742721557617,8.527538299560547,1.6130600461319058,2.3761496710595162,0.004829188533451247,0.7337940491802613,0.0,462.897402,0.7400000000000067,0.9000000000000066,50000.0,5.0,250000.0,1850.0000000000166,2250.0000000000164
2025-12-08,GAIL,SHORT,A_MOD_BREAK_C1_LOW,MODERATE,2025-12-08 12:00:00+05:30,2025-12-08 12:15:00+05:30,161.8000061035156,162.85170614318847,160.34380604858399,2025-12-08 15:30:00+05:30,161.1699981689453,EOD,1.1468724066896443,1.9468724066896441,41.48189926147461,17.228408813476562,3.5919246673583984,2.0324780925528656,3.0169644958056594,0.00325596035572772,0.8322284889221192,0.0,162.85170614318847,0.22937448133792887,0.38937448133792885,50000.0,5.0,250000.0,573.4362033448222,973.4362033448222
2025-12-08,NSIL,SHORT,A_MOD_BREAK_C1_LOW,MODERATE,2025-12-08 12:00:00+05:30,2025-12-08 12:15:00+05:30,6497.7002,6539.9352513,6439.2208982,2025-12-08 13:36:00+05:30,6439.2208982,TARGET,3.700000000000002,4.500000000000003,33.60568618774414,33.30458068847656,7.235438346862793,1.3305405019626015,1.5160353392356742,0.004236915695206865,0.572731647621401,0.0,6539.9352513,0.7400000000000004,0.9000000000000005,50000.0,5.0,250000.0,1850.0000000000011,2250.000000000001
2025-12-08,SAIL,SHORT,A_MOD_BREAK_C1_LOW,MODERATE,2025-12-08 12:00:00+05:30,2025-12-08 12:15:00+05:30,130.34999389648436,131.19726885681152,129.176843951416,2025-12-08 13:23:00+05:30,129.176843951416,TARGET,3.7000000000000033,4.500000000000003,24.18539047241211,28.944656372070312,6.991945266723633,2.02626231790458,2.1607410957436612,0.004051905113080555,0.5727808570861816,0.0,131.19726885681152,0.7400000000000007,0.9000000000000006,50000.0,5.0,250000.0,1850.0000000000016,2250.0000000000014
2025-12-08,TI,SHORT,A_MOD_BREAK_C1_LOW,MODERATE,2025-12-08 12:00:00+05:30,2025-12-08 12:15:00+05:30,440.6118722045899,443.4758493739197,436.6463653547486,2025-12-08 12:20:00+05:30,436.6463653547486,TARGET,3.699999999999979,4.499999999999979,25.297332763671875,24.162057876586914,3.1881871223449707,2.1767540517027157,2.6085550465109795,0.005701329973008897,0.5894599914550782,0.0,443.4758493739197,0.7399999999999958,0.8999999999999958,50000.0,5.0,250000.0,1849.9999999999895,2249.9999999999895
2025-12-08,GRSE,SHORT,A_MOD_BREAK_C1_LOW,MODERATE,2025-12-08 12:15:00+05:30,2025-12-08 12:30:00+05:30,2389.522,2405.053893,2368.016302,2025-12-08 13:17:00+05:30,2368.016302,TARGET,3.6999999999999877,4.499999999999988,50.59487533569336,15.982337951660156,4.0172600746154785,2.436436369463291,2.7913065762444678,0.006185213518842997,0.96,0.0,2405.053893,0.7399999999999975,0.8999999999999975,50000.0,5.0,250000.0,1849.9999999999939,2249.9999999999936
2025-12-08,HITECH,SHORT,A_MOD_BREAK_C1_LOW,MODERATE,2025-12-08 12:15:00+05:30,2025-12-08 12:30:00+05:30,93.89000244140625,94.50028745727539,93.0449924194336,2025-12-08 13:30:00+05:30,93.0449924194336,TARGET,3.699999999999993,4.499999999999994,28.142009735107422,25.00063133239746,1.6608459949493408,2.401097575417954,2.832753101197983,0.006569519211308722,0.6321301460266113,0.0,94.50028745727539,0.7399999999999987,0.8999999999999987,50000.0,5.0,250000.0,1849.9999999999966,2249.999999999997
2025-12-08,INDIANB,SHORT,A_MOD_BREAK_C1_LOW,MODERATE,2025-12-08 12:15:00+05:30,2025-12-08 12:30:00+05:30,787.1425277954102,792.2589542260803,780.0582450452515,2025-12-08 13:05:00+05:30,780.0582450452515,TARGET,3.6999999999999735,4.499999999999973,29.65472412109375,23.652904510498047,3.202620267868042,2.1746870400991964,3.003441556355094,0.0052202958933870195,0.6548208618164062,0.0,792.2589542260803,0.7399999999999947,0.8999999999999947,50000.0,5.0,250000.0,1849.9999999999866,2249.999999999987
2025-12-08,RITES,SHORT,A_MOD_BREAK_C1_LOW,MODERATE,2025-12-08 12:15:00+05:30,2025-12-08 12:30:00+05:30,222.45,223.89592499999998,220.44795,2025-12-08 15:30:00+05:30,221.85000610351562,EOD,0.548603948043074,1.348603948043074,30.06219482421875,20.38194465637207,1.5125129222869873,2.8081070090109854,3.184784212166456,0.004230186710359391,0.6609329223632812,0.0,223.89592499999998,0.10972078960861481,0.2697207896086148,50000.0,5.0,250000.0,274.30197402153703,674.301974021537
2025-12-08,SIRCA,SHORT,A_MOD_BREAK_C1_LOW,MODERATE,2025-12-08 12:15:00+05:30,2025-12-08 12:30:00+05:30,483.2533361022949,486.39448278695977,478.90405607737426,2025-12-08 12:33:00+05:30,478.90405607737426,TARGET,3.6999999999999766,4.499999999999976,38.333961486816406,23.96934700012207,4.833963871002197,3.015127979460305,3.0172286342664876,0.006451275585483586,0.7850094223022461,0.0,486.39448278695977,0.7399999999999953,0.8999999999999952,50000.0,5.0,250000.0,1849.9999999999884,2249.999999999988
2025-12-08,YESBANK,SHORT,A_MOD_BREAK_C1_LOW,MODERATE,2025-12-08 12:15:00+05:30,2025-12-08 12:30:00+05:30,22.099999618530273,22.243649616050718,21.9010996219635,2025-12-08 13:21:00+05:30,21.9010996219635,TARGET,3.7000000000000135,4.500000000000013,27.516122817993164,25.628652572631836,2.0357656478881836,2.3070026460061874,2.5621209102855564,0.003932437311621348,0.6227418422698974,0.0,22.243649616050718,0.7400000000000027,0.9000000000000027,50000.0,5.0,250000.0,1850.0000000000066,2250.000000000007
2025-12-08,GESHIP,SHORT,A_MOD_BREAK_C1_LOW,MODERATE,2025-12-08 12:30:00+05:30,2025-12-08 12:45:00+05:30,1066.2867,1073.21756355,1056.6901197000002,2025-12-08 14:19:00+05:30,1073.21756355,SL,-4.049999999999958,-3.2499999999999583,40.55091857910156,20.01923942565918,3.8943428993225098,2.8420127516566467,2.8702678927334753,0.004640064270279771,0.8182637786865234,0.0,1073.21756355,-0.8099999999999916,-0.6499999999999917,50000.0,5.0,250000.0,-2024.999999999979,-1624.9999999999793
2025-12-08,GMRP&UI,SHORT,A_MOD_BREAK_C1_LOW,MODERATE,2025-12-08 12:30:00+05:30,2025-12-08 12:45:00+05:30,106.2999984741211,106.99094846420287,105.343298487854,2025-12-08 12:46:00+05:30,105.343298487854,TARGET,3.700000000000033,4.500000000000033,24.833847045898438,30.65939712524414,1.1368892192840576,1.653877495768186,2.0832540922583616,0.007881303589952747,0.5219362674479091,0.0,106.99094846420287,0.7400000000000067,0.9000000000000066,50000.0,5.0,250000.0,1850.0000000000166,2250.0000000000164
2025-12-08,WINDMACHIN,SHORT,A_MOD_BREAK_C1_LOW,MODERATE,2025-12-08 12:30:00+05:30,2025-12-08 12:45:00+05:30,265.7468277954102,267.4741821760803,263.3551063452515,2025-12-08 13:14:00+05:30,267.4741821760803,SL,-4.049999999999942,-3.2499999999999423,42.939476013183594,25.099918365478516,3.2407279014587402,2.1635263825142075,2.944426125462992,0.007430405505925899,0.8540921401977539,0.0,267.4741821760803,-0.8099999999999885,-0.6499999999999885,50000.0,5.0,250000.0,-2024.9999999999714,-1624.9999999999711
2025-12-08,ALKYLAMINE,SHORT,A_MOD_BREAK_C1_LOW,MODERATE,2025-12-08 12:45:00+05:30,2025-12-08 13:00:00+05:30,1601.2796555908203,1611.6879733521605,1586.868138690503,2025-12-08 15:30:00+05:30,1605.0,EOD,-1.9616785350985433,-1.1616785350985435,47.387630462646484,21.583106994628906,6.883554458618164,1.9891088637095364,2.4426769988829586,0.004238123356452917,0.9189085080888661,0.0,1611.6879733521605,-0.39233570701970866,-0.23233570701970868,50000.0,5.0,250000.0,-980.8392675492717,-580.8392675492717
2025-12-08,SAREGAMA,SHORT,A_MOD_BREAK_C1_LOW,MODERATE,2025-12-08 12:45:00+05:30,2025-12-08 13:00:00+05:30,348.0303861022949,350.2925836119598,344.89811262737425,2025-12-08 14:11:00+05:30,350.2925836119598,SL,-4.049999999999936,-3.249999999999936,32.06525802612305,19.554780960083008,1.6063642501831055,2.067453830156638,3.293668900048561,0.008035600801934838,0.6909788703918456,0.0,350.2925836119598,-0.8099999999999872,-0.6499999999999873,50000.0,5.0,250000.0,-2024.9999999999677,-1624.999999999968
2025-12-08,TATAPOWER,SHORT,A_MOD_BREAK_C1_LOW,MODERATE,2025-12-08 12:45:00+05:30,2025-12-08 13:00:00+05:30,375.9248,378.3683112,372.5414768,2025-12-08 14:40:00+05:30,372.5414768,TARGET,3.700000000000009,4.500000000000009,31.92254066467285,26.251201629638672,9.2869291305542,1.6196253856117275,2.380882988695914,0.00393977341297242,0.6222725524521451,0.0,378.3683112,0.7400000000000018,0.9000000000000018,50000.0,5.0,250000.0,1850.0000000000043,2250.0000000000045
2025-12-08,TNPL,SHORT,A_MOD_BREAK_C1_LOW,MODERATE,2025-12-08 12:45:00+05:30,2025-12-08 13:00:00+05:30,138.0500061035156,138.94733114318845,136.80755604858396,2025-12-08 14:59:00+05:30,136.80755604858396,TARGET,3.700000000000041,4.500000000000041,30.315526962280273,23.65538215637207,7.079873561859131,2.0819298680329776,2.661456216510347,0.0034757348630001673,0.6647329044342041,0.0,138.94733114318845,0.7400000000000082,0.9000000000000082,50000.0,5.0,250000.0,1850.0000000000205,2250.0000000000205
2025-12-08,TRENT,SHORT,A_MOD_BREAK_C1_LOW,MODERATE,2025-12-08 12:45:00+05:30,2025-12-08 13:00:00+05:30,4116.376755273437,4143.1332041827145,4079.329364475976,2025-12-08 14:44:00+05:30,4079.329364475976,TARGET,3.7000000000000135,4.500000000000013,27.313390731811523,26.673818588256836,8.633131980895996,1.8892428590676245,1.8933349719678747,0.004314826565538431,0.5949851099124008,0.0,4143.1332041827145,0.7400000000000027,0.9000000000000027,50000.0,5.0,250000.0,1850.0000000000066,2250.000000000007
2025-12-08,AIAENG,SHORT,A_PULLBACK_C2_THEN_BREAK_C2_LOW,MODERATE,2025-12-08 12:45:00+05:30,2025-12-08 13:15:00+05:30,3704.7589,3728.8398328499998,3671.4160699,2025-12-08 13:51:00+05:30,3671.4160699,TARGET,3.699999999999987,4.499999999999987,32.82682418823242,27.700031280517578,5.410167694091797,2.389186523720351,2.1827469774484283,0.004477900735538284,0.7024023628234863,0.0,3728.8398328499998,0.7399999999999973,0.8999999999999974,50000.0,5.0,250000.0,1849.9999999999934,2249.999999999993
2025-12-08,ANTELOPUS,SHORT,A_MOD_BREAK_C1_LOW,MODERATE,2025-12-08 13:00:00+05:30,2025-12-08 13:15:00+05:30,368.9262,371.3242203,365.6058642,2025-12-08 13:36:00+05:30,365.6058642,TARGET,3.7000000000000135,4.500000000000012,25.927888870239258,21.962665557861328,5.2324748039245605,3.179834752978352,2.9371646407250234,0.005748352563418763,0.5989183330535888,0.0,371.3242203,0.7400000000000027,0.9000000000000026,50000.0,5.0,250000.0,1850.0000000000066,2250.0000000000064
2025-12-08,LAURUSLABS,SHORT,A_PULLBACK_C2_THEN_BREAK_C2_LOW,MODERATE,2025-12-08 13:00:00+05:30,2025-12-08 13:30:00+05:30,1005.1989444091797,1011.7327375478393,996.1521539094971,2025-12-08 14:43:00+05:30,996.1521539094971,TARGET,3.7000000000000055,4.500000000000005,26.64049530029297,25.73599624633789,3.724191188812256,3.278223464011884,2.784187643732621,0.00418749863165175,0.6096074295043945,0.0,1011.7327375478393,0.7400000000000011,0.9000000000000011,50000.0,5.0,250000.0,1850.0000000000027,2250.0000000000027
2025-12-08,MTNL,SHORT,A_PULLBACK_C2_THEN_BREAK_C2_LOW,MODERATE,2025-12-08 13:00:00+05:30,2025-12-08 13:30:00+05:30,34.560000610351565,34.784640614318846,34.248960604858404,2025-12-08 14:54:00+05:30,34.784640614318846,SL,-4.049999999999935,-3.2499999999999347,42.10649108886719,11.156712532043457,1.322542428970337,4.297072839829538,4.54902492836486,0.005887205172416068,0.8415973663330079,0.0,34.784640614318846,-0.809999999999987,-0.6499999999999869,50000.0,5.0,250000.0,-2024.9999999999673,-1624.9999999999675
2025-12-08,ARIHANTSUP,SHORT,A_MOD_BREAK_C1_LOW,MODERATE,2025-12-08 13:15:00+05:30,2025-12-08 13:30:00+05:30,315.73682779541014,317.7891171760803,312.89519634525146,2025-12-08 13:31:00+05:30,312.89519634525146,TARGET,3.69999999999997,4.49999999999997,51.504722595214844,19.07882308959961,1.3570339679718018,3.3137429395574425,3.917996450907262,0.006810786866815774,0.96,0.0,317.7891171760803,0.739999999999994,0.899999999999994,50000.0,5.0,250000.0,1849.999999999985,2249.999999999985
2025-12-08,HGINFRA,SHORT,A_MOD_BREAK_C1_LOW,MODERATE,2025-12-08 13:15:00+05:30,2025-12-08 13:30:00+05:30,798.8402,804.0326613,791.6506382,2025-12-08 15:19:00+05:30,791.6506382,TARGET,3.699999999999987,4.499999999999987,71.99591064453125,17.72654151916504,3.610457420349121,3.3794602134165665,3.3468358985999616,0.0034036926713803166,0.96,0.0,804.0326613,0.7399999999999973,0.8999999999999974,50000.0,5.0,250000.0,1849.9999999999934,2249.999999999993
2025-12-08,ASIANPAINT,SHORT,A_MOD_BREAK_C1_LOW,MODERATE,2025-12-08 13:45:00+05:30,2025-12-08 14:00:00+05:30,2929.6139111816406,2948.656401604321,2903.2473859810057,2025-12-08 15:30:00+05:30,2924.0,EOD,0.1581315749856313,0.9581315749856312,25.035423278808594,35.650569915771484,31.30957794189453,1.438596464112859,1.7561007747429682,0.0022317765258206383,0.4750907691390276,0.0,2948.656401604321,0.03162631499712626,0.19162631499712623,50000.0,5.0,250000.0,79.06578749281564,479.06578749281556
2025-12-08,GIPCL,SHORT,A_MOD_BREAK_C1_LOW,MODERATE,2025-12-08 13:45:00+05:30,2025-12-08 14:00:00+05:30,146.66000671386718,147.6132967575073,145.34006665344236,2025-12-08 14:42:00+05:30,145.34006665344236,TARGET,3.7000000000000277,4.5000000000000275,66.04364776611328,19.379154205322266,11.873092651367188,2.8482002729641756,3.858702836283246,0.006783273349813864,0.96,0.0,147.6132967575073,0.7400000000000055,0.9000000000000055,50000.0,5.0,250000.0,1850.0000000000139,2250.0000000000136
2025-12-08,MOIL,SHORT,A_MOD_BREAK_C1_LOW,MODERATE,2025-12-08 14:00:00+05:30,2025-12-08 14:15:00+05:30,315.1369722045898,317.18536252391965,312.3007394547485,2025-12-08 14:40:00+05:30,317.18536252391965,SL,-4.049999999999988,-3.249999999999988,28.34385108947754,18.502626419067383,2.8896992206573486,4.267166354739655,4.089208812238043,0.005121452128964065,0.635157766342163,0.0,317.18536252391965,-0.8099999999999976,-0.6499999999999976,50000.0,5.0,250000.0,-2024.9999999999939,-1624.9999999999939
2025-12-09,CRISIL,SHORT,A_MOD_BREAK_C1_LOW,MODERATE,2025-12-09 10:15:00+05:30,2025-12-09 10:30:00+05:30,4288.3423552734375,4316.216580582714,4249.747274075977,2025-12-09 10:59:00+05:30,4316.216580582714,SL,-4.049999999999946,-3.2499999999999463,34.48947525024414,21.841882705688477,14.437758445739746,1.636869053400574,3.026904997237787,0.005243916532410359,0.6637942130987624,0.0,4316.216580582714,-0.8099999999999892,-0.6499999999999893,50000.0,5.0,250000.0,-2024.999999999973,-1624.999999999973
2025-12-10,SALZERELEC,LONG,A_MOD_BREAK_C1_HIGH,MODERATE,2025-12-10 10:00:00+05:30,2025-12-10 10:15:00+05:30,714.1428,710.2150146,721.9983707999999,2025-12-10 10:17:00+05:30,721.9983707999999,TARGET,4.699999999999927,5.499999999999927,22.72610092163086,74.29378509521484,92.9835205078125,1.371246918208659,3.3899196238435945,0.006067423593430292,5.885138681223118,0.0,710.2150146,0.9399999999999855,1.0999999999999854,50000.0,5.0,250000.0,2349.9999999999636,2749.9999999999636
2025-12-10,AFFLE,LONG,A_MOD_BREAK_C1_HIGH,MODERATE,2025-12-10 10:15:00+05:30,2025-12-10 10:30:00+05:30,1655.8311,1646.7240289500003,1674.0452421,2025-12-10 10:31:00+05:30,1674.0452421,TARGET,4.699999999999967,5.499999999999967,39.735618591308594,72.08402252197266,83.8921127319336,1.4082639678732274,2.2913105529876043,0.005376028892173756,5.430319787578191,0.0,1646.7240289500003,0.9399999999999935,1.0999999999999934,50000.0,5.0,250000.0,2349.9999999999836,2749.999999999983
2025-12-10,METROBRAND,LONG,B_HUGE_GREEN_PULLBACK_HOLD_THEN_BREAK,HUGE,2025-12-10 10:30:00+05:30,2025-12-10 12:00:00+05:30,1131.8262955810546,1125.6012509553589,1144.2763848324462,2025-12-10 14:10:00+05:30,1144.2763848324462,TARGET,4.699999999999975,5.499999999999975,21.04336166381836,76.21519470214844,94.47480010986328,1.5280173960601213,3.889993498101898,0.005839490224238017,6.741995678636476,0.0,1125.6012509553589,0.9399999999999951,1.099999999999995,50000.0,5.0,250000.0,2349.9999999999877,2749.9999999999873
2025-12-10,DATAPATTNS,SHORT,A_MOD_BREAK_C1_LOW,MODERATE,2025-12-10 11:45:00+05:30,2025-12-10 12:00:00+05:30,2568.586277636719,2585.2820884413577,2545.4690011379885,2025-12-10 13:11:00+05:30,2545.4690011379885,TARGET,3.6999999999999975,4.499999999999998,22.270170211791992,39.929325103759766,9.314969062805176,1.4340943975872056,1.311505642555748,0.007357914270468217,0.41059435488242824,0.0,2585.2820884413577,0.7399999999999995,0.8999999999999996,50000.0,5.0,250000.0,1849.9999999999989,2249.999999999999
2025-12-10,GANECOS,SHORT,A_MOD_BREAK_C1_LOW,MODERATE,2025-12-10 14:00:00+05:30,2025-12-10 14:15:00+05:30,873.3253,879.00191445,865.4653723,2025-12-10 14:23:00+05:30,865.4653723,TARGET,3.6999999999999753,4.499999999999975,25.985971450805664,33.08681106567383,2.9779460430145264,3.6130652213271475,2.2780799263356952,0.005024654088985213,0.5997895717620849,0.0,879.00191445,0.7399999999999951,0.899999999999995,50000.0,5.0,250000.0,1849.9999999999877,2249.9999999999877
2025-12-10,APOLLOHOSP,SHORT,A_MOD_BREAK_C1_LOW,MODERATE,2025-12-10 14:15:00+05:30,2025-12-10 14:30:00+05:30,7011.0975,7056.66963375,6947.9976225,2025-12-10 15:30:00+05:30,7027.0,EOD,-1.934094911673967,-1.1340949116739671,25.877952575683594,33.404449462890625,15.86972427368164,1.8295037673401653,1.939463881053745,0.0027597866270458525,0.56530564197247,0.0,7056.66963375,-0.3868189823347934,-0.22681898233479345,50000.0,5.0,250000.0,-967.0474558369834,-567.0474558369837
2025-12-10,KALYANKJIL,SHORT,A_MOD_BREAK_C1_LOW,MODERATE,2025-12-10 14:15:00+05:30,2025-12-10 14:30:00+05:30,464.6070722045898,467.6270181739196,460.4256085547485,2025-12-10 14:53:00+05:30,460.4256085547485,TARGET,3.6999999999999966,4.4999999999999964,21.39177703857422,31.20831871032715,10.772183418273926,3.359948094948188,2.5197315972996877,0.00311094291888829,0.5308766555786133,0.0,467.6270181739196,0.7399999999999993,0.8999999999999992,50000.0,5.0,250000.0,1849.9999999999984,2249.999999999998
2025-12-11,MANYAVAR,SHORT,A_MOD_BREAK_C1_LOW,MODERATE,2025-12-11 10:00:00+05:30,2025-12-11 10:15:00+05:30,585.0829722045899,588.8860115239197,579.8172254547485,2025-12-11 11:36:00+05:30,579.8172254547485,TARGET,3.70000000000004,4.500000000000039,25.16921615600586,28.758907318115234,13.820352554321289,0.9908562498789015,2.5381476398899245,0.004744831609380195,0.41093808606889565,0.0,588.8860115239197,0.740000000000008,0.9000000000000079,50000.0,5.0,250000.0,1850.00000000002,2250.0000000000196
2025-12-11,MVGJL,SHORT,A_MOD_BREAK_C1_LOW,MODERATE,2025-12-11 10:00:00+05:30,2025-12-11 10:15:00+05:30,180.95,182.126175,179.32145,2025-12-11 12:13:00+05:30,182.126175,SL,-4.050000000000002,-3.2500000000000018,28.600627899169922,31.277990341186523,6.1984148025512695,0.4703435545328651,2.0064430774290476,0.0056393027964217884,0.37131954053080024,0.0,182.126175,-0.8100000000000003,-0.6500000000000004,50000.0,5.0,250000.0,-2025.0000000000007,-1625.0000000000007
2025-12-11,OLAELEC,LONG,B_HUGE_C1_CLOSE_RECLAIM_BREAK,HUGE,2025-12-11 12:00:00+05:30,2025-12-11 12:30:00+05:30,36.040001678466794,35.84178166923523,36.436441696929926,2025-12-11 12:31:00+05:30,36.436441696929926,TARGET,4.699999999999957,5.499999999999956,24.94775390625,77.42974853515625,93.45587921142578,2.1477170106771095,3.2251116572184113,0.010876042794721917,7.222586249817729,0.0,35.84178166923523,0.9399999999999913,1.0999999999999912,50000.0,5.0,250000.0,2349.9999999999786,2749.999999999978
2025-12-11,UNICHEMLAB,LONG,B_HUGE_C1_CLOSE_RECLAIM_BREAK,HUGE,2025-12-11 14:00:00+05:30,2025-12-11 14:30:00+05:30,458.1415977905273,455.62181900267944,463.1811553662231,2025-12-11 14:59:00+05:30,463.1811553662231,TARGET,4.699999999999963,5.499999999999963,55.0672607421875,80.3751220703125,74.97541046142578,1.5969672178313927,5.003332056238608,0.0057386106903002405,9.037951324699105,0.0,455.62181900267944,0.9399999999999926,1.0999999999999925,50000.0,5.0,250000.0,2349.9999999999814,2749.9999999999814
2025-12-12,HSCL,LONG,B_HUGE_C1_CLOSE_RECLAIM_BREAK,HUGE,2025-12-12 11:30:00+05:30,2025-12-12 12:00:00+05:30,469.0938,466.5137841,474.25383179999994,2025-12-12 14:46:00+05:30,466.5137841,SL,-3.5499999999999767,-2.749999999999977,35.37054443359375,69.0368881225586,82.12490844726562,0.5619691149014443,1.814745360200252,0.006274759642350902,4.228757950407169,0.0,466.5137841,-0.7099999999999953,-0.5499999999999954,50000.0,5.0,250000.0,-1774.9999999999882,-1374.9999999999884
2025-12-12,SPANDANA,LONG,B_HUGE_C1_CLOSE_RECLAIM_BREAK,HUGE,2025-12-12 12:15:00+05:30,2025-12-12 12:45:00+05:30,270.75415220947264,269.26500437232056,273.7324478837768,2025-12-12 15:30:00+05:30,271.04998779296875,EOD,-0.2536822776641357,0.5463177223358642,45.78588104248047,71.00453186035156,71.91690826416016,1.404439440572827,2.2426607217730203,0.008456915356733223,6.131358524514011,0.0,269.26500437232056,-0.05073645553282714,0.10926354446717283,50000.0,5.0,250000.0,-126.84113883206784,273.15886116793206
2025-12-12,RPTECH,LONG,B_HUGE_GREEN_PULLBACK_HOLD_THEN_BREAK,HUGE,2025-12-12 12:00:00+05:30,2025-12-12 13:00:00+05:30,343.0686,341.1817227,346.84235459999996,2025-12-12 13:03:00+05:30,346.84235459999996,TARGET,4.699999999999944,5.499999999999944,52.48949432373047,76.49797058105469,79.37431335449219,2.3078116235764043,2.9734485658654712,0.005343783203030395,8.035584125446952,0.0,341.1817227,0.9399999999999888,1.0999999999999888,50000.0,5.0,250000.0,2349.999999999972,2749.9999999999723
2025-12-12,SKFINDIA,LONG,A_MOD_BREAK_C1_HIGH,MODERATE,2025-12-12 14:00:00+05:30,2025-12-12 14:15:00+05:30,1818.0634911621094,1808.064141960718,1838.0621895648924,2025-12-12 15:30:00+05:30,1814.0,EOD,-1.9175327984590809,-1.117532798459081,20.267541885375977,60.554012298583984,59.72542953491211,0.46299988190141794,1.319092608064973,0.0020080360387054303,2.6055298590403204,0.0,1808.064141960718,-0.3835065596918162,-0.2235065596918162,50000.0,5.0,250000.0,-958.7663992295405,-558.7663992295405
2025-12-15,KRSNAA,LONG,B_HUGE_GREEN_PULLBACK_HOLD_THEN_BREAK,HUGE,2025-12-15 13:00:00+05:30,2025-12-15 14:00:00+05:30,756.6513,752.48971785,764.9744642999999,2025-12-15 14:50:00+05:30,752.48971785,SL,-3.5499999999999723,-2.7499999999999725,25.199764251708984,68.6465072631836,78.38639068603516,2.9633732081877375,1.910897685663979,0.005316826161423676,7.126037513249046,0.0,752.48971785,-0.7099999999999944,-0.5499999999999945,50000.0,5.0,250000.0,-1774.999999999986,-1374.9999999999864
2025-12-16,NIITMTS,SHORT,A_MOD_BREAK_C1_LOW,MODERATE,2025-12-16 10:00:00+05:30,2025-12-16 10:15:00+05:30,389.47207779541014,392.00364630108027,385.96682909525146,2025-12-16 11:40:00+05:30,392.00364630108027,SL,-4.049999999999945,-3.2499999999999445,27.42881202697754,21.79315757751465,6.28881311416626,1.0304347909589149,3.922042616553697,0.00601426323235335,0.4517582688224732,0.0,392.00364630108027,-0.809999999999989,-0.6499999999999889,50000.0,5.0,250000.0,-2024.9999999999725,-1624.9999999999725
2025-12-16,NCC,SHORT,A_PULLBACK_C2_THEN_BREAK_C2_LOW,MODERATE,2025-12-16 10:30:00+05:30,2025-12-16 11:00:00+05:30,158.75999755859374,159.79193754272458,157.33115758056638,2025-12-16 15:21:00+05:30,157.33115758056638,TARGET,3.7000000000000366,4.500000000000036,27.029691696166992,29.47388458251953,9.121291160583496,1.1270920530643231,2.5395521036880995,0.0038903812942264965,0.46268648472876145,0.0,159.79193754272458,0.7400000000000073,0.9000000000000072,50000.0,5.0,250000.0,1850.0000000000182,2250.000000000018
2025-12-16,JUBLFOOD,SHORT,A_MOD_BREAK_C1_LOW,MODERATE,2025-12-16 10:45:00+05:30,2025-12-16 11:00:00+05:30,565.8868,569.5650641999999,560.7938187999999,2025-12-16 11:16:00+05:30,569.5650641999999,SL,-4.04999999999995,-3.2499999999999507,49.16716384887695,23.021615982055664,5.729519367218018,1.3706546908106483,3.396372780181313,0.004358252889536338,0.8373720286250177,0.0,569.5650641999999,-0.8099999999999901,-0.6499999999999901,50000.0,5.0,250000.0,-2024.9999999999752,-1624.9999999999754
2025-12-16,ETERNAL,SHORT,A_MOD_BREAK_C1_LOW,MODERATE,2025-12-16 11:00:00+05:30,2025-12-16 11:15:00+05:30,284.943,286.7951295,282.378513,2025-12-16 12:07:00+05:30,286.7951295,SL,-4.049999999999981,-3.249999999999982,42.527381896972656,16.52344512939453,1.8987504243850708,2.204549624293076,4.167430187201171,0.006377338444318613,0.8479107284545897,0.0,286.7951295,-0.8099999999999963,-0.6499999999999964,50000.0,5.0,250000.0,-2024.9999999999907,-1624.999999999991
2025-12-16,GAEL,SHORT,A_MOD_BREAK_C1_LOW,MODERATE,2025-12-16 11:15:00+05:30,2025-12-16 11:30:00+05:30,115.36000366210938,116.10984368591308,114.3217636291504,2025-12-16 11:38:00+05:30,114.3217636291504,TARGET,3.699999999999987,4.499999999999987,24.500015258789062,25.693967819213867,5.074953079223633,1.3188487983845174,2.238704722206269,0.006209019974712685,0.4582987685991265,0.0,116.10984368591308,0.7399999999999973,0.8999999999999974,50000.0,5.0,250000.0,1849.9999999999934,2249.999999999993
2025-12-16,JIOFIN,SHORT,A_MOD_BREAK_C1_LOW,MODERATE,2025-12-16 11:15:00+05:30,2025-12-16 11:30:00+05:30,295.04098610229494,296.95875251195986,292.38561722737427,2025-12-16 15:30:00+05:30,294.70001220703125,EOD,-0.22215842658303292,0.577841573416967,26.955854415893555,26.39217185974121,2.4913909435272217,1.2908969327520714,2.4378448362739804,0.0031455522137183536,0.4902447794700158,0.0,296.95875251195986,-0.04443168531660659,0.11556831468339339,50000.0,5.0,250000.0,-111.07921329151647,288.9207867084835
2025-12-16,MANINDS,SHORT,A_MOD_BREAK_C1_LOW,MODERATE,2025-12-16 11:15:00+05:30,2025-12-16 11:30:00+05:30,430.5138861022949,433.3122263619598,426.63926112737425,2025-12-16 11:37:00+05:30,426.63926112737425,TARGET,3.700000000000011,4.500000000000011,39.45824432373047,19.117229461669922,3.284196138381958,2.3123799790431407,4.096010171109263,0.007190968907223374,0.801873664855957,0.0,433.3122263619598,0.7400000000000022,0.9000000000000021,50000.0,5.0,250000.0,1850.0000000000055,2250.0000000000055
2025-12-16,MHRIL,SHORT,A_MOD_BREAK_C1_LOW,MODERATE,2025-12-16 11:15:00+05:30,2025-12-16 11:30:00+05:30,301.4397,303.39905805,298.7267427,2025-12-16 14:57:00+05:30,303.39905805,SL,-4.049999999999986,-3.2499999999999862,51.07708740234375,20.33469581604004,11.612303733825684,1.3852992566086515,2.969776775659507,0.0063342241607463505,0.8524273699065139,0.0,303.39905805,-0.8099999999999972,-0.6499999999999972,50000.0,5.0,250000.0,-2024.999999999993,-1624.9999999999932
2025-12-16,ADANIENT,SHORT,A_MOD_BREAK_C1_LOW,MODERATE,2025-12-16 11:30:00+05:30,2025-12-16 11:45:00+05:30,2244.551,2259.1405815,2224.3500409999997,2025-12-16 15:30:00+05:30,2242.0,EOD,-0.23173489931840902,0.5682651006815909,29.052186965942383,24.402502059936523,4.937952041625977,1.4488064042291442,2.7015410835519407,0.003085665965711908,0.5493239252292359,0.0,2259.1405815,-0.0463469798636818,0.11365302013631817,50000.0,5.0,250000.0,-115.86744965920451,284.13255034079543
2025-12-16,HIRECT,SHORT,A_MOD_BREAK_C1_LOW,MODERATE,2025-12-16 11:30:00+05:30,2025-12-16 11:45:00+05:30,1436.7126,1446.0512319,1423.7821866000002,2025-12-16 15:30:00+05:30,1435.0,EOD,-0.20398657323668418,0.5960134267633157,31.403188705444336,25.326190948486328,1.5565108060836792,1.8522194519056385,3.148578553478806,0.0034993612359776292,0.6551862346651518,0.0,1446.0512319,-0.04079731464733684,0.11920268535266314,50000.0,5.0,250000.0,-101.9932866183421,298.00671338165785
2025-12-16,AAVAS,SHORT,A_MOD_BREAK_C1_LOW,MODERATE,2025-12-16 11:45:00+05:30,2025-12-16 12:00:00+05:30,1487.7024,1497.3724655999997,1474.3130784,2025-12-16 12:13:00+05:30,1474.3130784,TARGET,3.6999999999999678,4.499999999999967,51.076419830322266,22.77963638305664,6.206563949584961,1.6000234621491785,3.000542374727659,0.0070094669211847906,0.8900041058761061,0.0,1497.3724655999997,0.7399999999999936,0.8999999999999935,50000.0,5.0,250000.0,1849.9999999999839,2249.9999999999836
2025-12-16,COALINDIA,SHORT,A_MOD_BREAK_C1_LOW,MODERATE,2025-12-16 11:45:00+05:30,2025-12-16 12:00:00+05:30,379.5240861022949,381.9909926619598,376.10836932737425,2025-12-16 13:19:00+05:30,381.9909926619598,SL,-4.049999999999967,-3.249999999999967,33.81659698486328,22.943307876586914,2.105177402496338,2.206704107843854,2.929166489790353,0.0022674276981727156,0.7172489547729493,0.0,381.9909926619598,-0.8099999999999934,-0.6499999999999935,50000.0,5.0,250000.0,-2024.9999999999834,-1624.9999999999836
2025-12-16,ALKYLAMINE,SHORT,A_PULLBACK_C2_THEN_BREAK_C2_LOW,MODERATE,2025-12-16 12:15:00+05:30,2025-12-16 12:45:00+05:30,1595.3808111816406,1605.7507864543213,1581.022383881006,2025-12-16 15:22:00+05:30,1581.022383881006,TARGET,3.6999999999999886,4.499999999999989,24.589799880981445,33.96562957763672,6.773829936981201,1.5940139398213473,1.3951272918980842,0.005053772985051837,0.47755580227836164,0.0,1605.7507864543213,0.7399999999999978,0.8999999999999978,50000.0,5.0,250000.0,1849.9999999999945,2249.9999999999945
2025-12-16,HEMIPROP,SHORT,A_MOD_BREAK_C1_LOW,MODERATE,2025-12-16 13:00:00+05:30,2025-12-16 13:15:00+05:30,131.45,132.30442499999998,130.26694999999998,2025-12-16 13:16:00+05:30,130.26694999999998,TARGET,3.700000000000033,4.500000000000034,32.17494583129883,34.19204330444336,23.195161819458008,1.6468188518694595,1.6471546139825282,0.0034924058376560384,0.6131752172457643,0.0,132.30442499999998,0.7400000000000067,0.9000000000000067,50000.0,5.0,250000.0,1850.0000000000166,2250.000000000017
2025-12-16,HAL,SHORT,A_MOD_BREAK_C1_LOW,MODERATE,2025-12-16 13:15:00+05:30,2025-12-16 13:30:00+05:30,4247.250477636719,4274.8576057413575,4209.025223337988,2025-12-16 15:30:00+05:30,4252.0,EOD,-1.3591290634128217,-0.5591290634128219,28.856597900390625,26.682600021362305,11.274577140808105,1.7321784848652924,2.4726811993666966,0.0026224658864614516,0.5959802033572854,0.0,4274.8576057413575,-0.27182581268256434,-0.11182581268256438,50000.0,5.0,250000.0,-679.5645317064108,-279.56453170641095
2025-12-16,POLYPLEX,SHORT,A_MOD_BREAK_C1_LOW,MODERATE,2025-12-16 13:15:00+05:30,2025-12-16 13:30:00+05:30,805.6388277954102,810.8754801760803,798.3880783452515,2025-12-16 13:50:00+05:30,810.8754801760803,SL,-4.049999999999946,-3.2499999999999463,32.008113861083984,18.387039184570312,2.653099298477173,3.59681332508397,4.245913516059775,0.003934782432859056,0.6901217079162598,0.0,810.8754801760803,-0.8099999999999892,-0.6499999999999893,50000.0,5.0,250000.0,-2024.999999999973,-1624.999999999973
2025-12-17,SWARAJENG,SHORT,A_MOD_BREAK_C1_LOW,MODERATE,2025-12-17 10:00:00+05:30,2025-12-17 10:15:00+05:30,3660.2678,3684.0595407,3627.3253898000003,2025-12-17 15:25:00+05:30,3627.3253898000003,TARGET,3.6999999999999744,4.499999999999974,30.547903060913086,22.184688568115234,16.070316314697266,0.5348033050004012,2.916118657263285,0.003324934896445197,0.41180912428876654,0.0,3684.0595407,0.7399999999999949,0.8999999999999949,50000.0,5.0,250000.0,1849.9999999999873,2249.9999999999873
2025-12-17,BDL,SHORT,A_MOD_BREAK_C1_LOW,MODERATE,2025-12-17 10:30:00+05:30,2025-12-17 10:45:00+05:30,1331.5336888183595,1340.1886577956786,1319.5498856189943,2025-12-17 15:30:00+05:30,1322.5,EOD,2.5922118885239023,3.392211888523902,48.239952087402344,21.291488647460938,13.656110763549805,1.6887133680766908,3.0770381545256478,0.005335832997097523,0.879124120724456,0.0,1340.1886577956786,0.5184423777047804,0.6784423777047804,50000.0,5.0,250000.0,1296.105944261951,1696.105944261951
2025-12-17,PRECWIRE,SHORT,A_MOD_BREAK_C1_LOW,MODERATE,2025-12-17 10:30:00+05:30,2025-12-17 10:45:00+05:30,227.34999389648436,228.8277688568115,225.303843951416,2025-12-17 13:11:00+05:30,225.303843951416,TARGET,3.699999999999981,4.4999999999999805,22.99803352355957,22.62998390197754,2.7083613872528076,1.7850634069826887,3.6039433107181145,0.007282538097350067,0.5173565990753641,0.0,228.8277688568115,0.7399999999999962,0.8999999999999961,50000.0,5.0,250000.0,1849.9999999999905,2249.9999999999905
2025-12-17,PREMEXPLN,SHORT,A_MOD_BREAK_C1_LOW,MODERATE,2025-12-17 10:30:00+05:30,2025-12-17 10:45:00+05:30,483.70322779541016,486.8472987760803,479.34989874525144,2025-12-17 12:32:00+05:30,479.34989874525144,TARGET,3.70000000000003,4.50000000000003,55.041473388671875,21.207500457763672,17.036273956298828,1.6317989865412417,2.8581902955399556,0.005186903325536603,0.8955648226447173,0.0,486.8472987760803,0.740000000000006,0.900000000000006,50000.0,5.0,250000.0,1850.000000000015,2250.000000000015
2025-12-17,QUICKHEAL,SHORT,A_MOD_BREAK_C1_LOW,MODERATE,2025-12-17 10:30:00+05:30,2025-12-17 10:45:00+05:30,270.04598610229493,271.80128501195986,267.6155722273743,2025-12-17 12:08:00+05:30,267.6155722273743,TARGET,3.699999999999984,4.499999999999984,39.264312744140625,24.171653747558594,18.32093620300293,1.2384094356531372,2.3930691564996995,0.005978775700147773,0.6656863424014083,0.0,271.80128501195986,0.7399999999999969,0.8999999999999968,50000.0,5.0,250000.0,1849.9999999999923,2249.999999999992
2025-12-17,IDEAFORGE,SHORT,A_PULLBACK_C2_THEN_BREAK_C2_LOW,MODERATE,2025-12-17 10:30:00+05:30,2025-12-17 11:00:00+05:30,414.46707779541015,417.1611138010803,410.73687409525144,2025-12-17 15:30:00+05:30,413.8500061035156,EOD,-0.05558418876502033,0.7444158112349796,31.88217544555664,26.1525936126709,13.872865676879883,0.9956433801723191,2.0606718907595623,0.005453545849348916,0.5124702232135054,0.0,417.1611138010803,-0.011116837753004066,0.1488831622469959,50000.0,5.0,250000.0,-27.792094382510168,372.2079056174898
2025-12-17,SYRMA,SHORT,A_PULLBACK_C2_THEN_BREAK_C2_LOW,MODERATE,2025-12-17 10:30:00+05:30,2025-12-17 11:00:00+05:30,710.60785,715.226801025,704.21237935,2025-12-17 11:09:00+05:30,715.226801025,SL,-4.050000000000001,-3.250000000000001,28.468425750732422,15.1968994140625,13.747180938720703,1.725417429519291,2.653782523230905,0.0046376218127098245,0.5889744364268623,0.0,715.226801025,-0.81,-0.6500000000000001,50000.0,5.0,250000.0,-2025.0000000000002,-1625.0000000000005
2025-12-17,ANDHRSUGAR,SHORT,A_MOD_BREAK_C1_LOW,MODERATE,2025-12-17 10:45:00+05:30,2025-12-17 11:00:00+05:30,75.06000061035157,75.54789061431885,74.3844606048584,2025-12-17 14:28:00+05:30,74.3844606048584,TARGET,3.699999999999981,4.499999999999981,40.66435623168945,25.335304260253906,2.2729110717773438,1.3994007693622141,2.386924217736749,0.0034711083219110804,0.7148604781137291,0.0,75.54789061431885,0.7399999999999962,0.8999999999999962,50000.0,5.0,250000.0,1849.9999999999905,2249.999999999991
2025-12-17,HFCL,SHORT,A_MOD_BREAK_C1_LOW,MODERATE,2025-12-17 10:45:00+05:30,2025-12-17 11:00:00+05:30,64.33999938964844,64.75820938568116,63.760939395141605,2025-12-17 11:46:00+05:30,64.75820938568116,SL,-4.050000000000002,-3.2500000000000013,25.512908935546875,25.560773849487305,2.859133720397949,1.7542271527268076,2.7846418727756688,0.005386227850931449,0.5496833857603944,0.0,64.75820938568116,-0.8100000000000003,-0.6500000000000002,50000.0,5.0,250000.0,-2025.0000000000007,-1625.0000000000007
2025-12-17,POLYPLEX,SHORT,A_MOD_BREAK_C1_LOW,MODERATE,2025-12-17 10:45:00+05:30,2025-12-17 11:00:00+05:30,791.8416,796.9885704,784.7150256,2025-12-17 11:39:00+05:30,784.7150256,TARGET,3.6999999999999886,4.4999999999999885,35.460575103759766,22.580724716186523,4.520122051239014,1.5117094542985101,2.904790891618532,0.006926416748701924,0.6564577810586358,0.0,796.9885704,0.7399999999999978,0.8999999999999977,50000.0,5.0,250000.0,1849.9999999999945,2249.999999999994
2025-12-17,SCI,SHORT,A_MOD_BREAK_C1_LOW,MODERATE,2025-12-17 10:45:00+05:30,2025-12-17 11:00:00+05:30,210.34999389648436,211.7172688568115,208.456843951416,2025-12-17 11:55:00+05:30,208.456843951416,TARGET,3.699999999999999,4.499999999999999,53.817256927490234,11.538636207580566,10.882464408874512,1.6070459823205796,3.496839107767089,0.006936065595956385,0.8912330469061014,0.0,211.7172688568115,0.7399999999999998,0.8999999999999998,50000.0,5.0,250000.0,1849.9999999999993,2249.9999999999995
2025-12-17,MAXHEALTH,SHORT,A_MOD_BREAK_C1_LOW,MODERATE,2025-12-17 11:30:00+05:30,2025-12-17 11:45:00+05:30,1046.8905555908202,1053.6953442021604,1037.468540590503,2025-12-17 12:29:00+05:30,1037.468540590503,TARGET,3.6999999999999544,4.499999999999955,43.92219543457031,13.368932723999023,2.383432149887085,2.2085416362556476,3.731597631164034,0.004477913598067888,0.8688329315185546,0.0,1053.6953442021604,0.7399999999999909,0.8999999999999909,50000.0,5.0,250000.0,1849.9999999999773,2249.9999999999773
2025-12-17,SOTL,SHORT,A_MOD_BREAK_C1_LOW,MODERATE,2025-12-17 11:30:00+05:30,2025-12-17 11:45:00+05:30,364.5270861022949,366.8965121619598,361.24634232737424,2025-12-17 13:43:00+05:30,361.24634232737424,TARGET,3.7000000000000166,4.500000000000016,27.386947631835938,36.935020446777344,24.338542938232422,1.299547382701758,1.4850417402106717,0.005132816789049463,0.4724770934608803,0.0,366.8965121619598,0.7400000000000033,0.9000000000000032,50000.0,5.0,250000.0,1850.0000000000084,2250.000000000008
2025-12-17,GICRE,SHORT,A_MOD_BREAK_C1_LOW,MODERATE,2025-12-17 11:45:00+05:30,2025-12-17 12:00:00+05:30,372.02558610229494,374.44375241195985,368.6773558273743,2025-12-17 13:41:00+05:30,368.6773558273743,TARGET,3.699999999999978,4.499999999999978,31.4066104888916,19.18585205078125,3.640834331512451,2.5653865094961112,3.2362732068972653,0.0029554047734959518,0.681099157333374,0.0,374.44375241195985,0.7399999999999956,0.8999999999999956,50000.0,5.0,250000.0,1849.9999999999889,2249.999999999989
2025-12-17,NAVINFLUOR,SHORT,A_MOD_BREAK_C1_LOW,MODERATE,2025-12-17 13:00:00+05:30,2025-12-17 13:15:00+05:30,5922.8152,5961.3134988,5869.5098632,2025-12-17 15:30:00+05:30,5904.0,EOD,0.788366289057947,1.588366289057947,50.417362213134766,19.532299041748047,2.153938055038452,2.4304334253692157,2.4948926954708646,0.004037555336378943,0.96,0.0,5961.3134988,0.15767325781158942,0.3176732578115894,50000.0,5.0,250000.0,394.1831445289735,794.1831445289735
2025-12-17,BALMLAWRIE,SHORT,A_MOD_BREAK_C1_LOW,MODERATE,2025-12-17 13:15:00+05:30,2025-12-17 13:30:00+05:30,173.84999389648436,174.9800188568115,172.285343951416,2025-12-17 14:52:00+05:30,172.285343951416,TARGET,3.700000000000024,4.500000000000024,33.88908386230469,26.000804901123047,6.189781188964844,2.43389794543937,2.6137850028320413,0.0034605819603492475,0.7183362579345702,0.0,174.9800188568115,0.7400000000000049,0.9000000000000048,50000.0,5.0,250000.0,1850.0000000000123,2250.000000000012
2025-12-17,IKIO,SHORT,A_MOD_BREAK_C1_LOW,MODERATE,2025-12-17 13:15:00+05:30,2025-12-17 13:30:00+05:30,175.20999450683593,176.34885947113034,173.6331045562744,2025-12-17 14:03:00+05:30,173.6331045562744,TARGET,3.7000000000000375,4.500000000000038,23.65797233581543,30.560312271118164,5.679886341094971,1.9389443216328943,2.1475288484921,0.005082264370282397,0.554184841322988,0.0,176.34885947113034,0.7400000000000075,0.9000000000000076,50000.0,5.0,250000.0,1850.0000000000189,2250.000000000019
2025-12-17,AFFLE,SHORT,A_MOD_BREAK_C1_LOW,MODERATE,2025-12-17 13:30:00+05:30,2025-12-17 13:45:00+05:30,1673.1653,1684.0408744499998,1658.1068122999998,2025-12-17 14:20:00+05:30,1684.0408744499998,SL,-4.049999999999979,-3.2499999999999796,22.72547149658203,30.919666290283203,6.350676536560059,2.6572529710970194,2.492027417672343,0.003777144400097271,0.5508820724487304,0.0,1684.0408744499998,-0.8099999999999958,-0.6499999999999959,50000.0,5.0,250000.0,-2024.9999999999895,-1624.9999999999898
2025-12-17,CEMPRO,SHORT,A_MOD_BREAK_C1_LOW,MODERATE,2025-12-17 13:30:00+05:30,2025-12-17 13:45:00+05:30,798.5402722045899,803.7307839739196,791.3534097547486,2025-12-17 15:30:00+05:30,794.5,EOD,1.7297861267757988,2.529786126775799,37.9164924621582,25.391481399536133,6.538296699523926,3.158858406398466,2.6510828076889292,0.0031419353874567748,0.7787473869323731,0.0,803.7307839739196,0.34595722535515977,0.5059572253551597,50000.0,5.0,250000.0,864.8930633878995,1264.8930633878992
2025-12-17,PNCINFRA,SHORT,A_MOD_BREAK_C1_LOW,MODERATE,2025-12-17 13:30:00+05:30,2025-12-17 13:45:00+05:30,250.93980749206543,252.57091624076384,248.68134922463685,2025-12-17 14:17:00+05:30,248.68134922463685,TARGET,3.6999999999999824,4.499999999999982,29.836971282958984,25.701732635498047,8.372092247009277,2.0017669042270065,2.1483830345696058,0.004006351517326503,0.6575545692443847,0.0,252.57091624076384,0.7399999999999964,0.8999999999999965,50000.0,5.0,250000.0,1849.9999999999911,2249.9999999999914
2025-12-18,HINDALCO,LONG,B_HUGE_GREEN_PULLBACK_HOLD_THEN_BREAK,HUGE,2025-12-18 10:30:00+05:30,2025-12-18 12:00:00+05:30,858.9717477905274,854.2474031776795,868.4204370162231,2025-12-18 14:23:00+05:30,854.2474031776795,SL,-3.5499999999999754,-2.749999999999975,33.22357940673828,75.37319946289062,83.26469421386719,2.416547851759311,3.199679421542334,0.003079865815338011,7.852558188959298,0.0,854.2474031776795,-0.7099999999999951,-0.549999999999995,50000.0,5.0,250000.0,-1774.9999999999877,-1374.9999999999875
2025-12-18,HINDCOPPER,LONG,B_HUGE_GREEN_PULLBACK_HOLD_THEN_BREAK,HUGE,2025-12-18 10:30:00+05:30,2025-12-18 12:15:00+05:30,387.87754779052733,385.74422127767946,392.1442008162231,2025-12-18 14:01:00+05:30,385.74422127767946,SL,-3.5499999999999643,-2.7499999999999645,22.161548614501953,78.3575439453125,92.64013671875,1.5515243034882813,3.7743449688486814,0.00912801693012188,6.4440961243723045,0.0,385.74422127767946,-0.7099999999999929,-0.5499999999999929,50000.0,5.0,250000.0,-1774.999999999982,-1374.9999999999823
2025-12-18,GABRIEL,LONG,B_HUGE_GREEN_PULLBACK_HOLD_THEN_BREAK,HUGE,2025-12-18 12:45:00+05:30,2025-12-18 14:00:00+05:30,1087.8174955810548,1081.834499355359,1099.7834880324463,2025-12-18 14:01:00+05:30,1099.7834880324463,TARGET,4.699999999999934,5.4999999999999325,41.42789840698242,88.45496368408203,96.24624633789062,2.7541072353207516,4.256730231717517,0.013807572515015335,9.667753816245245,0.0,1081.834499355359,0.9399999999999866,1.0999999999999865,50000.0,5.0,250000.0,2349.999999999967,2749.9999999999663
2025-12-19,INDIACEM,LONG,B_HUGE_C1_CLOSE_RECLAIM_BREAK,HUGE,2025-12-19 10:00:00+05:30,2025-12-19 10:30:00+05:30,443.5887,441.14896215000005,448.46817569999996,2025-12-19 10:50:00+05:30,441.14896215000005,SL,-3.549999999999968,-2.749999999999968,26.856416702270508,70.45552825927734,62.20811080932617,0.9386581391351685,3.0547924891284746,0.008584316042929115,5.551381976648771,0.0,441.14896215000005,-0.7099999999999935,-0.5499999999999936,50000.0,5.0,250000.0,-1774.9999999999839,-1374.999999999984
2025-12-19,JKTYRE,LONG,B_HUGE_GREEN_PULLBACK_HOLD_THEN_BREAK,HUGE,2025-12-19 10:00:00+05:30,2025-12-19 11:45:00+05:30,489.5979,486.90511155,494.9834768999999,2025-12-19 11:50:00+05:30,486.90511155,SL,-3.549999999999965,-2.749999999999966,25.411989212036133,84.49359893798828,93.23580932617188,1.2265602406687746,5.0967084877363895,0.00725649607990179,8.165458103649845,0.0,486.90511155,-0.7099999999999931,-0.5499999999999932,50000.0,5.0,250000.0,-1774.9999999999827,-1374.999999999983
2025-12-19,AEROFLEX,LONG,B_HUGE_GREEN_PULLBACK_HOLD_THEN_BREAK,HUGE,2025-12-19 10:00:00+05:30,2025-12-19 12:15:00+05:30,199.9499938964844,198.85026893005374,202.1494438293457,2025-12-19 12:21:00+05:30,198.85026893005374,SL,-3.5499999999999456,-2.749999999999946,30.481769561767578,83.96769714355469,88.956298828125,1.1188591142206155,6.265334165984698,0.011319728685391554,9.085667694290974,0.0,198.85026893005374,-0.7099999999999891,-0.5499999999999892,50000.0,5.0,250000.0,-1774.9999999999727,-1374.9999999999727
2025-12-19,KEI,LONG,B_HUGE_C1_CLOSE_RECLAIM_BREAK,HUGE,2025-12-19 13:45:00+05:30,2025-12-19 14:15:00+05:30,4217.8434,4194.6452613,4264.239677399999,2025-12-19 15:01:00+05:30,4264.239677399999,TARGET,4.69999999999991,5.499999999999909,46.34348678588867,78.04545593261719,93.20848846435547,3.00271221965846,3.969628620470876,0.0034486113890443673,9.5476628517149,0.0,4194.6452613,0.939999999999982,1.0999999999999819,50000.0,5.0,250000.0,2349.999999999955,2749.9999999999545
2025-12-22,KIRLOSENG,LONG,A_MOD_BREAK_C1_HIGH,MODERATE,2025-12-22 10:00:00+05:30,2025-12-22 10:15:00+05:30,1272.0544088378906,1265.0581095892824,1286.0470073351073,2025-12-22 10:16:00+05:30,1286.0470073351073,TARGET,4.699999999999964,5.499999999999964,23.02189064025879,57.902462005615234,54.73331832885742,2.434497415758206,0.9294471307736024,0.008093477362309715,5.118605726575604,0.0,1265.0581095892824,0.9399999999999928,1.0999999999999928,50000.0,5.0,250000.0,2349.9999999999823,2749.9999999999823
2025-12-22,RAILTEL,LONG,B_HUGE_C1_CLOSE_RECLAIM_BREAK,HUGE,2025-12-22 10:00:00+05:30,2025-12-22 10:30:00+05:30,342.76855220947266,340.88332517232055,346.5390062837768,2025-12-22 11:22:00+05:30,340.88332517232055,SL,-3.5500000000000087,-2.750000000000009,49.06947708129883,86.6318359375,86.52992248535156,0.579345632114506,4.134500038664528,0.00816000741545064,7.439193878824499,0.0,340.88332517232055,-0.7100000000000017,-0.5500000000000018,50000.0,5.0,250000.0,-1775.0000000000045,-1375.0000000000045
2025-12-22,DEN,LONG,B_HUGE_C1_CLOSE_RECLAIM_BREAK,HUGE,2025-12-22 10:15:00+05:30,2025-12-22 10:45:00+05:30,32.20999984741211,32.032844848251344,32.56430984573364,2025-12-22 12:03:00+05:30,32.032844848251344,SL,-3.549999999999942,-2.749999999999942,49.163265228271484,86.41605377197266,96.88021850585938,0.7121983068888449,4.8273224085006525,0.0056414248976727616,8.00583534208862,0.0,32.032844848251344,-0.7099999999999884,-0.5499999999999884,50000.0,5.0,250000.0,-1774.9999999999711,-1374.999999999971
2025-12-22,CONFIPET,LONG,B_HUGE_GREEN_PULLBACK_HOLD_THEN_BREAK,HUGE,2025-12-22 10:00:00+05:30,2025-12-22 11:00:00+05:30,35.380001831054685,35.18541182098389,35.76918185119628,2025-12-22 11:03:00+05:30,35.76918185119628,TARGET,4.699999999999904,5.499999999999904,38.29268264770508,85.66365051269531,86.96117401123047,2.1308709675778355,3.9135810702011486,0.006010122170544163,8.853759626629321,0.0,35.18541182098389,0.9399999999999809,1.0999999999999808,50000.0,5.0,250000.0,2349.999999999952,2749.9999999999523
2025-12-22,PAKKA,LONG,B_HUGE_C1_CLOSE_RECLAIM_BREAK,HUGE,2025-12-22 10:30:00+05:30,2025-12-22 11:00:00+05:30,104.53999786376953,103.9650278755188,105.68993784027099,2025-12-22 12:24:00+05:30,103.9650278755188,SL,-3.549999999999982,-2.749999999999982,42.35965347290039,82.32511138916016,91.67755126953125,1.2325475220256852,4.30640381273077,0.00813475640607393,7.478846824662313,0.0,103.9650278755188,-0.7099999999999964,-0.5499999999999964,50000.0,5.0,250000.0,-1774.999999999991,-1374.9999999999911
2025-12-22,MUNJALAU,LONG,A_MOD_BREAK_C1_HIGH,MODERATE,2025-12-22 10:45:00+05:30,2025-12-22 11:00:00+05:30,80.28999786376953,79.8484028755188,81.17318784027098,2025-12-22 11:58:00+05:30,79.8484028755188,SL,-3.549999999999971,-2.7499999999999707,43.672542572021484,80.25287628173828,94.68560791015625,1.6096449066360254,2.4779840723128173,0.006311168069340373,6.321283075745125,0.0,79.8484028755188,-0.7099999999999942,-0.5499999999999942,50000.0,5.0,250000.0,-1774.9999999999857,-1374.9999999999854
2025-12-22,AARTIPHARM,LONG,B_HUGE_C1_CLOSE_RECLAIM_BREAK,HUGE,2025-12-22 11:30:00+05:30,2025-12-22 12:00:00+05:30,778.1556,773.8757442000001,786.7153116,2025-12-22 15:30:00+05:30,780.0,EOD,0.38511002169742836,1.1851100216974282,32.05632781982422,86.78780364990234,97.77112579345703,1.7734334556137916,4.096979243919013,0.008194081887487888,7.701827275392269,0.0,773.8757442000001,0.07702200433948567,0.23702200433948564,50000.0,5.0,250000.0,192.55501084871418,592.5550108487141
2025-12-22,KRSNAA,LONG,B_HUGE_C1_CLOSE_RECLAIM_BREAK,HUGE,2025-12-22 11:30:00+05:30,2025-12-22 12:00:00+05:30,737.8475522094726,733.7893906723206,745.9638752837767,2025-12-22 12:26:00+05:30,733.7893906723206,SL,-3.5499999999999634,-2.7499999999999636,36.356468200683594,74.00484466552734,92.09790802001953,1.0270719921144686,2.957150820265583,0.005920926389468163,6.229933120968578,0.0,733.7893906723206,-0.7099999999999926,-0.5499999999999927,50000.0,5.0,250000.0,-1774.9999999999816,-1374.9999999999818
2025-12-22,SUNTECK,LONG,B_HUGE_GREEN_PULLBACK_HOLD_THEN_BREAK,HUGE,2025-12-22 10:00:00+05:30,2025-12-22 12:15:00+05:30,412.0824,409.8159468,416.61530639999995,2025-12-22 14:22:00+05:30,416.61530639999995,TARGET,4.699999999999934,5.4999999999999325,40.93578338623047,89.74011993408203,86.48092651367188,0.8636150310619163,5.8037184551419685,0.006824341938855376,8.84716329577264,0.0,409.8159468,0.9399999999999866,1.0999999999999865,50000.0,5.0,250000.0,2349.999999999967,2749.9999999999663
2025-12-22,POONAWALLA,LONG,B_HUGE_GREEN_PULLBACK_HOLD_THEN_BREAK,HUGE,2025-12-22 11:30:00+05:30,2025-12-22 12:30:00+05:30,464.39284779052736,461.83868712767946,469.5011691162231,2025-12-22 14:24:00+05:30,469.5011691162231,TARGET,4.699999999999919,5.499999999999919,55.39931106567383,84.7618637084961,88.80949401855469,2.496931309304633,3.2700353710894188,0.00654826138470624,8.422322369501938,0.0,461.83868712767946,0.939999999999984,1.0999999999999839,50000.0,5.0,250000.0,2349.99999999996,2749.9999999999595
2025-12-22,ECLERX,LONG,B_HUGE_GREEN_PULLBACK_HOLD_THEN_BREAK,HUGE,2025-12-22 12:00:00+05:30,2025-12-22 13:00:00+05:30,4640.928,4615.4028960000005,4691.9782079999995,2025-12-22 15:30:00+05:30,4660.0,EOD,1.254761461500816,2.054761461500816,38.34351348876953,72.44612121582031,81.118896484375,1.8496261221296255,2.76274658942461,0.00628434802565387,7.004704672782738,0.0,4615.4028960000005,0.2509522923001632,0.41095229230016317,50000.0,5.0,250000.0,627.380730750408,1027.380730750408
2025-12-22,JKPAPER,LONG,B_HUGE_GREEN_PULLBACK_HOLD_THEN_BREAK,HUGE,2025-12-22 10:45:00+05:30,2025-12-22 13:30:00+05:30,365.2230238952637,363.21429726383974,369.24047715811156,2025-12-22 15:30:00+05:30,367.0,EOD,1.6327273863844771,2.432727386384477,45.762935638427734,75.80252838134766,82.71319580078125,2.406097670390489,3.317631892106307,0.005056649535090618,8.302511890516914,0.0,363.21429726383974,0.3265454772768954,0.4865454772768954,50000.0,5.0,250000.0,816.3636931922385,1216.3636931922385
2025-12-22,SUDARSCHEM,LONG,B_HUGE_C1_CLOSE_RECLAIM_BREAK,HUGE,2025-12-22 13:45:00+05:30,2025-12-22 14:15:00+05:30,975.3950522094726,970.0303794223206,986.1243977837768,2025-12-22 14:59:00+05:30,986.1243977837768,TARGET,4.699999999999974,5.499999999999973,44.44808578491211,64.06568145751953,48.24569320678711,1.1330685045722373,1.328871988530998,0.0036915476178890085,4.700099742600546,0.0,970.0303794223206,0.9399999999999948,1.0999999999999948,50000.0,5.0,250000.0,2349.9999999999873,2749.999999999987
2025-12-23,SANDUMA,LONG,A_MOD_BREAK_C1_HIGH,MODERATE,2025-12-23 10:15:00+05:30,2025-12-23 10:30:00+05:30,227.8,226.54710000000003,230.30579999999998,2025-12-23 10:31:00+05:30,230.30579999999998,TARGET,4.699999999999925,5.499999999999924,35.26018524169922,74.69293212890625,80.4283447265625,2.339464221378122,2.840536721378782,0.007686554668566297,7.111952122688414,0.0,226.54710000000003,0.9399999999999848,1.0999999999999848,50000.0,5.0,250000.0,2349.999999999962,2749.9999999999623
2025-12-23,PFC,LONG,B_HUGE_GREEN_PULLBACK_HOLD_THEN_BREAK,HUGE,2025-12-23 11:15:00+05:30,2025-12-23 12:15:00+05:30,351.97037389526366,350.03453683883976,355.84204800811153,2025-12-23 12:57:00+05:30,355.84204800811153,TARGET,4.6999999999999575,5.499999999999957,48.004356384277344,80.67889404296875,96.27950286865234,2.5028076732608167,3.777212864360253,0.004076979547038658,8.613242068981261,0.0,350.03453683883976,0.9399999999999915,1.0999999999999914,50000.0,5.0,250000.0,2349.9999999999786,2749.9999999999786
2025-12-23,LUXIND,LONG,B_HUGE_C1_CLOSE_RECLAIM_BREAK,HUGE,2025-12-23 13:00:00+05:30,2025-12-23 13:30:00+05:30,1136.4271911621095,1130.176841610718,1148.9278902648925,2025-12-23 15:30:00+05:30,1141.0,EOD,1.211923365373889,2.011923365373889,20.70003890991211,66.05390167236328,45.189491271972656,0.8915282098695754,2.054728682681319,0.004840704822594075,4.768194968764913,0.0,1130.176841610718,0.2423846730747778,0.40238467307477777,50000.0,5.0,250000.0,605.9616826869444,1005.9616826869444
2025-12-24,GMBREW,LONG,B_HUGE_GREEN_PULLBACK_HOLD_THEN_BREAK,HUGE,2025-12-24 10:00:00+05:30,2025-12-24 11:00:00+05:30,1099.2198,1093.1740911000002,1111.3112178,2025-12-24 11:01:00+05:30,1111.3112178,TARGET,4.699999999999917,5.4999999999999165,34.6403923034668,77.75433349609375,80.3958969116211,2.388766769097626,2.972981726023383,0.009295805631109247,7.637459748730974,0.0,1093.1740911000002,0.9399999999999833,1.0999999999999832,50000.0,5.0,250000.0,2349.999999999958,2749.999999999958
2025-12-24,JYOTICNC,LONG,B_HUGE_C1_CLOSE_RECLAIM_BREAK,HUGE,2025-12-24 10:30:00+05:30,2025-12-24 11:00:00+05:30,990.2979955810547,984.8513566053589,1001.1912735324462,2025-12-24 15:30:00+05:30,989.9000244140625,EOD,-1.0009350563002422,-0.20093505630024225,34.7906379699707,79.02295684814453,83.89897155761719,1.4996183936177805,3.7637504475760823,0.00523757350294955,7.39250570249693,0.0,984.8513566053589,-0.20018701126004843,-0.04018701126004845,50000.0,5.0,250000.0,-500.46752815012104,-100.46752815012113
2025-12-24,GRSE,LONG,B_HUGE_C1_CLOSE_RECLAIM_BREAK,HUGE,2025-12-24 11:00:00+05:30,2025-12-24 11:30:00+05:30,2482.7965088378905,2469.141128039282,2510.1072704351072,2025-12-24 11:34:00+05:30,2510.1072704351072,TARGET,4.69999999999998,5.49999999999998,28.9014892578125,71.13581085205078,79.99950408935547,1.6429662863093144,2.5530401225836594,0.006586630314813837,5.928591937658613,0.0,2469.141128039282,0.939999999999996,1.0999999999999959,50000.0,5.0,250000.0,2349.9999999999895,2749.99999999999
2025-12-24,PRUDENT,SHORT,A_MOD_BREAK_C1_LOW,MODERATE,2025-12-24 13:15:00+05:30,2025-12-24 13:30:00+05:30,2624.9749,2642.03723685,2601.3501259,2025-12-24 13:57:00+05:30,2601.3501259,TARGET,3.7000000000000366,4.500000000000036,20.952104568481445,38.41582489013672,16.24380111694336,2.0556549687973105,1.512601804559187,0.003941530905618933,0.499911658755181,0.0,2642.03723685,0.7400000000000073,0.9000000000000073,50000.0,5.0,250000.0,1850.0000000000182,2250.0000000000186
2025-12-24,JASH,SHORT,A_MOD_BREAK_C1_LOW,MODERATE,2025-12-24 13:30:00+05:30,2025-12-24 13:45:00+05:30,426.51468610229495,429.28703156195985,422.6760539273743,2025-12-24 15:11:00+05:30,422.6760539273743,TARGET,3.6999999999999753,4.499999999999975,35.89889907836914,21.66094207763672,5.5387067794799805,3.181374216547842,2.6501161602014576,0.005419892505404542,0.7484834861755372,0.0,429.28703156195985,0.7399999999999951,0.899999999999995,50000.0,5.0,250000.0,1849.9999999999877,2249.9999999999877
2025-12-26,AUTOAXLES,SHORT,B_HUGE_RED_FAILED_BOUNCE,HUGE,2025-12-26 10:15:00+05:30,2025-12-26 11:15:00+05:30,1814.1371,1825.9289911499998,1797.8098661,2025-12-26 15:28:00+05:30,1825.9289911499998,SL,-4.04999999999996,-3.24999999999996,27.362791061401367,30.800058364868164,13.835657119750977,0.48512872901706816,3.1360731032342386,0.0035633743829856794,0.3953393934990074,0.0,1825.9289911499998,-0.8099999999999921,-0.649999999999992,50000.0,5.0,250000.0,-2024.99999999998,-1624.99999999998
2025-12-26,GALAPREC,SHORT,A_MOD_BREAK_C1_LOW,MODERATE,2025-12-26 11:30:00+05:30,2025-12-26 11:45:00+05:30,779.1441277954101,784.2085646260803,772.1318306452514,2025-12-26 12:39:00+05:30,784.2085646260803,SL,-4.049999999999997,-3.249999999999997,35.02799987792969,32.639408111572266,14.085254669189453,1.2884029841520364,2.6000128442033548,0.006393089208564408,0.6108905203955517,0.0,784.2085646260803,-0.8099999999999994,-0.6499999999999994,50000.0,5.0,250000.0,-2024.9999999999986,-1624.9999999999984
2025-12-26,ARIHANTCAP,SHORT,A_MOD_BREAK_C1_LOW,MODERATE,2025-12-26 14:15:00+05:30,2025-12-26 14:30:00+05:30,92.50999755859375,93.1113125427246,91.67740758056641,2025-12-26 15:03:00+05:30,91.67740758056641,TARGET,3.6999999999999966,4.4999999999999964,28.795251846313477,42.529727935791016,21.886768341064453,1.1014991794543167,0.8559122093113838,0.003657857488886438,0.42748674456477675,0.0,93.1113125427246,0.7399999999999993,0.8999999999999992,50000.0,5.0,250000.0,1849.9999999999984,2249.999999999998
2025-12-26,GRWRHITECH,SHORT,A_MOD_BREAK_C1_LOW,MODERATE,2025-12-26 14:15:00+05:30,2025-12-26 14:30:00+05:30,3144.1710888183593,3164.6082008956787,3115.8735490189943,2025-12-26 15:30:00+05:30,3144.0,EOD,-0.7727926990093288,0.02720730099067108,36.44855880737305,27.4119815826416,1.749674916267395,3.3465338860314056,2.7708216155410375,0.0026914158355658612,0.7567283821105957,0.0,3164.6082008956787,-0.15455853980186576,0.005441460198134216,50000.0,5.0,250000.0,-386.39634950466444,13.60365049533554
2025-12-29,ADANIPORTS,SHORT,A_MOD_BREAK_C1_LOW,MODERATE,2025-12-29 10:00:00+05:30,2025-12-29 10:15:00+05:30,1468.4062111816406,1477.9508515543212,1455.1905552810058,2025-12-29 14:37:00+05:30,1455.1905552810058,TARGET,3.700000000000021,4.500000000000021,23.645668029785156,20.990991592407227,2.6093051433563232,1.2651398640493452,3.991802077255118,0.002908121884456231,0.43608449665541277,0.0,1477.9508515543212,0.7400000000000042,0.9000000000000042,50000.0,5.0,250000.0,1850.0000000000105,2250.0000000000105
2025-12-29,ADANIPOWER,SHORT,A_MOD_BREAK_C1_LOW,MODERATE,2025-12-29 10:00:00+05:30,2025-12-29 10:15:00+05:30,140.86000366210936,141.77559368591307,139.59226362915038,2025-12-29 15:30:00+05:30,141.77559368591307,SL,-4.049999999999968,-3.2499999999999685,23.165630340576172,24.933635711669922,6.730342864990234,1.148290521523054,3.158977154593343,0.0030802674324136537,0.408435296375177,0.0,141.77559368591307,-0.8099999999999936,-0.6499999999999937,50000.0,5.0,250000.0,-2024.9999999999839,-1624.9999999999843
2025-12-29,ASAHIINDIA,SHORT,A_MOD_BREAK_C1_LOW,MODERATE,2025-12-29 10:00:00+05:30,2025-12-29 10:15:00+05:30,953.7092444091796,959.9083544978392,945.125861209497,2025-12-29 10:38:00+05:30,945.125861209497,TARGET,3.700000000000021,4.500000000000021,37.693626403808594,25.16940689086914,8.339064598083496,1.2934150657604646,3.5655255114461144,0.008085263836446232,0.6517520325652102,0.0,959.9083544978392,0.7400000000000042,0.9000000000000042,50000.0,5.0,250000.0,1850.0000000000105,2250.0000000000105
2025-12-29,FINCABLES,SHORT,A_MOD_BREAK_C1_LOW,MODERATE,2025-12-29 10:15:00+05:30,2025-12-29 10:30:00+05:30,752.8494,757.7429210999999,746.0737554,2025-12-29 12:26:00+05:30,746.0737554,TARGET,3.6999999999999766,4.499999999999976,58.48375701904297,14.09649658203125,2.344041585922241,1.3699693049308164,4.527629311132058,0.0035166913421805627,0.8497446283628929,0.0,757.7429210999999,0.7399999999999953,0.8999999999999952,50000.0,5.0,250000.0,1849.9999999999884,2249.999999999988
2025-12-29,PETRONET,SHORT,A_MOD_BREAK_C1_LOW,MODERATE,2025-12-29 10:15:00+05:30,2025-12-29 10:30:00+05:30,278.14437220458984,279.9523106239197,275.64107285474853,2025-12-29 15:30:00+05:30,278.20001220703125,EOD,-0.9000200040008022,-0.10002000400080228,21.320537567138672,24.63974380493164,4.964628219604492,1.8468737739759613,3.081811942347289,0.003195982844788859,0.5030109739528732,0.0,279.9523106239197,-0.18000400080016044,-0.020004000800160456,50000.0,5.0,250000.0,-450.0100020004011,-50.01000200040114
2025-12-29,TRACXN,SHORT,A_MOD_BREAK_C1_LOW,MODERATE,2025-12-29 10:15:00+05:30,2025-12-29 10:30:00+05:30,39.400000762939456,39.65610076789856,39.045400756073,2025-12-29 13:17:00+05:30,39.045400756073,TARGET,3.7000000000000046,4.5000000000000036,43.11113739013672,31.052053451538086,8.53056526184082,1.513803742053672,2.288911804613297,0.004451849185798463,0.7715827157114434,0.0,39.65610076789856,0.7400000000000009,0.9000000000000008,50000.0,5.0,250000.0,1850.0000000000023,2250.000000000002
2025-12-29,APTUS,SHORT,A_PULLBACK_C2_THEN_BREAK_C2_LOW,MODERATE,2025-12-29 10:15:00+05:30,2025-12-29 10:45:00+05:30,275.19495,276.983717175,272.71819545,2025-12-29 11:13:00+05:30,272.71819545,TARGET,3.700000000000018,4.500000000000018,30.032115936279297,14.751283645629883,1.2254868745803833,1.8234700048920887,4.6955424331855635,0.003670651146850228,0.6295889899003049,0.0,276.983717175,0.7400000000000035,0.9000000000000036,50000.0,5.0,250000.0,1850.0000000000089,2250.000000000009
2025-12-29,GOKULAGRO,SHORT,A_MOD_BREAK_C1_LOW,MODERATE,2025-12-29 10:30:00+05:30,2025-12-29 10:45:00+05:30,179.5800048828125,180.74727491455076,177.96378483886718,2025-12-29 15:24:00+05:30,177.96378483886718,TARGET,3.699999999999978,4.499999999999978,58.759742736816406,22.207674026489258,32.6891975402832,0.779215866497248,2.308378706157603,0.005316010925124991,0.7463627766370184,0.0,180.74727491455076,0.7399999999999956,0.8999999999999956,50000.0,5.0,250000.0,1849.9999999999889,2249.999999999989
2025-12-29,TATATECH,SHORT,A_MOD_BREAK_C1_LOW,MODERATE,2025-12-29 10:30:00+05:30,2025-12-29 10:45:00+05:30,650.61985,654.848879025,644.7642713500001,2025-12-29 13:48:00+05:30,654.848879025,SL,-4.049999999999947,-3.2499999999999476,33.14775085449219,29.189838409423828,18.497150421142578,1.0885074524158884,2.318100930503948,0.002884796105196508,0.5477050669901633,0.0,654.848879025,-0.8099999999999894,-0.6499999999999895,50000.0,5.0,250000.0,-2024.9999999999734,-1624.9999999999736
2025-12-29,KPITTECH,SHORT,A_MOD_BREAK_C1_LOW,MODERATE,2025-12-29 10:45:00+05:30,2025-12-29 11:00:00+05:30,1202.0595888183593,1209.8729761456786,1191.2410525189941,2025-12-29 11:54:00+05:30,1191.2410525189941,TARGET,3.699999999999978,4.499999999999977,31.043245315551758,34.25111770629883,32.48292541503906,1.1832092676415031,1.9420465024103386,0.004734968992410786,0.5298126266910563,0.0,1209.8729761456786,0.7399999999999956,0.8999999999999955,50000.0,5.0,250000.0,1849.9999999999889,2249.9999999999886
2025-12-29,SWSOLAR,SHORT,A_MOD_BREAK_C1_LOW,MODERATE,2025-12-29 10:45:00+05:30,2025-12-29 11:00:00+05:30,212.58999938964843,213.97183438568112,210.67668939514158,2025-12-29 15:30:00+05:30,212.9499969482422,EOD,-1.646694481460379,-0.8466944814603792,46.435665130615234,22.822961807250977,16.427188873291016,1.210531666801028,2.5329122644442683,0.0058813173416518765,0.7683780186494085,0.0,213.97183438568112,-0.3293388962920758,-0.16933889629207582,50000.0,5.0,250000.0,-823.3472407301895,-423.3472407301895
2025-12-29,ARE&M,SHORT,A_MOD_BREAK_C1_LOW,MODERATE,2025-12-29 11:00:00+05:30,2025-12-29 11:15:00+05:30,911.7176444091797,917.6438090978393,903.512185609497,2025-12-29 14:21:00+05:30,903.512185609497,TARGET,3.7000000000000313,4.50000000000003,61.29880142211914,20.971261978149414,5.558359622955322,1.1670917884327952,2.9356825324098317,0.0024938463151993966,0.8142410629757391,0.0,917.6438090978393,0.7400000000000062,0.9000000000000061,50000.0,5.0,250000.0,1850.0000000000155,2250.0000000000155
2025-12-29,APLLTD,SHORT,A_MOD_BREAK_C1_LOW,MODERATE,2025-12-29 11:15:00+05:30,2025-12-29 11:30:00+05:30,840.0319722045898,845.4921800239196,832.4716844547485,2025-12-29 15:30:00+05:30,838.0,EOD,0.40946122994406653,1.2094612299440664,32.759281158447266,18.662879943847656,2.760028839111328,1.8140406338787274,3.0027243155649352,0.0030985687219539735,0.6688463283054862,0.0,845.4921800239196,0.08189224598881331,0.2418922459888133,50000.0,5.0,250000.0,204.7306149720333,604.7306149720332
2025-12-29,BSOFT,SHORT,A_MOD_BREAK_C1_LOW,MODERATE,2025-12-29 11:15:00+05:30,2025-12-29 11:30:00+05:30,437.7124277954102,440.55755857608034,433.7730159452515,2025-12-29 11:40:00+05:30,433.7730159452515,TARGET,3.7000000000000166,4.500000000000016,20.467504501342773,23.5705509185791,3.6706056594848633,2.940033127498343,3.1073182122986416,0.006346140879382403,0.5170125675201416,0.0,440.55755857608034,0.7400000000000033,0.9000000000000032,50000.0,5.0,250000.0,1850.0000000000084,2250.000000000008
2025-12-29,SHAREINDIA,SHORT,A_MOD_BREAK_C1_LOW,MODERATE,2025-12-29 11:15:00+05:30,2025-12-29 11:30:00+05:30,167.64999694824218,168.73972192840574,166.14114697570798,2025-12-29 11:35:00+05:30,166.14114697570798,TARGET,3.700000000000041,4.500000000000041,35.90616226196289,24.63627052307129,6.316412448883057,1.2625986878219095,2.095422391242693,0.005992834493680705,0.6195472042982775,0.0,168.73972192840574,0.7400000000000082,0.9000000000000081,50000.0,5.0,250000.0,1850.0000000000205,2250.00000000002
2025-12-29,KSOLVES,SHORT,A_MOD_BREAK_C1_LOW,MODERATE,2025-12-29 11:45:00+05:30,2025-12-29 12:00:00+05:30,281.74362779541013,283.5749613760803,279.20793514525144,2025-12-29 12:06:00+05:30,279.20793514525144,TARGET,3.7000000000000055,4.500000000000005,40.565879821777344,22.347320556640625,4.455971717834473,1.5684073505636236,2.6682662609897165,0.007003560133859621,0.7429594836752942,0.0,283.5749613760803,0.7400000000000011,0.900000000000001,50000.0,5.0,250000.0,1850.0000000000027,2250.0000000000023
2025-12-29,GOKEX,SHORT,A_PULLBACK_C2_THEN_BREAK_C2_LOW,MODERATE,2025-12-29 12:15:00+05:30,2025-12-29 12:45:00+05:30,766.8965777954102,771.8814055510803,759.9945085952514,2025-12-29 13:48:00+05:30,759.9945085952514,TARGET,3.7000000000000286,4.500000000000028,24.40570640563965,26.409757614135742,5.882505416870117,1.5608592254522697,1.8513548449517954,0.005190838012907326,0.49180370278633173,0.0,771.8814055510803,0.7400000000000058,0.9000000000000057,50000.0,5.0,250000.0,1850.0000000000143,2250.000000000014
2025-12-29,CHENNPETRO,SHORT,A_MOD_BREAK_C1_LOW,MODERATE,2025-12-29 12:30:00+05:30,2025-12-29 12:45:00+05:30,818.3363,823.65548595,810.9712733,2025-12-29 14:05:00+05:30,823.65548595,SL,-4.049999999999942,-3.2499999999999423,29.753332138061523,31.771587371826172,15.438090324401855,1.5435207956345158,1.7930000008196656,0.006394374157253788,0.5660661213479465,0.0,823.65548595,-0.8099999999999885,-0.6499999999999885,50000.0,5.0,250000.0,-2024.9999999999714,-1624.9999999999711
2025-12-29,KIRLOSENG,SHORT,A_MOD_BREAK_C1_LOW,MODERATE,2025-12-29 12:30:00+05:30,2025-12-29 12:45:00+05:30,1233.9531111816407,1241.9738064043213,1222.847533181006,2025-12-29 12:51:00+05:30,1222.847533181006,TARGET,3.699999999999993,4.499999999999994,28.473596572875977,31.117420196533203,10.825072288513184,2.103985442099216,2.1922918629059893,0.006724793297951752,0.6371039485931396,0.0,1241.9738064043213,0.7399999999999987,0.8999999999999987,50000.0,5.0,250000.0,1849.9999999999966,2249.999999999997
2025-12-29,GRANULES,SHORT,A_MOD_BREAK_C1_LOW,MODERATE,2025-12-29 13:00:00+05:30,2025-12-29 13:15:00+05:30,603.7792444091797,607.7038094978393,598.3452312094971,2025-12-29 15:30:00+05:30,602.5999755859375,EOD,0.1765728402904447,0.9765728402904446,36.084617614746094,30.108379364013672,12.625028610229492,2.0350230005426804,1.9869443265261921,0.004694108390222695,0.7506164805475011,0.0,607.7038094978393,0.03531456805808894,0.19531456805808892,50000.0,5.0,250000.0,88.28642014522235,488.28642014522234
2025-12-29,NOCIL,SHORT,A_PULLBACK_C2_THEN_BREAK_C2_LOW,MODERATE,2025-12-29 13:00:00+05:30,2025-12-29 13:30:00+05:30,153.2500030517578,154.24612807159423,151.870753024292,2025-12-29 15:30:00+05:30,153.1999969482422,EOD,-0.6368479526270387,0.16315204737296107,23.49640464782715,29.05364990234375,2.4268269538879395,2.5519747765591885,2.3226385679917403,0.004907794190882287,0.5624460697174072,0.0,154.24612807159423,-0.12736959052540775,0.03263040947459221,50000.0,5.0,250000.0,-318.42397631351935,81.57602368648053
2025-12-29,MGL,SHORT,A_MOD_BREAK_C1_LOW,MODERATE,2025-12-29 14:15:00+05:30,2025-12-29 14:30:00+05:30,1120.2759,1127.5576933500001,1110.1934169,2025-12-29 15:30:00+05:30,1121.9000244140625,EOD,-1.5248769763155698,-0.7248769763155699,37.073490142822266,27.80135154724121,16.524600982666016,2.7149075910070946,2.6394938053572887,0.0020577552914466946,0.7661023521423338,0.0,1127.5576933500001,-0.30497539526311396,-0.14497539526311398,50000.0,5.0,250000.0,-762.4384881577848,-362.43848815778495
2025-12-30,CDSL,SHORT,A_MOD_BREAK_C1_LOW,MODERATE,2025-12-30 12:00:00+05:30,2025-12-30 12:15:00+05:30,1431.0137888183594,1440.3153784456788,1418.1346647189941,2025-12-30 15:30:00+05:30,1435.9000244140625,EOD,-2.5072636315188124,-1.7072636315188128,52.5250358581543,19.812088012695312,5.13222599029541,2.124248921020425,2.809999282686171,0.004620861458619111,0.96,0.0,1440.3153784456788,-0.5014527263037625,-0.34145272630376255,50000.0,5.0,250000.0,-1253.6318157594062,-853.6318157594064
2025-12-30,PAGEIND,SHORT,A_MOD_BREAK_C1_LOW,MODERATE,2025-12-30 12:00:00+05:30,2025-12-30 12:15:00+05:30,35842.83,36075.808395,35520.24453,2025-12-30 13:07:00+05:30,35520.24453,TARGET,3.6999999999999744,4.499999999999974,25.662721633911133,24.641300201416016,5.033388137817383,1.7213627020617637,2.701272145989436,0.003026381223459277,0.5461792973694757,0.0,36075.808395,0.7399999999999949,0.8999999999999949,50000.0,5.0,250000.0,1849.9999999999873,2249.9999999999873
2025-12-30,TATATECH,SHORT,A_MOD_BREAK_C1_LOW,MODERATE,2025-12-30 12:15:00+05:30,2025-12-30 12:30:00+05:30,642.4214777954102,646.5972174010803,636.6396844952515,2025-12-30 15:30:00+05:30,639.7999877929688,EOD,1.2403193954828176,2.0403193954828174,34.31797790527344,25.3195743560791,3.6947519779205322,2.119052290195856,2.6777017072536613,0.002739980916302428,0.7247696685791014,0.0,646.5972174010803,0.24806387909656352,0.4080638790965635,50000.0,5.0,250000.0,620.1596977414089,1020.1596977414088
2025-12-30,WOCKPHARMA,SHORT,A_MOD_BREAK_C1_LOW,MODERATE,2025-12-30 12:30:00+05:30,2025-12-30 12:45:00+05:30,1374.725,1383.6607124999998,1362.352475,2025-12-30 13:27:00+05:30,1362.352475,TARGET,3.699999999999999,4.499999999999999,44.57497024536133,22.771543502807617,4.354207515716553,2.0107020358562844,2.794725726298528,0.007954389994919134,0.8786245536804198,0.0,1383.6607124999998,0.7399999999999998,0.8999999999999998,50000.0,5.0,250000.0,1849.9999999999993,2249.9999999999995
2025-12-31,TARC,LONG,B_HUGE_C1_CLOSE_RECLAIM_BREAK,HUGE,2025-12-31 11:15:00+05:30,2025-12-31 11:45:00+05:30,170.5799987792969,169.64180878601076,172.45637876586915,2025-12-31 11:46:00+05:30,172.45637876586915,TARGET,4.699999999999984,5.499999999999984,30.6143856048584,75.58908081054688,80.09964752197266,1.7949028243227205,3.6452577985779295,0.010044314202968292,7.531320096799609,0.0,169.64180878601076,0.9399999999999968,1.0999999999999968,50000.0,5.0,250000.0,2349.9999999999923,2749.999999999992
2025-12-31,BALRAMCHIN,LONG,B_HUGE_GREEN_PULLBACK_HOLD_THEN_BREAK,HUGE,2025-12-31 10:45:00+05:30,2025-12-31 12:00:00+05:30,445.03900220947264,442.5912876973206,449.9344312337768,2025-12-31 15:26:00+05:30,442.5912876973206,SL,-3.5499999999999563,-2.7499999999999565,22.721385955810547,81.31192779541016,89.56539916992188,1.408591503685653,3.0365632179521516,0.0048213728465521695,6.145762389892903,0.0,442.5912876973206,-0.7099999999999913,-0.5499999999999913,50000.0,5.0,250000.0,-1774.9999999999782,-1374.9999999999782
2025-12-31,SKIPPER,LONG,B_HUGE_GREEN_PULLBACK_HOLD_THEN_BREAK,HUGE,2025-12-31 11:00:00+05:30,2025-12-31 12:15:00+05:30,429.9359761047363,427.5713282361603,434.66527184188834,2025-12-31 12:28:00+05:30,434.66527184188834,TARGET,4.6999999999999185,5.499999999999918,36.55403137207031,79.29486846923828,96.94216918945312,2.1021249024604387,4.648338997220242,0.007269590723582188,8.900552593179892,0.0,427.5713282361603,0.9399999999999837,1.0999999999999837,50000.0,5.0,250000.0,2349.9999999999595,2749.999999999959
2025-12-31,ZIMLAB,LONG,A_MOD_BREAK_C1_HIGH,MODERATE,2025-12-31 12:15:00+05:30,2025-12-31 12:30:00+05:30,71.73000030517578,71.33548530349732,72.5190303085327,2025-12-31 12:47:00+05:30,71.33548530349732,SL,-3.5499999999999297,-2.74999999999993,56.587650299072266,63.541507720947266,47.177085876464844,0.3909490205948427,1.2883421406704734,0.0107023257506114,4.28628455263105,0.0,71.33548530349732,-0.709999999999986,-0.549999999999986,50000.0,5.0,250000.0,-1774.999999999965,-1374.9999999999648
2025-12-31,PENIND,LONG,B_HUGE_C1_CLOSE_RECLAIM_BREAK,HUGE,2025-12-31 12:15:00+05:30,2025-12-31 12:45:00+05:30,205.2100036621094,204.0813486419678,207.46731370239257,2025-12-31 12:52:00+05:30,207.46731370239257,TARGET,4.699999999999961,5.499999999999961,34.638587951660156,81.277099609375,77.9838638305664,2.050256292545633,4.594810827178437,0.007575950679773239,8.60507756899868,0.0,204.0813486419678,0.9399999999999922,1.099999999999992,50000.0,5.0,250000.0,2349.9999999999804,2749.9999999999804
2025-12-31,LT,LONG,B_HUGE_GREEN_PULLBACK_HOLD_THEN_BREAK,HUGE,2025-12-31 12:00:00+05:30,2025-12-31 13:30:00+05:30,4086.5170911621094,4064.041247160718,4131.468779164892,2025-12-31 15:30:00+05:30,4083.0,EOD,-1.230328698455196,-0.43032869845519617,20.40250015258789,62.81322479248047,61.483551025390625,3.087308572795457,1.553563356904876,0.0021075042660882704,6.679540528542511,0.0,4064.041247160718,-0.2460657396910392,-0.08606573969103923,50000.0,5.0,250000.0,-615.164349227598,-215.16434922759808
2025-12-31,MANORAMA,LONG,B_HUGE_C1_CLOSE_RECLAIM_BREAK,HUGE,2025-12-31 13:00:00+05:30,2025-12-31 13:30:00+05:30,1332.2664,1324.9389348,1346.9213303999998,2025-12-31 15:30:00+05:30,1334.0,EOD,-0.1493793733745652,0.6506206266254346,20.637435913085938,74.20833587646484,87.83908081054688,3.4383090149746547,2.8519142991904722,0.005657443055161485,8.60766781518329,0.0,1324.9389348,-0.02987587467491304,0.13012412532508694,50000.0,5.0,250000.0,-74.6896866872826,325.3103133127173
2025-12-31,GRAPHITE,LONG,B_HUGE_GREEN_PULLBACK_HOLD_THEN_BREAK,HUGE,2025-12-31 11:00:00+05:30,2025-12-31 13:45:00+05:30,642.5285044189453,638.9945976446412,649.5963179675537,2025-12-31 14:08:00+05:30,638.9945976446412,SL,-3.549999999999934,-2.7499999999999343,34.218074798583984,82.27576446533203,92.4417724609375,1.4217538272741885,4.508429511840643,0.011235885980876421,7.783396908256229,0.0,638.9945976446412,-0.7099999999999869,-0.5499999999999868,50000.0,5.0,250000.0,-1774.999999999967,-1374.9999999999673
2026-01-01,AETHER,LONG,B_HUGE_C1_CLOSE_RECLAIM_BREAK,HUGE,2026-01-01 11:15:00+05:30,2026-01-01 11:45:00+05:30,895.7290977905274,890.8025877526795,905.582117866223,2026-01-01 12:12:00+05:30,890.8025877526795,SL,-3.549999999999962,-2.7499999999999627,54.52910232543945,78.30876159667969,94.85994720458984,0.41427649842035724,4.417361165535634,0.008458483241928832,6.828917611636451,0.0,890.8025877526795,-0.7099999999999924,-0.5499999999999925,50000.0,5.0,250000.0,-1774.9999999999811,-1374.9999999999814
2026-01-02,AADHARHFC,LONG,B_HUGE_C1_CLOSE_RECLAIM_BREAK,HUGE,2026-01-02 10:00:00+05:30,2026-01-02 10:30:00+05:30,500.05000220947267,497.2997271973206,505.55055223377684,2026-01-02 10:32:00+05:30,505.55055223377684,TARGET,4.699999999999976,5.499999999999976,26.882104873657227,83.48920440673828,97.25335693359375,2.0816250260461695,5.916999049939657,0.004843336331018689,9.786448868375098,0.0,497.2997271973206,0.9399999999999953,1.0999999999999952,50000.0,5.0,250000.0,2349.999999999988,2749.999999999988
2026-01-02,YESBANK,LONG,A_MOD_BREAK_C1_HIGH,MODERATE,2026-01-02 10:15:00+05:30,2026-01-02 10:30:00+05:30,21.740000534057618,21.620430531120302,21.97914053993225,2026-01-02 11:03:00+05:30,21.97914053993225,TARGET,4.699999999999944,5.499999999999944,22.166053771972656,68.90401458740234,86.11077880859375,2.0333546472249986,2.368099899108861,0.002503941810713422,6.05512897007818,0.0,21.620430531120302,0.9399999999999888,1.0999999999999888,50000.0,5.0,250000.0,2349.999999999972,2749.9999999999723
2026-01-02,TVSHLTD,LONG,B_HUGE_GREEN_PULLBACK_HOLD_THEN_BREAK,HUGE,2026-01-02 10:00:00+05:30,2026-01-02 11:15:00+05:30,14502.9,14423.13405,14662.431899999998,2026-01-02 11:19:00+05:30,14662.431899999998,TARGET,4.699999999999936,5.499999999999936,36.2757682800293,76.03677368164062,92.0832748413086,216.00039474246728,4.223773757663416,0.005164295961612739,265.16479848322433,0.0,14423.13405,0.9399999999999873,1.0999999999999872,50000.0,5.0,250000.0,2349.9999999999686,2749.999999999968
2026-01-02,CLSEL,LONG,A_MOD_BREAK_C1_HIGH,MODERATE,2026-01-02 11:00:00+05:30,2026-01-02 11:15:00+05:30,266.20322389526365,264.7391061638397,269.1314593581115,2026-01-02 11:16:00+05:30,269.1314593581115,TARGET,4.699999999999909,5.4999999999999085,22.675931930541992,63.06393051147461,55.87294006347656,0.8383343141425722,1.6203025549108168,0.005568825249079742,3.988482005689779,0.0,264.7391061638397,0.9399999999999817,1.0999999999999817,50000.0,5.0,250000.0,2349.9999999999545,2749.9999999999545
2026-01-02,JISLJALEQS,LONG,B_HUGE_GREEN_PULLBACK_HOLD_THEN_BREAK,HUGE,2026-01-02 10:30:00+05:30,2026-01-02 11:30:00+05:30,42.630001831054685,42.395536820983885,43.098931851196284,2026-01-02 12:12:00+05:30,42.395536820983885,SL,-3.5499999999999843,-2.749999999999985,21.53837013244629,69.36698913574219,79.22003936767578,1.808482533423767,2.3506099891000503,0.0034543173544475643,5.723663476090709,0.0,42.395536820983885,-0.7099999999999969,-0.5499999999999969,50000.0,5.0,250000.0,-1774.999999999992,-1374.9999999999923
2026-01-02,IDBI,LONG,A_MOD_BREAK_C1_HIGH,MODERATE,2026-01-02 11:15:00+05:30,2026-01-02 11:30:00+05:30,105.99999694824218,105.41699696502685,107.16599691467283,2026-01-02 11:31:00+05:30,107.16599691467283,TARGET,4.699999999999919,5.499999999999919,43.74005889892578,74.12881469726562,65.1399154663086,2.8293052531392515,2.426861370021742,0.005669465526066317,8.110877048954418,0.0,105.41699696502685,0.939999999999984,1.0999999999999839,50000.0,5.0,250000.0,2349.99999999996,2749.9999999999595
2026-01-02,BOSCHLTD,LONG,B_HUGE_GREEN_PULLBACK_HOLD_THEN_BREAK,HUGE,2026-01-02 10:45:00+05:30,2026-01-02 11:45:00+05:30,38682.735,38469.9799575,39108.245084999995,2026-01-02 12:19:00+05:30,39108.245084999995,TARGET,4.699999999999927,5.499999999999927,55.44561004638672,93.16445922851562,96.4289321899414,2.0874115210627817,6.368694984737431,0.005405966260288024,11.242704732498876,0.0,38469.9799575,0.9399999999999855,1.0999999999999854,50000.0,5.0,250000.0,2349.9999999999636,2749.9999999999636
2026-01-02,BANCOINDIA,LONG,A_MOD_BREAK_C1_HIGH,MODERATE,2026-01-02 11:45:00+05:30,2026-01-02 12:00:00+05:30,697.8395522094727,694.0014346723207,705.5157872837768,2026-01-02 12:01:00+05:30,705.5157872837768,TARGET,4.699999999999961,5.499999999999961,30.596025466918945,69.77359771728516,90.06634521484375,2.0648432526760914,2.111496914666163,0.0055846747358547725,6.175380711799709,0.0,694.0014346723207,0.9399999999999922,1.099999999999992,50000.0,5.0,250000.0,2349.9999999999804,2749.9999999999804
2026-01-02,IRCTC,LONG,B_HUGE_GREEN_PULLBACK_HOLD_THEN_BREAK,HUGE,2026-01-02 10:30:00+05:30,2026-01-02 12:15:00+05:30,693.7386955810547,689.9231327553589,701.3698212324463,2026-01-02 15:30:00+05:30,694.5,EOD,-0.2513031896630263,0.5486968103369736,30.86859703063965,79.358642578125,86.29840850830078,1.1327448483146665,3.2121426810150964,0.0029335773603173156,6.4048311744595985,0.0,689.9231327553589,-0.050260637932605254,0.10973936206739472,50000.0,5.0,250000.0,-125.65159483151312,274.3484051684868
2026-01-02,ENGINERSIN,LONG,B_HUGE_C1_CLOSE_RECLAIM_BREAK,HUGE,2026-01-02 11:45:00+05:30,2026-01-02 12:15:00+05:30,204.9499938964844,203.82276893005374,207.2044438293457,2026-01-02 15:27:00+05:30,207.2044438293457,TARGET,4.69999999999998,5.49999999999998,21.591907501220703,64.93376922607422,75.68838500976562,1.4636609932465512,1.9550721864282332,0.006205113657688978,4.897564893675167,0.0,203.82276893005374,0.939999999999996,1.0999999999999959,50000.0,5.0,250000.0,2349.9999999999895,2749.99999999999
2026-01-02,EXICOM,LONG,B_HUGE_GREEN_PULLBACK_HOLD_THEN_BREAK,HUGE,2026-01-02 11:30:00+05:30,2026-01-02 12:30:00+05:30,119.64999847412109,118.99192348251343,120.96614845733642,2026-01-02 13:10:00+05:30,118.99192348251343,SL,-3.5499999999999865,-2.7499999999999862,24.00279426574707,72.98155975341797,78.70011138916016,1.3251665153649257,2.443287348757322,0.007381942980459045,5.779970078303144,0.0,118.99192348251343,-0.7099999999999973,-0.5499999999999973,50000.0,5.0,250000.0,-1774.9999999999932,-1374.9999999999932
2026-01-02,CARERATING,LONG,B_HUGE_GREEN_PULLBACK_HOLD_THEN_BREAK,HUGE,2026-01-02 12:45:00+05:30,2026-01-02 13:45:00+05:30,1685.337,1676.0676465000001,1703.875707,2026-01-02 15:30:00+05:30,1684.0,EOD,-1.196656573729761,-0.39665657372976115,29.829919815063477,82.43527221679688,97.40435028076172,2.376883655602158,4.301284367848788,0.006993603492850688,8.528737786397128,0.0,1676.0676465000001,-0.2393313147459522,-0.07933131474595223,50000.0,5.0,250000.0,-598.3282868648805,-198.32828686488057
2026-01-02,PRUDENT,LONG,B_HUGE_C1_CLOSE_RECLAIM_BREAK,HUGE,2026-01-02 13:15:00+05:30,2026-01-02 13:45:00+05:30,2602.7203911621095,2588.405429010718,2631.3503154648924,2026-01-02 15:30:00+05:30,2596.699951171875,EOD,-1.9565668003904213,-1.1565668003904215,31.8485050201416,74.85782623291016,93.0650634765625,4.037106549589284,3.6634629874839613,0.004627961798329069,9.567094666730638,0.0,2588.405429010718,-0.39131336007808426,-0.2313133600780843,50000.0,5.0,250000.0,-978.2834001952107,-578.2834001952108
2026-01-02,SHALPAINTS,LONG,B_HUGE_GREEN_PULLBACK_HOLD_THEN_BREAK,HUGE,2026-01-02 13:15:00+05:30,2026-01-02 14:15:00+05:30,70.99999694824218,70.60949696502685,71.78099691467284,2026-01-02 14:16:00+05:30,71.78099691467284,TARGET,4.699999999999944,5.499999999999944,43.03129196166992,80.8971939086914,84.19750213623047,3.6478649962146865,5.009817047457212,0.010122166180012522,11.289013252075737,0.0,70.60949696502685,0.9399999999999888,1.0999999999999888,50000.0,5.0,250000.0,2349.999999999972,2749.9999999999723
2026-01-02,MANORAMA,LONG,B_HUGE_C1_CLOSE_RECLAIM_BREAK,HUGE,2026-01-02 14:00:00+05:30,2026-01-02 14:30:00+05:30,1377.7755,1370.19773475,1392.9310305,2026-01-02 14:32:00+05:30,1392.9310305,TARGET,4.69999999999998,5.49999999999998,23.53837013244629,77.6005859375,85.75184631347656,4.589118189124238,4.115639046423913,0.003925340794391944,10.5922894440931,0.0,1370.19773475,0.939999999999996,1.0999999999999959,50000.0,5.0,250000.0,2349.9999999999895,2749.99999999999
2026-01-05,NUVAMA,LONG,B_HUGE_C1_CLOSE_RECLAIM_BREAK,HUGE,2026-01-05 10:15:00+05:30,2026-01-05 10:45:00+05:30,1497.0994088378907,1488.8653620892824,1513.5675023351073,2026-01-05 11:39:00+05:30,1488.8653620892824,SL,-3.5499999999999696,-2.74999999999997,35.0831298828125,71.9119644165039,74.58850860595703,1.1373677434835185,3.1422795535441885,0.005172935630054219,6.429318316363229,0.0,1488.8653620892824,-0.709999999999994,-0.5499999999999939,50000.0,5.0,250000.0,-1774.999999999985,-1374.9999999999848
2026-01-05,CYIENT,LONG,B_HUGE_C1_CLOSE_RECLAIM_BREAK,HUGE,2026-01-05 11:30:00+05:30,2026-01-05 12:00:00+05:30,1156.7313,1150.36927785,1169.4553442999998,2026-01-05 12:36:00+05:30,1169.4553442999998,TARGET,4.699999999999927,5.499999999999927,41.701725006103516,88.31116485595703,88.93053436279297,0.8232069810363537,3.7978768688017275,0.006843310849675872,6.938538025361179,0.0,1150.36927785,0.9399999999999855,1.0999999999999854,50000.0,5.0,250000.0,2349.9999999999636,2749.9999999999636
2026-01-05,CIEINDIA,LONG,B_HUGE_GREEN_PULLBACK_HOLD_THEN_BREAK,HUGE,2026-01-05 10:45:00+05:30,2026-01-05 12:15:00+05:30,436.98737389526366,434.58394333883973,441.7942350081115,2026-01-05 15:24:00+05:30,434.58394333883973,SL,-3.549999999999974,-2.7499999999999742,41.330814361572266,68.85242462158203,75.8729019165039,1.3840434105914128,2.9248291056370355,0.004412925680622385,6.135550429709558,0.0,434.58394333883973,-0.7099999999999949,-0.5499999999999948,50000.0,5.0,250000.0,-1774.999999999987,-1374.999999999987
2026-01-05,HPL,SHORT,A_MOD_BREAK_C1_LOW,MODERATE,2026-01-05 12:00:00+05:30,2026-01-05 12:15:00+05:30,398.72022779541015,401.3119092760803,395.13174574525146,2026-01-05 15:30:00+05:30,397.04998779296875,EOD,1.2945012141426027,2.0945012141426025,34.85091781616211,30.10990333557129,10.098146438598633,1.4407907136744114,1.9374757213760658,0.006229858350634276,0.631775928204257,0.0,401.3119092760803,0.25890024282852053,0.4189002428285205,50000.0,5.0,250000.0,647.2506070713014,1047.2506070713011
2026-01-05,KRBL,SHORT,A_MOD_BREAK_C1_LOW,MODERATE,2026-01-05 12:00:00+05:30,2026-01-05 12:15:00+05:30,389.12217220458984,391.65146632391964,385.6200726547485,2026-01-05 13:50:00+05:30,385.6200726547485,TARGET,3.7000000000000135,4.500000000000012,23.920717239379883,32.685916900634766,11.685994148254395,1.1881096340103592,1.9071570398658257,0.004826753965795222,0.42208779653580236,0.0,391.65146632391964,0.7400000000000027,0.9000000000000026,50000.0,5.0,250000.0,1850.0000000000066,2250.0000000000064
2026-01-05,GNA,LONG,B_HUGE_GREEN_PULLBACK_HOLD_THEN_BREAK,HUGE,2026-01-05 11:45:00+05:30,2026-01-05 12:45:00+05:30,338.01760220947267,336.1585053973206,341.7357958337768,2026-01-05 12:46:00+05:30,341.7357958337768,TARGET,4.6999999999999265,5.499999999999926,57.53041458129883,80.00899505615234,88.61514282226562,2.469599160156601,3.943981299326498,0.009899196682033595,9.060164908113963,0.0,336.1585053973206,0.9399999999999853,1.0999999999999852,50000.0,5.0,250000.0,2349.999999999963,2749.999999999963
2026-01-05,ADANIENT,LONG,B_HUGE_C1_CLOSE_RECLAIM_BREAK,HUGE,2026-01-05 12:30:00+05:30,2026-01-05 13:00:00+05:30,2296.9593,2284.32602385,2322.2258522999996,2026-01-05 13:32:00+05:30,2284.32602385,SL,-3.5499999999999563,-2.749999999999957,35.497467041015625,68.80913543701172,61.079532623291016,1.5970430228574122,1.7889902468869254,0.0036795064044523,5.476731349352498,0.0,2284.32602385,-0.7099999999999913,-0.5499999999999914,50000.0,5.0,250000.0,-1774.9999999999782,-1374.9999999999784
2026-01-05,PVRINOX,LONG,B_HUGE_C1_CLOSE_RECLAIM_BREAK,HUGE,2026-01-05 12:45:00+05:30,2026-01-05 13:15:00+05:30,1044.3087955810547,1038.565097205359,1055.7961923324463,2026-01-05 14:39:00+05:30,1038.565097205359,SL,-3.549999999999931,-2.7499999999999316,29.295917510986328,70.4870376586914,60.1762580871582,2.7533585384070935,2.177703298657867,0.004994073554730608,7.10983523425797,0.0,1038.565097205359,-0.7099999999999862,-0.5499999999999863,50000.0,5.0,250000.0,-1774.9999999999654,-1374.9999999999657
2026-01-06,PNCINFRA,SHORT,A_MOD_BREAK_C1_LOW,MODERATE,2026-01-06 10:45:00+05:30,2026-01-06 11:00:00+05:30,249.5000030517578,251.1217530715942,247.25450302429198,2026-01-06 12:26:00+05:30,247.25450302429198,TARGET,3.7000000000000055,4.500000000000005,23.8641300201416,32.270328521728516,6.588919639587402,0.9400449715249889,1.985276222925286,0.004517896488603279,0.3817336314652614,0.0,251.1217530715942,0.7400000000000011,0.9000000000000011,50000.0,5.0,250000.0,1850.0000000000027,2250.0000000000027
2026-01-06,POCL,SHORT,A_MOD_BREAK_C1_LOW,MODERATE,2026-01-06 10:45:00+05:30,2026-01-06 11:00:00+05:30,1451.7096,1461.1457123999999,1438.6442135999998,2026-01-06 13:09:00+05:30,1461.1457123999999,SL,-4.049999999999985,-3.249999999999985,47.67033767700195,25.85930824279785,16.997541427612305,1.2352131234615344,2.4571027772922487,0.008803304648628918,0.7912173617607978,0.0,1461.1457123999999,-0.809999999999997,-0.649999999999997,50000.0,5.0,250000.0,-2024.9999999999925,-1624.9999999999925
2026-01-06,KNRCON,SHORT,A_MOD_BREAK_C1_LOW,MODERATE,2026-01-06 11:00:00+05:30,2026-01-06 11:15:00+05:30,154.45,155.45392499999997,153.05995,2026-01-06 11:29:00+05:30,153.05995,TARGET,3.7000000000000077,4.500000000000007,35.32750701904297,26.93740463256836,10.760306358337402,1.5183568340633944,2.0542163315703243,0.007131758217016806,0.6556250512467385,0.0,155.45392499999997,0.7400000000000015,0.9000000000000015,50000.0,5.0,250000.0,1850.0000000000039,2250.0000000000036
2026-01-06,WABAG,SHORT,A_MOD_BREAK_C1_LOW,MODERATE,2026-01-06 11:00:00+05:30,2026-01-06 11:15:00+05:30,1239.752,1247.8103879999999,1228.594232,2026-01-06 12:08:00+05:30,1228.594232,TARGET,3.7000000000000135,4.500000000000013,43.41788864135742,20.152259826660156,4.113884925842285,1.3486728691192817,3.6470459003080626,0.006433305561483104,0.7472860817162355,0.0,1247.8103879999999,0.7400000000000027,0.9000000000000027,50000.0,5.0,250000.0,1850.0000000000066,2250.000000000007
2026-01-06,ADSL,SHORT,A_MOD_BREAK_C1_LOW,MODERATE,2026-01-06 11:45:00+05:30,2026-01-06 12:00:00+05:30,149.95,150.92467499999998,148.60045,2026-01-06 14:06:00+05:30,148.60045,TARGET,3.699999999999979,4.499999999999979,28.402099609375,33.54835510253906,9.24387264251709,1.254090820773442,1.8767696161188168,0.004608298914443486,0.4993358685819182,0.0,150.92467499999998,0.7399999999999958,0.8999999999999958,50000.0,5.0,250000.0,1849.9999999999895,2249.9999999999895
2026-01-06,AJANTPHARM,SHORT,A_MOD_BREAK_C1_LOW,MODERATE,2026-01-06 11:45:00+05:30,2026-01-06 12:00:00+05:30,2805.4388,2823.6741521999998,2780.1898508,2026-01-06 12:51:00+05:30,2823.6741521999998,SL,-4.049999999999974,-3.2499999999999742,45.95308303833008,15.719297409057617,6.596982002258301,1.847921751209869,3.8576884275576497,0.006632436072479874,0.8726825520366781,0.0,2823.6741521999998,-0.8099999999999947,-0.6499999999999948,50000.0,5.0,250000.0,-2024.9999999999868,-1624.9999999999868
2026-01-06,DIAMINESQ,SHORT,B_HUGE_RED_FAILED_BOUNCE,HUGE,2026-01-06 11:30:00+05:30,2026-01-06 12:30:00+05:30,263.4473,265.15970745,261.07627429999997,2026-01-06 15:30:00+05:30,264.8999938964844,EOD,-3.557086325205061,-2.7570863252050613,32.21333694458008,28.118268966674805,35.95246887207031,1.894361275201047,3.0402224384464342,0.007129271825154622,0.7147132773288843,0.0,265.15970745,-0.7114172650410122,-0.5514172650410123,50000.0,5.0,250000.0,-1778.5431626025304,-1378.5431626025306
2026-01-06,INDHOTEL,SHORT,A_MOD_BREAK_C1_LOW,MODERATE,2026-01-06 12:15:00+05:30,2026-01-06 12:30:00+05:30,732.1535277954101,736.9125257260803,725.5641460452514,2026-01-06 14:09:00+05:30,725.5641460452514,TARGET,3.7000000000000313,4.50000000000003,28.938106536865234,35.122276306152344,20.5903377532959,0.973682132657883,1.7312256040768073,0.004170441402606315,0.4510272514719484,0.0,736.9125257260803,0.7400000000000062,0.9000000000000061,50000.0,5.0,250000.0,1850.0000000000155,2250.0000000000155
2026-01-06,TITAGARH,SHORT,A_MOD_BREAK_C1_LOW,MODERATE,2026-01-06 12:30:00+05:30,2026-01-06 12:45:00+05:30,864.827,870.4483755,857.043557,2026-01-06 15:19:00+05:30,857.043557,TARGET,3.7000000000000197,4.5000000000000195,34.58386993408203,31.966093063354492,13.961071968078613,1.4950203488835694,1.5800870606421022,0.006881551190656425,0.6193909630979602,0.0,870.4483755,0.740000000000004,0.9000000000000039,50000.0,5.0,250000.0,1850.00000000001,2250.00000000001
2026-01-06,CUMMINSIND,SHORT,A_MOD_BREAK_C1_LOW,MODERATE,2026-01-06 13:30:00+05:30,2026-01-06 13:45:00+05:30,4200.1598,4227.4608387,4162.3583618,2026-01-06 14:00:00+05:30,4162.3583618,TARGET,3.7000000000000135,4.500000000000013,52.92740249633789,21.194869995117188,2.7417147159576416,2.3337469019251107,3.296718694368834,0.005057837885691435,0.96,0.0,4227.4608387,0.7400000000000027,0.9000000000000027,50000.0,5.0,250000.0,1850.0000000000066,2250.000000000007
2026-01-06,ISGEC,SHORT,A_MOD_BREAK_C1_LOW,MODERATE,2026-01-06 14:15:00+05:30,2026-01-06 14:30:00+05:30,870.1259277954101,875.7817463260802,862.2947944452515,2026-01-06 15:10:00+05:30,875.7817463260802,SL,-4.049999999999963,-3.249999999999964,48.205055236816406,29.827564239501953,2.360015869140625,3.3511016634526647,3.2322749874204413,0.0026797070682400828,0.933075828552246,0.0,875.7817463260802,-0.8099999999999927,-0.6499999999999928,50000.0,5.0,250000.0,-2024.9999999999816,-1624.999999999982
2026-01-06,SHANTIGEAR,SHORT,A_MOD_BREAK_C1_LOW,MODERATE,2026-01-06 14:15:00+05:30,2026-01-06 14:30:00+05:30,454.0591638977051,457.01054846304015,449.97263142262574,2026-01-06 14:56:00+05:30,449.97263142262574,TARGET,3.7000000000000224,4.500000000000022,33.82563781738281,24.13938331604004,21.53362464904785,3.565249301945317,4.504703852204755,0.0037825747243052776,0.7173845672607422,0.0,457.01054846304015,0.7400000000000044,0.9000000000000045,50000.0,5.0,250000.0,1850.0000000000111,2250.000000000011
2026-01-07,TRITURBINE,SHORT,A_MOD_BREAK_C1_LOW,MODERATE,2026-01-07 10:30:00+05:30,2026-01-07 10:45:00+05:30,528.9441777954102,532.3823149510803,524.1836801952514,2026-01-07 14:53:00+05:30,532.3823149510803,SL,-4.049999999999956,-3.2499999999999565,33.376773834228516,24.805702209472656,2.499145030975342,1.3358769869948068,3.3151351417429678,0.004718256583918326,0.5944300802375189,0.0,532.3823149510803,-0.8099999999999912,-0.6499999999999913,50000.0,5.0,250000.0,-2024.9999999999777,-1624.999999999978
2026-01-07,CIPLA,SHORT,A_MOD_BREAK_C1_LOW,MODERATE,2026-01-07 11:30:00+05:30,2026-01-07 11:45:00+05:30,1468.8061555908203,1478.3533956021606,1455.5869001905028,2026-01-07 12:00:00+05:30,1455.5869001905028,TARGET,3.700000000000033,4.500000000000033,43.25049591064453,20.25307273864746,5.128698348999023,1.8878153644401732,3.12397735107463,0.007649764754876791,0.8391251274366982,0.0,1478.3533956021606,0.7400000000000067,0.9000000000000066,50000.0,5.0,250000.0,1850.0000000000166,2250.0000000000164
2026-01-07,PUNJABCHEM,SHORT,A_MOD_BREAK_C1_LOW,MODERATE,2026-01-07 11:30:00+05:30,2026-01-07 11:45:00+05:30,1117.2765,1124.5387972499998,1107.2210115,2026-01-07 15:07:00+05:30,1124.5387972499998,SL,-4.049999999999931,-3.2499999999999316,31.504343032836914,30.92622184753418,0.8241516947746277,1.8766573888184162,2.707004849310073,0.0060876009922552704,0.6609801885357764,0.0,1124.5387972499998,-0.8099999999999863,-0.6499999999999864,50000.0,5.0,250000.0,-2024.9999999999657,-1624.999999999966
2026-01-07,AWFIS,SHORT,A_MOD_BREAK_C1_LOW,MODERATE,2026-01-07 12:15:00+05:30,2026-01-07 12:30:00+05:30,475.20492779541013,478.29375982608025,470.92808344525145,2026-01-07 12:53:00+05:30,478.29375982608025,SL,-4.04999999999995,-3.2499999999999503,21.55876350402832,29.31959342956543,4.717566967010498,1.6145007985634197,2.285151251967342,0.005282381708265301,0.46591909230902323,0.0,478.29375982608025,-0.8099999999999901,-0.64999999999999,50000.0,5.0,250000.0,-2024.9999999999752,-1624.999999999975
2026-01-07,CIEINDIA,SHORT,A_MOD_BREAK_C1_LOW,MODERATE,2026-01-07 12:15:00+05:30,2026-01-07 12:30:00+05:30,413.16735,415.852937775,409.44884385,2026-01-07 15:30:00+05:30,414.0,EOD,-1.8076425448429079,-1.007642544842908,48.689971923828125,21.200510025024414,3.633809804916382,2.2239170897989102,2.8074191541208076,0.003998000800293222,0.9403495788574219,0.0,415.852937775,-0.3615285089685816,-0.2015285089685816,50000.0,5.0,250000.0,-903.821272421454,-503.821272421454
2026-01-07,GALAPREC,SHORT,A_MOD_BREAK_C1_LOW,MODERATE,2026-01-07 12:15:00+05:30,2026-01-07 12:30:00+05:30,759.848,764.7870119999999,753.009368,2026-01-07 14:52:00+05:30,764.7870119999999,SL,-4.049999999999957,-3.249999999999957,33.15385055541992,28.448606491088867,30.80040740966797,1.459075751090144,1.8510366211817666,0.00457706890608135,0.6051978458311624,0.0,764.7870119999999,-0.8099999999999914,-0.6499999999999914,50000.0,5.0,250000.0,-2024.9999999999786,-1624.9999999999784
2026-01-07,OIL,SHORT,A_MOD_BREAK_C1_LOW,MODERATE,2026-01-07 12:15:00+05:30,2026-01-07 12:30:00+05:30,415.01698610229494,417.7145965119598,411.2818332273743,2026-01-07 13:18:00+05:30,417.7145965119598,SL,-4.049999999999967,-3.2499999999999667,30.799461364746094,29.81526756286621,4.743475437164307,1.9040833084833404,2.5866784712693813,0.004429334908059962,0.655206499455776,0.0,417.7145965119598,-0.8099999999999934,-0.6499999999999934,50000.0,5.0,250000.0,-2024.9999999999834,-1624.9999999999834
2026-01-07,GOCOLORS,SHORT,A_MOD_BREAK_C1_LOW,MODERATE,2026-01-07 12:45:00+05:30,2026-01-07 13:00:00+05:30,444.0111861022949,446.89725881195983,440.01508542737423,2026-01-07 15:30:00+05:30,444.8999938964844,EOD,-1.80088446193413,-1.0008844619341302,39.20105743408203,19.17911720275879,2.378763437271118,2.2942175271577248,2.90756355091158,0.0051141153626308045,0.7980158615112305,0.0,446.89725881195983,-0.360176892386826,-0.200176892386826,50000.0,5.0,250000.0,-900.4422309670649,-500.44223096706503
2026-01-07,KKCL,SHORT,B_HUGE_RED_FAILED_BOUNCE,HUGE,2026-01-07 11:30:00+05:30,2026-01-07 13:15:00+05:30,464.45707779541016,467.4760488010803,460.27696409525146,2026-01-07 13:44:00+05:30,467.4760488010803,SL,-4.049999999999986,-3.2499999999999862,24.476600646972656,36.98896789550781,52.4073486328125,0.24446184668799456,1.641045216403317,0.004675046057148553,0.2919820936951547,0.0,467.4760488010803,-0.8099999999999972,-0.6499999999999972,50000.0,5.0,250000.0,-2024.999999999993,-1624.9999999999932
2026-01-07,NBCC,SHORT,A_PULLBACK_C2_THEN_BREAK_C2_LOW,MODERATE,2026-01-07 13:00:00+05:30,2026-01-07 13:30:00+05:30,116.0499984741211,116.80432346420288,115.005548487854,2026-01-07 15:30:00+05:30,116.25,EOD,-1.661704129722601,-0.8617041297226011,20.20710563659668,26.021114349365234,4.282115459442139,2.3971365407093375,2.315208483210166,0.004642607995567123,0.5131065845489502,0.0,116.80432346420288,-0.3323408259445202,-0.17234082594452022,50000.0,5.0,250000.0,-830.8520648613004,-430.85206486130056
2026-01-07,DCMSRIND,SHORT,A_MOD_BREAK_C1_LOW,MODERATE,2026-01-07 13:15:00+05:30,2026-01-07 13:30:00+05:30,51.560000610351565,51.89514061431885,51.0959606048584,2026-01-07 13:36:00+05:30,51.89514061431885,SL,-4.049999999999974,-3.2499999999999742,51.702449798583984,36.57606506347656,19.681352615356445,1.1127698172525562,1.5446322055602644,0.017314357144503092,0.7819663282972107,0.0,51.89514061431885,-0.8099999999999947,-0.6499999999999948,50000.0,5.0,250000.0,-2024.9999999999868,-1624.9999999999868
2026-01-07,NAVKARCORP,SHORT,A_MOD_BREAK_C1_LOW,MODERATE,2026-01-07 14:15:00+05:30,2026-01-07 14:30:00+05:30,98.25000305175782,98.88862807159424,97.36575302429199,2026-01-07 15:30:00+05:30,97.36575302429199,TARGET,3.7000000000000233,4.500000000000023,39.07582092285156,31.372713088989258,12.05960750579834,2.4173281832439164,2.2525792423836153,0.0031639493311083583,0.7961373138427734,0.0,98.88862807159424,0.7400000000000047,0.9000000000000046,50000.0,5.0,250000.0,1850.0000000000116,2250.0000000000114
2026-01-08,GMDCLTD,SHORT,A_MOD_BREAK_C1_LOW,MODERATE,2026-01-08 10:00:00+05:30,2026-01-08 10:15:00+05:30,588.5822722045898,592.4080569739197,583.2850317547485,2026-01-08 10:44:00+05:30,583.2850317547485,TARGET,3.69999999999999,4.49999999999999,29.93306541442871,19.1607608795166,6.216122627258301,1.640006410545639,4.052034014470161,0.008091399363152394,0.5959971030619173,0.0,592.4080569739197,0.739999999999998,0.899999999999998,50000.0,5.0,250000.0,1849.9999999999948,2249.999999999995
2026-01-08,MUKANDLTD,SHORT,A_MOD_BREAK_C1_LOW,MODERATE,2026-01-08 10:30:00+05:30,2026-01-08 10:45:00+05:30,135.0000030517578,135.87750307159422,133.78500302429197,2026-01-08 11:24:00+05:30,133.78500302429197,TARGET,3.700000000000051,4.500000000000051,24.89398193359375,28.521867752075195,10.623382568359375,1.379792316041904,3.2301105318260777,0.005410299934885212,0.47487338431123943,0.0,135.87750307159422,0.7400000000000102,0.9000000000000101,50000.0,5.0,250000.0,1850.0000000000255,2250.0000000000255
2026-01-08,SARDAEN,SHORT,A_MOD_BREAK_C1_LOW,MODERATE,2026-01-08 10:30:00+05:30,2026-01-08 10:45:00+05:30,497.4005,500.63360325,492.9238955,2026-01-08 11:16:00+05:30,492.9238955,TARGET,3.7000000000000077,4.500000000000007,23.2496395111084,29.290781021118164,7.593151092529297,1.3366185781883344,2.7958963564271833,0.005874771531391048,0.4426528438495844,0.0,500.63360325,0.7400000000000015,0.9000000000000015,50000.0,5.0,250000.0,1850.0000000000039,2250.0000000000036
2026-01-08,EMSLIMITED,SHORT,A_PULLBACK_C2_THEN_BREAK_C2_LOW,MODERATE,2026-01-08 10:30:00+05:30,2026-01-08 11:00:00+05:30,415.5668638977051,418.2680485130402,411.8267621226258,2026-01-08 11:27:00+05:30,411.8267621226258,TARGET,3.6999999999999744,4.499999999999974,20.725879669189453,35.71114730834961,16.673791885375977,1.5512532651294193,2.020769357723974,0.006034649765945096,0.4423575164354901,0.0,418.2680485130402,0.7399999999999949,0.8999999999999949,50000.0,5.0,250000.0,1849.9999999999873,2249.9999999999873
2026-01-08,AEROFLEX,SHORT,A_MOD_BREAK_C1_LOW,MODERATE,2026-01-08 10:45:00+05:30,2026-01-08 11:00:00+05:30,195.45,196.72042499999998,193.69095,2026-01-08 11:04:00+05:30,193.69095,TARGET,3.7000000000000055,4.500000000000005,23.226839065551758,36.591278076171875,15.2496919631958,1.3633248329866445,1.8238519517015994,0.006177046521555479,0.4381770293410191,0.0,196.72042499999998,0.7400000000000011,0.9000000000000011,50000.0,5.0,250000.0,1850.0000000000027,2250.0000000000027
2026-01-08,JINDALSAW,SHORT,A_MOD_BREAK_C1_LOW,MODERATE,2026-01-08 10:45:00+05:30,2026-01-08 11:00:00+05:30,165.56000061035155,166.63614061431883,164.06996060485838,2026-01-08 12:03:00+05:30,164.06996060485838,TARGET,3.700000000000021,4.50000000000002,25.978574752807617,21.921913146972656,5.475009441375732,2.4200914859482436,3.6257062144732033,0.004701871285710826,0.5996786212921141,0.0,166.63614061431883,0.7400000000000042,0.9000000000000041,50000.0,5.0,250000.0,1850.0000000000105,2250.0000000000105
2026-01-08,KIOCL,SHORT,A_MOD_BREAK_C1_LOW,MODERATE,2026-01-08 10:45:00+05:30,2026-01-08 11:00:00+05:30,379.924,382.39350599999995,376.504684,2026-01-08 11:12:00+05:30,376.504684,TARGET,3.6999999999999744,4.499999999999974,37.66134262084961,25.837825775146484,7.0343194007873535,1.825889458368307,3.0575907713275203,0.007949016647096817,0.7444507945271976,0.0,382.39350599999995,0.7399999999999949,0.8999999999999949,50000.0,5.0,250000.0,1849.9999999999873,2249.9999999999873
2026-01-08,LXCHEM,SHORT,A_MOD_BREAK_C1_LOW,MODERATE,2026-01-08 10:45:00+05:30,2026-01-08 11:00:00+05:30,159.47000427246093,160.5065593002319,158.03477423400878,2026-01-08 11:26:00+05:30,158.03477423400878,TARGET,3.6999999999999966,4.4999999999999964,40.88953399658203,28.561437606811523,9.016619682312012,1.6880728343793332,2.2873007602163815,0.0035371872877203335,0.7687557559651137,0.0,160.5065593002319,0.7399999999999993,0.8999999999999992,50000.0,5.0,250000.0,1849.9999999999984,2249.999999999998
2026-01-08,NESCO,SHORT,A_MOD_BREAK_C1_LOW,MODERATE,2026-01-08 10:45:00+05:30,2026-01-08 11:00:00+05:30,1217.2565,1225.16866725,1206.3011915,2026-01-08 11:09:00+05:30,1206.3011915,TARGET,3.700000000000001,4.500000000000001,23.911476135253906,18.303312301635742,11.44836139678955,1.7701646419876869,3.7130132898310806,0.003945782119806051,0.5284509543766538,0.0,1225.16866725,0.7400000000000002,0.9000000000000001,50000.0,5.0,250000.0,1850.0000000000005,2250.0000000000005
2026-01-08,PILANIINVS,SHORT,A_MOD_BREAK_C1_LOW,MODERATE,2026-01-08 10:45:00+05:30,2026-01-08 11:00:00+05:30,5055.9886,5088.8525259,5010.4847026,2026-01-08 11:24:00+05:30,5010.4847026,TARGET,3.699999999999992,4.499999999999992,29.595239639282227,38.14160919189453,0.0,1.0869812170262407,2.010956199658957,0.0023517614300127957,0.49415030756882555,0.0,5088.8525259,0.7399999999999984,0.8999999999999984,50000.0,5.0,250000.0,1849.9999999999961,2249.999999999996
2026-01-08,RAMKY,SHORT,A_MOD_BREAK_C1_LOW,MODERATE,2026-01-08 10:45:00+05:30,2026-01-08 11:00:00+05:30,529.894,533.338311,525.124954,2026-01-08 11:01:00+05:30,525.124954,TARGET,3.7000000000000033,4.500000000000003,37.478702545166016,36.49542236328125,33.33333206176758,0.9165528817293461,1.6328253111811408,0.003989231361533111,0.564218558039183,0.0,533.338311,0.7400000000000007,0.9000000000000006,50000.0,5.0,250000.0,1850.0000000000016,2250.0000000000014
2026-01-08,TI,SHORT,A_MOD_BREAK_C1_LOW,MODERATE,2026-01-08 10:45:00+05:30,2026-01-08 11:00:00+05:30,445.16095,448.054496175,441.15450145,2026-01-08 11:34:00+05:30,441.15450145,TARGET,3.700000000000018,4.500000000000018,20.33595085144043,29.04367446899414,4.0165300369262695,1.690553315116438,2.6727915617421627,0.00395802306914958,0.46088609291698307,0.0,448.054496175,0.7400000000000035,0.9000000000000036,50000.0,5.0,250000.0,1850.0000000000089,2250.000000000009
2026-01-08,BALMLAWRIE,SHORT,A_MOD_BREAK_C1_LOW,MODERATE,2026-01-08 11:00:00+05:30,2026-01-08 11:15:00+05:30,180.14000244140624,181.31091245727538,178.51874241943358,2026-01-08 13:36:00+05:30,178.51874241943358,TARGET,3.700000000000009,4.500000000000009,30.30914306640625,29.85719871520996,14.213175773620605,1.4651267435257838,2.530259789314643,0.0040354199685458435,0.5710343261131059,0.0,181.31091245727538,0.7400000000000018,0.9000000000000018,50000.0,5.0,250000.0,1850.0000000000043,2250.0000000000045
2026-01-08,BANKINDIA,SHORT,A_MOD_BREAK_C1_LOW,MODERATE,2026-01-08 11:00:00+05:30,2026-01-08 11:15:00+05:30,148.64000244140624,149.60616245727536,147.30224241943358,2026-01-08 11:16:00+05:30,147.30224241943358,TARGET,3.7,4.5,25.732349395751953,32.416664123535156,15.639144897460938,1.7527463505539023,2.2544662362645673,0.005047155150636168,0.5527158522832121,0.0,149.60616245727536,0.74,0.8999999999999999,50000.0,5.0,250000.0,1850.0,2250.0
2026-01-08,CENTRALBK,SHORT,A_MOD_BREAK_C1_LOW,MODERATE,2026-01-08 11:00:00+05:30,2026-01-08 11:15:00+05:30,37.709998321533206,37.95511331062317,37.37060833663941,2026-01-08 14:31:00+05:30,37.37060833663941,TARGET,3.7000000000000046,4.5000000000000036,22.832775115966797,28.9709415435791,8.571516036987305,1.9540536306860328,2.3907023626495048,0.0041760989967699206,0.5444510121095576,0.0,37.95511331062317,0.7400000000000009,0.9000000000000008,50000.0,5.0,250000.0,1850.0000000000023,2250.000000000002
2026-01-08,DYNAMATECH,SHORT,A_MOD_BREAK_C1_LOW,MODERATE,2026-01-08 11:00:00+05:30,2026-01-08 11:15:00+05:30,8965.7065,9023.98359225,8885.0151415,2026-01-08 11:31:00+05:30,8885.0151415,TARGET,3.700000000000011,4.500000000000011,25.52069854736328,27.568185806274414,7.903779983520508,1.1588207457867286,1.8755508814102564,0.004349038193476443,0.4393816527936395,0.0,9023.98359225,0.7400000000000022,0.9000000000000021,50000.0,5.0,250000.0,1850.0000000000055,2250.0000000000055
2026-01-08,HINDALCO,SHORT,A_MOD_BREAK_C1_LOW,MODERATE,2026-01-08 11:00:00+05:30,2026-01-08 11:15:00+05:30,907.4184555908203,913.3166755521605,899.2516894905028,2026-01-08 11:59:00+05:30,899.2516894905028,TARGET,3.7000000000000277,4.5000000000000275,48.80794143676758,13.771114349365234,5.667043685913086,2.0104395413326195,4.1249935341239174,0.005379564178949807,0.9421191215515137,0.0,913.3166755521605,0.7400000000000055,0.9000000000000055,50000.0,5.0,250000.0,1850.0000000000139,2250.0000000000136
2026-01-08,INDIANB,SHORT,A_MOD_BREAK_C1_LOW,MODERATE,2026-01-08 11:00:00+05:30,2026-01-08 11:15:00+05:30,839.3321,844.7877586499999,831.7781110999999,2026-01-08 11:32:00+05:30,831.7781110999999,TARGET,3.700000000000021,4.500000000000021,22.43303680419922,29.48918342590332,5.321467399597168,1.916229230807181,2.795606278423817,0.005387305348781148,0.531835667454245,0.0,844.7877586499999,0.7400000000000042,0.9000000000000042,50000.0,5.0,250000.0,1850.0000000000105,2250.0000000000105
2026-01-08,IOB,SHORT,A_MOD_BREAK_C1_LOW,MODERATE,2026-01-08 11:00:00+05:30,2026-01-08 11:15:00+05:30,35.970000457763675,36.20380546073914,35.6462704536438,2026-01-08 11:24:00+05:30,35.6462704536438,TARGET,3.7000000000000077,4.500000000000007,25.261911392211914,28.48328399658203,8.310012817382812,2.0591760481244643,2.4868084791100964,0.004416030833107892,0.5889286708831787,0.0,36.20380546073914,0.7400000000000015,0.9000000000000015,50000.0,5.0,250000.0,1850.0000000000039,2250.0000000000036
2026-01-08,IOLCP,SHORT,A_MOD_BREAK_C1_LOW,MODERATE,2026-01-08 11:00:00+05:30,2026-01-08 11:15:00+05:30,80.85000152587891,81.37552653579712,80.122351512146,2026-01-08 13:44:00+05:30,80.122351512146,TARGET,3.7000000000000135,4.500000000000012,23.311033248901367,29.64571189880371,3.5298054218292236,1.4032099730611716,2.1015114160688992,0.004361634266495972,0.4552272440192255,0.0,81.37552653579712,0.7400000000000027,0.9000000000000026,50000.0,5.0,250000.0,1850.0000000000066,2250.0000000000064
2026-01-08,IRCTC,SHORT,A_MOD_BREAK_C1_LOW,MODERATE,2026-01-08 11:00:00+05:30,2026-01-08 11:15:00+05:30,663.4672555908203,667.7797927521606,657.4960502905029,2026-01-08 13:30:00+05:30,657.4960502905029,TARGET,3.699999999999987,4.499999999999987,23.912765502929688,30.562049865722656,11.238238334655762,1.422320144565043,2.205776874376934,0.0035512575770951034,0.4675975078428279,0.0,667.7797927521606,0.7399999999999973,0.8999999999999974,50000.0,5.0,250000.0,1849.9999999999934,2249.999999999993
2026-01-08,KTKBANK,SHORT,A_MOD_BREAK_C1_LOW,MODERATE,2026-01-08 11:00:00+05:30,2026-01-08 11:15:00+05:30,195.7,196.97204999999997,193.93869999999998,2026-01-08 12:53:00+05:30,193.93869999999998,TARGET,3.7000000000000144,4.500000000000014,38.34356689453125,32.636722564697266,8.47048282623291,1.4567288942091066,1.9706596747434122,0.0053781141824412225,0.6886140436417332,0.0,196.97204999999997,0.7400000000000029,0.9000000000000029,50000.0,5.0,250000.0,1850.0000000000073,2250.0000000000073
2026-01-08,PARADEEP,SHORT,A_MOD_BREAK_C1_LOW,MODERATE,2026-01-08 11:00:00+05:30,2026-01-08 11:15:00+05:30,154.45999450683593,155.46398447113035,153.0698545562744,2026-01-08 11:59:00+05:30,153.0698545562744,TARGET,3.6999999999999855,4.499999999999986,25.10611915588379,23.6765193939209,4.165220260620117,1.696291925995921,2.579819892921936,0.005690285885363027,0.533442874387543,0.0,155.46398447113035,0.7399999999999971,0.8999999999999971,50000.0,5.0,250000.0,1849.9999999999927,2249.9999999999927
2026-01-08,PTC,SHORT,A_MOD_BREAK_C1_LOW,MODERATE,2026-01-08 11:00:00+05:30,2026-01-08 11:15:00+05:30,163.95,165.015675,162.47445,2026-01-08 11:32:00+05:30,162.47445,TARGET,3.6999999999999957,4.499999999999995,24.718875885009766,31.598045349121094,12.577237129211426,1.3103551841206647,1.445478286114361,0.004260044883755259,0.43236920980198085,0.0,165.015675,0.7399999999999991,0.899999999999999,50000.0,5.0,250000.0,1849.9999999999977,2249.9999999999977
2026-01-08,TATVA,SHORT,A_MOD_BREAK_C1_LOW,MODERATE,2026-01-08 11:00:00+05:30,2026-01-08 11:15:00+05:30,1299.8399555908204,1308.2889153021606,1288.141395990503,2026-01-08 12:20:00+05:30,1288.141395990503,TARGET,3.699999999999993,4.499999999999994,36.061588287353516,28.449373245239258,11.364295959472656,1.8333461982716028,2.66544669070692,0.00575381182964539,0.7217594090078332,0.0,1308.2889153021606,0.7399999999999987,0.8999999999999987,50000.0,5.0,250000.0,1849.9999999999966,2249.999999999997
2026-01-08,VAIBHAVGBL,SHORT,A_MOD_BREAK_C1_LOW,MODERATE,2026-01-08 11:00:00+05:30,2026-01-08 11:15:00+05:30,230.34999389648436,231.8472688568115,228.276843951416,2026-01-08 12:03:00+05:30,228.276843951416,TARGET,3.7000000000000135,4.500000000000013,22.97028350830078,28.119619369506836,3.739396095275879,1.5751184900272397,2.632224086315776,0.0063219334354624205,0.48019998837927863,0.0,231.8472688568115,0.7400000000000027,0.9000000000000027,50000.0,5.0,250000.0,1850.0000000000066,2250.000000000007
2026-01-08,ADANIENSOL,SHORT,A_MOD_BREAK_C1_LOW,MODERATE,2026-01-08 11:15:00+05:30,2026-01-08 11:30:00+05:30,1008.9981722045899,1015.5566603239197,999.9171886547485,2026-01-08 11:59:00+05:30,999.9171886547485,TARGET,3.7000000000000135,4.500000000000012,37.77353286743164,22.883071899414062,5.2214765548706055,1.8305870949249998,2.9486463388930333,0.0055326151976635915,0.7469557346233495,0.0,1015.5566603239197,0.7400000000000027,0.9000000000000026,50000.0,5.0,250000.0,1850.0000000000066,2250.0000000000064
2026-01-08,ADANIENT,SHORT,A_MOD_BREAK_C1_LOW,MODERATE,2026-01-08 11:15:00+05:30,2026-01-08 11:30:00+05:30,2233.453122363281,2247.9705676586423,2213.3520442620115,2026-01-08 12:00:00+05:30,2213.3520442620115,TARGET,3.700000000000027,4.500000000000027,22.696714401245117,29.397188186645508,6.582127571105957,1.745664448896048,2.433384978415178,0.004516023384885544,0.505941994575485,0.0,2247.9705676586423,0.7400000000000053,0.9000000000000054,50000.0,5.0,250000.0,1850.0000000000134,2250.000000000013
2026-01-08,ARKADE,SHORT,A_MOD_BREAK_C1_LOW,MODERATE,2026-01-08 11:15:00+05:30,2026-01-08 11:30:00+05:30,131.95,132.807675,130.76245,2026-01-08 12:04:00+05:30,130.76245,TARGET,3.699999999999953,4.499999999999953,21.089393615722656,26.33681297302246,6.501030921936035,1.4856687757229348,1.6806693066049376,0.00491546961006856,0.42036640531760033,0.0,132.807675,0.7399999999999907,0.8999999999999906,50000.0,5.0,250000.0,1849.9999999999766,2249.9999999999764
2026-01-08,ASKAUTOLTD,SHORT,A_MOD_BREAK_C1_LOW,MODERATE,2026-01-08 11:15:00+05:30,2026-01-08 11:30:00+05:30,463.95717779541013,466.97289945108025,459.78156319525147,2026-01-08 14:12:00+05:30,466.97289945108025,SL,-4.04999999999995,-3.2499999999999507,28.69879150390625,26.901399612426758,1.1203490495681763,1.7945799510044154,2.239104166754079,0.00410208642490558,0.6045333639843664,0.0,466.97289945108025,-0.8099999999999901,-0.6499999999999901,50000.0,5.0,250000.0,-2024.9999999999752,-1624.9999999999754
2026-01-08,BHEL,SHORT,A_MOD_BREAK_C1_LOW,MODERATE,2026-01-08 11:15:00+05:30,2026-01-08 11:30:00+05:30,294.3411138977051,296.2543311380402,291.69204387262573,2026-01-08 14:30:00+05:30,291.69204387262573,TARGET,3.7000000000000375,4.500000000000038,27.05647087097168,27.27736473083496,5.8947038650512695,2.4676498247156102,3.0609454536977445,0.006106873302767093,0.6158470630645752,0.0,296.2543311380402,0.7400000000000075,0.9000000000000076,50000.0,5.0,250000.0,1850.0000000000189,2250.000000000019
2026-01-08,CHEMCON,SHORT,A_MOD_BREAK_C1_LOW,MODERATE,2026-01-08 11:15:00+05:30,2026-01-08 11:30:00+05:30,198.39999694824218,199.68959692840573,196.614396975708,2026-01-08 12:19:00+05:30,196.614396975708,TARGET,3.7000000000000166,4.500000000000016,34.453556060791016,31.729373931884766,16.606531143188477,1.4753752963646833,2.1100562869020676,0.004380381303842593,0.6349940177756848,0.0,199.68959692840573,0.7400000000000033,0.9000000000000032,50000.0,5.0,250000.0,1850.0000000000084,2250.000000000008
2026-01-08,GENUSPOWER,SHORT,A_MOD_BREAK_C1_LOW,MODERATE,2026-01-08 11:15:00+05:30,2026-01-08 11:30:00+05:30,284.0431861022949,285.8894668119598,281.48679742737426,2026-01-08 11:32:00+05:30,281.48679742737426,TARGET,3.6999999999999766,4.499999999999976,21.329914093017578,27.683603286743164,8.720752716064453,2.231554757926448,2.2180816918912862,0.005638439816550078,0.5299487113952637,0.0,285.8894668119598,0.7399999999999953,0.8999999999999952,50000.0,5.0,250000.0,1849.9999999999884,2249.999999999988
2026-01-08,GICHSGFIN,SHORT,A_MOD_BREAK_C1_LOW,MODERATE,2026-01-08 11:15:00+05:30,2026-01-08 11:30:00+05:30,174.36000366210936,175.49334368591306,172.79076362915038,2026-01-08 12:02:00+05:30,172.79076362915038,TARGET,3.700000000000009,4.500000000000009,26.594118118286133,27.44427490234375,1.2003566026687622,1.6361364884333467,2.613383020432442,0.006352012966339677,0.5452356572501276,0.0,175.49334368591306,0.7400000000000018,0.9000000000000017,50000.0,5.0,250000.0,1850.0000000000043,2250.000000000004
2026-01-08,GIPCL,SHORT,A_MOD_BREAK_C1_LOW,MODERATE,2026-01-08 11:15:00+05:30,2026-01-08 11:30:00+05:30,154.5500061035156,155.55458114318847,153.15905604858398,2026-01-08 15:30:00+05:30,153.60000610351562,EOD,2.273438895122692,3.073438895122692,24.267168045043945,25.438201904296875,9.50216293334961,1.9574415402312146,2.3481972974723786,0.0055686608854778755,0.5665597902161217,0.0,155.55458114318847,0.45468777902453844,0.6146877790245384,50000.0,5.0,250000.0,1136.719447561346,1536.719447561346
2026-01-08,GRASIM,SHORT,A_MOD_BREAK_C1_LOW,MODERATE,2026-01-08 11:15:00+05:30,2026-01-08 11:30:00+05:30,2799.3399223632814,2817.535631858643,2774.145863062012,2026-01-08 15:30:00+05:30,2787.10009765625,EOD,1.3861983622014364,2.1861983622014365,31.27322769165039,29.040842056274414,8.427043914794922,1.5000264154866494,2.7152466367713006,0.0033431837959657265,0.5916030380849195,0.0,2817.535631858643,0.2772396724402873,0.4372396724402873,50000.0,5.0,250000.0,693.0991811007183,1093.0991811007182
2026-01-08,IGARASHI,SHORT,A_MOD_BREAK_C1_LOW,MODERATE,2026-01-08 11:15:00+05:30,2026-01-08 11:30:00+05:30,444.911,447.80292149999997,440.906801,2026-01-08 11:32:00+05:30,440.906801,TARGET,3.700000000000032,4.500000000000032,31.87980842590332,26.010705947875977,4.2358574867248535,2.053883184772463,2.6759340799867366,0.005609968271148339,0.6881971263885498,0.0,447.80292149999997,0.7400000000000064,0.9000000000000064,50000.0,5.0,250000.0,1850.0000000000161,2250.000000000016
2026-01-08,INDIAMART,SHORT,A_MOD_BREAK_C1_LOW,MODERATE,2026-01-08 11:15:00+05:30,2026-01-08 11:30:00+05:30,2144.571,2158.5107114999996,2125.2698609999998,2026-01-08 13:56:00+05:30,2158.5107114999996,SL,-4.0499999999999305,-3.2499999999999307,29.515302658081055,31.109848022460938,8.850661277770996,1.2577935024505844,2.083972959836122,0.0036723026198660653,0.5228434028000681,0.0,2158.5107114999996,-0.8099999999999861,-0.6499999999999861,50000.0,5.0,250000.0,-2024.9999999999652,-1624.9999999999654
2026-01-08,JAYNECOIND,SHORT,A_MOD_BREAK_C1_LOW,MODERATE,2026-01-08 11:15:00+05:30,2026-01-08 11:30:00+05:30,86.75000305175782,87.31387807159423,85.96925302429199,2026-01-08 13:33:00+05:30,87.31387807159423,SL,-4.049999999999946,-3.2499999999999463,29.822324752807617,31.10260581970215,29.860366821289062,1.1212062000794325,2.2204744251913264,0.010336824623796016,0.503545956306015,0.0,87.31387807159423,-0.8099999999999892,-0.6499999999999893,50000.0,5.0,250000.0,-2024.999999999973,-1624.999999999973
2026-01-08,KSL,SHORT,A_MOD_BREAK_C1_LOW,MODERATE,2026-01-08 11:15:00+05:30,2026-01-08 11:30:00+05:30,726.8546,731.5791548999999,720.3129086,2026-01-08 12:15:00+05:30,720.3129086,TARGET,3.699999999999993,4.499999999999994,24.456401824951172,28.644987106323242,11.451210021972656,1.7446288752772685,2.044712948846172,0.0048585256159387556,0.5321560805477896,0.0,731.5791548999999,0.7399999999999987,0.8999999999999987,50000.0,5.0,250000.0,1849.9999999999966,2249.999999999997
2026-01-08,LICI,SHORT,A_MOD_BREAK_C1_LOW,MODERATE,2026-01-08 11:15:00+05:30,2026-01-08 11:30:00+05:30,840.6318277954101,846.0959346760802,833.0661413452514,2026-01-08 15:30:00+05:30,837.4000244140625,EOD,1.122246621224864,1.922246621224864,20.711915969848633,30.40094566345215,6.584074020385742,1.8209931574486578,2.5764743506181573,0.0031425227166356146,0.4893525421012445,0.0,846.0959346760802,0.22444932424497283,0.3844493242449728,50000.0,5.0,250000.0,561.1233106124321,961.123310612432
2026-01-08,MOIL,SHORT,A_MOD_BREAK_C1_LOW,MODERATE,2026-01-08 11:15:00+05:30,2026-01-08 11:30:00+05:30,353.12937220458986,355.4247131239197,349.95120785474853,2026-01-08 12:06:00+05:30,349.95120785474853,TARGET,3.7000000000000224,4.500000000000022,43.345947265625,10.611927032470703,1.9423766136169434,3.114703838816033,5.085537271165563,0.007990380968881996,0.860189208984375,0.0,355.4247131239197,0.7400000000000044,0.9000000000000045,50000.0,5.0,250000.0,1850.0000000000111,2250.000000000011
2026-01-08,ONGC,SHORT,A_MOD_BREAK_C1_LOW,MODERATE,2026-01-08 11:15:00+05:30,2026-01-08 11:30:00+05:30,228.89999694824218,230.38784692840574,226.839896975708,2026-01-08 13:07:00+05:30,226.839896975708,TARGET,3.69999999999999,4.49999999999999,36.53475570678711,18.527050018310547,5.042266368865967,2.4038879306118695,4.030685920270217,0.003055425589161744,0.7580213356018066,0.0,230.38784692840574,0.739999999999998,0.899999999999998,50000.0,5.0,250000.0,1849.9999999999948,2249.999999999995
2026-01-08,ONMOBILE,SHORT,A_MOD_BREAK_C1_LOW,MODERATE,2026-01-08 11:15:00+05:30,2026-01-08 11:30:00+05:30,57.88999862670899,58.26628361778259,57.368988639068604,2026-01-08 11:31:00+05:30,57.368988639068604,TARGET,3.700000000000019,4.500000000000019,20.192867279052734,31.4071102142334,10.993158340454102,1.7533600480239884,2.278619349504209,0.004248760126788041,0.469731017589989,0.0,58.26628361778259,0.7400000000000038,0.9000000000000038,50000.0,5.0,250000.0,1850.0000000000093,2250.0000000000095
2026-01-08,PARACABLES,SHORT,A_MOD_BREAK_C1_LOW,MODERATE,2026-01-08 11:15:00+05:30,2026-01-08 11:30:00+05:30,36.85000152587891,37.08952653579712,36.518351512146,2026-01-08 11:54:00+05:30,37.08952653579712,SL,-4.0499999999999705,-3.2499999999999702,28.69981575012207,25.140600204467773,3.144315481185913,1.7521683001685284,2.82653869296892,0.006794413942087315,0.5971266887813236,0.0,37.08952653579712,-0.8099999999999941,-0.649999999999994,50000.0,5.0,250000.0,-2024.9999999999852,-1624.999999999985
2026-01-08,PPL,SHORT,A_MOD_BREAK_C1_LOW,MODERATE,2026-01-08 11:15:00+05:30,2026-01-08 11:30:00+05:30,228.95,230.43817499999997,226.88944999999998,2026-01-08 11:35:00+05:30,226.88944999999998,TARGET,3.7000000000000144,4.500000000000014,23.331546783447266,25.294132232666016,7.8911027908325195,1.744994919557464,2.393180959032553,0.006406540734836882,0.5153473126742651,0.0,230.43817499999997,0.7400000000000029,0.9000000000000029,50000.0,5.0,250000.0,1850.0000000000073,2250.0000000000073
2026-01-08,UNIONBANK,SHORT,A_MOD_BREAK_C1_LOW,MODERATE,2026-01-08 11:15:00+05:30,2026-01-08 11:30:00+05:30,161.5800048828125,162.63027491455077,160.12578483886716,2026-01-08 15:30:00+05:30,161.27000427246094,EOD,0.15927899796878392,0.9592789979687838,27.358287811279297,27.781612396240234,3.499060869216919,2.3161964772174284,2.6510478349083697,0.005874763811947755,0.6203743171691893,0.0,162.63027491455077,0.031855799593756784,0.19185579959375676,50000.0,5.0,250000.0,79.63949898439196,479.63949898439193
2026-01-08,YATHARTH,SHORT,A_MOD_BREAK_C1_LOW,MODERATE,2026-01-08 11:15:00+05:30,2026-01-08 11:30:00+05:30,673.8652,678.2453237999999,667.8004132,2026-01-08 15:01:00+05:30,667.8004132,TARGET,3.6999999999999855,4.499999999999985,30.659013748168945,19.33921241760254,3.0203521251678467,2.108908310846633,3.240273293117718,0.005139474914709079,0.6698852062225342,0.0,678.2453237999999,0.7399999999999971,0.899999999999997,50000.0,5.0,250000.0,1849.9999999999927,2249.9999999999923
2026-01-08,FUSION,SHORT,A_MOD_BREAK_C1_LOW,MODERATE,2026-01-08 11:30:00+05:30,2026-01-08 11:45:00+05:30,170.95,172.061175,169.41144999999997,2026-01-08 11:55:00+05:30,169.41144999999997,TARGET,3.7000000000000446,4.500000000000044,33.82024002075195,23.496166229248047,2.8609724044799805,1.7527244845334862,2.8891682986231353,0.0079582917879171,0.6740303851046394,0.0,172.061175,0.7400000000000089,0.9000000000000088,50000.0,5.0,250000.0,1850.0000000000223,2250.000000000022
2026-01-08,JYOTHYLAB,SHORT,A_MOD_BREAK_C1_LOW,MODERATE,2026-01-08 11:30:00+05:30,2026-01-08 11:45:00+05:30,271.5456861022949,273.3107330619598,269.10177492737427,2026-01-08 12:45:00+05:30,269.10177492737427,TARGET,3.699999999999953,4.499999999999954,44.64365768432617,17.650646209716797,4.428079605102539,2.4137251886036193,3.482440357509911,0.0037068291452910717,0.8796548652648926,0.0,273.3107330619598,0.7399999999999907,0.8999999999999907,50000.0,5.0,250000.0,1849.9999999999766,2249.999999999977
2026-01-08,GPTHEALTH,SHORT,A_MOD_BREAK_C1_LOW,MODERATE,2026-01-08 11:45:00+05:30,2026-01-08 12:00:00+05:30,137.3000061035156,138.19245614318845,136.06430604858397,2026-01-08 15:30:00+05:30,136.5,EOD,2.1133505752084933,2.913350575208493,21.522905349731445,25.6279296875,2.916632652282715,1.7495631420077176,2.6235000327907576,0.005684118691793583,0.48901713009732223,0.0,138.19245614318845,0.42267011504169866,0.5826701150416986,50000.0,5.0,250000.0,1056.6752876042467,1456.6752876042465
2026-01-08,GRWRHITECH,SHORT,A_MOD_BREAK_C1_LOW,MODERATE,2026-01-08 12:00:00+05:30,2026-01-08 12:15:00+05:30,3002.3994,3021.9149961,2975.3778054,2026-01-08 12:44:00+05:30,2975.3778054,TARGET,3.6999999999999744,4.499999999999974,27.042356491088867,16.727617263793945,2.737776041030884,2.9825626780537013,3.3876909964312323,0.010627767686142193,0.615635347366333,0.0,3021.9149961,0.7399999999999949,0.8999999999999949,50000.0,5.0,250000.0,1849.9999999999873,2249.9999999999873
2026-01-08,JYOTICNC,SHORT,A_MOD_BREAK_C1_LOW,MODERATE,2026-01-08 12:00:00+05:30,2026-01-08 12:15:00+05:30,938.4622944091797,944.5622993228393,930.016133759497,2026-01-08 13:48:00+05:30,944.5622993228393,SL,-4.04999999999998,-3.2499999999999805,26.750869750976562,23.667234420776367,3.021390438079834,2.6273969980252008,2.8266582102335325,0.006426788355540125,0.6112630462646484,0.0,944.5622993228393,-0.8099999999999961,-0.6499999999999961,50000.0,5.0,250000.0,-2024.9999999999905,-1624.9999999999905
2026-01-08,KEC,SHORT,A_MOD_BREAK_C1_LOW,MODERATE,2026-01-08 12:00:00+05:30,2026-01-08 12:15:00+05:30,694.3611,698.8744471499999,688.1118501,2026-01-08 15:02:00+05:30,688.1118501,TARGET,3.6999999999999975,4.499999999999997,45.629146575927734,12.950139045715332,3.318134069442749,3.1487939031034,3.6612066008635424,0.004692359155057925,0.8944371986389159,0.0,698.8744471499999,0.7399999999999995,0.8999999999999995,50000.0,5.0,250000.0,1849.9999999999989,2249.9999999999986
2026-01-08,YASHO,SHORT,A_MOD_BREAK_C1_LOW,MODERATE,2026-01-08 12:00:00+05:30,2026-01-08 12:15:00+05:30,1224.755,1232.7159075,1213.732205,2026-01-08 12:37:00+05:30,1232.7159075,SL,-4.0499999999999385,-3.249999999999938,63.12178039550781,9.586525917053223,1.9739024639129639,2.862953349116217,3.855322424062202,0.011384301240059135,0.96,0.0,1232.7159075,-0.8099999999999876,-0.6499999999999876,50000.0,5.0,250000.0,-2024.999999999969,-1624.9999999999688
2026-01-08,REMSONSIND,SHORT,A_MOD_BREAK_C1_LOW,MODERATE,2026-01-08 12:45:00+05:30,2026-01-08 13:00:00+05:30,117.49000091552735,118.25368592147827,116.4325909072876,2026-01-08 14:48:00+05:30,118.25368592147827,SL,-4.04999999999996,-3.249999999999961,27.99420928955078,28.498920440673828,1.2658365964889526,2.4304600625140336,2.4943899710573354,0.006769717407008074,0.6299131393432618,0.0,118.25368592147827,-0.8099999999999921,-0.6499999999999921,50000.0,5.0,250000.0,-2024.99999999998,-1624.9999999999804
2026-01-08,VEEDOL,SHORT,A_MOD_BREAK_C1_LOW,MODERATE,2026-01-08 13:30:00+05:30,2026-01-08 13:45:00+05:30,1591.6816,1602.0275303999997,1577.3564655999999,2026-01-08 15:30:00+05:30,1595.800048828125,EOD,-2.093741420433933,-1.2937414204339333,47.87839889526367,38.54212951660156,13.777850151062012,1.613763746425875,1.6822719840082958,0.00367462964513194,0.8446982382538979,0.0,1602.0275303999997,-0.4187482840867866,-0.25874828408678663,50000.0,5.0,250000.0,-1046.8707102169665,-646.8707102169665
2026-01-09,FINCABLES,SHORT,A_MOD_BREAK_C1_LOW,MODERATE,2026-01-09 11:00:00+05:30,2026-01-09 11:15:00+05:30,773.4952944091797,778.5230138228393,766.533836759497,2026-01-09 12:37:00+05:30,766.533836759497,TARGET,3.7000000000000166,4.500000000000017,30.98853874206543,41.943443298339844,60.055015563964844,0.48059180740286234,0.9835126939897993,0.005456532733463024,0.3581072821259723,0.0,778.5230138228393,0.7400000000000033,0.9000000000000034,50000.0,5.0,250000.0,1850.0000000000084,2250.0000000000086
2026-01-09,MAPMYINDIA,SHORT,A_MOD_BREAK_C1_LOW,MODERATE,2026-01-09 11:00:00+05:30,2026-01-09 11:15:00+05:30,1619.4760888183594,1630.0026833956786,1604.9008040189942,2026-01-09 12:32:00+05:30,1604.9008040189942,TARGET,3.69999999999997,4.49999999999997,36.12989044189453,27.55630874633789,16.15298843383789,0.5530166354669183,2.5769546441421025,0.00571199868683535,0.4987262678351287,0.0,1630.0026833956786,0.739999999999994,0.8999999999999939,50000.0,5.0,250000.0,1849.999999999985,2249.9999999999845
2026-01-09,ADANIPORTS,SHORT,A_MOD_BREAK_C1_LOW,MODERATE,2026-01-09 11:30:00+05:30,2026-01-09 11:45:00+05:30,1442.7114,1452.0890240999997,1429.7269973999998,2026-01-09 15:30:00+05:30,1434.0,EOD,2.2191069398910663,3.019106939891066,34.22404479980469,32.34813690185547,23.558155059814453,0.6380935274588727,1.7436808327120155,0.005785335899293561,0.4722110809379738,0.0,1452.0890240999997,0.4438213879782133,0.6038213879782133,50000.0,5.0,250000.0,1109.5534699455334,1509.5534699455334
2026-01-09,ELECON,SHORT,A_MOD_BREAK_C1_LOW,MODERATE,2026-01-09 11:45:00+05:30,2026-01-09 12:00:00+05:30,422.9154,425.6643501,419.10916139999995,2026-01-09 12:01:00+05:30,419.10916139999995,TARGET,3.7000000000000344,4.500000000000035,44.0457763671875,19.94548988342285,2.2762231826782227,1.384552318385341,3.3767619921569754,0.026652066933806673,0.7629833012252472,0.0,425.6643501,0.7400000000000069,0.9000000000000069,50000.0,5.0,250000.0,1850.0000000000173,2250.0000000000173
2026-01-09,THERMAX,SHORT,A_MOD_BREAK_C1_LOW,MODERATE,2026-01-09 11:45:00+05:30,2026-01-09 12:00:00+05:30,3008.9981776367185,3028.556665791357,2981.917194037988,2026-01-09 13:40:00+05:30,3028.556665791357,SL,-4.049999999999942,-3.2499999999999423,24.136377334594727,33.673988342285156,30.31863784790039,0.7262296327708238,1.773830466115454,0.004883425736841841,0.3378273690595877,0.0,3028.556665791357,-0.8099999999999885,-0.6499999999999885,50000.0,5.0,250000.0,-2024.9999999999714,-1624.9999999999711
2026-01-09,POCL,SHORT,A_MOD_BREAK_C1_LOW,MODERATE,2026-01-09 12:00:00+05:30,2026-01-09 12:15:00+05:30,1403.8191555908204,1412.9439801021606,1391.184783190503,2026-01-09 12:28:00+05:30,1391.184783190503,TARGET,3.7000000000000366,4.500000000000036,33.223636627197266,26.810497283935547,9.473902702331543,1.7567345946884614,2.3009747125397233,0.009482476980461889,0.6657831034784396,0.0,1412.9439801021606,0.7400000000000073,0.9000000000000073,50000.0,5.0,250000.0,1850.0000000000182,2250.0000000000186
2026-01-09,SANGHVIMOV,SHORT,A_PULLBACK_C2_THEN_BREAK_C2_LOW,MODERATE,2026-01-09 12:00:00+05:30,2026-01-09 12:30:00+05:30,315.9368,317.9903892,313.0933688,2026-01-09 14:33:00+05:30,313.0933688,TARGET,3.6999999999999966,4.4999999999999964,41.89564514160156,30.943708419799805,5.7896647453308105,1.5203083553546937,2.4188543022713263,0.009626886035920572,0.7544886393110948,0.0,317.9903892,0.7399999999999993,0.8999999999999992,50000.0,5.0,250000.0,1849.9999999999984,2249.999999999998
2026-01-09,TIINDIA,SHORT,A_PULLBACK_C2_THEN_BREAK_C2_LOW,MODERATE,2026-01-09 12:00:00+05:30,2026-01-09 12:30:00+05:30,2460.5078,2476.5011007,2438.3632297999998,2026-01-09 15:30:00+05:30,2450.0,EOD,1.3352909346598825,2.1352909346598823,28.72410774230957,32.20866394042969,40.714420318603516,0.7749148627996375,1.7170684351202783,0.007855045511945134,0.412325138880594,0.0,2476.5011007,0.26705818693197647,0.42705818693197645,50000.0,5.0,250000.0,667.6454673299412,1067.645467329941
2026-01-09,VRLLOG,SHORT,A_MOD_BREAK_C1_LOW,MODERATE,2026-01-09 12:15:00+05:30,2026-01-09 12:30:00+05:30,259.39812220458987,261.0842099989197,257.06353910474854,2026-01-09 13:52:00+05:30,257.06353910474854,TARGET,3.7000000000000313,4.50000000000003,31.659141540527344,31.124908447265625,18.07997703552246,1.0397142818580751,1.6203000243083647,0.004431592706081265,0.4978521236484916,0.0,261.0842099989197,0.7400000000000062,0.9000000000000061,50000.0,5.0,250000.0,1850.0000000000155,2250.0000000000155
2026-01-09,AADHARHFC,SHORT,A_MOD_BREAK_C1_LOW,MODERATE,2026-01-09 12:30:00+05:30,2026-01-09 12:45:00+05:30,480.9038,484.0296747,476.57566579999997,2026-01-09 13:07:00+05:30,476.57566579999997,TARGET,3.7000000000000233,4.500000000000023,32.364990234375,29.984113693237305,9.248774528503418,1.512611940098727,1.668450959459197,0.005559594293165248,0.5936044910058622,0.0,484.0296747,0.7400000000000047,0.9000000000000046,50000.0,5.0,250000.0,1850.0000000000116,2250.0000000000114
2026-01-09,DOLLAR,SHORT,A_MOD_BREAK_C1_LOW,MODERATE,2026-01-09 12:30:00+05:30,2026-01-09 12:45:00+05:30,338.13237220458984,340.33023262391964,335.0891808547485,2026-01-09 14:11:00+05:30,335.0891808547485,TARGET,3.700000000000021,4.50000000000002,20.18509864807129,34.07645034790039,62.71253204345703,1.00009787439894,1.6172061925165562,0.006568290034783282,0.3186539173667116,0.0,340.33023262391964,0.7400000000000042,0.9000000000000041,50000.0,5.0,250000.0,1850.0000000000105,2250.0000000000105
2026-01-09,NSIL,SHORT,A_MOD_BREAK_C1_LOW,MODERATE,2026-01-09 12:30:00+05:30,2026-01-09 12:45:00+05:30,6218.756,6259.177914,6162.787196,2026-01-09 15:30:00+05:30,6259.0,EOD,-4.035695370585346,-3.2356953705853457,35.56061553955078,30.354656219482422,5.531914710998535,1.5994814110221527,2.3537213305208544,0.005454753986125591,0.6733184800221383,0.0,6259.177914,-0.8071390741170692,-0.6471390741170692,50000.0,5.0,250000.0,-2017.847685292673,-1617.8476852926728
2026-01-09,CONFIPET,SHORT,A_MOD_BREAK_C1_LOW,MODERATE,2026-01-09 12:45:00+05:30,2026-01-09 13:00:00+05:30,34.26999969482422,34.49275469284058,33.9615696975708,2026-01-09 13:39:00+05:30,34.49275469284058,SL,-4.049999999999977,-3.2499999999999774,38.12932205200195,31.34390640258789,21.884145736694336,1.1039303780871839,1.7628463812868875,0.008026618633869671,0.6132699660096308,0.0,34.49275469284058,-0.8099999999999954,-0.6499999999999955,50000.0,5.0,250000.0,-2024.9999999999886,-1624.9999999999886
2026-01-09,SPENCERS,SHORT,A_MOD_BREAK_C1_LOW,MODERATE,2026-01-09 12:45:00+05:30,2026-01-09 13:00:00+05:30,38.74999923706055,39.00187423210144,38.401249243927005,2026-01-09 14:19:00+05:30,39.00187423210144,SL,-4.0499999999999945,-3.2499999999999947,47.89114761352539,24.447187423706055,5.477334976196289,1.7681647148766477,2.947644992764415,0.0068027366759541704,0.8877960393062942,0.0,39.00187423210144,-0.8099999999999989,-0.6499999999999989,50000.0,5.0,250000.0,-2024.9999999999973,-1624.9999999999973
2026-01-09,NATCOPHARM,SHORT,A_MOD_BREAK_C1_LOW,MODERATE,2026-01-09 13:30:00+05:30,2026-01-09 13:45:00+05:30,894.821,900.6373365,886.767611,2026-01-09 15:24:00+05:30,886.767611,TARGET,3.700000000000021,4.500000000000021,26.750167846679688,26.744041442871094,7.854800224304199,3.3329137755961837,3.204648959857053,0.005337824326327632,0.6112525177001953,0.0,900.6373365,0.7400000000000042,0.9000000000000042,50000.0,5.0,250000.0,1850.0000000000105,2250.0000000000105
2026-01-09,KOLTEPATIL,SHORT,A_MOD_BREAK_C1_LOW,MODERATE,2026-01-09 13:45:00+05:30,2026-01-09 14:00:00+05:30,379.22412779541014,381.6890846260803,375.81111064525146,2026-01-09 15:06:00+05:30,375.81111064525146,TARGET,3.6999999999999855,4.499999999999985,31.816234588623047,33.15090560913086,5.102046966552734,2.1448833466979775,2.0931653353476807,0.003314377272626335,0.6872435188293455,0.0,381.6890846260803,0.7399999999999971,0.899999999999997,50000.0,5.0,250000.0,1849.9999999999927,2249.9999999999923
2026-01-09,ADFFOODS,SHORT,A_MOD_BREAK_C1_LOW,MODERATE,2026-01-09 14:00:00+05:30,2026-01-09 14:15:00+05:30,200.95,202.25617499999998,199.14145,2026-01-09 14:28:00+05:30,199.14145,TARGET,3.699999999999992,4.499999999999992,38.227134704589844,35.3622932434082,15.977997779846191,1.9680502877986,2.221350866950339,0.003024168275482026,0.7778158209336026,0.0,202.25617499999998,0.7399999999999984,0.8999999999999984,50000.0,5.0,250000.0,1849.9999999999961,2249.999999999996
2026-01-09,PPL,SHORT,A_MOD_BREAK_C1_LOW,MODERATE,2026-01-09 14:00:00+05:30,2026-01-09 14:15:00+05:30,220.27000732421874,221.70176237182616,218.28757725830076,2026-01-09 14:47:00+05:30,221.70176237182616,SL,-4.050000000000006,-3.250000000000006,32.12825393676758,30.154382705688477,9.436810493469238,3.2126062261857955,2.9953443290786668,0.004679231010787199,0.6919238090515136,0.0,221.70176237182616,-0.8100000000000012,-0.6500000000000012,50000.0,5.0,250000.0,-2025.000000000003,-1625.0000000000032
2026-01-09,DOLATALGO,SHORT,A_MOD_BREAK_C1_LOW,MODERATE,2026-01-09 14:15:00+05:30,2026-01-09 14:30:00+05:30,88.56000061035157,89.13564061431885,87.7629606048584,2026-01-09 15:12:00+05:30,87.7629606048584,TARGET,3.69999999999997,4.49999999999997,26.29273223876953,29.4091796875,3.464833974838257,2.4802912907950234,2.6151268858347025,0.0055848855781024005,0.6043909835815429,0.0,89.13564061431885,0.739999999999994,0.899999999999994,50000.0,5.0,250000.0,1849.999999999985,2249.999999999985
2026-01-09,SANDUMA,SHORT,A_MOD_BREAK_C1_LOW,MODERATE,2026-01-09 14:15:00+05:30,2026-01-09 14:30:00+05:30,226.41000671386718,227.8816717575073,224.37231665344237,2026-01-09 14:58:00+05:30,227.8816717575073,SL,-4.049999999999953,-3.249999999999953,41.53630828857422,18.742908477783203,3.379855155944824,4.137297464810487,3.545198152052374,0.008984489640491122,0.8330446243286131,0.0,227.8816717575073,-0.8099999999999905,-0.6499999999999906,50000.0,5.0,250000.0,-2024.9999999999766,-1624.9999999999766
2026-01-09,UNOMINDA,SHORT,A_MOD_BREAK_C1_LOW,MODERATE,2026-01-09 14:15:00+05:30,2026-01-09 14:30:00+05:30,1249.4500111816405,1257.571436254321,1238.2049610810059,2026-01-09 14:48:00+05:30,1257.571436254321,SL,-4.049999999999932,-3.2499999999999325,28.598363876342773,32.20949172973633,10.23201847076416,2.0220800800741365,2.296995236399964,0.004221852267419598,0.6389754581451417,0.0,1257.571436254321,-0.8099999999999865,-0.6499999999999865,50000.0,5.0,250000.0,-2024.9999999999661,-1624.9999999999661
2026-01-12,GREENLAM,SHORT,A_MOD_BREAK_C1_LOW,MODERATE,2026-01-12 10:30:00+05:30,2026-01-12 10:45:00+05:30,241.95,243.52267499999996,239.77245,2026-01-12 10:57:00+05:30,239.77245,TARGET,3.699999999999993,4.499999999999993,23.16304588317871,21.502450942993164,7.352905750274658,1.1659071486827697,3.907846063863667,0.006142279825919915,0.4114794392671653,0.0,243.52267499999996,0.7399999999999987,0.8999999999999986,50000.0,5.0,250000.0,1849.9999999999966,2249.9999999999964
2026-01-12,PGHL,SHORT,A_MOD_BREAK_C1_LOW,MODERATE,2026-01-12 10:30:00+05:30,2026-01-12 10:45:00+05:30,5285.9426,5320.3012269,5238.3691166,2026-01-12 11:28:00+05:30,5238.3691166,TARGET,3.700000000000041,4.500000000000041,56.93300247192383,14.010891914367676,3.1598541736602783,1.3107786141448245,4.212118466812066,0.005003646227424955,0.8393862574753443,0.0,5320.3012269,0.7400000000000082,0.9000000000000082,50000.0,5.0,250000.0,1850.0000000000205,2250.0000000000205
2026-01-12,TEJASNET,SHORT,A_MOD_BREAK_C1_LOW,MODERATE,2026-01-12 10:30:00+05:30,2026-01-12 10:45:00+05:30,374.925,377.3620125,371.550675,2026-01-12 10:46:00+05:30,371.550675,TARGET,3.699999999999999,4.499999999999999,59.690673828125,16.560922622680664,6.865848064422607,1.1676252438508203,3.96790466716104,0.020425808095069435,0.8143344176738936,0.0,377.3620125,0.7399999999999998,0.8999999999999998,50000.0,5.0,250000.0,1849.9999999999993,2249.9999999999995
2026-01-12,GRANULES,SHORT,B_HUGE_RED_FAILED_BOUNCE,HUGE,2026-01-12 10:00:00+05:30,2026-01-12 11:00:00+05:30,585.8828,589.6910382,580.6098548,2026-01-12 11:07:00+05:30,580.6098548,TARGET,3.699999999999984,4.499999999999984,20.93074607849121,18.875362396240234,6.3828206062316895,0.9885871789059281,3.730573692588057,0.0063456844537907835,0.38696394748590557,0.0,589.6910382,0.7399999999999969,0.8999999999999968,50000.0,5.0,250000.0,1849.9999999999923,2249.999999999992
2026-01-12,RADICO,SHORT,A_PULLBACK_C2_THEN_BREAK_C2_LOW,MODERATE,2026-01-12 10:30:00+05:30,2026-01-12 11:00:00+05:30,2830.4338,2848.8316196999995,2804.9598957999997,2026-01-12 11:16:00+05:30,2804.9598957999997,TARGET,3.700000000000019,4.500000000000019,72.86711120605469,12.980281829833984,0.8869143128395081,1.7244876236150404,4.61768256037955,0.008325584336393571,0.9117853341326321,0.0,2848.8316196999995,0.7400000000000038,0.9000000000000038,50000.0,5.0,250000.0,1850.0000000000093,2250.0000000000095
2026-01-12,BATAINDIA,SHORT,A_MOD_BREAK_C1_LOW,MODERATE,2026-01-12 10:45:00+05:30,2026-01-12 11:00:00+05:30,908.7182444091796,914.6249129978393,900.539780209497,2026-01-12 15:30:00+05:30,910.0,EOD,-1.505254680813474,-0.7052546808134741,26.412019729614258,30.97817039489746,7.777133464813232,1.0266396354227634,2.3766047795237397,0.004848886053866731,0.43584223214319745,0.0,914.6249129978393,-0.3010509361626948,-0.14105093616269482,50000.0,5.0,250000.0,-752.627340406737,-352.627340406737
2026-01-12,EIMCOELECO,SHORT,A_MOD_BREAK_C1_LOW,MODERATE,2026-01-12 10:45:00+05:30,2026-01-12 11:00:00+05:30,1516.1967,1526.0519785499998,1502.5509296999999,2026-01-12 11:21:00+05:30,1502.5509296999999,TARGET,3.700000000000032,4.500000000000032,25.798259735107422,22.503881454467773,3.4488043785095215,1.4679209522588899,3.618972596700583,0.014467979672474894,0.503860062671917,0.0,1526.0519785499998,0.7400000000000064,0.9000000000000064,50000.0,5.0,250000.0,1850.0000000000161,2250.000000000016
2026-01-12,KRN,SHORT,A_MOD_BREAK_C1_LOW,MODERATE,2026-01-12 10:45:00+05:30,2026-01-12 11:00:00+05:30,695.0109944091797,699.5285658728393,688.7558954594971,2026-01-12 11:42:00+05:30,688.7558954594971,TARGET,3.700000000000011,4.500000000000011,38.57162094116211,23.478055953979492,13.627155303955078,0.8371075450650338,2.5833528541179964,0.009428362318199258,0.5850681345038125,0.0,699.5285658728393,0.7400000000000022,0.9000000000000021,50000.0,5.0,250000.0,1850.0000000000055,2250.0000000000055
2026-01-12,TSFINV,SHORT,A_MOD_BREAK_C1_LOW,MODERATE,2026-01-12 10:45:00+05:30,2026-01-12 11:00:00+05:30,419.0161861022949,421.7397913119598,415.24504042737425,2026-01-12 11:11:00+05:30,415.24504042737425,TARGET,3.7000000000000077,4.500000000000007,43.081024169921875,21.391826629638672,23.818761825561523,0.6211590069574797,2.9181159373115135,0.00996182440174152,0.614918188766387,0.0,421.7397913119598,0.7400000000000015,0.9000000000000015,50000.0,5.0,250000.0,1850.0000000000039,2250.0000000000036
2026-01-12,BCLIND,SHORT,A_MOD_BREAK_C1_LOW,MODERATE,2026-01-12 11:00:00+05:30,2026-01-12 11:15:00+05:30,29.60999984741211,29.802464846420285,29.3435098487854,2026-01-12 11:46:00+05:30,29.3435098487854,TARGET,3.700000000000021,4.50000000000002,43.20994567871094,31.14226722717285,29.896963119506836,0.6060306178395203,1.5409066908048579,0.00852519250009421,0.591249877842823,0.0,29.802464846420285,0.7400000000000042,0.9000000000000041,50000.0,5.0,250000.0,1850.0000000000105,2250.0000000000105
2026-01-12,CUMMINSIND,SHORT,A_MOD_BREAK_C1_LOW,MODERATE,2026-01-12 11:00:00+05:30,2026-01-12 11:15:00+05:30,3952.0094888183594,3977.6975504956786,3916.441403418994,2026-01-12 11:49:00+05:30,3916.441403418994,TARGET,3.700000000000018,4.500000000000018,29.259746551513672,17.159887313842773,4.914440155029297,1.3906471681237111,3.2091241124763625,0.008100138730982035,0.5422594526943545,0.0,3977.6975504956786,0.7400000000000035,0.9000000000000036,50000.0,5.0,250000.0,1850.0000000000089,2250.000000000009
2026-01-12,GODREJPROP,SHORT,A_MOD_BREAK_C1_LOW,MODERATE,2026-01-12 11:00:00+05:30,2026-01-12 11:15:00+05:30,1936.6126,1949.2005818999999,1919.1830866,2026-01-12 11:22:00+05:30,1919.1830866,TARGET,3.6999999999999753,4.499999999999975,58.209129333496094,27.949644088745117,11.294266700744629,1.0535768898813682,2.756377134684459,0.008440889152719856,0.7943759557292394,0.0,1949.2005818999999,0.7399999999999951,0.899999999999995,50000.0,5.0,250000.0,1849.9999999999877,2249.9999999999877
2026-01-12,LUMAXTECH,SHORT,A_MOD_BREAK_C1_LOW,MODERATE,2026-01-12 11:00:00+05:30,2026-01-12 11:15:00+05:30,1495.0009888183595,1504.7184952456787,1481.5459799189941,2026-01-12 11:21:00+05:30,1481.5459799189941,TARGET,3.7000000000000344,4.500000000000035,61.211936950683594,30.108219146728516,17.794761657714844,1.2589403978273572,2.1437740390024773,0.011429523116596868,0.8303145696197876,0.0,1504.7184952456787,0.7400000000000069,0.9000000000000069,50000.0,5.0,250000.0,1850.0000000000173,2250.0000000000173
2026-01-12,NBCC,SHORT,A_MOD_BREAK_C1_LOW,MODERATE,2026-01-12 11:00:00+05:30,2026-01-12 11:15:00+05:30,105.0499984741211,105.73282346420288,104.104548487854,2026-01-12 11:24:00+05:30,104.104548487854,TARGET,3.7000000000000144,4.500000000000014,48.48176193237305,22.78920555114746,4.510194301605225,1.4632605291916108,2.9435573340960155,0.010064279653709254,0.8432970215941276,0.0,105.73282346420288,0.7400000000000029,0.9000000000000029,50000.0,5.0,250000.0,1850.0000000000073,2250.0000000000073
2026-01-12,SONATSOFTW,SHORT,A_MOD_BREAK_C1_LOW,MODERATE,2026-01-12 11:00:00+05:30,2026-01-12 11:15:00+05:30,344.68105,346.921476825,341.57892055,2026-01-12 11:34:00+05:30,341.57892055,TARGET,3.700000000000009,4.500000000000009,43.05958938598633,33.97261428833008,23.896577835083008,0.5985466783811536,1.952250575442253,0.007922705589889244,0.6082520382786094,0.0,346.921476825,0.7400000000000018,0.9000000000000018,50000.0,5.0,250000.0,1850.0000000000043,2250.0000000000045
2026-01-12,SUDARSCHEM,SHORT,A_MOD_BREAK_C1_LOW,MODERATE,2026-01-12 11:00:00+05:30,2026-01-12 11:15:00+05:30,913.2673222045898,919.2035597989196,905.0479163047486,2026-01-12 11:34:00+05:30,905.0479163047486,TARGET,3.6999999999999753,4.499999999999975,56.6220703125,24.999723434448242,21.733566284179688,0.6763759234732332,2.91146150263174,0.00827195315384123,0.7283657866078157,0.0,919.2035597989196,0.7399999999999951,0.899999999999995,50000.0,5.0,250000.0,1849.9999999999877,2249.9999999999877
2026-01-12,AHLUCONT,SHORT,A_MOD_BREAK_C1_LOW,MODERATE,2026-01-12 11:15:00+05:30,2026-01-12 11:30:00+05:30,884.5230722045899,890.2724721739197,876.5623645547486,2026-01-12 12:16:00+05:30,890.2724721739197,SL,-4.049999999999997,-3.2499999999999973,28.913021087646484,21.349031448364258,1.3566950559616089,1.5858712168072682,2.816614329080051,0.008383183318029421,0.5712227792559692,0.0,890.2724721739197,-0.8099999999999994,-0.6499999999999995,50000.0,5.0,250000.0,-2024.9999999999986,-1624.9999999999986
2026-01-12,APOLLOTYRE,SHORT,A_MOD_BREAK_C1_LOW,MODERATE,2026-01-12 11:15:00+05:30,2026-01-12 11:30:00+05:30,488.60227220458984,491.7781869739197,484.2048517547485,2026-01-12 12:16:00+05:30,491.7781869739197,SL,-4.050000000000002,-3.2500000000000018,47.85091018676758,24.05291175842285,7.06367826461792,1.437643467028644,2.9738773188499295,0.008472962601409544,0.8293512595315262,0.0,491.7781869739197,-0.8100000000000003,-0.6500000000000004,50000.0,5.0,250000.0,-2025.0000000000007,-1625.0000000000007
2026-01-12,ASHOKA,SHORT,A_MOD_BREAK_C1_LOW,MODERATE,2026-01-12 11:15:00+05:30,2026-01-12 11:30:00+05:30,155.7500030517578,156.7623780715942,154.34825302429198,2026-01-12 12:16:00+05:30,156.7623780715942,SL,-4.049999999999956,-3.2499999999999565,46.521240234375,27.308738708496094,10.848309516906738,1.0036292969517744,2.8240748236634623,0.00860076031713992,0.7334537304821855,0.0,156.7623780715942,-0.8099999999999912,-0.6499999999999913,50000.0,5.0,250000.0,-2024.9999999999777,-1624.999999999978
2026-01-12,BBTC,SHORT,A_MOD_BREAK_C1_LOW,MODERATE,2026-01-12 11:15:00+05:30,2026-01-12 11:30:00+05:30,1781.7435555908203,1793.3248887021605,1765.707863590503,2026-01-12 12:40:00+05:30,1793.3248887021605,SL,-4.0499999999999625,-3.2499999999999627,50.67301559448242,29.33310317993164,14.905009269714355,1.004249934057803,2.1223011017500832,0.005930028505254895,0.7857437384601156,0.0,1793.3248887021605,-0.8099999999999925,-0.6499999999999926,50000.0,5.0,250000.0,-2024.9999999999814,-1624.9999999999816
2026-01-12,BSOFT,SHORT,A_MOD_BREAK_C1_LOW,MODERATE,2026-01-12 11:15:00+05:30,2026-01-12 11:30:00+05:30,409.1181722045898,411.7774403239196,405.4361086547485,2026-01-12 12:18:00+05:30,411.7774403239196,SL,-4.049999999999953,-3.2499999999999525,37.47810363769531,28.771272659301758,13.638151168823242,1.0440547225030794,2.4805569910123184,0.008918768043569551,0.6048811310034685,0.0,411.7774403239196,-0.8099999999999905,-0.6499999999999905,50000.0,5.0,250000.0,-2024.9999999999766,-1624.9999999999764
2026-01-12,DATAPATTNS,SHORT,A_MOD_BREAK_C1_LOW,MODERATE,2026-01-12 11:15:00+05:30,2026-01-12 11:30:00+05:30,2579.484,2596.250646,2556.2686439999998,2026-01-12 11:40:00+05:30,2556.2686439999998,TARGET,3.70000000000003,4.50000000000003,26.86089324951172,34.477745056152344,26.0894718170166,1.0348308501309418,1.9534599226862066,0.011278636028364633,0.44168179364990096,0.0,2596.250646,0.740000000000006,0.900000000000006,50000.0,5.0,250000.0,1850.000000000015,2250.000000000015
2026-01-12,ICRA,SHORT,A_MOD_BREAK_C1_LOW,MODERATE,2026-01-12 11:15:00+05:30,2026-01-12 11:30:00+05:30,5993.801,6032.7607065,5939.856791,2026-01-12 15:30:00+05:30,6008.0,EOD,-1.9844737588051065,-1.1844737588051066,68.96659088134766,25.078567504882812,16.159730911254883,0.7575359948880297,2.340073156759796,0.00522459187638869,0.7425687991054051,0.0,6032.7607065,-0.3968947517610213,-0.23689475176102132,50000.0,5.0,250000.0,-992.2368794025532,-592.2368794025533
2026-01-12,IOLCP,SHORT,A_MOD_BREAK_C1_LOW,MODERATE,2026-01-12 11:15:00+05:30,2026-01-12 11:30:00+05:30,75.64999694824219,76.14172192840576,74.96914697570801,2026-01-12 11:59:00+05:30,74.96914697570801,TARGET,3.6999999999999766,4.499999999999976,39.74346923828125,26.49331283569336,18.95047950744629,0.8171354276943539,2.2685003608379284,0.009618666178668507,0.5991507384207306,0.0,76.14172192840576,0.7399999999999953,0.8999999999999952,50000.0,5.0,250000.0,1849.9999999999884,2249.999999999988
2026-01-12,JBMA,SHORT,A_MOD_BREAK_C1_LOW,MODERATE,2026-01-12 11:15:00+05:30,2026-01-12 11:30:00+05:30,590.9817555908203,594.8231370021606,585.6629197905029,2026-01-12 11:45:00+05:30,585.6629197905029,TARGET,3.7000000000000166,4.500000000000016,53.8483772277832,24.648963928222656,8.927621841430664,1.3343580601664922,2.699148994751706,0.01125406558379147,0.8435126605291361,0.0,594.8231370021606,0.7400000000000033,0.9000000000000032,50000.0,5.0,250000.0,1850.0000000000084,2250.000000000008
2026-01-12,MANINFRA,SHORT,A_MOD_BREAK_C1_LOW,MODERATE,2026-01-12 11:15:00+05:30,2026-01-12 11:30:00+05:30,116.45,117.206925,115.40195,2026-01-12 12:19:00+05:30,117.206925,SL,-4.04999999999998,-3.24999999999998,38.79236602783203,29.45619773864746,14.234724044799805,1.4076277959478094,2.581592074462704,0.007782854423908486,0.6882203547083472,0.0,117.206925,-0.8099999999999961,-0.649999999999996,50000.0,5.0,250000.0,-2024.9999999999905,-1624.9999999999902
2026-01-12,NAVA,SHORT,A_MOD_BREAK_C1_LOW,MODERATE,2026-01-12 11:15:00+05:30,2026-01-12 11:30:00+05:30,566.6866277954101,570.3700908760802,561.5864481452514,2026-01-12 12:18:00+05:30,570.3700908760802,SL,-4.049999999999937,-3.249999999999937,38.0733528137207,32.43250274658203,28.10329818725586,0.6080097543479316,1.7397221723334781,0.01010961465314162,0.5244881078333725,0.0,570.3700908760802,-0.8099999999999874,-0.6499999999999874,50000.0,5.0,250000.0,-2024.9999999999686,-1624.9999999999684
2026-01-12,SHAREINDIA,SHORT,A_MOD_BREAK_C1_LOW,MODERATE,2026-01-12 11:15:00+05:30,2026-01-12 11:30:00+05:30,150.31000061035155,151.28701561431882,148.95721060485837,2026-01-12 12:32:00+05:30,151.28701561431882,SL,-4.04999999999994,-3.2499999999999405,29.080551147460938,35.66130828857422,9.222970962524414,0.8159322902233533,1.5642568605490723,0.010274615535625682,0.4172092610284545,0.0,151.28701561431882,-0.8099999999999881,-0.6499999999999881,50000.0,5.0,250000.0,-2024.99999999997,-1624.9999999999704
2026-01-12,SWANCORP,SHORT,A_MOD_BREAK_C1_LOW,MODERATE,2026-01-12 11:15:00+05:30,2026-01-12 11:30:00+05:30,422.21552779541014,424.9599287260803,418.41558804525147,2026-01-12 11:33:00+05:30,418.41558804525147,TARGET,3.6999999999999766,4.499999999999976,40.4631462097168,23.382266998291016,2.0226917266845703,1.4592602857471118,2.6735384384853464,0.009046833846290432,0.7223177431514964,0.0,424.9599287260803,0.7399999999999953,0.8999999999999952,50000.0,5.0,250000.0,1849.9999999999884,2249.999999999988
2026-01-12,TVSSCS-BE,SHORT,A_MOD_BREAK_C1_LOW,MODERATE,2026-01-12 11:15:00+05:30,2026-01-12 11:30:00+05:30,105.21000213623047,105.89386715011597,104.2631121170044,2026-01-12 11:41:00+05:30,104.2631121170044,TARGET,3.700000000000002,4.500000000000003,37.12788772583008,36.17148971557617,31.750043869018555,0.3788721735661504,1.377308525569979,0.009048973130983151,0.4520863725400264,0.0,105.89386715011597,0.7400000000000004,0.9000000000000005,50000.0,5.0,250000.0,1850.0000000000011,2250.000000000001
2026-01-12,VINCOFE,SHORT,A_MOD_BREAK_C1_LOW,MODERATE,2026-01-12 11:15:00+05:30,2026-01-12 11:30:00+05:30,158.14999694824218,159.17797192840575,156.726646975708,2026-01-12 11:31:00+05:30,156.726646975708,TARGET,3.6999999999999655,4.499999999999965,44.79036331176758,25.335660934448242,4.028286933898926,1.2435897147132269,2.9233432959325456,0.012475591502784433,0.7494836497513284,0.0,159.17797192840575,0.7399999999999931,0.8999999999999931,50000.0,5.0,250000.0,1849.9999999999827,2249.9999999999827
2026-01-12,VPRPL,SHORT,A_MOD_BREAK_C1_LOW,MODERATE,2026-01-12 11:15:00+05:30,2026-01-12 11:30:00+05:30,48.650000762939456,48.96622576789856,48.212150756073,2026-01-12 12:15:00+05:30,48.96622576789856,SL,-4.049999999999942,-3.2499999999999423,27.037057876586914,36.61162185668945,10.5735445022583,1.0311006845730817,1.4339558142528417,0.011542966787146867,0.4176962786617351,0.0,48.96622576789856,-0.8099999999999885,-0.6499999999999885,50000.0,5.0,250000.0,-2024.9999999999714,-1624.9999999999711
2026-01-12,ACE,SHORT,A_MOD_BREAK_C1_LOW,MODERATE,2026-01-12 11:30:00+05:30,2026-01-12 11:45:00+05:30,877.8244,883.5302585999999,869.9239804,2026-01-12 12:17:00+05:30,883.5302585999999,SL,-4.049999999999967,-3.249999999999967,38.86274719238281,24.152894973754883,4.234671592712402,1.6264946567677012,2.4369393399034314,0.009060682352711522,0.7275777728200898,0.0,883.5302585999999,-0.8099999999999934,-0.6499999999999935,50000.0,5.0,250000.0,-2024.9999999999834,-1624.9999999999836
2026-01-12,ADANIPORTS,SHORT,A_MOD_BREAK_C1_LOW,MODERATE,2026-01-12 11:30:00+05:30,2026-01-12 11:45:00+05:30,1407.3184555908203,1416.4660255521605,1394.652589490503,2026-01-12 12:18:00+05:30,1416.4660255521605,SL,-4.049999999999951,-3.249999999999951,42.60445022583008,27.59113883972168,5.467997074127197,1.1348602547074702,2.2514404297581843,0.00608302225808485,0.6976672979612584,0.0,1416.4660255521605,-0.8099999999999903,-0.6499999999999903,50000.0,5.0,250000.0,-2024.9999999999757,-1624.9999999999757
2026-01-12,ESABINDIA,SHORT,A_MOD_BREAK_C1_LOW,MODERATE,2026-01-12 11:30:00+05:30,2026-01-12 11:45:00+05:30,5416.9164,5452.1263566,5368.1641524,2026-01-12 12:28:00+05:30,5452.1263566,SL,-4.049999999999974,-3.2499999999999734,68.39043426513672,14.720758438110352,1.0276646614074707,2.438600439862899,4.249300494102948,0.0070663922472869655,0.96,0.0,5452.1263566,-0.8099999999999947,-0.6499999999999947,50000.0,5.0,250000.0,-2024.9999999999868,-1624.9999999999866
2026-01-12,ESCORTS,SHORT,A_MOD_BREAK_C1_LOW,MODERATE,2026-01-12 11:30:00+05:30,2026-01-12 11:45:00+05:30,3739.4519111816408,3763.7583486043213,3705.796843981006,2026-01-12 12:33:00+05:30,3763.7583486043213,SL,-4.049999999999988,-3.249999999999988,44.941165924072266,30.172327041625977,6.382748126983643,1.1139629411502099,1.9799778590696757,0.007425641515256489,0.7280598965158545,0.0,3763.7583486043213,-0.8099999999999976,-0.6499999999999976,50000.0,5.0,250000.0,-2024.9999999999939,-1624.9999999999939
2026-01-12,FINPIPE,SHORT,A_MOD_BREAK_C1_LOW,MODERATE,2026-01-12 11:30:00+05:30,2026-01-12 11:45:00+05:30,171.95,173.06767499999998,170.40245,2026-01-12 12:19:00+05:30,173.06767499999998,SL,-4.049999999999975,-3.249999999999975,53.934417724609375,37.63423538208008,53.20022964477539,0.3421012341239089,1.3656439116442063,0.006789876278056655,0.6381499115538942,0.0,173.06767499999998,-0.809999999999995,-0.649999999999995,50000.0,5.0,250000.0,-2024.9999999999873,-1624.9999999999875
2026-01-12,GSFC,SHORT,A_MOD_BREAK_C1_LOW,MODERATE,2026-01-12 11:30:00+05:30,2026-01-12 11:45:00+05:30,172.66000671386718,173.7822967575073,171.10606665344238,2026-01-12 12:22:00+05:30,173.7822967575073,SL,-4.049999999999994,-3.249999999999994,36.9885139465332,29.01258659362793,5.931629657745361,1.2789552574263865,2.6598780474863,0.006173809921531779,0.6386448792476156,0.0,173.7822967575073,-0.8099999999999987,-0.6499999999999988,50000.0,5.0,250000.0,-2024.9999999999968,-1624.999999999997
2026-01-12,GSPL,SHORT,A_MOD_BREAK_C1_LOW,MODERATE,2026-01-12 11:30:00+05:30,2026-01-12 11:45:00+05:30,302.9893777954102,304.9588087510803,300.2624733952515,2026-01-12 13:58:00+05:30,304.9588087510803,SL,-4.049999999999947,-3.2499999999999476,32.072845458984375,19.77600860595703,3.0531787872314453,2.056471731082936,3.1172438235488147,0.005490883990691283,0.6910926818847656,0.0,304.9588087510803,-0.8099999999999894,-0.6499999999999895,50000.0,5.0,250000.0,-2024.9999999999734,-1624.9999999999736
2026-01-12,HFCL,SHORT,A_MOD_BREAK_C1_LOW,MODERATE,2026-01-12 11:30:00+05:30,2026-01-12 11:45:00+05:30,62.900000762939456,63.30885076789856,62.333900756073,2026-01-12 12:10:00+05:30,63.30885076789856,SL,-4.049999999999998,-3.249999999999998,32.11670684814453,30.496000289916992,9.856511116027832,0.7383031974850822,1.7332793811790088,0.012097508188277956,0.4576176313410078,0.0,63.30885076789856,-0.8099999999999996,-0.6499999999999996,50000.0,5.0,250000.0,-2024.999999999999,-1624.9999999999989
2026-01-12,IGL,SHORT,A_MOD_BREAK_C1_LOW,MODERATE,2026-01-12 11:30:00+05:30,2026-01-12 11:45:00+05:30,182.2,183.38429999999997,180.56019999999998,2026-01-12 12:23:00+05:30,183.38429999999997,SL,-4.049999999999942,-3.2499999999999423,20.310977935791016,32.927940368652344,8.139488220214844,2.292767535302523,2.1893718748325384,0.006614985912388417,0.5146646690368653,0.0,183.38429999999997,-0.8099999999999885,-0.6499999999999885,50000.0,5.0,250000.0,-2024.9999999999714,-1624.9999999999711
2026-01-12,INNOVACAP,SHORT,A_MOD_BREAK_C1_LOW,MODERATE,2026-01-12 11:30:00+05:30,2026-01-12 11:45:00+05:30,686.8626,691.3272069,680.6808366,2026-01-12 13:43:00+05:30,691.3272069,SL,-4.049999999999942,-3.2499999999999423,53.48788833618164,24.593576431274414,8.96917724609375,1.5455825198754811,2.9774185846278516,0.0061395414705012735,0.8804769409782092,0.0,691.3272069,-0.8099999999999885,-0.6499999999999885,50000.0,5.0,250000.0,-2024.9999999999714,-1624.9999999999711
2026-01-12,KIRLOSBROS,SHORT,A_MOD_BREAK_C1_LOW,MODERATE,2026-01-12 11:30:00+05:30,2026-01-12 11:45:00+05:30,1554.689,1564.7944785,1540.696799,2026-01-12 12:21:00+05:30,1564.7944785,SL,-4.049999999999963,-3.249999999999964,40.806480407714844,28.481327056884766,8.367183685302734,1.050815222131583,2.498243043371014,0.007076732366965611,0.6559898699887496,0.0,1564.7944785,-0.8099999999999927,-0.6499999999999928,50000.0,5.0,250000.0,-2024.9999999999816,-1624.999999999982
2026-01-12,LLOYDSENT,SHORT,A_MOD_BREAK_C1_LOW,MODERATE,2026-01-12 11:30:00+05:30,2026-01-12 11:45:00+05:30,59.76000137329102,60.148441382217406,59.2221613609314,2026-01-12 12:03:00+05:30,60.148441382217406,SL,-4.049999999999968,-3.249999999999968,48.00284194946289,30.932815551757812,17.304367065429688,1.0378537161924546,2.2201904438405444,0.012860018034679692,0.7616670295756229,0.0,60.148441382217406,-0.8099999999999936,-0.6499999999999936,50000.0,5.0,250000.0,-2024.9999999999839,-1624.9999999999839
2026-01-12,MANORAMA,SHORT,A_MOD_BREAK_C1_LOW,MODERATE,2026-01-12 11:30:00+05:30,2026-01-12 11:45:00+05:30,1280.0439888183594,1288.3642747456786,1268.5235929189942,2026-01-12 12:23:00+05:30,1288.3642747456786,SL,-4.049999999999954,-3.249999999999954,33.105926513671875,34.24343490600586,23.42597198486328,0.8102391166152751,1.5366162940793855,0.007916054549383322,0.47521155781672053,0.0,1288.3642747456786,-0.8099999999999907,-0.6499999999999908,50000.0,5.0,250000.0,-2024.9999999999768,-1624.999999999977
2026-01-12,MUFIN,SHORT,A_MOD_BREAK_C1_LOW,MODERATE,2026-01-12 11:30:00+05:30,2026-01-12 11:45:00+05:30,115.45,116.200425,114.41095,2026-01-12 11:51:00+05:30,116.200425,SL,-4.049999999999968,-3.2499999999999685,24.04615592956543,35.823272705078125,5.970399856567383,1.053186717049028,1.5239453427078218,0.007068767441442582,0.3811972815624524,0.0,116.200425,-0.8099999999999936,-0.6499999999999937,50000.0,5.0,250000.0,-2024.9999999999839,-1624.9999999999843
2026-01-12,NATCOPHARM,SHORT,A_MOD_BREAK_C1_LOW,MODERATE,2026-01-12 11:30:00+05:30,2026-01-12 11:45:00+05:30,856.8286,862.3979859,849.1171426000001,2026-01-12 12:28:00+05:30,862.3979859,SL,-4.049999999999958,-3.2499999999999583,54.780723571777344,16.454221725463867,1.923356294631958,1.2664215812570714,3.0712529296130637,0.007812499443986507,0.8316237767199874,0.0,862.3979859,-0.8099999999999916,-0.6499999999999917,50000.0,5.0,250000.0,-2024.999999999979,-1624.9999999999793
2026-01-12,PREMEXPLN,SHORT,A_MOD_BREAK_C1_LOW,MODERATE,2026-01-12 11:30:00+05:30,2026-01-12 11:45:00+05:30,507.8984,511.19973959999993,503.3273144,2026-01-12 12:04:00+05:30,511.19973959999993,SL,-4.04999999999995,-3.2499999999999503,37.07959747314453,34.7374153137207,36.02724838256836,0.8026226889624323,1.6316721830231953,0.013799972272968227,0.5382365418167533,0.0,511.19973959999993,-0.8099999999999901,-0.64999999999999,50000.0,5.0,250000.0,-2024.9999999999752,-1624.999999999975
2026-01-12,RHIM,SHORT,A_MOD_BREAK_C1_LOW,MODERATE,2026-01-12 11:30:00+05:30,2026-01-12 11:45:00+05:30,440.8618222045898,443.72742404891966,436.8940658047485,2026-01-12 12:14:00+05:30,443.72742404891966,SL,-4.049999999999995,-3.2499999999999964,58.51767349243164,28.829086303710938,37.048187255859375,1.027518311239573,1.9289026623891925,0.009199873390111253,0.7862608375863849,0.0,443.72742404891966,-0.8099999999999992,-0.6499999999999992,50000.0,5.0,250000.0,-2024.9999999999977,-1624.9999999999982
2026-01-12,SOUTHBANK,SHORT,A_MOD_BREAK_C1_LOW,MODERATE,2026-01-12 11:30:00+05:30,2026-01-12 11:45:00+05:30,39.74999923706055,40.00837423210144,39.392249243927004,2026-01-12 12:14:00+05:30,40.00837423210144,SL,-4.0499999999999385,-3.2499999999999387,46.57829666137695,26.984779357910156,10.829568862915039,1.2187903452970261,2.464200342344998,0.011169677744497055,0.7719627603476338,0.0,40.00837423210144,-0.8099999999999876,-0.6499999999999877,50000.0,5.0,250000.0,-2024.999999999969,-1624.9999999999693
2026-01-12,TARSONS,SHORT,A_MOD_BREAK_C1_LOW,MODERATE,2026-01-12 11:30:00+05:30,2026-01-12 11:45:00+05:30,216.45,217.856925,214.50195,2026-01-12 12:35:00+05:30,217.856925,SL,-4.0500000000000025,-3.2500000000000027,31.04783821105957,37.37403106689453,51.871917724609375,0.19750397226430388,1.317012306936121,0.007454575420589084,0.3261313836589528,0.0,217.856925,-0.8100000000000005,-0.6500000000000006,50000.0,5.0,250000.0,-2025.0000000000011,-1625.0000000000014
2026-01-12,TDPOWERSYS,SHORT,A_MOD_BREAK_C1_LOW,MODERATE,2026-01-12 11:30:00+05:30,2026-01-12 11:45:00+05:30,645.8708,650.0689602,640.0579628,2026-01-12 12:02:00+05:30,650.0689602,SL,-4.0499999999999705,-3.2499999999999702,48.64517593383789,27.855934143066406,11.284255027770996,1.0469339687944879,2.348311008895906,0.013025146065595015,0.7728910835466036,0.0,650.0689602,-0.8099999999999941,-0.649999999999994,50000.0,5.0,250000.0,-2024.9999999999852,-1624.999999999985
2026-01-12,TITAGARH,SHORT,A_MOD_BREAK_C1_LOW,MODERATE,2026-01-12 11:30:00+05:30,2026-01-12 11:45:00+05:30,776.8446,781.8940898999999,769.8529986,2026-01-12 12:14:00+05:30,781.8940898999999,SL,-4.049999999999944,-3.2499999999999436,43.662784576416016,27.54910659790039,12.447837829589844,1.336342772128108,2.394751740688695,0.009747989017440376,0.7488017537686591,0.0,781.8940898999999,-0.8099999999999887,-0.6499999999999887,50000.0,5.0,250000.0,-2024.9999999999718,-1624.9999999999718
2026-01-12,UGROCAP,SHORT,A_MOD_BREAK_C1_LOW,MODERATE,2026-01-12 11:30:00+05:30,2026-01-12 11:45:00+05:30,160.52000732421874,161.56338737182614,159.07532725830077,2026-01-12 12:23:00+05:30,161.56338737182614,SL,-4.049999999999931,-3.249999999999931,37.3671989440918,32.10137939453125,1.1112968921661377,1.275406087190596,1.8477585619526662,0.009483482679355148,0.6360919775173646,0.0,161.56338737182614,-0.8099999999999863,-0.6499999999999863,50000.0,5.0,250000.0,-2024.9999999999657,-1624.9999999999657
2026-01-12,UTTAMSUGAR,SHORT,A_MOD_BREAK_C1_LOW,MODERATE,2026-01-12 11:30:00+05:30,2026-01-12 11:45:00+05:30,230.2,231.69629999999998,228.1282,2026-01-12 11:52:00+05:30,228.1282,TARGET,3.699999999999992,4.499999999999992,31.259408950805664,26.676401138305664,10.761106491088867,1.329806952340932,2.388309977206603,0.006855889588562078,0.5616073509217481,0.0,231.69629999999998,0.7399999999999984,0.8999999999999984,50000.0,5.0,250000.0,1849.9999999999961,2249.999999999996
2026-01-12,VENUSPIPES,SHORT,A_MOD_BREAK_C1_LOW,MODERATE,2026-01-12 11:30:00+05:30,2026-01-12 11:45:00+05:30,1103.7792,1110.9537647999998,1093.8451871999998,2026-01-12 12:43:00+05:30,1110.9537647999998,SL,-4.049999999999941,-3.249999999999942,37.32765579223633,29.273359298706055,12.06228256225586,1.054934813199586,2.2766349269094395,0.01052454116329282,0.6045284291934725,0.0,1110.9537647999998,-0.8099999999999883,-0.6499999999999884,50000.0,5.0,250000.0,-2024.999999999971,-1624.999999999971
2026-01-12,ZENTEC,SHORT,A_MOD_BREAK_C1_LOW,MODERATE,2026-01-12 11:30:00+05:30,2026-01-12 11:45:00+05:30,1238.7522,1246.8040892999998,1227.6034301999998,2026-01-12 12:02:00+05:30,1246.8040892999998,SL,-4.049999999999942,-3.2499999999999423,37.790382385253906,25.864999771118164,14.595253944396973,1.3859170791621869,2.7303075203347342,0.012025758740716092,0.6693912246321914,0.0,1246.8040892999998,-0.8099999999999885,-0.6499999999999885,50000.0,5.0,250000.0,-2024.9999999999714,-1624.9999999999711
2026-01-12,GENESYS,SHORT,A_PULLBACK_C2_THEN_BREAK_C2_LOW,MODERATE,2026-01-12 11:30:00+05:30,2026-01-12 12:00:00+05:30,397.9204,400.5068825999999,394.33911639999997,2026-01-12 12:23:00+05:30,400.5068825999999,SL,-4.049999999999942,-3.2499999999999423,41.997467041015625,26.877668380737305,7.854812145233154,1.2684310633915117,2.235702662097506,0.014305392622926131,0.711937441708749,0.0,400.5068825999999,-0.8099999999999885,-0.6499999999999885,50000.0,5.0,250000.0,-2024.9999999999714,-1624.9999999999711
2026-01-12,RESPONIND,SHORT,A_MOD_BREAK_C1_LOW,MODERATE,2026-01-12 11:45:00+05:30,2026-01-12 12:00:00+05:30,183.77000732421874,184.96451237182615,182.11607725830078,2026-01-12 12:01:00+05:30,182.11607725830078,TARGET,3.699999999999981,4.4999999999999805,35.026302337646484,33.151458740234375,20.4598331451416,0.7231364953563754,1.6823443905925626,0.010321607491196646,0.4960606412816911,0.0,184.96451237182615,0.7399999999999962,0.8999999999999961,50000.0,5.0,250000.0,1849.9999999999905,2249.9999999999905
2026-01-12,VENKEYS,LONG,B_HUGE_C1_CLOSE_RECLAIM_BREAK,HUGE,2026-01-12 12:30:00+05:30,2026-01-12 13:00:00+05:30,1586.3172,1577.5924554,1603.7666891999997,2026-01-12 13:01:00+05:30,1603.7666891999997,TARGET,4.6999999999999345,5.499999999999934,21.206172943115234,79.02217864990234,78.25910186767578,2.2643342592763656,3.69873306613494,0.008737170230244928,7.934537135267618,0.0,1577.5924554,0.9399999999999868,1.0999999999999868,50000.0,5.0,250000.0,2349.9999999999673,2749.999999999967
2026-01-12,JTLIND,LONG,B_HUGE_C1_CLOSE_RECLAIM_BREAK,HUGE,2026-01-12 13:15:00+05:30,2026-01-12 13:45:00+05:30,58.64000015258789,58.317480151748654,59.28504015426635,2026-01-12 13:46:00+05:30,59.28504015426635,TARGET,4.6999999999999424,5.499999999999941,50.927154541015625,79.39693450927734,88.01154327392578,2.1536461374808002,2.76958489011305,0.019457238864961215,7.611130770963886,0.0,58.317480151748654,0.9399999999999884,1.0999999999999883,50000.0,5.0,250000.0,2349.999999999971,2749.999999999971
2026-01-12,IFCI,LONG,B_HUGE_GREEN_PULLBACK_HOLD_THEN_BREAK,HUGE,2026-01-12 13:00:00+05:30,2026-01-12 14:00:00+05:30,54.9500015258789,54.64777651748657,55.554451542663564,2026-01-12 14:11:00+05:30,55.554451542663564,TARGET,4.6999999999999345,5.499999999999934,48.4024772644043,84.88642120361328,95.57623291015625,3.087627471238745,3.9541807526025208,0.01260812457548369,9.846153207216947,0.0,54.64777651748657,0.9399999999999868,1.0999999999999868,50000.0,5.0,250000.0,2349.9999999999673,2749.999999999967
2026-01-13,IMAGICAA,LONG,B_HUGE_C1_CLOSE_RECLAIM_BREAK,HUGE,2026-01-13 10:30:00+05:30,2026-01-13 11:00:00+05:30,51.52000122070312,51.23664121398926,52.08672123413085,2026-01-13 12:17:00+05:30,51.23664121398926,SL,-3.549999999999962,-2.7499999999999627,23.924575805664062,81.61463928222656,83.13422393798828,0.8891462935389101,4.256246575728608,0.01035276953166458,6.618130878625477,0.0,51.23664121398926,-0.7099999999999924,-0.5499999999999925,50000.0,5.0,250000.0,-1774.9999999999811,-1374.9999999999814
2026-01-13,JSFB,SHORT,A_MOD_BREAK_C1_LOW,MODERATE,2026-01-13 12:45:00+05:30,2026-01-13 13:00:00+05:30,404.4191,407.04782415,400.7793281,2026-01-13 15:29:00+05:30,407.04782415,SL,-4.049999999999978,-3.249999999999978,29.515533447265625,27.020998001098633,1.6259890794754028,2.231290489874071,2.4431537498005613,0.004776618094615205,0.6527330017089843,0.0,407.04782415,-0.8099999999999956,-0.6499999999999956,50000.0,5.0,250000.0,-2024.999999999989,-1624.9999999999889
2026-01-13,KECL,SHORT,A_MOD_BREAK_C1_LOW,MODERATE,2026-01-13 13:45:00+05:30,2026-01-13 14:00:00+05:30,92.14999694824219,92.74897192840577,91.32064697570802,2026-01-13 14:16:00+05:30,91.32064697570802,TARGET,3.6999999999999735,4.499999999999973,40.455142974853516,30.914295196533203,10.489009857177734,2.532460519203954,2.4423493452354963,0.006005263982414866,0.8168271446228026,0.0,92.74897192840577,0.7399999999999947,0.8999999999999946,50000.0,5.0,250000.0,1849.9999999999866,2249.9999999999864
2026-01-13,HAL,SHORT,A_MOD_BREAK_C1_LOW,MODERATE,2026-01-13 14:15:00+05:30,2026-01-13 14:30:00+05:30,4410.217877636719,4438.884293841357,4370.525916737988,2026-01-13 14:51:00+05:30,4438.884293841357,SL,-4.04999999999994,-3.2499999999999405,21.278583526611328,31.195348739624023,9.32744312286377,3.682926899805494,2.5314175290734617,0.0035568616096524224,0.5291787528991698,0.0,4438.884293841357,-0.8099999999999881,-0.6499999999999881,50000.0,5.0,250000.0,-2024.99999999997,-1624.9999999999704
2026-01-13,HPL,SHORT,A_MOD_BREAK_C1_LOW,MODERATE,2026-01-13 14:15:00+05:30,2026-01-13 14:30:00+05:30,355.62887220458987,357.9404598739197,352.42821235474855,2026-01-13 14:40:00+05:30,357.9404598739197,SL,-4.049999999999967,-3.2499999999999667,29.668685913085938,31.96129608154297,7.771880626678467,3.6352765892651298,2.633288693007374,0.0054373948761586395,0.6550302886962891,0.0,357.9404598739197,-0.8099999999999934,-0.6499999999999934,50000.0,5.0,250000.0,-2024.9999999999834,-1624.9999999999834
2026-01-13,LTF,SHORT,A_MOD_BREAK_C1_LOW,MODERATE,2026-01-13 14:15:00+05:30,2026-01-13 14:30:00+05:30,286.64267220458987,288.5058495739197,284.0628881547486,2026-01-13 14:42:00+05:30,288.5058495739197,SL,-4.049999999999998,-3.249999999999998,24.259431838989258,31.887462615966797,8.670257568359375,3.146341951294235,2.4996424629764933,0.006880340626233912,0.5738914775848389,0.0,288.5058495739197,-0.8099999999999996,-0.6499999999999996,50000.0,5.0,250000.0,-2024.999999999999,-1624.9999999999989
2026-01-14,JKLAKSHMI,LONG,B_HUGE_GREEN_PULLBACK_HOLD_THEN_BREAK,HUGE,2026-01-14 11:00:00+05:30,2026-01-14 12:15:00+05:30,773.1546,768.9022497,781.6593005999998,2026-01-14 15:30:00+05:30,776.1500244140625,EOD,1.1371445336175592,1.937144533617559,22.224109649658203,68.09300231933594,79.02876281738281,2.1773438440979054,2.841254524221428,0.005765078931288823,6.366941033930371,0.0,768.9022497,0.22742890672351185,0.3874289067235118,50000.0,5.0,250000.0,568.5722668087797,968.5722668087795
2026-01-14,PREMIERENE,SHORT,A_MOD_BREAK_C1_LOW,MODERATE,2026-01-14 13:30:00+05:30,2026-01-14 13:45:00+05:30,727.8544,732.5854536,721.3037104,2026-01-14 14:54:00+05:30,732.5854536,SL,-4.049999999999997,-3.249999999999997,20.36285972595215,33.18086242675781,3.4795138835906982,3.6078355058503075,2.2509230898738237,0.005352746955425402,0.5154428958892823,0.0,732.5854536,-0.8099999999999994,-0.6499999999999994,50000.0,5.0,250000.0,-2024.9999999999986,-1624.9999999999984
2026-01-14,VTL,LONG,B_HUGE_GREEN_PULLBACK_HOLD_THEN_BREAK,HUGE,2026-01-14 11:00:00+05:30,2026-01-14 14:00:00+05:30,422.03440220947266,419.71321299732057,426.67678063377684,2026-01-14 15:20:00+05:30,419.71321299732057,SL,-3.549999999999991,-2.7499999999999907,22.78064727783203,64.30338287353516,73.02497100830078,1.3776304126592513,1.7535946151933146,0.006276538340855438,4.632863242033253,0.0,419.71321299732057,-0.7099999999999982,-0.5499999999999982,50000.0,5.0,250000.0,-1774.9999999999955,-1374.9999999999955
2026-01-14,NEWGEN,SHORT,A_MOD_BREAK_C1_LOW,MODERATE,2026-01-14 14:00:00+05:30,2026-01-14 14:15:00+05:30,768.59625,773.592125625,761.6788837500001,2026-01-14 14:54:00+05:30,773.592125625,SL,-4.04999999999996,-3.24999999999996,31.393272399902344,34.173160552978516,7.008123874664307,2.458146188951854,1.799900572039502,0.003065199473744406,0.6708941146005103,0.0,773.592125625,-0.8099999999999921,-0.649999999999992,50000.0,5.0,250000.0,-2024.99999999998,-1624.99999999998
2026-01-16,PAYTM,LONG,B_HUGE_C1_CLOSE_RECLAIM_BREAK,HUGE,2026-01-16 10:30:00+05:30,2026-01-16 11:00:00+05:30,1343.1686044189453,1335.7811770946412,1357.9434590675535,2026-01-16 15:30:00+05:30,1340.0,EOD,-1.979525939081943,-1.1795259390819433,25.04918098449707,72.82060241699219,84.52571868896484,1.4690312510158758,3.3206927045046886,0.005521109481542513,6.006406053860887,0.0,1335.7811770946412,-0.3959051878163886,-0.23590518781638864,50000.0,5.0,250000.0,-989.7629695409715,-589.7629695409715
2026-01-16,SWSOLAR,LONG,B_HUGE_C1_CLOSE_RECLAIM_BREAK,HUGE,2026-01-16 10:30:00+05:30,2026-01-16 11:00:00+05:30,218.57000427246095,217.36786924896242,220.974274319458,2026-01-16 11:01:00+05:30,220.974274319458,TARGET,4.699999999999966,5.499999999999966,31.609737396240234,86.72553253173828,89.9185562133789,1.6346861036633347,4.915862242076344,0.014222304053711048,8.29929061134321,0.0,217.36786924896242,0.9399999999999933,1.0999999999999932,50000.0,5.0,250000.0,2349.999999999983,2749.9999999999827
2026-01-16,SURYODAY,LONG,A_MOD_BREAK_C1_HIGH,MODERATE,2026-01-16 10:45:00+05:30,2026-01-16 11:00:00+05:30,144.22999267578126,143.43672771606447,145.81652259521485,2026-01-16 11:01:00+05:30,145.81652259521485,TARGET,4.699999999999979,5.499999999999979,23.935272216796875,70.19281005859375,89.66071319580078,1.939590782579709,2.6137801553121895,0.0061140797858033995,5.931732373648137,0.0,143.43672771606447,0.9399999999999957,1.0999999999999956,50000.0,5.0,250000.0,2349.999999999989,2749.999999999989
2026-01-16,XPROINDIA,LONG,B_HUGE_GREEN_PULLBACK_HOLD_THEN_BREAK,HUGE,2026-01-16 10:15:00+05:30,2026-01-16 11:30:00+05:30,1065.0130088378905,1059.1554372892822,1076.7281519351072,2026-01-16 11:31:00+05:30,1076.7281519351072,TARGET,4.699999999999953,5.499999999999953,75.68952941894531,77.1888656616211,68.45520782470703,1.7667897159723867,2.5680407636205365,0.024181527673902654,8.036484566938293,0.0,1059.1554372892822,0.9399999999999906,1.0999999999999905,50000.0,5.0,250000.0,2349.999999999977,2749.9999999999764
2026-01-16,WOCKPHARMA,LONG,B_HUGE_GREEN_PULLBACK_HOLD_THEN_BREAK,HUGE,2026-01-16 10:15:00+05:30,2026-01-16 11:45:00+05:30,1439.9878911621095,1432.067957760718,1455.8277579648925,2026-01-16 12:23:00+05:30,1455.8277579648925,TARGET,4.6999999999999424,5.499999999999941,25.54825782775879,77.7994613647461,80.25241088867188,2.195822240890983,3.463257789623177,0.005649608289855591,7.400800516592917,0.0,1432.067957760718,0.9399999999999884,1.0999999999999883,50000.0,5.0,250000.0,2349.999999999971,2749.999999999971
2026-01-16,RBLBANK,LONG,B_HUGE_GREEN_PULLBACK_HOLD_THEN_BREAK,HUGE,2026-01-16 10:45:00+05:30,2026-01-16 13:30:00+05:30,326.96537389526367,325.16706433883974,330.56199300811153,2026-01-16 13:44:00+05:30,325.16706433883974,SL,-3.5499999999999696,-2.7499999999999702,42.58939743041992,84.12825775146484,92.86184692382812,2.586170099889594,4.214798612883088,0.007785229752560381,9.374046721111483,0.0,325.16706433883974,-0.709999999999994,-0.549999999999994,50000.0,5.0,250000.0,-1774.999999999985,-1374.9999999999852
2026-01-16,SUMMITSEC,SHORT,A_MOD_BREAK_C1_LOW,MODERATE,2026-01-16 13:15:00+05:30,2026-01-16 13:30:00+05:30,1789.642,1801.274673,1773.535222,2026-01-16 15:30:00+05:30,1786.0999755859375,EOD,0.18959021247337546,0.9895902124733753,27.201990127563477,37.12541580200195,15.642529487609863,1.38704863625132,1.670846191376229,0.003684681773055663,0.49430567282624455,0.0,1801.274673,0.03791804249467509,0.19791804249467507,50000.0,5.0,250000.0,94.79510623668773,494.7951062366877
2026-01-16,WENDT,SHORT,A_MOD_BREAK_C1_LOW,MODERATE,2026-01-16 13:45:00+05:30,2026-01-16 14:00:00+05:30,7248.55,7295.665575,7183.31305,2026-01-16 15:29:00+05:30,7295.665575,SL,-4.0499999999999865,-3.2499999999999867,24.071043014526367,30.698413848876953,1.6666666269302368,3.5380823497684037,3.2018380898705825,0.003162561613937904,0.5710656452178955,0.0,7295.665575,-0.8099999999999974,-0.6499999999999974,50000.0,5.0,250000.0,-2024.9999999999934,-1624.9999999999934
2026-01-16,NOCIL,SHORT,A_MOD_BREAK_C1_LOW,MODERATE,2026-01-16 14:00:00+05:30,2026-01-16 14:15:00+05:30,135.7,136.58204999999998,134.47869999999998,2026-01-16 14:39:00+05:30,134.47869999999998,TARGET,3.700000000000051,4.500000000000051,40.36530303955078,31.088340759277344,3.5896084308624268,1.991371171958379,2.1549575837855013,0.003998934673780016,0.813969500685978,0.0,136.58204999999998,0.7400000000000102,0.9000000000000101,50000.0,5.0,250000.0,1850.0000000000255,2250.0000000000255
2026-01-16,ZYDUSLIFE,SHORT,A_MOD_BREAK_C1_LOW,MODERATE,2026-01-16 14:00:00+05:30,2026-01-16 14:15:00+05:30,871.8256,877.4924664,863.9791696,2026-01-16 15:30:00+05:30,868.0,EOD,1.3940167850083827,2.1940167850083823,23.560699462890625,23.669286727905273,4.501375675201416,3.4462542890851253,2.9835206198454522,0.002972095479351242,0.5634104919433593,0.0,877.4924664,0.2788033570016765,0.4388033570016765,50000.0,5.0,250000.0,697.0083925041913,1097.0083925041913
2026-01-16,KAYNES,SHORT,A_MOD_BREAK_C1_LOW,MODERATE,2026-01-16 14:15:00+05:30,2026-01-16 14:30:00+05:30,3610.8777776367187,3634.3484831913574,3578.379877637988,2026-01-16 15:30:00+05:30,3610.0,EOD,-0.6784537042273909,0.12154629577260898,26.333585739135742,25.58761978149414,3.613023519515991,4.084243757419705,3.0919467233717928,0.0045300063073602116,0.6050037860870361,0.0,3634.3484831913574,-0.1356907408454782,0.024309259154521794,50000.0,5.0,250000.0,-339.2268521136955,60.77314788630449
2026-01-16,MOL,SHORT,A_MOD_BREAK_C1_LOW,MODERATE,2026-01-16 14:15:00+05:30,2026-01-16 14:30:00+05:30,60.24999923706055,60.64162423210144,59.707749243927005,2026-01-16 14:52:00+05:30,60.64162423210144,SL,-4.049999999999992,-3.249999999999992,26.557153701782227,28.405364990234375,2.4375736713409424,3.030364114999003,2.4711274295837935,0.002463455662763312,0.6083573055267333,0.0,60.64162423210144,-0.8099999999999983,-0.6499999999999984,50000.0,5.0,250000.0,-2024.9999999999955,-1624.999999999996
2026-01-19,GPTINFRA,SHORT,A_MOD_BREAK_C1_LOW,MODERATE,2026-01-19 10:15:00+05:30,2026-01-19 10:30:00+05:30,104.11999816894532,104.79677815704345,103.18291818542481,2026-01-19 13:49:00+05:30,103.18291818542481,TARGET,3.6999999999999855,4.499999999999986,27.09796142578125,26.055622100830078,4.4186015129089355,0.9973526417535307,2.7603425127547214,0.0061357714394841625,0.4410061336935866,0.0,104.79677815704345,0.7399999999999971,0.8999999999999971,50000.0,5.0,250000.0,1849.9999999999927,2249.9999999999927
2026-01-19,LTF,SHORT,A_MOD_BREAK_C1_LOW,MODERATE,2026-01-19 10:15:00+05:30,2026-01-19 10:30:00+05:30,285.6428722045898,287.49955087391965,283.07208635474854,2026-01-19 10:38:00+05:30,283.07208635474854,TARGET,3.699999999999961,4.499999999999961,28.833608627319336,26.606531143188477,29.754661560058594,1.2948964860525667,2.4701638715988037,0.010990924269291068,0.5191110144689892,0.0,287.49955087391965,0.7399999999999922,0.8999999999999921,50000.0,5.0,250000.0,1849.9999999999807,2249.9999999999804
2026-01-19,KIRLOSENG,SHORT,A_MOD_BREAK_C1_LOW,MODERATE,2026-01-19 10:45:00+05:30,2026-01-19 11:00:00+05:30,1129.2741,1136.61438165,1119.1106331,2026-01-19 12:19:00+05:30,1136.61438165,SL,-4.049999999999978,-3.249999999999978,37.594146728515625,18.300838470458984,5.218670845031738,1.5448573625714543,3.6661787941997614,0.0073673481326970765,0.6942622393777389,0.0,1136.61438165,-0.8099999999999956,-0.6499999999999956,50000.0,5.0,250000.0,-2024.999999999989,-1624.9999999999889
2026-01-19,ATULAUTO,SHORT,A_MOD_BREAK_C1_LOW,MODERATE,2026-01-19 11:15:00+05:30,2026-01-19 11:30:00+05:30,427.2645361022949,430.0417555869598,423.4191552773743,2026-01-19 11:48:00+05:30,423.4191552773743,TARGET,3.699999999999999,4.499999999999999,23.73446273803711,32.684444427490234,14.854154586791992,0.8469105772574794,2.0288968486306054,0.006451726606850262,0.3642262920906156,0.0,430.0417555869598,0.7399999999999998,0.8999999999999998,50000.0,5.0,250000.0,1849.9999999999993,2249.9999999999995
2026-01-19,CAPACITE,SHORT,A_MOD_BREAK_C1_LOW,MODERATE,2026-01-19 11:15:00+05:30,2026-01-19 11:30:00+05:30,232.59999389648436,234.1118938568115,230.506593951416,2026-01-19 13:09:00+05:30,234.1118938568115,SL,-4.049999999999956,-3.2499999999999556,42.30776596069336,22.86266326904297,5.464475631713867,0.7764758685362613,2.2081577001187336,0.0059869304803583665,0.6304997664042462,0.0,234.1118938568115,-0.8099999999999912,-0.6499999999999911,50000.0,5.0,250000.0,-2024.9999999999777,-1624.9999999999777
2026-01-19,SPENCERS,SHORT,A_PULLBACK_C2_THEN_BREAK_C2_LOW,MODERATE,2026-01-19 11:15:00+05:30,2026-01-19 11:45:00+05:30,37.33000106811524,37.57264607505798,36.9940310585022,2026-01-19 15:12:00+05:30,36.9940310585022,TARGET,3.6999999999999766,4.499999999999976,28.435129165649414,34.68412780761719,21.064830780029297,1.963056417434525,2.2083571547259297,0.0076434989914218295,0.6300618105357831,0.0,37.57264607505798,0.7399999999999953,0.8999999999999952,50000.0,5.0,250000.0,1849.9999999999884,2249.999999999988
2026-01-19,DYNAMATECH,SHORT,A_MOD_BREAK_C1_LOW,MODERATE,2026-01-19 11:30:00+05:30,2026-01-19 11:45:00+05:30,8762.2472,8819.2018068,8683.3869752,2026-01-19 15:11:00+05:30,8683.3869752,TARGET,3.7000000000000366,4.500000000000036,36.71828842163086,24.02086639404297,13.615172386169434,1.6853989784137644,2.537341322559729,0.005890680806948311,0.7057191475468716,0.0,8819.2018068,0.7400000000000073,0.9000000000000073,50000.0,5.0,250000.0,1850.0000000000182,2250.0000000000186
2026-01-19,JUBLFOOD,SHORT,A_MOD_BREAK_C1_LOW,MODERATE,2026-01-19 11:30:00+05:30,2026-01-19 11:45:00+05:30,520.4958555908203,523.8790786521606,515.8113928905029,2026-01-19 15:30:00+05:30,515.9500122070312,EOD,3.566839173607815,4.366839173607815,28.762714385986328,27.310880661010742,9.446931838989258,0.8772775919015726,1.963868626254958,0.004646321089733094,0.443157725685318,0.0,523.8790786521606,0.7133678347215631,0.873367834721563,50000.0,5.0,250000.0,1783.4195868039076,2183.4195868039074
2026-01-19,TCS,SHORT,A_MOD_BREAK_C1_LOW,MODERATE,2026-01-19 11:30:00+05:30,2026-01-19 11:45:00+05:30,3154.6689888183596,3175.174337245679,3126.276967918994,2026-01-19 15:30:00+05:30,3161.0,EOD,-1.8034350995430117,-1.003435099543012,24.851659774780273,25.569169998168945,4.541005611419678,1.7152533774930543,2.506830673150971,0.003663230009479501,0.5329442376829885,0.0,3175.174337245679,-0.36068701990860236,-0.20068701990860238,50000.0,5.0,250000.0,-901.7175497715059,-501.7175497715059
2026-01-19,FMGOETZE,SHORT,A_PULLBACK_C2_THEN_BREAK_C2_LOW,MODERATE,2026-01-19 12:00:00+05:30,2026-01-19 12:30:00+05:30,436.4127,439.24938254999995,432.4849857,2026-01-19 13:16:00+05:30,432.4849857,TARGET,3.69999999999999,4.49999999999999,33.47511291503906,25.78087043762207,3.028113603591919,1.9893164284565745,2.8295624655209775,0.008768206397114387,0.7102570687054863,0.0,439.24938254999995,0.739999999999998,0.899999999999998,50000.0,5.0,250000.0,1849.9999999999948,2249.999999999995
2026-01-19,KALYANKJIL,SHORT,A_MOD_BREAK_C1_LOW,MODERATE,2026-01-19 12:30:00+05:30,2026-01-19 12:45:00+05:30,448.9102,451.8281163,444.8700082,2026-01-19 15:01:00+05:30,451.8281163,SL,-4.050000000000002,-3.2500000000000018,40.61772537231445,18.23749351501465,2.015650987625122,2.9215113057104025,3.4879035680174804,0.007094352744271455,0.8192658805847166,0.0,451.8281163,-0.8100000000000003,-0.6500000000000004,50000.0,5.0,250000.0,-2025.0000000000007,-1625.0000000000007
2026-01-19,AWFIS,SHORT,A_MOD_BREAK_C1_LOW,MODERATE,2026-01-19 13:30:00+05:30,2026-01-19 13:45:00+05:30,442.9114,445.7903241,438.9251974,2026-01-19 15:08:00+05:30,438.9251974,TARGET,3.7000000000000144,4.500000000000014,23.128995895385742,37.124305725097656,24.95599937438965,0.710395469380706,1.5096373458928576,0.0039865985912330695,0.30673601286705254,0.0,445.7903241,0.7400000000000029,0.9000000000000029,50000.0,5.0,250000.0,1850.0000000000073,2250.0000000000073
2026-01-20,SUNTECK,SHORT,B_HUGE_RED_FAILED_BOUNCE,HUGE,2026-01-20 10:00:00+05:30,2026-01-20 11:00:00+05:30,395.7208277954102,398.2930131760803,392.15934034525145,2026-01-20 11:04:00+05:30,392.15934034525145,TARGET,3.700000000000039,4.500000000000038,41.886749267578125,21.441818237304688,12.520074844360352,0.45287183782358936,3.4926927089400928,0.005044876578620974,0.6075538106328,0.0,398.2930131760803,0.7400000000000078,0.9000000000000077,50000.0,5.0,250000.0,1850.0000000000193,2250.0000000000196
2026-01-20,BCLIND,SHORT,A_MOD_BREAK_C1_LOW,MODERATE,2026-01-20 11:00:00+05:30,2026-01-20 11:15:00+05:30,28.409999084472656,28.594664078521728,28.154309092712403,2026-01-20 14:07:00+05:30,28.594664078521728,SL,-4.049999999999997,-3.2499999999999973,30.352752685546875,28.964258193969727,17.77784538269043,1.0652204066733586,2.2344648161054943,0.006071563850557121,0.5017048614510409,0.0,28.594664078521728,-0.8099999999999994,-0.6499999999999995,50000.0,5.0,250000.0,-2024.9999999999986,-1624.9999999999986
2026-01-20,BSOFT,SHORT,A_MOD_BREAK_C1_LOW,MODERATE,2026-01-20 11:00:00+05:30,2026-01-20 11:15:00+05:30,406.11877220458985,408.75854422391967,402.4637032547485,2026-01-20 14:53:00+05:30,402.4637032547485,TARGET,3.7000000000000344,4.500000000000035,36.60566329956055,15.844923973083496,3.082843780517578,2.0632247623223483,4.030664587151202,0.007140232297947026,0.7590849494934082,0.0,408.75854422391967,0.7400000000000069,0.9000000000000069,50000.0,5.0,250000.0,1850.0000000000173,2250.0000000000173
2026-01-20,GMRP&UI,SHORT,A_MOD_BREAK_C1_LOW,MODERATE,2026-01-20 11:00:00+05:30,2026-01-20 11:15:00+05:30,100.7,101.35455,99.7937,2026-01-20 11:30:00+05:30,101.35455,SL,-4.050000000000002,-3.2500000000000018,26.89947509765625,25.92897605895996,6.045070171356201,1.3001916291726625,2.5523068655399297,0.007850763345863737,0.4910256615700597,0.0,101.35455,-0.8100000000000003,-0.6500000000000004,50000.0,5.0,250000.0,-2025.0000000000007,-1625.0000000000007
2026-01-20,RUPA,SHORT,A_MOD_BREAK_C1_LOW,MODERATE,2026-01-20 11:00:00+05:30,2026-01-20 11:15:00+05:30,152.95999450683593,153.95423447113035,151.5833545562744,2026-01-20 15:30:00+05:30,152.8699951171875,EOD,-0.5058074238999661,0.2941925761000337,31.906261444091797,27.21428680419922,12.115819931030273,1.5067303481171954,2.2544115694977593,0.005041366323458598,0.602271732581886,0.0,153.95423447113035,-0.10116148477999323,0.05883851522000674,50000.0,5.0,250000.0,-252.9037119499831,147.09628805001685
2026-01-20,AWFIS,SHORT,A_MOD_BREAK_C1_LOW,MODERATE,2026-01-20 11:30:00+05:30,2026-01-20 11:45:00+05:30,419.916,422.645454,416.136756,2026-01-20 12:24:00+05:30,416.136756,TARGET,3.7000000000000064,4.500000000000007,60.6235237121582,8.032219886779785,1.6745750904083252,3.047291110006704,4.529896363781752,0.007045133705298011,0.96,0.0,422.645454,0.7400000000000013,0.9000000000000014,50000.0,5.0,250000.0,1850.0000000000034,2250.000000000003
2026-01-20,LTIM,SHORT,A_MOD_BREAK_C1_LOW,MODERATE,2026-01-20 11:30:00+05:30,2026-01-20 11:45:00+05:30,5925.8146,5964.3323949,5872.4822686,2026-01-20 12:33:00+05:30,5964.3323949,SL,-4.049999999999992,-3.249999999999992,54.36156463623047,19.088294982910156,2.6727709770202637,1.3212489141858306,3.084151435261367,0.010884067918956405,0.8412185599825204,0.0,5964.3323949,-0.8099999999999983,-0.6499999999999984,50000.0,5.0,250000.0,-2024.9999999999955,-1624.999999999996
2026-01-20,TDPOWERSYS,SHORT,A_MOD_BREAK_C1_LOW,MODERATE,2026-01-20 11:30:00+05:30,2026-01-20 11:45:00+05:30,651.9695555908203,656.2073577021606,646.1018295905029,2026-01-20 11:46:00+05:30,646.1018295905029,TARGET,3.699999999999984,4.499999999999984,30.181194305419922,38.65854263305664,64.66505432128906,0.45700199765591637,1.0899097676185747,0.009256317868225245,0.3471887525520129,0.0,656.2073577021606,0.7399999999999969,0.8999999999999968,50000.0,5.0,250000.0,1849.9999999999923,2249.999999999992
2026-01-20,AARTIDRUGS,SHORT,A_MOD_BREAK_C1_LOW,MODERATE,2026-01-20 12:15:00+05:30,2026-01-20 12:30:00+05:30,370.4259,372.83366835,367.0920669,2026-01-20 14:11:00+05:30,372.83366835,SL,-4.049999999999958,-3.2499999999999583,45.0982551574707,30.61452865600586,22.971134185791016,1.2884218775674536,1.8473208702897315,0.006313861301231642,0.7543136994508515,0.0,372.83366835,-0.8099999999999916,-0.6499999999999917,50000.0,5.0,250000.0,-2024.999999999979,-1624.9999999999793
2026-01-20,DATAPATTNS,SHORT,A_MOD_BREAK_C1_LOW,MODERATE,2026-01-20 12:15:00+05:30,2026-01-20 12:30:00+05:30,2307.5384,2322.5373996,2286.7705544,2026-01-20 12:34:00+05:30,2286.7705544,TARGET,3.6999999999999735,4.499999999999973,58.22838592529297,10.189517974853516,3.6427366733551025,2.4095811298889447,3.66339748083246,0.011489919364426976,0.96,0.0,2322.5373996,0.7399999999999947,0.8999999999999946,50000.0,5.0,250000.0,1849.9999999999866,2249.9999999999864
2026-01-20,SAREGAMA,SHORT,A_MOD_BREAK_C1_LOW,MODERATE,2026-01-20 12:15:00+05:30,2026-01-20 12:30:00+05:30,336.9326,339.12266189999997,333.9002066,2026-01-20 13:44:00+05:30,333.9002066,TARGET,3.6999999999999855,4.499999999999985,42.36738204956055,27.81052589416504,19.39271354675293,1.1292417972900974,2.0768649510566446,0.007233948208133134,0.6931280452691753,0.0,339.12266189999997,0.7399999999999971,0.899999999999997,50000.0,5.0,250000.0,1849.9999999999927,2249.9999999999923
2026-01-20,KEI,SHORT,A_PULLBACK_C2_THEN_BREAK_C2_LOW,MODERATE,2026-01-20 12:15:00+05:30,2026-01-20 12:45:00+05:30,4134.273077636719,4161.145852641357,4097.064619937988,2026-01-20 12:57:00+05:30,4097.064619937988,TARGET,3.7000000000000464,4.500000000000047,33.12295150756836,29.321508407592773,10.337545394897461,1.443071025623487,2.338730424032637,0.009278428909805925,0.6093817020976355,0.0,4161.145852641357,0.7400000000000093,0.9000000000000093,50000.0,5.0,250000.0,1850.0000000000232,2250.000000000023
2026-01-20,ESABINDIA,SHORT,A_MOD_BREAK_C1_LOW,MODERATE,2026-01-20 12:30:00+05:30,2026-01-20 12:45:00+05:30,5669.8658,5706.719927699999,5618.8370078,2026-01-20 13:27:00+05:30,5618.8370078,TARGET,3.6999999999999797,4.49999999999998,40.19275665283203,34.98177719116211,9.938857078552246,0.9109720033741056,1.3528573796208974,0.006278812097002224,0.5899543193639938,0.0,5706.719927699999,0.739999999999996,0.8999999999999959,50000.0,5.0,250000.0,1849.99999999999,2249.99999999999
2026-01-20,MAHLOG,SHORT,A_MOD_BREAK_C1_LOW,MODERATE,2026-01-20 12:30:00+05:30,2026-01-20 12:45:00+05:30,288.5422861022949,290.4178109619598,285.94540552737425,2026-01-20 13:23:00+05:30,285.94540552737425,TARGET,3.6999999999999877,4.499999999999988,46.02537536621094,27.238672256469727,6.730148792266846,1.6214720860609337,1.9774571876295615,0.007521414628690835,0.8330111049353055,0.0,290.4178109619598,0.7399999999999975,0.8999999999999975,50000.0,5.0,250000.0,1849.9999999999939,2249.9999999999936
2026-01-20,MANORAMA,SHORT,A_MOD_BREAK_C1_LOW,MODERATE,2026-01-20 12:30:00+05:30,2026-01-20 12:45:00+05:30,1168.5662888183595,1176.1619696956786,1158.0491922189942,2026-01-20 13:31:00+05:30,1158.0491922189942,TARGET,3.699999999999999,4.499999999999999,74.7731704711914,15.736237525939941,3.168025255203247,2.253035581911552,3.548948083351349,0.00909268776803655,0.96,0.0,1176.1619696956786,0.7399999999999998,0.8999999999999998,50000.0,5.0,250000.0,1849.9999999999993,2249.9999999999995
2026-01-20,RIIL,SHORT,A_MOD_BREAK_C1_LOW,MODERATE,2026-01-20 12:30:00+05:30,2026-01-20 12:45:00+05:30,717.8564,722.5224665999999,711.3956924,2026-01-20 14:26:00+05:30,711.3956924,TARGET,3.6999999999999855,4.499999999999985,58.07590866088867,20.333282470703125,2.228257179260254,1.908155855776,2.0332317980002124,0.005765028982773464,0.9439272747607999,0.0,722.5224665999999,0.7399999999999971,0.899999999999997,50000.0,5.0,250000.0,1849.9999999999927,2249.9999999999923
2026-01-20,RPTECH,SHORT,A_MOD_BREAK_C1_LOW,MODERATE,2026-01-20 12:30:00+05:30,2026-01-20 12:45:00+05:30,357.9284,360.2549346,354.70704440000003,2026-01-20 13:10:00+05:30,354.70704440000003,TARGET,3.6999999999999735,4.499999999999973,23.857885360717773,31.791963577270508,30.51407241821289,1.8227213579096193,2.3106350084610647,0.007092986692929401,0.5368445180449499,0.0,360.2549346,0.7399999999999947,0.8999999999999947,50000.0,5.0,250000.0,1849.9999999999866,2249.999999999987
2026-01-20,BAJAJFINSV,SHORT,A_MOD_BREAK_C1_LOW,MODERATE,2026-01-20 12:45:00+05:30,2026-01-20 13:00:00+05:30,1974.605,1987.4399325,1956.833555,2026-01-20 15:10:00+05:30,1956.833555,TARGET,3.700000000000021,4.500000000000021,32.2464485168457,31.868553161621094,7.848906517028809,1.0934660243750935,1.915741034592193,0.00389394168294034,0.5308403337479366,0.0,1987.4399325,0.7400000000000042,0.9000000000000042,50000.0,5.0,250000.0,1850.0000000000105,2250.0000000000105
2026-01-20,LT,SHORT,A_MOD_BREAK_C1_LOW,MODERATE,2026-01-20 12:45:00+05:30,2026-01-20 13:00:00+05:30,3824.235,3849.0925275,3789.816885,2026-01-20 15:30:00+05:30,3808.0,EOD,1.3226467515725537,2.1226467515725536,25.90353012084961,35.913841247558594,9.85425853729248,1.6086850748075958,1.5823176389154239,0.003271270929450475,0.5091887218498445,0.0,3849.0925275,0.26452935031451075,0.4245293503145107,50000.0,5.0,250000.0,661.3233757862769,1061.3233757862768
2026-01-20,PIDILITIND,SHORT,A_MOD_BREAK_C1_LOW,MODERATE,2026-01-20 12:45:00+05:30,2026-01-20 13:00:00+05:30,1456.1087444091797,1465.5734512478393,1443.0037657094972,2026-01-20 14:25:00+05:30,1443.0037657094972,TARGET,3.699999999999971,4.499999999999972,30.20418930053711,31.9399356842041,8.226438522338867,1.2974655637984016,1.9451355329486395,0.003217337202636967,0.5373760898202089,0.0,1465.5734512478393,0.7399999999999942,0.8999999999999942,50000.0,5.0,250000.0,1849.9999999999854,2249.9999999999854
2026-01-20,QUICKHEAL,SHORT,A_MOD_BREAK_C1_LOW,MODERATE,2026-01-20 12:45:00+05:30,2026-01-20 13:00:00+05:30,205.5500061035156,206.88608114318845,203.70005604858397,2026-01-20 13:32:00+05:30,203.70005604858397,TARGET,3.6999999999999975,4.499999999999997,66.3116226196289,20.480491638183594,3.425201177597046,2.0214366620189437,2.3062484654755395,0.009566622126320076,0.96,0.0,206.88608114318845,0.7399999999999995,0.8999999999999995,50000.0,5.0,250000.0,1849.9999999999989,2249.9999999999986
2026-01-20,CRISIL,SHORT,A_MOD_BREAK_C1_LOW,MODERATE,2026-01-20 13:00:00+05:30,2026-01-20 13:15:00+05:30,4746.150677636719,4777.000657041357,4703.435321537988,2026-01-20 15:30:00+05:30,4777.000657041357,SL,-4.049999999999967,-3.249999999999967,23.008474349975586,33.70185852050781,12.200440406799316,2.0907566573470096,1.5900798453199239,0.004428635211653823,0.53463110751563,0.0,4777.000657041357,-0.8099999999999934,-0.6499999999999935,50000.0,5.0,250000.0,-2024.9999999999834,-1624.9999999999836
2026-01-20,IDEAFORGE,SHORT,A_MOD_BREAK_C1_LOW,MODERATE,2026-01-20 13:00:00+05:30,2026-01-20 13:15:00+05:30,429.8140138977051,432.60780498804013,425.9456877726257,2026-01-20 13:50:00+05:30,425.9456877726257,TARGET,3.700000000000021,4.50000000000002,46.6905632019043,22.162630081176758,2.9006385803222656,2.83443098696102,2.968497210057095,0.006514625948883217,0.9103584480285645,0.0,432.60780498804013,0.7400000000000042,0.9000000000000041,50000.0,5.0,250000.0,1850.0000000000105,2250.0000000000105
2026-01-20,ORCHPHARMA,SHORT,A_MOD_BREAK_C1_LOW,MODERATE,2026-01-20 13:00:00+05:30,2026-01-20 13:15:00+05:30,688.3623,692.83665495,682.1670393,2026-01-20 14:40:00+05:30,692.83665495,SL,-4.050000000000015,-3.2500000000000147,34.6605224609375,20.0622501373291,3.117271661758423,1.119156984901985,3.3461190579902436,0.005187266272916773,0.5757603092719099,0.0,692.83665495,-0.8100000000000029,-0.6500000000000029,50000.0,5.0,250000.0,-2025.0000000000073,-1625.0000000000073
2026-01-20,HAVELLS,SHORT,A_MOD_BREAK_C1_LOW,MODERATE,2026-01-20 13:15:00+05:30,2026-01-20 13:30:00+05:30,1356.8285555908203,1365.6479412021606,1344.617098590503,2026-01-20 15:18:00+05:30,1344.617098590503,TARGET,3.6999999999999678,4.499999999999967,54.687767028808594,19.63445472717285,5.807662010192871,3.345518196997066,3.2859903909052757,0.007848834863722318,0.96,0.0,1365.6479412021606,0.7399999999999936,0.8999999999999935,50000.0,5.0,250000.0,1849.9999999999839,2249.9999999999836
2026-01-20,NAM-INDIA,SHORT,A_MOD_BREAK_C1_LOW,MODERATE,2026-01-20 13:30:00+05:30,2026-01-20 13:45:00+05:30,850.4798944091797,856.0080137228393,842.8255753594971,2026-01-20 14:33:00+05:30,856.0080137228393,SL,-4.0499999999999945,-3.2499999999999947,25.079734802246094,27.998071670532227,6.649903774261475,2.640099366157902,2.865090620531767,0.005195565005166831,0.5861960220336915,0.0,856.0080137228393,-0.8099999999999989,-0.6499999999999989,50000.0,5.0,250000.0,-2024.9999999999973,-1624.9999999999973
2026-01-20,RATNAMANI,SHORT,A_MOD_BREAK_C1_LOW,MODERATE,2026-01-20 13:30:00+05:30,2026-01-20 13:45:00+05:30,2081.983422363281,2095.5163146086425,2063.2455715620117,2026-01-20 13:52:00+05:30,2063.2455715620117,TARGET,3.699999999999959,4.499999999999959,21.782119750976562,33.314029693603516,6.65342903137207,3.185095933849023,2.133338975054183,0.0063994533438190854,0.5367317962646485,0.0,2095.5163146086425,0.7399999999999918,0.8999999999999918,50000.0,5.0,250000.0,1849.9999999999795,2249.9999999999795
2026-01-20,GRSE,SHORT,A_MOD_BREAK_C1_LOW,MODERATE,2026-01-20 13:45:00+05:30,2026-01-20 14:00:00+05:30,2284.4429223632815,2299.2918013586427,2263.882936062012,2026-01-20 14:35:00+05:30,2299.2918013586427,SL,-4.049999999999981,-3.249999999999982,49.64115524291992,13.872248649597168,2.574775457382202,3.8968976872804784,3.2572867990190506,0.005649280047479264,0.9546173286437987,0.0,2299.2918013586427,-0.8099999999999963,-0.6499999999999964,50000.0,5.0,250000.0,-2024.9999999999907,-1624.999999999991
2026-01-20,JSL,SHORT,A_MOD_BREAK_C1_LOW,MODERATE,2026-01-20 13:45:00+05:30,2026-01-20 14:00:00+05:30,770.9957944091797,776.0072670728393,764.056832259497,2026-01-20 14:04:00+05:30,764.056832259497,TARGET,3.7000000000000233,4.500000000000023,44.196937561035156,19.970294952392578,2.837437152862549,3.6291503245580623,3.707337321988632,0.005936969379775681,0.8729540634155273,0.0,776.0072670728393,0.7400000000000047,0.9000000000000046,50000.0,5.0,250000.0,1850.0000000000116,2250.0000000000114
2026-01-20,OLECTRA,SHORT,A_MOD_BREAK_C1_LOW,MODERATE,2026-01-20 13:45:00+05:30,2026-01-20 14:00:00+05:30,1045.7908,1052.5884402,1036.3786828,2026-01-20 14:10:00+05:30,1036.3786828,TARGET,3.7000000000000055,4.500000000000005,45.948448181152344,24.693649291992188,7.379397392272949,2.8392291894339814,2.828712565339916,0.0055873942807843375,0.899226722717285,0.0,1052.5884402,0.7400000000000011,0.9000000000000011,50000.0,5.0,250000.0,1850.0000000000027,2250.0000000000027
2026-01-20,PREMEXPLN,SHORT,A_MOD_BREAK_C1_LOW,MODERATE,2026-01-20 13:45:00+05:30,2026-01-20 14:00:00+05:30,472.7054277954102,475.7780130760803,468.4510789452515,2026-01-20 14:04:00+05:30,468.4510789452515,TARGET,3.700000000000001,4.500000000000001,71.50395965576172,15.250834465026855,8.821649551391602,3.177374948101559,2.888234749917999,0.007671396525667284,0.96,0.0,475.7780130760803,0.7400000000000002,0.9000000000000001,50000.0,5.0,250000.0,1850.0000000000005,2250.0000000000005
2026-01-20,UNICHEMLAB,SHORT,A_MOD_BREAK_C1_LOW,MODERATE,2026-01-20 13:45:00+05:30,2026-01-20 14:00:00+05:30,390.5218861022949,393.0602783619598,387.00718912737426,2026-01-20 14:01:00+05:30,387.00718912737426,TARGET,3.699999999999981,4.4999999999999805,23.53946304321289,28.697551727294922,4.417701721191406,2.8421536034385735,2.728247286285498,0.0038311157980537975,0.5630919456481933,0.0,393.0602783619598,0.7399999999999962,0.8999999999999961,50000.0,5.0,250000.0,1849.9999999999905,2249.9999999999905
2026-01-20,ADANIENT,SHORT,A_MOD_BREAK_C1_LOW,MODERATE,2026-01-20 14:00:00+05:30,2026-01-20 14:15:00+05:30,2077.3844888183594,2090.887487995679,2058.6880284189942,2026-01-20 15:12:00+05:30,2058.6880284189942,TARGET,3.6999999999999797,4.49999999999998,39.534175872802734,25.730731964111328,8.45580768585205,3.382392797121114,3.3185882056875413,0.0038789136298520454,0.803012638092041,0.0,2090.887487995679,0.739999999999996,0.8999999999999959,50000.0,5.0,250000.0,1849.99999999999,2249.99999999999
2026-01-20,ASHOKA,SHORT,A_MOD_BREAK_C1_LOW,MODERATE,2026-01-20 14:00:00+05:30,2026-01-20 14:15:00+05:30,142.7500030517578,143.67787807159422,141.46525302429197,2026-01-20 14:38:00+05:30,143.67787807159422,SL,-4.049999999999983,-3.2499999999999822,45.57138442993164,26.957813262939453,5.143387794494629,3.0135593436454555,2.830772561978388,0.004641871476681034,0.8935707664489745,0.0,143.67787807159422,-0.8099999999999965,-0.6499999999999965,50000.0,5.0,250000.0,-2024.9999999999911,-1624.9999999999914
2026-01-20,BAYERCROP,SHORT,A_MOD_BREAK_C1_LOW,MODERATE,2026-01-20 14:00:00+05:30,2026-01-20 14:15:00+05:30,4326.1346,4354.2544749,4287.1993886,2026-01-20 14:22:00+05:30,4287.1993886,TARGET,3.7000000000000344,4.500000000000035,39.40068054199219,33.858154296875,34.35090637207031,1.5204129493161287,1.591401599702381,0.0048532470533857175,0.6966525542453244,0.0,4354.2544749,0.7400000000000069,0.9000000000000069,50000.0,5.0,250000.0,1850.0000000000173,2250.0000000000173
2026-01-20,BOMDYEING,SHORT,A_MOD_BREAK_C1_LOW,MODERATE,2026-01-20 14:00:00+05:30,2026-01-20 14:15:00+05:30,116.85000152587891,117.60952653579712,115.798351512146,2026-01-20 15:30:00+05:30,117.0,EOD,-1.4418419861461043,-0.6418419861461044,57.39714813232422,16.224084854125977,4.046554088592529,3.5298549164794317,3.9634786449383643,0.004943168129369729,0.96,0.0,117.60952653579712,-0.28836839722922086,-0.1283683972292209,50000.0,5.0,250000.0,-720.9209930730522,-320.9209930730522
2026-01-20,DCW,SHORT,A_MOD_BREAK_C1_LOW,MODERATE,2026-01-20 14:00:00+05:30,2026-01-20 14:15:00+05:30,49.03000183105469,49.34869684295654,48.5887318145752,2026-01-20 15:19:00+05:30,48.5887318145752,TARGET,3.7000000000000055,4.500000000000005,52.06982421875,18.75687026977539,8.556336402893066,3.961783471264441,4.053513400542365,0.006388979494098722,0.96,0.0,49.34869684295654,0.7400000000000011,0.900000000000001,50000.0,5.0,250000.0,1850.0000000000027,2250.0000000000023
2026-01-20,HGINFRA,SHORT,A_MOD_BREAK_C1_LOW,MODERATE,2026-01-20 14:00:00+05:30,2026-01-20 14:15:00+05:30,658.3683,662.64769395,652.4429852999999,2026-01-20 14:23:00+05:30,662.64769395,SL,-4.049999999999989,-3.249999999999989,34.836429595947266,18.480154037475586,3.8224077224731445,4.282157446056368,4.678645790478028,0.006054825265407362,0.7325464439392089,0.0,662.64769395,-0.8099999999999978,-0.6499999999999978,50000.0,5.0,250000.0,-2024.9999999999948,-1624.9999999999945
2026-01-20,ITC,SHORT,A_MOD_BREAK_C1_LOW,MODERATE,2026-01-20 14:00:00+05:30,2026-01-20 14:15:00+05:30,322.63547220458986,324.73260277391967,319.7317529547486,2026-01-20 15:04:00+05:30,319.7317529547486,TARGET,3.6999999999999678,4.499999999999967,29.761932373046875,36.90546798706055,7.570104122161865,2.247599882907786,1.8131875735141494,0.0027332025198489544,0.6470883642714107,0.0,324.73260277391967,0.7399999999999936,0.8999999999999935,50000.0,5.0,250000.0,1849.9999999999839,2249.9999999999836
2026-01-20,KECL,SHORT,A_MOD_BREAK_C1_LOW,MODERATE,2026-01-20 14:00:00+05:30,2026-01-20 14:15:00+05:30,83.95,84.495675,83.19445,2026-01-20 14:24:00+05:30,83.19445,TARGET,3.6999999999999975,4.499999999999997,63.65901184082031,16.898521423339844,5.836139678955078,3.7254956191943,3.7437185396266615,0.006274309740641386,0.96,0.0,84.495675,0.7399999999999995,0.8999999999999995,50000.0,5.0,250000.0,1849.9999999999989,2249.9999999999986
2026-01-20,MANINDS,SHORT,A_MOD_BREAK_C1_LOW,MODERATE,2026-01-20 14:00:00+05:30,2026-01-20 14:15:00+05:30,327.13457220458986,329.2609469239197,324.19036105474856,2026-01-20 14:40:00+05:30,329.2609469239197,SL,-4.049999999999974,-3.2499999999999742,34.106849670410156,21.25395393371582,8.42179012298584,3.422760285141884,3.632897202122906,0.005943286691913168,0.7216027450561524,0.0,329.2609469239197,-0.8099999999999947,-0.6499999999999948,50000.0,5.0,250000.0,-2024.9999999999868,-1624.9999999999868
2026-01-20,MONTECARLO,SHORT,A_MOD_BREAK_C1_LOW,MODERATE,2026-01-20 14:00:00+05:30,2026-01-20 14:15:00+05:30,557.9883555908203,561.6152799021606,552.9664603905029,2026-01-20 15:03:00+05:30,552.9664603905029,TARGET,3.7000000000000433,4.500000000000043,49.323707580566406,23.908645629882812,1.847428798675537,3.3368962598985608,3.622898088245036,0.00663516326413178,0.9498556137084961,0.0,561.6152799021606,0.7400000000000087,0.9000000000000086,50000.0,5.0,250000.0,1850.0000000000216,2250.0000000000214
2026-01-20,RPGLIFE,SHORT,A_MOD_BREAK_C1_LOW,MODERATE,2026-01-20 14:00:00+05:30,2026-01-20 14:15:00+05:30,2246.750511181641,2261.3543895043213,2226.529756581006,2026-01-20 15:06:00+05:30,2226.529756581006,TARGET,3.7000000000000055,4.500000000000005,24.998598098754883,26.483646392822266,38.99952697753906,2.1715151166627598,2.5644771903173913,0.0057745925055609805,0.5849789714813232,0.0,2261.3543895043213,0.7400000000000011,0.900000000000001,50000.0,5.0,250000.0,1850.0000000000027,2250.0000000000023
2026-01-20,UBL,SHORT,A_MOD_BREAK_C1_LOW,MODERATE,2026-01-20 14:00:00+05:30,2026-01-20 14:15:00+05:30,1459.708,1469.196102,1446.5706280000002,2026-01-20 15:30:00+05:30,1458.0,EOD,-0.21495148344734571,0.5850485165526541,62.14719772338867,18.643892288208008,3.3373231887817383,3.6522842664194584,3.931976279514934,0.004232163439924092,0.96,0.0,1469.196102,-0.042990296689469146,0.11700970331053083,50000.0,5.0,250000.0,-107.47574172367287,292.5242582763271
2026-01-20,ZEEL,SHORT,A_MOD_BREAK_C1_LOW,MODERATE,2026-01-20 14:00:00+05:30,2026-01-20 14:15:00+05:30,84.64999694824219,85.20022192840577,83.88814697570801,2026-01-20 15:05:00+05:30,83.88814697570801,TARGET,3.6999999999999975,4.499999999999997,56.0953483581543,19.761110305786133,2.8872909545898438,4.003248493609219,3.6788449788078386,0.004197215260305939,0.96,0.0,85.20022192840577,0.7399999999999995,0.8999999999999995,50000.0,5.0,250000.0,1849.9999999999989,2249.9999999999986
2026-01-21,LUMAXIND,SHORT,A_MOD_BREAK_C1_LOW,MODERATE,2026-01-21 10:00:00+05:30,2026-01-21 10:15:00+05:30,5028.994,5061.682460999999,4983.733053999999,2026-01-21 10:30:00+05:30,4983.733053999999,TARGET,3.700000000000033,4.500000000000034,53.97002410888672,13.051009178161621,19.16199493408203,1.6171330620536786,4.5714866512011065,0.0067305236646897785,0.8929982858593937,0.0,5061.682460999999,0.7400000000000067,0.9000000000000067,50000.0,5.0,250000.0,1850.0000000000166,2250.000000000017
2026-01-21,SAMHI,SHORT,A_MOD_BREAK_C1_LOW,MODERATE,2026-01-21 10:00:00+05:30,2026-01-21 10:15:00+05:30,175.9899932861328,177.13392824249266,174.4060833465576,2026-01-21 10:16:00+05:30,174.4060833465576,TARGET,3.699999999999993,4.499999999999994,26.662864685058594,15.1875638961792,13.071236610412598,1.1448014981455326,3.4876207590802872,0.007201214546969517,0.4602832324513471,0.0,177.13392824249266,0.7399999999999987,0.8999999999999987,50000.0,5.0,250000.0,1849.9999999999966,2249.999999999997
2026-01-21,TRENT,SHORT,A_MOD_BREAK_C1_LOW,MODERATE,2026-01-21 10:00:00+05:30,2026-01-21 10:15:00+05:30,3762.147322363281,3786.6012799586424,3728.2879964620115,2026-01-21 10:32:00+05:30,3728.2879964620115,TARGET,3.7000000000000077,4.500000000000007,42.67949676513672,17.70162582397461,3.9330153465270996,1.3771153921946382,3.6767549842782916,0.005146601603212308,0.7411876451111123,0.0,3786.6012799586424,0.7400000000000015,0.9000000000000015,50000.0,5.0,250000.0,1850.0000000000039,2250.0000000000036
2026-01-21,EKC,SHORT,A_MOD_BREAK_C1_LOW,MODERATE,2026-01-21 10:15:00+05:30,2026-01-21 10:30:00+05:30,101.60000152587891,102.26040153579712,100.685601512146,2026-01-21 10:45:00+05:30,100.685601512146,TARGET,3.7000000000000277,4.5000000000000275,37.97166442871094,22.912736892700195,14.59460163116455,0.8202193105693146,2.4479031552429533,0.008535170557635356,0.5731133457802942,0.0,102.26040153579712,0.7400000000000055,0.9000000000000055,50000.0,5.0,250000.0,1850.0000000000139,2250.0000000000136
2026-01-21,RPSGVENT,SHORT,A_MOD_BREAK_C1_LOW,MODERATE,2026-01-21 10:15:00+05:30,2026-01-21 10:30:00+05:30,654.9189777954101,659.1759511510802,649.0247069952514,2026-01-21 10:46:00+05:30,659.1759511510802,SL,-4.049999999999937,-3.2499999999999374,27.431577682495117,17.021028518676758,9.621414184570312,1.5570424655372486,4.267665782662921,0.008072596110373819,0.5439560967064452,0.0,659.1759511510802,-0.8099999999999874,-0.6499999999999875,50000.0,5.0,250000.0,-2024.9999999999686,-1624.9999999999686
2026-01-21,CHEMCON,SHORT,A_MOD_BREAK_C1_LOW,MODERATE,2026-01-21 10:30:00+05:30,2026-01-21 10:45:00+05:30,170.5000030517578,171.60825307159422,168.965503024292,2026-01-21 10:53:00+05:30,168.965503024292,TARGET,3.699999999999972,4.499999999999972,39.546592712402344,23.570829391479492,5.091865062713623,1.3485837328918568,2.8989739644192505,0.008602411283406839,0.6892010439421101,0.0,171.60825307159422,0.7399999999999944,0.8999999999999944,50000.0,5.0,250000.0,1849.9999999999861,2249.999999999986
2026-01-21,CHOICEIN,SHORT,A_MOD_BREAK_C1_LOW,MODERATE,2026-01-21 10:30:00+05:30,2026-01-21 10:45:00+05:30,783.8931777954101,788.9884834510802,776.8381391952514,2026-01-21 11:45:00+05:30,776.8381391952514,TARGET,3.7000000000000033,4.500000000000003,37.680599212646484,16.10321807861328,6.5032830238342285,1.4295504231302945,3.227168635854297,0.005871661337118019,0.6753803122374986,0.0,788.9884834510802,0.7400000000000007,0.9000000000000006,50000.0,5.0,250000.0,1850.0000000000016,2250.0000000000014
2026-01-21,CSBBANK,SHORT,A_MOD_BREAK_C1_LOW,MODERATE,2026-01-21 10:30:00+05:30,2026-01-21 10:45:00+05:30,475.9048,478.9981812,471.62165680000004,2026-01-21 10:50:00+05:30,471.62165680000004,TARGET,3.6999999999999824,4.499999999999982,21.122127532958984,24.229679107666016,19.195829391479492,2.1037804537393026,2.7909770915680774,0.010395752545543882,0.5268319129943848,0.0,478.9981812,0.7399999999999964,0.8999999999999965,50000.0,5.0,250000.0,1849.9999999999911,2249.9999999999914
2026-01-21,DWARKESH,SHORT,A_MOD_BREAK_C1_LOW,MODERATE,2026-01-21 10:30:00+05:30,2026-01-21 10:45:00+05:30,32.85999984741211,33.07358984642029,32.564259848785404,2026-01-21 10:46:00+05:30,32.564259848785404,TARGET,3.699999999999981,4.4999999999999805,46.102989196777344,15.90260124206543,7.954501152038574,1.3225525289828686,3.433859852052138,0.005447762681057577,0.7829915305236621,0.0,33.07358984642029,0.7399999999999962,0.8999999999999961,50000.0,5.0,250000.0,1849.9999999999905,2249.9999999999905
2026-01-21,EMIL,SHORT,A_MOD_BREAK_C1_LOW,MODERATE,2026-01-21 10:30:00+05:30,2026-01-21 10:45:00+05:30,87.93999786376953,88.51160784988403,87.14853788299561,2026-01-21 10:57:00+05:30,87.14853788299561,TARGET,3.6999999999999797,4.49999999999998,55.14443588256836,17.995492935180664,21.65894317626953,0.8039599945851665,2.71890021805369,0.009220239818575152,0.750692999052404,0.0,88.51160784988403,0.739999999999996,0.8999999999999959,50000.0,5.0,250000.0,1849.99999999999,2249.99999999999
2026-01-21,FILATEX,SHORT,A_MOD_BREAK_C1_LOW,MODERATE,2026-01-21 10:30:00+05:30,2026-01-21 10:45:00+05:30,42.459998321533206,42.73598831062317,42.07785833663941,2026-01-21 10:55:00+05:30,42.07785833663941,TARGET,3.699999999999981,4.4999999999999805,26.449565887451172,32.84898376464844,32.075565338134766,1.11243677880036,1.5145698057255448,0.006754720822657311,0.4271484148881078,0.0,42.73598831062317,0.7399999999999962,0.8999999999999961,50000.0,5.0,250000.0,1849.9999999999905,2249.9999999999905
2026-01-21,FINCABLES,SHORT,A_MOD_BREAK_C1_LOW,MODERATE,2026-01-21 10:30:00+05:30,2026-01-21 10:45:00+05:30,713.7072055908203,718.3463024271606,707.2838407405029,2026-01-21 10:55:00+05:30,707.2838407405029,TARGET,3.700000000000011,4.500000000000011,79.41358947753906,10.143109321594238,3.9905717372894287,0.8657133933532211,3.3277004235424883,0.006524412835112368,0.7614998438368137,0.0,718.3463024271606,0.7400000000000022,0.9000000000000021,50000.0,5.0,250000.0,1850.0000000000055,2250.0000000000055
2026-01-21,GICHSGFIN,SHORT,A_MOD_BREAK_C1_LOW,MODERATE,2026-01-21 10:30:00+05:30,2026-01-21 10:45:00+05:30,161.45,162.49942499999997,159.99695,2026-01-21 12:10:00+05:30,162.49942499999997,SL,-4.049999999999954,-3.249999999999954,46.77907943725586,27.032163619995117,24.733989715576172,0.7399419885785309,1.992357300096115,0.0060908626862001825,0.6907939045648865,0.0,162.49942499999997,-0.8099999999999907,-0.6499999999999908,50000.0,5.0,250000.0,-2024.9999999999768,-1624.999999999977
2026-01-21,HIMATSEIDE,SHORT,A_MOD_BREAK_C1_LOW,MODERATE,2026-01-21 10:30:00+05:30,2026-01-21 10:45:00+05:30,95.7999984741211,96.42269846420288,94.93779848785401,2026-01-21 10:51:00+05:30,94.93779848785401,TARGET,3.699999999999981,4.4999999999999805,54.765071868896484,24.807767868041992,36.92565155029297,1.030037290251695,2.3979768398580417,0.009262713995648231,0.7902565257940466,0.0,96.42269846420288,0.7399999999999962,0.8999999999999961,50000.0,5.0,250000.0,1849.9999999999905,2249.9999999999905
2026-01-21,IOLCP,SHORT,A_MOD_BREAK_C1_LOW,MODERATE,2026-01-21 10:30:00+05:30,2026-01-21 10:45:00+05:30,70.45,70.907925,69.81595,2026-01-21 10:46:00+05:30,69.81595,TARGET,3.7000000000000144,4.500000000000014,45.68397521972656,24.01173210144043,18.431873321533203,1.1858035225017833,1.9758169514403623,0.010367509804393363,0.7515660923057286,0.0,70.907925,0.7400000000000029,0.9000000000000029,50000.0,5.0,250000.0,1850.0000000000073,2250.0000000000073
2026-01-21,KSB,SHORT,A_MOD_BREAK_C1_LOW,MODERATE,2026-01-21 10:30:00+05:30,2026-01-21 10:45:00+05:30,687.0125944091797,691.4781762728393,680.8294810594971,2026-01-21 10:49:00+05:30,680.8294810594971,TARGET,3.6999999999999664,4.499999999999967,66.12772369384766,12.876324653625488,15.364163398742676,1.1989665605784117,3.078453643676353,0.00762022896240055,0.819819148101222,0.0,691.4781762728393,0.7399999999999933,0.8999999999999934,50000.0,5.0,250000.0,1849.9999999999834,2249.999999999983
2026-01-21,MTNL,SHORT,A_MOD_BREAK_C1_LOW,MODERATE,2026-01-21 10:30:00+05:30,2026-01-21 10:45:00+05:30,30.259999465942382,30.456689462471005,29.987659470748902,2026-01-21 10:53:00+05:30,29.987659470748902,TARGET,3.699999999999979,4.499999999999979,74.84420776367188,11.279159545898438,19.346553802490234,1.4450625927528076,2.9600104225924846,0.010769669658978518,0.8628859537317413,0.0,30.456689462471005,0.7399999999999958,0.8999999999999958,50000.0,5.0,250000.0,1849.9999999999895,2249.9999999999895
2026-01-21,MUNJALAU,SHORT,A_MOD_BREAK_C1_LOW,MODERATE,2026-01-21 10:30:00+05:30,2026-01-21 10:45:00+05:30,68.86000366210938,69.30759368591309,68.24026362915039,2026-01-21 11:38:00+05:30,68.24026362915039,TARGET,3.700000000000018,4.500000000000018,35.871646881103516,21.429351806640625,14.297626495361328,1.0331463498635451,2.5264043954445894,0.008530018122299858,0.5788753144426733,0.0,69.30759368591309,0.7400000000000035,0.9000000000000036,50000.0,5.0,250000.0,1850.0000000000089,2250.000000000009
2026-01-21,NH,SHORT,A_MOD_BREAK_C1_LOW,MODERATE,2026-01-21 10:30:00+05:30,2026-01-21 10:45:00+05:30,1778.0443444091798,1789.6016326478393,1762.0419453094971,2026-01-21 10:46:00+05:30,1762.0419453094971,TARGET,3.7000000000000055,4.500000000000005,56.82628631591797,21.673810958862305,9.110147476196289,1.1676963832194822,2.6354489458859938,0.006148020877904931,0.8143468670634093,0.0,1789.6016326478393,0.7400000000000011,0.900000000000001,50000.0,5.0,250000.0,1850.0000000000027,2250.0000000000023
2026-01-21,POLYPLEX,SHORT,A_MOD_BREAK_C1_LOW,MODERATE,2026-01-21 10:30:00+05:30,2026-01-21 10:45:00+05:30,819.0361722045899,824.3599073239196,811.6648466547485,2026-01-21 10:53:00+05:30,811.6648466547485,TARGET,3.700000000000021,4.500000000000021,37.73563003540039,27.181167602539062,45.76713943481445,0.868647372401573,1.9222498002163895,0.007146335038214513,0.5741602307121005,0.0,824.3599073239196,0.7400000000000042,0.9000000000000042,50000.0,5.0,250000.0,1850.0000000000105,2250.0000000000105
2026-01-21,RPGLIFE,SHORT,A_MOD_BREAK_C1_LOW,MODERATE,2026-01-21 10:30:00+05:30,2026-01-21 10:45:00+05:30,2189.562,2203.794153,2169.8559419999997,2026-01-21 11:04:00+05:30,2203.794153,SL,-4.049999999999984,-3.2499999999999836,45.00142288208008,18.18342399597168,7.125094413757324,1.0484439086443642,2.947553358515054,0.007778146474959088,0.7184990272439649,0.0,2203.794153,-0.8099999999999967,-0.6499999999999967,50000.0,5.0,250000.0,-2024.9999999999916,-1624.9999999999916
2026-01-21,THYROCARE,SHORT,A_MOD_BREAK_C1_LOW,MODERATE,2026-01-21 10:30:00+05:30,2026-01-21 10:45:00+05:30,458.4083,461.38795395,454.2826253,2026-01-21 10:46:00+05:30,454.2826253,TARGET,3.6999999999999886,4.499999999999989,33.12576675415039,22.293901443481445,46.170448303222656,0.8440451226234703,2.4809963796823387,0.010920700356120501,0.5045943977713632,0.0,461.38795395,0.7399999999999978,0.8999999999999978,50000.0,5.0,250000.0,1849.9999999999945,2249.9999999999945
2026-01-21,AEROFLEX,SHORT,A_MOD_BREAK_C1_LOW,MODERATE,2026-01-21 10:45:00+05:30,2026-01-21 11:00:00+05:30,165.34999389648436,166.4247688568115,163.861843951416,2026-01-21 11:10:00+05:30,163.861843951416,TARGET,3.6999999999999957,4.499999999999995,34.680599212646484,23.121442794799805,12.765735626220703,1.2608463183448966,2.1350569632702725,0.010045718229377923,0.6008570939000542,0.0,166.4247688568115,0.7399999999999991,0.899999999999999,50000.0,5.0,250000.0,1849.9999999999977,2249.9999999999977
2026-01-21,AVANTIFEED,SHORT,A_MOD_BREAK_C1_LOW,MODERATE,2026-01-21 10:45:00+05:30,2026-01-21 11:00:00+05:30,745.3509,750.19568085,738.6427419,2026-01-21 12:09:00+05:30,750.19568085,SL,-4.050000000000003,-3.250000000000004,33.062835693359375,19.366640090942383,3.8394181728363037,1.4558391259296246,3.706572732250139,0.010300434442150936,0.610714382438075,0.0,750.19568085,-0.8100000000000007,-0.6500000000000008,50000.0,5.0,250000.0,-2025.0000000000016,-1625.000000000002
2026-01-21,CERA,SHORT,A_MOD_BREAK_C1_LOW,MODERATE,2026-01-21 10:45:00+05:30,2026-01-21 11:00:00+05:30,4875.0248,4906.7124612,4831.1495768,2026-01-21 11:50:00+05:30,4831.1495768,TARGET,3.69999999999997,4.49999999999997,38.8193359375,21.807170867919922,6.772486686706543,1.4393736702534528,2.7027245074511437,0.0063942928016919205,0.6941804313568543,0.0,4906.7124612,0.739999999999994,0.899999999999994,50000.0,5.0,250000.0,1849.999999999985,2249.999999999985
2026-01-21,DOMS,SHORT,A_MOD_BREAK_C1_LOW,MODERATE,2026-01-21 10:45:00+05:30,2026-01-21 11:00:00+05:30,2352.929222363281,2368.2232623086425,2331.7528593620113,2026-01-21 11:05:00+05:30,2368.2232623086425,SL,-4.050000000000019,-3.2500000000000195,51.42412185668945,18.47930145263672,5.237417697906494,1.1325295624847773,3.3830951632950006,0.010016073519650651,0.8081926734348359,0.0,2368.2232623086425,-0.8100000000000038,-0.6500000000000039,50000.0,5.0,250000.0,-2025.0000000000093,-1625.0000000000098
2026-01-21,EPIGRAL,SHORT,A_MOD_BREAK_C1_LOW,MODERATE,2026-01-21 10:45:00+05:30,2026-01-21 11:00:00+05:30,1087.9823111816406,1095.0541962043212,1078.1904703810058,2026-01-21 11:30:00+05:30,1078.1904703810058,TARGET,3.700000000000049,4.500000000000049,56.450565338134766,22.81813621520996,15.120307922363281,1.5224708805668632,2.2407523452206446,0.008414958054733988,0.8764324040992011,0.0,1095.0541962043212,0.7400000000000098,0.9000000000000098,50000.0,5.0,250000.0,1850.0000000000243,2250.0000000000246
2026-01-21,EUREKAFORB,SHORT,A_MOD_BREAK_C1_LOW,MODERATE,2026-01-21 10:45:00+05:30,2026-01-21 11:00:00+05:30,521.7456055908203,525.1369520271606,517.0498951405029,2026-01-21 12:05:00+05:30,525.1369520271606,SL,-4.049999999999981,-3.249999999999982,56.25053405761719,18.047048568725586,3.9016830921173096,1.2470909692164487,3.0863806920308234,0.007179753128956618,0.8282409196128784,0.0,525.1369520271606,-0.8099999999999963,-0.6499999999999964,50000.0,5.0,250000.0,-2024.9999999999907,-1624.999999999991
2026-01-21,GARUDA,SHORT,A_MOD_BREAK_C1_LOW,MODERATE,2026-01-21 10:45:00+05:30,2026-01-21 11:00:00+05:30,168.72999877929686,169.8267437713623,167.21142879028318,2026-01-21 11:05:00+05:30,169.8267437713623,SL,-4.049999999999985,-3.249999999999985,25.14868927001953,26.889909744262695,31.059045791625977,1.5577830767901548,1.7958816088062886,0.012191433913636139,0.4996364579288845,0.0,169.8267437713623,-0.809999999999997,-0.649999999999997,50000.0,5.0,250000.0,-2024.9999999999925,-1624.9999999999925
2026-01-21,GMBREW,SHORT,A_MOD_BREAK_C1_LOW,MODERATE,2026-01-21 10:45:00+05:30,2026-01-21 11:00:00+05:30,942.2115444091797,948.3359194478394,933.7316405094971,2026-01-21 11:07:00+05:30,948.3359194478394,SL,-4.04999999999999,-3.2499999999999902,50.233795166015625,30.88152503967285,42.800811767578125,0.926908273616472,1.34922246997051,0.011251879791497641,0.7396700713814082,0.0,948.3359194478394,-0.809999999999998,-0.649999999999998,50000.0,5.0,250000.0,-2024.9999999999952,-1624.9999999999952
2026-01-21,HEG,SHORT,A_MOD_BREAK_C1_LOW,MODERATE,2026-01-21 10:45:00+05:30,2026-01-21 11:00:00+05:30,550.8898,554.4705837,545.9317918,2026-01-21 11:24:00+05:30,554.4705837,SL,-4.049999999999985,-3.2499999999999845,37.803810119628906,30.2089786529541,38.006866455078125,0.8165746118344819,1.8986369240604595,0.009685571642889492,0.5648895550684909,0.0,554.4705837,-0.809999999999997,-0.6499999999999969,50000.0,5.0,250000.0,-2024.9999999999925,-1624.9999999999923
2026-01-21,INDRAMEDCO,SHORT,A_MOD_BREAK_C1_LOW,MODERATE,2026-01-21 10:45:00+05:30,2026-01-21 11:00:00+05:30,378.9741777954101,381.4375099510803,375.56341019525144,2026-01-21 11:11:00+05:30,381.4375099510803,SL,-4.05000000000001,-3.2500000000000098,57.43370819091797,25.658897399902344,36.570640563964844,1.0182199833126295,2.178772624702151,0.010204086561879313,0.7881884970797102,0.0,381.4375099510803,-0.8100000000000018,-0.6500000000000019,50000.0,5.0,250000.0,-2025.0000000000045,-1625.0000000000048
2026-01-21,JGCHEM,SHORT,A_MOD_BREAK_C1_LOW,MODERATE,2026-01-21 10:45:00+05:30,2026-01-21 11:00:00+05:30,312.7874361022949,314.8205544369598,309.97234917737427,2026-01-21 11:58:00+05:30,309.97234917737427,TARGET,3.699999999999992,4.499999999999992,30.76641845703125,31.377155303955078,2.897425889968872,1.3661939724629497,2.2425204971252417,0.012603043616236853,0.5605802220364848,0.0,314.8205544369598,0.7399999999999984,0.8999999999999984,50000.0,5.0,250000.0,1849.9999999999961,2249.999999999996
2026-01-21,JINDALPOLY,SHORT,A_MOD_BREAK_C1_LOW,MODERATE,2026-01-21 10:45:00+05:30,2026-01-21 11:00:00+05:30,371.02578610229494,373.43745371195985,367.6865540273743,2026-01-21 11:11:00+05:30,373.43745371195985,SL,-4.04999999999998,-3.2499999999999805,43.394622802734375,20.984174728393555,20.708580017089844,2.10541799654853,3.0033139416971144,0.008353542482425255,0.8609193420410155,0.0,373.43745371195985,-0.8099999999999961,-0.6499999999999961,50000.0,5.0,250000.0,-2024.9999999999905,-1624.9999999999905
2026-01-21,KELLTONTEC,SHORT,A_MOD_BREAK_C1_LOW,MODERATE,2026-01-21 10:45:00+05:30,2026-01-21 11:00:00+05:30,14.95,15.047175,14.815449999999998,2026-01-21 11:08:00+05:30,15.047175,SL,-4.050000000000001,-3.250000000000001,58.91325378417969,21.017032623291016,34.81965637207031,0.8551168484160128,1.7455283261420627,0.012688908061606474,0.7469218647799054,0.0,15.047175,-0.81,-0.6500000000000001,50000.0,5.0,250000.0,-2025.0000000000002,-1625.0000000000005
2026-01-21,KPITTECH,SHORT,A_MOD_BREAK_C1_LOW,MODERATE,2026-01-21 10:45:00+05:30,2026-01-21 11:00:00+05:30,1092.8813555908202,1099.9850844021605,1083.045423390503,2026-01-21 11:14:00+05:30,1099.9850844021605,SL,-4.049999999999968,-3.249999999999968,45.790931701660156,21.44610023498535,4.033029079437256,1.665386939967698,3.234673013184057,0.007512954945593209,0.8383066900192495,0.0,1099.9850844021605,-0.8099999999999936,-0.6499999999999936,50000.0,5.0,250000.0,-2024.9999999999839,-1624.9999999999839
2026-01-21,MAPMYINDIA,SHORT,A_MOD_BREAK_C1_LOW,MODERATE,2026-01-21 10:45:00+05:30,2026-01-21 11:00:00+05:30,1318.8361555908202,1327.4085906021605,1306.9666301905029,2026-01-21 11:01:00+05:30,1306.9666301905029,TARGET,3.6999999999999855,4.499999999999985,78.93130493164062,12.399812698364258,5.379627227783203,0.6978832795714374,3.6105920377644947,0.009453793656424247,0.7321295739250016,0.0,1327.4085906021605,0.7399999999999971,0.899999999999997,50000.0,5.0,250000.0,1849.9999999999927,2249.9999999999923
2026-01-21,NFL,SHORT,A_MOD_BREAK_C1_LOW,MODERATE,2026-01-21 10:45:00+05:30,2026-01-21 11:00:00+05:30,77.99000091552735,78.49693592147827,77.2880909072876,2026-01-21 11:10:00+05:30,78.49693592147827,SL,-4.0499999999999625,-3.2499999999999623,51.416290283203125,24.170448303222656,20.690879821777344,0.9082567895863727,2.259449617570948,0.008299066853800791,0.7689449381776152,0.0,78.49693592147827,-0.8099999999999925,-0.6499999999999925,50000.0,5.0,250000.0,-2024.9999999999814,-1624.9999999999814
2026-01-21,NMDC,SHORT,A_MOD_BREAK_C1_LOW,MODERATE,2026-01-21 10:45:00+05:30,2026-01-21 11:00:00+05:30,75.32999725341797,75.81964223556518,74.65202727813721,2026-01-21 12:06:00+05:30,75.81964223556518,SL,-4.049999999999966,-3.2499999999999662,37.24345016479492,27.234386444091797,11.998209953308105,1.732987517326538,2.5570811403380818,0.007174084271751205,0.721924568004068,0.0,75.81964223556518,-0.8099999999999932,-0.6499999999999932,50000.0,5.0,250000.0,-2024.999999999983,-1624.9999999999832
2026-01-21,PGEL,SHORT,A_MOD_BREAK_C1_LOW,MODERATE,2026-01-21 10:45:00+05:30,2026-01-21 11:00:00+05:30,535.4928555908203,538.9735591521606,530.6734198905029,2026-01-21 11:01:00+05:30,530.6734198905029,TARGET,3.7000000000000153,4.500000000000015,46.09547805786133,23.338987350463867,4.538436412811279,1.9091578599271968,3.2951609279334946,0.008112805500466636,0.8855347963551794,0.0,538.9735591521606,0.7400000000000031,0.900000000000003,50000.0,5.0,250000.0,1850.0000000000077,2250.0000000000077
2026-01-21,POLYCAB,SHORT,A_MOD_BREAK_C1_LOW,MODERATE,2026-01-21 10:45:00+05:30,2026-01-21 11:00:00+05:30,6875.1247,6919.81301055,6813.2485777,2026-01-21 12:07:00+05:30,6919.81301055,SL,-4.050000000000007,-3.2500000000000067,52.688995361328125,18.048473358154297,6.837433815002441,1.8832627862323772,3.799637644152524,0.006760472607801378,0.9395709875906659,0.0,6919.81301055,-0.8100000000000014,-0.6500000000000014,50000.0,5.0,250000.0,-2025.0000000000034,-1625.0000000000034
2026-01-21,PRAKASH,SHORT,A_MOD_BREAK_C1_LOW,MODERATE,2026-01-21 10:45:00+05:30,2026-01-21 11:00:00+05:30,117.5499984741211,118.31407346420288,116.492048487854,2026-01-21 11:47:00+05:30,116.492048487854,TARGET,3.700000000000001,4.500000000000001,36.781005859375,22.90968132019043,11.762927055358887,2.086005640953545,2.832672834214347,0.00856537322836064,0.7617150878906249,0.0,118.31407346420288,0.7400000000000002,0.9000000000000001,50000.0,5.0,250000.0,1850.0000000000005,2250.0000000000005
2026-01-21,RIIL,SHORT,A_MOD_BREAK_C1_LOW,MODERATE,2026-01-21 10:45:00+05:30,2026-01-21 11:00:00+05:30,693.3613,697.86814845,687.1210483,2026-01-21 12:07:00+05:30,697.86814845,SL,-4.050000000000004,-3.2500000000000044,76.8956298828125,12.605626106262207,4.761480331420898,2.172923287413789,3.5866193158625195,0.0064663654238177526,0.96,0.0,697.86814845,-0.8100000000000009,-0.6500000000000009,50000.0,5.0,250000.0,-2025.0000000000025,-1625.0000000000023
2026-01-21,SAKSOFT,SHORT,A_MOD_BREAK_C1_LOW,MODERATE,2026-01-21 10:45:00+05:30,2026-01-21 11:00:00+05:30,169.97000427246093,171.07480930023192,168.44027423400877,2026-01-21 11:25:00+05:30,168.44027423400877,TARGET,3.7000000000000277,4.5000000000000275,63.5771369934082,19.78609848022461,24.090627670288086,1.4203566792271927,2.29896943019013,0.010674674386487962,0.8585624188647587,0.0,171.07480930023192,0.7400000000000055,0.9000000000000055,50000.0,5.0,250000.0,1850.0000000000139,2250.0000000000136
2026-01-21,SPIC,SHORT,A_MOD_BREAK_C1_LOW,MODERATE,2026-01-21 10:45:00+05:30,2026-01-21 11:00:00+05:30,73.92000122070313,74.40048122863769,73.2547212097168,2026-01-21 11:22:00+05:30,73.2547212097168,TARGET,3.69999999999996,4.499999999999959,47.174251556396484,15.19755744934082,7.88592529296875,1.7818736199881442,3.2157973819871097,0.0067374404217745805,0.8794416568438725,0.0,74.40048122863769,0.739999999999992,0.8999999999999919,50000.0,5.0,250000.0,1849.99999999998,2249.99999999998
2026-01-21,SURYAROSNI,SHORT,A_MOD_BREAK_C1_LOW,MODERATE,2026-01-21 10:45:00+05:30,2026-01-21 11:00:00+05:30,243.45,245.032425,241.25895,2026-01-21 11:26:00+05:30,241.25895,TARGET,3.6999999999999797,4.49999999999998,67.42396545410156,16.302108764648438,22.46729278564453,1.4376829738139474,2.6500318710389323,0.00925300487090864,0.8615945204174407,0.0,245.032425,0.739999999999996,0.8999999999999959,50000.0,5.0,250000.0,1849.99999999999,2249.99999999999
2026-01-21,VENKEYS,SHORT,A_MOD_BREAK_C1_LOW,MODERATE,2026-01-21 10:45:00+05:30,2026-01-21 11:00:00+05:30,1446.2107,1455.61106955,1433.1948037,2026-01-21 12:06:00+05:30,1455.61106955,SL,-4.0499999999999385,-3.2499999999999387,44.23323059082031,20.813838958740234,22.2735595703125,1.7149687817977293,2.6902197227223903,0.0052046886250258235,0.8236179956769072,0.0,1455.61106955,-0.8099999999999876,-0.6499999999999877,50000.0,5.0,250000.0,-2024.999999999969,-1624.9999999999693
2026-01-21,VINCOFE,SHORT,A_MOD_BREAK_C1_LOW,MODERATE,2026-01-21 10:45:00+05:30,2026-01-21 11:00:00+05:30,143.9899932861328,144.92592824249266,142.6940833465576,2026-01-21 11:23:00+05:30,142.6940833465576,TARGET,3.7000000000000535,4.500000000000053,49.247047424316406,28.81271743774414,41.19011688232422,0.5739469267080123,1.6076250406168813,0.012966777424020998,0.6795276755694923,0.0,144.92592824249266,0.7400000000000106,0.9000000000000107,50000.0,5.0,250000.0,1850.0000000000266,2250.000000000027
2026-01-21,VTL,SHORT,A_MOD_BREAK_C1_LOW,MODERATE,2026-01-21 10:45:00+05:30,2026-01-21 11:00:00+05:30,399.27013610229494,401.8653919869598,395.6767048773743,2026-01-21 11:01:00+05:30,395.6767048773743,TARGET,3.700000000000012,4.5000000000000115,24.659177780151367,34.88125991821289,15.31064224243164,0.7129493551801658,1.5233347593844124,0.006498383653858933,0.3308205418280202,0.0,401.8653919869598,0.7400000000000024,0.9000000000000024,50000.0,5.0,250000.0,1850.0000000000061,2250.000000000006
2026-01-21,WELCORP,SHORT,A_MOD_BREAK_C1_LOW,MODERATE,2026-01-21 10:45:00+05:30,2026-01-21 11:00:00+05:30,741.8516,746.6736354,735.1749355999999,2026-01-21 11:38:00+05:30,746.6736354,SL,-4.0500000000000025,-3.2500000000000027,37.32004928588867,24.39091682434082,4.789434432983398,1.4101262718153211,2.403727523425805,0.009161214258293639,0.6665728368560113,0.0,746.6736354,-0.8100000000000005,-0.6500000000000006,50000.0,5.0,250000.0,-2025.0000000000011,-1625.0000000000014
2026-01-21,YATHARTH,SHORT,A_MOD_BREAK_C1_LOW,MODERATE,2026-01-21 10:45:00+05:30,2026-01-21 11:00:00+05:30,580.7838444091797,584.5589393978393,575.556789809497,2026-01-21 12:07:00+05:30,584.5589393978393,SL,-4.049999999999932,-3.2499999999999325,55.68886184692383,27.30647087097168,16.258880615234375,0.947114576716946,2.5461634261250503,0.007744578297797157,0.7757450509254655,0.0,584.5589393978393,-0.8099999999999865,-0.6499999999999865,50000.0,5.0,250000.0,-2024.9999999999661,-1624.9999999999661
2026-01-21,LINCOLN,SHORT,A_MOD_BREAK_C1_LOW,MODERATE,2026-01-21 11:00:00+05:30,2026-01-21 11:15:00+05:30,453.95917779541014,456.9099124510803,449.87354519525144,2026-01-21 14:55:00+05:30,449.87354519525144,TARGET,3.7000000000000135,4.500000000000013,30.68964195251465,29.971416473388672,20.189590454101562,0.9334390503102729,1.9265944965403932,0.005403762885368029,0.4800261879190372,0.0,456.9099124510803,0.7400000000000027,0.9000000000000027,50000.0,5.0,250000.0,1850.0000000000066,2250.000000000007
2026-01-22,GOODLUCK,SHORT,A_MOD_BREAK_C1_LOW,MODERATE,2026-01-22 11:00:00+05:30,2026-01-22 11:15:00+05:30,1076.4846111816407,1083.4817611543212,1066.796249681006,2026-01-22 15:23:00+05:30,1083.4817611543212,SL,-4.049999999999931,-3.2499999999999316,29.09868621826172,40.1847038269043,26.30491828918457,1.2015433996602118,1.500437693553688,0.007686713279787876,0.48177227289214725,0.0,1083.4817611543212,-0.8099999999999863,-0.6499999999999864,50000.0,5.0,250000.0,-2024.9999999999657,-1624.999999999966
2026-01-22,LODHA,SHORT,A_MOD_BREAK_C1_LOW,MODERATE,2026-01-22 11:45:00+05:30,2026-01-22 12:00:00+05:30,958.6082277954101,964.8391812760802,949.9807537452514,2026-01-22 13:46:00+05:30,949.9807537452514,TARGET,3.700000000000033,4.500000000000033,22.528181076049805,34.953399658203125,2.9064526557922363,2.4862763570581796,2.045373138286248,0.006446813033731609,0.547922716140747,0.0,964.8391812760802,0.7400000000000067,0.9000000000000066,50000.0,5.0,250000.0,1850.0000000000166,2250.0000000000164
2026-01-22,PNBHOUSING,SHORT,A_MOD_BREAK_C1_LOW,MODERATE,2026-01-22 11:45:00+05:30,2026-01-22 12:00:00+05:30,843.3313,848.81295345,835.7413183000001,2026-01-22 12:09:00+05:30,848.81295345,SL,-4.049999999999972,-3.2499999999999725,45.24723434448242,15.390296936035156,3.09763765335083,1.943038820437335,3.3850322835646685,0.015476821585200917,0.87874030874377,0.0,848.81295345,-0.8099999999999945,-0.6499999999999945,50000.0,5.0,250000.0,-2024.9999999999864,-1624.9999999999864
2026-01-22,TITAN,SHORT,A_MOD_BREAK_C1_LOW,MODERATE,2026-01-22 13:15:00+05:30,2026-01-22 13:30:00+05:30,3999.2,4025.1947999999998,3963.2072,2026-01-22 15:26:00+05:30,4025.1947999999998,SL,-4.049999999999993,-3.249999999999993,28.790929794311523,22.623008728027344,4.102104663848877,2.805426062122882,3.2880649431395836,0.00409392291476461,0.6418639469146727,0.0,4025.1947999999998,-0.8099999999999985,-0.6499999999999986,50000.0,5.0,250000.0,-2024.9999999999964,-1624.9999999999964
2026-01-23,HONAUT,SHORT,A_MOD_BREAK_C1_LOW,MODERATE,2026-01-23 11:45:00+05:30,2026-01-23 12:00:00+05:30,31273.744,31477.023336,30992.280304,2026-01-23 15:30:00+05:30,31400.0,EOD,-2.818562280231002,-2.0185622802310017,46.57981872558594,8.57304573059082,1.0664085149765015,2.9064966619636046,5.0116379227665036,0.005089000665341703,0.908697280883789,0.0,31477.023336,-0.5637124560462003,-0.4037124560462004,50000.0,5.0,250000.0,-1409.2811401155009,-1009.2811401155009
2026-01-23,AXISBANK,SHORT,A_MOD_BREAK_C1_LOW,MODERATE,2026-01-23 12:00:00+05:30,2026-01-23 12:15:00+05:30,1273.7452,1282.0245438,1262.2814932,2026-01-23 13:56:00+05:30,1262.2814932,TARGET,3.6999999999999824,4.499999999999982,21.78371810913086,30.445669174194336,9.096927642822266,1.7592780396436403,1.8978783663641556,0.0044250830253096795,0.4895233468928077,0.0,1282.0245438,0.7399999999999964,0.8999999999999965,50000.0,5.0,250000.0,1849.9999999999911,2249.9999999999914
2026-01-23,PPLPHARMA,SHORT,A_MOD_BREAK_C1_LOW,MODERATE,2026-01-23 12:15:00+05:30,2026-01-23 12:30:00+05:30,152.37999267578124,153.3704626281738,151.0085727416992,2026-01-23 13:33:00+05:30,151.0085727416992,TARGET,3.700000000000033,4.500000000000034,28.189083099365234,25.21202278137207,3.58953595161438,2.8332039321490083,2.846109701037084,0.005346016742204931,0.6328362464904784,0.0,153.3704626281738,0.7400000000000067,0.9000000000000067,50000.0,5.0,250000.0,1850.0000000000166,2250.000000000017
2026-01-23,IXIGO,SHORT,A_MOD_BREAK_C1_LOW,MODERATE,2026-01-23 12:45:00+05:30,2026-01-23 13:00:00+05:30,212.95,214.334175,211.03345,2026-01-23 13:01:00+05:30,211.03345,TARGET,3.700000000000002,4.500000000000003,30.77287483215332,22.01399803161621,1.617494821548462,3.645875804749508,2.801972528274915,0.022272339759514346,0.6715931224822997,0.0,214.334175,0.7400000000000004,0.9000000000000005,50000.0,5.0,250000.0,1850.0000000000011,2250.000000000001
2026-01-23,TATVA,SHORT,A_MOD_BREAK_C1_LOW,MODERATE,2026-01-23 13:00:00+05:30,2026-01-23 13:15:00+05:30,1164.767,1172.3379855,1154.284097,2026-01-23 13:18:00+05:30,1154.284097,TARGET,3.700000000000033,4.500000000000034,26.914989471435547,17.171098709106445,2.601412296295166,3.442153296401092,4.199020906371578,0.01357980912177949,0.6137248420715331,0.0,1172.3379855,0.7400000000000067,0.9000000000000067,50000.0,5.0,250000.0,1850.0000000000166,2250.000000000017
2026-01-23,KKCL,SHORT,A_PULLBACK_C2_THEN_BREAK_C2_LOW,MODERATE,2026-01-23 13:00:00+05:30,2026-01-23 13:30:00+05:30,450.80981389770506,453.7400776880401,446.7525255726257,2026-01-23 14:09:00+05:30,453.7400776880401,SL,-4.049999999999976,-3.249999999999976,26.832672119140625,25.843740463256836,0.0,2.5768715119808494,3.400108923691116,0.005456130943382923,0.6124900817871093,0.0,453.7400776880401,-0.8099999999999952,-0.6499999999999952,50000.0,5.0,250000.0,-2024.9999999999877,-1624.9999999999882
2026-01-23,ALKYLAMINE,SHORT,A_MOD_BREAK_C1_LOW,MODERATE,2026-01-23 13:15:00+05:30,2026-01-23 13:30:00+05:30,1565.6868,1575.8637641999999,1551.5956188,2026-01-23 15:30:00+05:30,1556.0,EOD,2.2934667137769664,3.0934667137769662,27.693498611450195,28.072927474975586,2.059168815612793,3.3579638408540107,3.0243376901725965,0.0033616218834849002,0.625402479171753,0.0,1575.8637641999999,0.45869334275539325,0.6186933427553932,50000.0,5.0,250000.0,1146.7333568884833,1546.733356888483
2026-01-23,INDIAGLYCO,SHORT,A_MOD_BREAK_C1_LOW,MODERATE,2026-01-23 13:15:00+05:30,2026-01-23 13:30:00+05:30,816.1367277954101,821.4416165260802,808.7914972452514,2026-01-23 13:39:00+05:30,808.7914972452514,TARGET,3.7000000000000077,4.500000000000007,39.82597732543945,22.156661987304688,5.615799427032471,3.928235650282449,3.6503493643755656,0.005285174233765026,0.8073896598815917,0.0,821.4416165260802,0.7400000000000015,0.9000000000000015,50000.0,5.0,250000.0,1850.0000000000039,2250.0000000000036
2026-01-23,INDIGOPNTS,SHORT,A_MOD_BREAK_C1_LOW,MODERATE,2026-01-23 13:15:00+05:30,2026-01-23 13:30:00+05:30,1057.7884,1064.6640246,1048.2683043999998,2026-01-23 15:07:00+05:30,1048.2683043999998,TARGET,3.70000000000005,4.50000000000005,44.53619384765625,25.123716354370117,5.478103160858154,3.278689435716793,3.1556012569641134,0.0048482245896303506,0.8780429077148437,0.0,1064.6640246,0.74000000000001,0.90000000000001,50000.0,5.0,250000.0,1850.000000000025,2250.000000000025
2026-01-23,PENIND,SHORT,A_MOD_BREAK_C1_LOW,MODERATE,2026-01-23 13:15:00+05:30,2026-01-23 13:30:00+05:30,155.95,156.963675,154.54645,2026-01-23 14:00:00+05:30,154.54645,TARGET,3.699999999999987,4.499999999999987,22.195951461791992,23.27238655090332,6.793111801147461,3.570957270268446,2.8332087266902186,0.005533195062155145,0.54293927192688,0.0,156.963675,0.7399999999999973,0.8999999999999974,50000.0,5.0,250000.0,1849.9999999999934,2249.999999999993
2026-01-23,ADANIGREEN,SHORT,A_MOD_BREAK_C1_LOW,MODERATE,2026-01-23 13:30:00+05:30,2026-01-23 13:45:00+05:30,813.7372444091797,819.0265364978393,806.413609209497,2026-01-23 13:46:00+05:30,806.413609209497,TARGET,3.6999999999999886,4.499999999999989,44.88121032714844,10.451409339904785,2.635077714920044,2.7791967580813983,6.266950708324742,0.009871529205082535,0.8832181549072264,0.0,819.0265364978393,0.7399999999999978,0.8999999999999978,50000.0,5.0,250000.0,1849.9999999999945,2249.9999999999945
2026-01-23,BBL,SHORT,A_MOD_BREAK_C1_LOW,MODERATE,2026-01-23 13:30:00+05:30,2026-01-23 13:45:00+05:30,2451.5096,2467.4444123999997,2429.4460136,2026-01-23 15:30:00+05:30,2447.0,EOD,0.1197598084053729,0.9197598084053727,23.16164779663086,32.17959976196289,3.0287184715270996,3.0782492894959588,2.6653303927607834,0.00390324402166365,0.5574247169494628,0.0,2467.4444123999997,0.02395196168107458,0.18395196168107456,50000.0,5.0,250000.0,59.87990420268645,459.87990420268636
2026-01-23,IOLCP,SHORT,A_MOD_BREAK_C1_LOW,MODERATE,2026-01-23 13:30:00+05:30,2026-01-23 13:45:00+05:30,69.95,70.404675,69.32045000000001,2026-01-23 14:55:00+05:30,69.32045000000001,TARGET,3.699999999999962,4.499999999999963,30.00650405883789,29.48611831665039,8.805685997009277,3.6654878223623513,2.435157594325765,0.005185724772886497,0.6600975608825683,0.0,70.404675,0.7399999999999924,0.8999999999999925,50000.0,5.0,250000.0,1849.999999999981,2249.9999999999814
2026-01-23,MANINDS,SHORT,A_MOD_BREAK_C1_LOW,MODERATE,2026-01-23 13:30:00+05:30,2026-01-23 13:45:00+05:30,309.4381,311.44944765,306.65315710000004,2026-01-23 13:47:00+05:30,306.65315710000004,TARGET,3.699999999999961,4.499999999999961,39.09611892700195,19.44685935974121,4.5245232582092285,4.325342528499698,4.462185176718932,0.006392809416442773,0.7964417839050293,0.0,311.44944765,0.7399999999999922,0.8999999999999921,50000.0,5.0,250000.0,1849.9999999999807,2249.9999999999804
2026-01-23,NELCO,SHORT,A_MOD_BREAK_C1_LOW,MODERATE,2026-01-23 13:30:00+05:30,2026-01-23 13:45:00+05:30,608.8782,612.8359082999999,603.3982962,2026-01-23 14:09:00+05:30,603.3982962,TARGET,3.69999999999999,4.49999999999999,22.592235565185547,34.71860122680664,1.952059030532837,2.7718812838800155,2.1734781275716846,0.004244791844099294,0.5488835334777831,0.0,612.8359082999999,0.739999999999998,0.899999999999998,50000.0,5.0,250000.0,1849.9999999999948,2249.999999999995
2026-01-23,NHPC,SHORT,A_MOD_BREAK_C1_LOW,MODERATE,2026-01-23 13:30:00+05:30,2026-01-23 13:45:00+05:30,75.81000061035157,76.30276561431884,75.12771060485841,2026-01-23 15:19:00+05:30,75.12771060485841,TARGET,3.69999999999996,4.499999999999959,28.537452697753906,31.380451202392578,10.507286071777344,2.4334055329449176,2.38567703134603,0.0038004939494118797,0.6380617904663086,0.0,76.30276561431884,0.739999999999992,0.8999999999999919,50000.0,5.0,250000.0,1849.99999999998,2249.99999999998
2026-01-23,CGPOWER,SHORT,A_MOD_BREAK_C1_LOW,MODERATE,2026-01-23 13:45:00+05:30,2026-01-23 14:00:00+05:30,551.13975,554.722158375,546.1794922500001,2026-01-23 15:30:00+05:30,551.0,EOD,-0.6732172738402109,0.12678272615978897,34.08041000366211,22.295557022094727,5.786009788513184,3.8592783855773773,3.922782345867665,0.003956763612499911,0.7212061500549316,0.0,554.722158375,-0.13464345476804218,0.025356545231957794,50000.0,5.0,250000.0,-336.6086369201054,63.39136307989448
2026-01-23,DREDGECORP,SHORT,A_MOD_BREAK_C1_LOW,MODERATE,2026-01-23 13:45:00+05:30,2026-01-23 14:00:00+05:30,947.8603777954102,954.0214702510802,939.3296343952514,2026-01-23 14:47:00+05:30,954.0214702510802,SL,-4.049999999999958,-3.2499999999999583,25.158538818359375,24.43648910522461,1.2556078433990479,4.584785868201337,3.7019879764777746,0.008057903274646746,0.5873780822753907,0.0,954.0214702510802,-0.8099999999999916,-0.6499999999999917,50000.0,5.0,250000.0,-2024.999999999979,-1624.9999999999793
2026-01-23,LATENTVIEW,SHORT,A_MOD_BREAK_C1_LOW,MODERATE,2026-01-23 13:45:00+05:30,2026-01-23 14:00:00+05:30,393.97117779541014,396.5319904510803,390.42543719525145,2026-01-23 14:01:00+05:30,390.42543719525145,TARGET,3.7000000000000046,4.5000000000000036,28.22632598876953,30.12342071533203,5.939071178436279,3.3258321432353637,2.511093586587602,0.0043827897468634944,0.6333948898315429,0.0,396.5319904510803,0.7400000000000009,0.9000000000000008,50000.0,5.0,250000.0,1850.0000000000023,2250.000000000002
2026-01-23,MAZDOCK,SHORT,A_MOD_BREAK_C1_LOW,MODERATE,2026-01-23 13:45:00+05:30,2026-01-23 14:00:00+05:30,2312.1375776367186,2327.166471891357,2291.3283394379882,2026-01-23 15:30:00+05:30,2305.0,EOD,0.7435019320982663,1.5435019320982661,20.195302963256836,27.551267623901367,6.33778190612793,3.952308285955187,3.0037560816877877,0.0036872232109759207,0.5129295444488524,0.0,2327.166471891357,0.14870038641965327,0.30870038641965325,50000.0,5.0,250000.0,371.7509660491332,771.7509660491331
2026-01-23,SPENCERS,SHORT,A_MOD_BREAK_C1_LOW,MODERATE,2026-01-23 13:45:00+05:30,2026-01-23 14:00:00+05:30,33.49999923706055,33.71774923210144,33.198499243927,2026-01-23 14:01:00+05:30,33.198499243927,TARGET,3.7000000000000255,4.500000000000026,26.99367904663086,23.103729248046875,7.655188083648682,4.40238253570216,5.418680081927107,0.00534384122442234,0.614905185699463,0.0,33.71774923210144,0.7400000000000051,0.9000000000000051,50000.0,5.0,250000.0,1850.0000000000127,2250.0000000000127
2026-01-23,TIINDIA,SHORT,A_MOD_BREAK_C1_LOW,MODERATE,2026-01-23 13:45:00+05:30,2026-01-23 14:00:00+05:30,2219.4559223632814,2233.8823858586425,2199.480819062012,2026-01-23 14:56:00+05:30,2233.8823858586425,SL,-4.049999999999942,-3.249999999999943,31.070331573486328,28.62198257446289,6.127892017364502,2.5349717681278343,2.7678974431443946,0.003853528639136512,0.6760549736022949,0.0,2233.8823858586425,-0.8099999999999885,-0.6499999999999886,50000.0,5.0,250000.0,-2024.9999999999714,-1624.9999999999716
2026-01-23,TIRUMALCHM,SHORT,A_MOD_BREAK_C1_LOW,MODERATE,2026-01-23 13:45:00+05:30,2026-01-23 14:00:00+05:30,188.94000549316405,190.1681155288696,187.23954544372558,2026-01-23 14:08:00+05:30,187.23954544372558,TARGET,3.699999999999999,4.499999999999999,26.66484260559082,20.0792236328125,4.856052398681641,4.062030206087289,4.0614552494475085,0.005545652285182795,0.6099726390838622,0.0,190.1681155288696,0.7399999999999998,0.8999999999999998,50000.0,5.0,250000.0,1849.9999999999993,2249.9999999999995
2026-01-23,KAYNES,SHORT,A_PULLBACK_C2_THEN_BREAK_C2_LOW,MODERATE,2026-01-23 13:45:00+05:30,2026-01-23 14:15:00+05:30,3411.8175,3433.99431375,3381.1111425,2026-01-23 15:07:00+05:30,3381.1111425,TARGET,3.7000000000000286,4.500000000000028,29.014387130737305,26.238929748535156,6.636756896972656,3.8577897939196615,3.0257313215964015,0.005301288469811345,0.6452158069610596,0.0,3433.99431375,0.7400000000000058,0.9000000000000057,50000.0,5.0,250000.0,1850.0000000000143,2250.000000000014
2026-01-23,NMDC,SHORT,A_MOD_BREAK_C1_LOW,MODERATE,2026-01-23 14:00:00+05:30,2026-01-23 14:15:00+05:30,74.25000305175782,74.73262807159423,73.581753024292,2026-01-23 15:30:00+05:30,73.83000183105469,EOD,2.02829093226,2.82829093226,45.176666259765625,26.354799270629883,3.2218611240386963,3.751798471880646,3.080182964519718,0.0041524811190189696,0.8876499938964844,0.0,74.73262807159423,0.40565818645199997,0.565658186452,50000.0,5.0,250000.0,1014.1454661299999,1414.14546613
2026-01-23,IBULLSLTD,SHORT,A_MOD_BREAK_C1_LOW,MODERATE,2026-01-23 14:15:00+05:30,2026-01-23 14:30:00+05:30,11.45,11.524424999999999,11.34695,2026-01-23 14:31:00+05:30,11.34695,TARGET,3.6999999999999855,4.499999999999985,25.020973205566406,31.241004943847656,6.196592330932617,3.481348350727757,3.0872098140935655,0.008633536489113518,0.5853145980834962,0.0,11.524424999999999,0.7399999999999971,0.899999999999997,50000.0,5.0,250000.0,1849.9999999999927,2249.9999999999923
2026-01-27,ADFFOODS,SHORT,A_MOD_BREAK_C1_LOW,MODERATE,2026-01-27 10:45:00+05:30,2026-01-27 11:00:00+05:30,172.47000427246093,173.5910593002319,170.9177742340088,2026-01-27 15:19:00+05:30,173.5910593002319,SL,-4.049999999999949,-3.249999999999949,50.918418884277344,24.721508026123047,21.952892303466797,1.0225746740661756,2.650654891976961,0.007970096445813124,0.7889505679615807,0.0,173.5910593002319,-0.8099999999999898,-0.6499999999999898,50000.0,5.0,250000.0,-2024.9999999999748,-1624.9999999999745
2026-01-27,ADSL,SHORT,A_MOD_BREAK_C1_LOW,MODERATE,2026-01-27 10:45:00+05:30,2026-01-27 11:00:00+05:30,116.46999664306641,117.22705162124633,115.42176667327881,2026-01-27 11:06:00+05:30,117.22705162124633,SL,-4.0499999999999625,-3.2499999999999623,40.64200210571289,21.567886352539062,23.91699981689453,1.2434062428849584,2.31453613489741,0.01004933705947535,0.687226124090561,0.0,117.22705162124633,-0.8099999999999925,-0.6499999999999925,50000.0,5.0,250000.0,-2024.9999999999814,-1624.9999999999814
2026-01-27,AIIL,SHORT,A_MOD_BREAK_C1_LOW,MODERATE,2026-01-27 10:45:00+05:30,2026-01-27 11:00:00+05:30,500.8998,504.15564870000003,496.3917018,2026-01-27 11:40:00+05:30,504.15564870000003,SL,-4.050000000000002,-3.2500000000000013,44.014060974121094,16.049362182617188,7.3011016845703125,1.642156566503027,3.337390556380584,0.011985325845005569,0.8075883137498461,0.0,504.15564870000003,-0.8100000000000003,-0.6500000000000002,50000.0,5.0,250000.0,-2025.0000000000007,-1625.0000000000007
2026-01-27,DBCORP,SHORT,A_MOD_BREAK_C1_LOW,MODERATE,2026-01-27 10:45:00+05:30,2026-01-27 11:00:00+05:30,240.8000061035156,242.36520614318846,238.63280604858397,2026-01-27 11:07:00+05:30,242.36520614318846,SL,-4.0499999999999865,-3.2499999999999876,27.946914672851562,18.638593673706055,2.8052780628204346,1.1855530995801677,3.534188008130295,0.00940628811137207,0.4866755125193028,0.0,242.36520614318846,-0.8099999999999974,-0.6499999999999975,50000.0,5.0,250000.0,-2024.9999999999934,-1624.9999999999936
2026-01-27,DIXON,SHORT,A_MOD_BREAK_C1_LOW,MODERATE,2026-01-27 10:45:00+05:30,2026-01-27 11:00:00+05:30,10068.9858,10134.4342077,9978.364927800001,2026-01-27 12:12:00+05:30,10134.4342077,SL,-4.0499999999999865,-3.2499999999999867,34.56865310668945,25.39445686340332,15.6027193069458,1.3530066839350527,2.8680070324578737,0.007819145811413337,0.6153059662889759,0.0,10134.4342077,-0.8099999999999974,-0.6499999999999974,50000.0,5.0,250000.0,-2024.9999999999934,-1624.9999999999934
2026-01-27,GMRAIRPORT,SHORT,A_MOD_BREAK_C1_LOW,MODERATE,2026-01-27 10:45:00+05:30,2026-01-27 11:00:00+05:30,89.56000061035157,90.14214061431885,88.7539606048584,2026-01-27 12:43:00+05:30,90.14214061431885,SL,-4.049999999999984,-3.249999999999984,61.74748229980469,15.82415771484375,6.536163806915283,1.38048402258814,3.5115979759613976,0.006658589838544895,0.8515847039529245,0.0,90.14214061431885,-0.8099999999999967,-0.6499999999999968,50000.0,5.0,250000.0,-2024.9999999999916,-1624.9999999999918
2026-01-27,HLEGLAS,SHORT,A_MOD_BREAK_C1_LOW,MODERATE,2026-01-27 10:45:00+05:30,2026-01-27 11:00:00+05:30,377.9244,380.3809086,374.52308039999997,2026-01-27 11:38:00+05:30,380.3809086,SL,-4.050000000000008,-3.2500000000000084,46.35480499267578,8.054055213928223,6.2351975440979,1.8463141590350678,4.182422586607555,0.009922739069191321,0.8784270527212734,0.0,380.3809086,-0.8100000000000016,-0.6500000000000017,50000.0,5.0,250000.0,-2025.0000000000043,-1625.0000000000043
2026-01-27,IBULLSLTD,SHORT,A_MOD_BREAK_C1_LOW,MODERATE,2026-01-27 10:45:00+05:30,2026-01-27 11:00:00+05:30,11.059999656677245,11.131889654445647,10.96045965976715,2026-01-27 11:09:00+05:30,11.131889654445647,SL,-4.049999999999985,-3.249999999999985,41.41151428222656,31.693527221679688,18.90838623046875,0.8020577359164957,2.0080898664291404,0.015687280417769452,0.6215328180187851,0.0,11.131889654445647,-0.809999999999997,-0.649999999999997,50000.0,5.0,250000.0,-2024.9999999999925,-1624.9999999999925
2026-01-27,INDIAGLYCO,SHORT,A_MOD_BREAK_C1_LOW,MODERATE,2026-01-27 10:45:00+05:30,2026-01-27 11:00:00+05:30,799.84,805.03896,792.64144,2026-01-27 11:38:00+05:30,805.03896,SL,-4.049999999999963,-3.249999999999964,49.306583404541016,26.83672523498535,41.309539794921875,0.9259223294325473,1.8667750030654715,0.009901793599128723,0.7549739088720846,0.0,805.03896,-0.8099999999999927,-0.6499999999999928,50000.0,5.0,250000.0,-2024.9999999999816,-1624.999999999982
2026-01-27,KECL,SHORT,A_MOD_BREAK_C1_LOW,MODERATE,2026-01-27 10:45:00+05:30,2026-01-27 11:00:00+05:30,76.14999694824219,76.64497192840577,75.464646975708,2026-01-27 11:37:00+05:30,76.64497192840577,SL,-4.050000000000012,-3.2500000000000124,45.42826843261719,35.459877014160156,57.94660568237305,0.7179677644909368,1.498792540130284,0.009624911670433361,0.642008012281686,0.0,76.64497192840577,-0.8100000000000025,-0.6500000000000025,50000.0,5.0,250000.0,-2025.0000000000064,-1625.0000000000061
2026-01-27,SIGACHI,SHORT,A_MOD_BREAK_C1_LOW,MODERATE,2026-01-27 10:45:00+05:30,2026-01-27 11:00:00+05:30,20.490000915527343,20.62318592147827,20.3055909072876,2026-01-27 11:01:00+05:30,20.3055909072876,TARGET,3.6999999999999647,4.4999999999999645,31.641281127929688,15.9815092086792,4.471495628356934,1.5342545185179635,3.969139843799515,0.01729396181656582,0.6031137576595889,0.0,20.62318592147827,0.7399999999999929,0.8999999999999928,50000.0,5.0,250000.0,1849.9999999999823,2249.9999999999823
2026-01-27,SUPRIYA,SHORT,A_MOD_BREAK_C1_LOW,MODERATE,2026-01-27 10:45:00+05:30,2026-01-27 11:00:00+05:30,698.8602,703.4027912999999,692.5704582,2026-01-27 12:18:00+05:30,692.5704582,TARGET,3.700000000000001,4.500000000000001,47.50407409667969,12.859190940856934,10.511780738830566,1.5892573959781997,3.200740776280105,0.008762073352382129,0.8506811557463803,0.0,703.4027912999999,0.7400000000000002,0.9000000000000002,50000.0,5.0,250000.0,1850.0000000000005,2250.000000000001
2026-01-27,SYMPHONY,SHORT,A_MOD_BREAK_C1_LOW,MODERATE,2026-01-27 10:45:00+05:30,2026-01-27 11:00:00+05:30,822.8354,828.1838301,815.4298814,2026-01-27 11:45:00+05:30,828.1838301,SL,-4.049999999999984,-3.2499999999999836,36.16716766357422,15.2593412399292,3.9094622135162354,1.8558480321988848,3.739745441539794,0.0059711843330689214,0.7272809205884181,0.0,828.1838301,-0.8099999999999967,-0.6499999999999967,50000.0,5.0,250000.0,-2024.9999999999916,-1624.9999999999916
2026-01-27,TALBROAUTO,SHORT,A_MOD_BREAK_C1_LOW,MODERATE,2026-01-27 10:45:00+05:30,2026-01-27 11:00:00+05:30,235.5000030517578,237.0307530715942,233.38050302429198,2026-01-27 11:10:00+05:30,233.38050302429198,TARGET,3.6999999999999966,4.4999999999999964,26.552623748779297,27.313743591308594,3.4840643405914307,1.2171233800751258,2.6688808788719216,0.01050463684178566,0.4712859477448365,0.0,237.0307530715942,0.7399999999999993,0.8999999999999992,50000.0,5.0,250000.0,1849.9999999999984,2249.999999999998
2026-01-27,THANGAMAYL,SHORT,A_MOD_BREAK_C1_LOW,MODERATE,2026-01-27 10:45:00+05:30,2026-01-27 11:00:00+05:30,3361.3276,3383.1762294,3331.0756516,2026-01-27 11:09:00+05:30,3383.1762294,SL,-4.04999999999999,-3.2499999999999902,23.092662811279297,23.058095932006836,5.853532314300537,2.203463836940335,3.3976420016537494,0.014937948287065224,0.5563899421691894,0.0,3383.1762294,-0.809999999999998,-0.649999999999998,50000.0,5.0,250000.0,-2024.9999999999952,-1624.9999999999952
2026-01-27,VIMTALABS,SHORT,A_MOD_BREAK_C1_LOW,MODERATE,2026-01-27 10:45:00+05:30,2026-01-27 11:00:00+05:30,505.6988277954102,508.9858701760803,501.14753834525146,2026-01-27 11:38:00+05:30,508.9858701760803,SL,-4.049999999999963,-3.249999999999964,32.179080963134766,29.120189666748047,27.3935489654541,1.0285814125672934,1.678692143105919,0.010824457349119292,0.5066225688015937,0.0,508.9858701760803,-0.8099999999999927,-0.6499999999999928,50000.0,5.0,250000.0,-2024.9999999999816,-1624.999999999982
2026-01-27,VIPIND,SHORT,A_MOD_BREAK_C1_LOW,MODERATE,2026-01-27 10:45:00+05:30,2026-01-27 11:00:00+05:30,337.88242220458983,340.07865794891967,334.8414804047485,2026-01-27 11:05:00+05:30,340.07865794891967,SL,-4.05000000000001,-3.2500000000000098,34.22491455078125,27.35127067565918,20.503650665283203,1.1452804547033502,2.8660052375932366,0.0078096949926430926,0.573797797834805,0.0,340.07865794891967,-0.8100000000000018,-0.6500000000000019,50000.0,5.0,250000.0,-2025.0000000000045,-1625.0000000000048
2026-01-27,WINDLAS,SHORT,A_MOD_BREAK_C1_LOW,MODERATE,2026-01-27 10:45:00+05:30,2026-01-27 11:00:00+05:30,770.3459,775.35314835,763.4127869,2026-01-27 11:39:00+05:30,775.35314835,SL,-4.049999999999962,-3.2499999999999614,32.45335006713867,27.416542053222656,15.494196891784668,1.2081959291733195,2.5779291965992814,0.006702516544646524,0.558234538612411,0.0,775.35314835,-0.8099999999999923,-0.6499999999999923,50000.0,5.0,250000.0,-2024.999999999981,-1624.9999999999807
2026-01-27,BIOCON,SHORT,A_MOD_BREAK_C1_LOW,MODERATE,2026-01-27 11:00:00+05:30,2026-01-27 11:15:00+05:30,363.4273,365.78957744999997,360.1564543,2026-01-27 13:40:00+05:30,360.1564543,TARGET,3.699999999999993,4.499999999999994,25.92939567565918,30.37565803527832,21.06787109375,1.5359560853895255,1.8033072484521573,0.006079245089388854,0.5078986125006626,0.0,365.78957744999997,0.7399999999999987,0.8999999999999987,50000.0,5.0,250000.0,1849.9999999999966,2249.999999999997
2026-01-27,FILATEX,SHORT,A_PULLBACK_C2_THEN_BREAK_C2_LOW,MODERATE,2026-01-27 11:00:00+05:30,2026-01-27 11:30:00+05:30,41.10999984741211,41.37721484642029,40.740009848785405,2026-01-27 11:38:00+05:30,41.37721484642029,SL,-4.049999999999954,-3.2499999999999534,40.773860931396484,24.3149471282959,2.83798885345459,1.559336410570314,2.761664962790295,0.01028085343525982,0.7444917858207523,0.0,41.37721484642029,-0.8099999999999907,-0.6499999999999907,50000.0,5.0,250000.0,-2024.9999999999768,-1624.9999999999768
2026-01-27,KABRAEXTRU,SHORT,A_MOD_BREAK_C1_LOW,MODERATE,2026-01-27 11:15:00+05:30,2026-01-27 11:30:00+05:30,203.33999938964843,204.66170938568112,201.5099393951416,2026-01-27 13:01:00+05:30,201.5099393951416,TARGET,3.6999999999999753,4.499999999999975,37.596099853515625,24.461456298828125,20.56020164489746,1.1988834426808348,2.8581604076617455,0.012024705963617856,0.6337461002718805,0.0,204.66170938568112,0.7399999999999951,0.899999999999995,50000.0,5.0,250000.0,1849.9999999999877,2249.9999999999877
2026-01-27,BAJAJFINSV,SHORT,A_MOD_BREAK_C1_LOW,MODERATE,2026-01-27 14:00:00+05:30,2026-01-27 14:15:00+05:30,1907.0185444091796,1919.4141649478393,1889.855377509497,2026-01-27 15:13:00+05:30,1919.4141649478393,SL,-4.049999999999986,-3.2499999999999862,28.551368713378906,20.98768424987793,4.527756690979004,3.059184799377397,3.6777980685932574,0.0040541514886455925,0.6382705307006835,0.0,1919.4141649478393,-0.8099999999999972,-0.6499999999999972,50000.0,5.0,250000.0,-2024.999999999993,-1624.9999999999932
2026-01-27,GARFIBRES,SHORT,A_MOD_BREAK_C1_LOW,MODERATE,2026-01-27 14:00:00+05:30,2026-01-27 14:15:00+05:30,599.9299777954102,603.8295226510803,594.5306079952514,2026-01-27 15:07:00+05:30,603.8295226510803,SL,-4.049999999999957,-3.2499999999999574,20.53598976135254,34.606685638427734,19.65011978149414,1.6860714869411726,2.1598217491911056,0.004896357141967492,0.4631023566349933,0.0,603.8295226510803,-0.8099999999999914,-0.6499999999999915,50000.0,5.0,250000.0,-2024.9999999999786,-1624.9999999999786
2026-01-27,MOTILALOFS,SHORT,A_MOD_BREAK_C1_LOW,MODERATE,2026-01-27 14:00:00+05:30,2026-01-27 14:15:00+05:30,722.8554,727.5539601,716.3497014000001,2026-01-27 15:07:00+05:30,727.5539601,SL,-4.050000000000006,-3.2500000000000058,63.178714752197266,25.630970001220703,7.39556884765625,2.9830608520911377,2.82925820256776,0.005913703459744298,0.96,0.0,727.5539601,-0.8100000000000012,-0.6500000000000011,50000.0,5.0,250000.0,-2025.000000000003,-1625.0000000000027
2026-01-28,GRAPHITE,LONG,B_HUGE_GREEN_PULLBACK_HOLD_THEN_BREAK,HUGE,2026-01-28 11:00:00+05:30,2026-01-28 12:00:00+05:30,642.1284,638.5966938000001,649.1918124,2026-01-28 12:22:00+05:30,649.1918124,TARGET,4.69999999999996,5.499999999999959,32.30377197265625,69.61346435546875,77.45323944091797,1.8122693320369412,2.8458472160409927,0.00680935200519161,6.5448320625857175,0.0,638.5966938000001,0.939999999999992,1.0999999999999919,50000.0,5.0,250000.0,2349.9999999999795,2749.99999999998
2026-01-28,ADVENZYMES,LONG,B_HUGE_GREEN_PULLBACK_HOLD_THEN_BREAK,HUGE,2026-01-28 11:30:00+05:30,2026-01-28 12:45:00+05:30,278.4056761047363,276.8744448861603,281.4681385418884,2026-01-28 12:47:00+05:30,281.4681385418884,TARGET,4.699999999999962,5.499999999999962,34.65671157836914,77.70562744140625,90.4049301147461,1.7816043883673138,3.556262810993367,0.008227913924881494,7.291042738346212,0.0,276.8744448861603,0.9399999999999924,1.0999999999999923,50000.0,5.0,250000.0,2349.999999999981,2749.999999999981
2026-01-28,FMGOETZE,LONG,B_HUGE_C1_CLOSE_RECLAIM_BREAK,HUGE,2026-01-28 12:15:00+05:30,2026-01-28 12:45:00+05:30,452.79055220947265,450.30020417232055,457.7712482837768,2026-01-28 12:58:00+05:30,450.30020417232055,SL,-3.5500000000000034,-2.7500000000000036,35.132911682128906,85.37991333007812,80.23666381835938,1.3590341598130473,4.7714092597121684,0.011115855420095654,8.683598740121564,0.0,450.30020417232055,-0.7100000000000006,-0.5500000000000007,50000.0,5.0,250000.0,-1775.0000000000016,-1375.0000000000018
2026-01-28,GOCLCORP,LONG,B_HUGE_GREEN_PULLBACK_HOLD_THEN_BREAK,HUGE,2026-01-28 12:00:00+05:30,2026-01-28 13:15:00+05:30,262.45247389526367,261.0089852888397,265.3394511081115,2026-01-28 13:48:00+05:30,261.0089852888397,SL,-3.5500000000000087,-2.750000000000009,39.78275680541992,76.39352416992188,82.16991424560547,2.6171002426920893,2.521055331746579,0.010406990124208294,7.58159032567074,0.0,261.0089852888397,-0.7100000000000017,-0.5500000000000018,50000.0,5.0,250000.0,-1775.0000000000045,-1375.0000000000045
2026-01-29,MRF,SHORT,A_MOD_BREAK_C1_LOW,MODERATE,2026-01-29 10:00:00+05:30,2026-01-29 10:15:00+05:30,132658.463,133520.74300949997,131464.536833,2026-01-29 12:23:00+05:30,131464.536833,TARGET,3.699999999999992,4.499999999999992,23.510225296020508,18.47574806213379,4.203713893890381,1.80179559268893,3.417263459423319,0.004863278950257866,0.5279676081608704,0.0,133520.74300949997,0.7399999999999984,0.8999999999999984,50000.0,5.0,250000.0,1849.9999999999961,2249.999999999996
2026-01-29,SFL,SHORT,A_MOD_BREAK_C1_LOW,MODERATE,2026-01-29 10:00:00+05:30,2026-01-29 10:15:00+05:30,502.3995,505.66509675,497.8779045,2026-01-29 10:19:00+05:30,505.66509675,SL,-4.049999999999986,-3.2499999999999862,32.037811279296875,23.752443313598633,24.921512603759766,1.4305425919072277,3.9023100973428813,0.008197544100689083,0.5909121227732179,0.0,505.66509675,-0.8099999999999972,-0.6499999999999972,50000.0,5.0,250000.0,-2024.999999999993,-1624.9999999999932
2026-01-29,NEWGEN,SHORT,A_MOD_BREAK_C1_LOW,MODERATE,2026-01-29 10:15:00+05:30,2026-01-29 10:30:00+05:30,584.8330222045898,588.6344368489197,579.5695250047485,2026-01-29 12:28:00+05:30,579.5695250047485,TARGET,3.700000000000051,4.500000000000051,38.24720764160156,17.671754837036133,2.502439498901367,2.4258126032412926,3.339289879354937,0.005518912957555217,0.7837081146240235,0.0,588.6344368489197,0.7400000000000102,0.9000000000000101,50000.0,5.0,250000.0,1850.0000000000255,2250.0000000000255
2026-01-29,TITAN,SHORT,A_MOD_BREAK_C1_LOW,MODERATE,2026-01-29 10:15:00+05:30,2026-01-29 10:30:00+05:30,3888.322277636719,3913.5963724413573,3853.327377137988,2026-01-29 10:35:00+05:30,3853.327377137988,TARGET,3.700000000000024,4.500000000000024,21.994457244873047,18.202709197998047,5.050099849700928,1.49068046684764,4.258107184208559,0.003665304427215548,0.45078594037143266,0.0,3913.5963724413573,0.7400000000000049,0.9000000000000048,50000.0,5.0,250000.0,1850.0000000000123,2250.000000000012
2026-01-29,EXIDEIND,SHORT,A_MOD_BREAK_C1_LOW,MODERATE,2026-01-29 10:30:00+05:30,2026-01-29 10:45:00+05:30,314.48707779541013,316.5312438010803,311.65669409525145,2026-01-29 11:39:00+05:30,316.5312438010803,SL,-4.049999999999974,-3.2499999999999742,22.749589920043945,21.24210548400879,6.66379451751709,2.501707417887937,3.537212245418561,0.004380600298411864,0.5512438488006592,0.0,316.5312438010803,-0.8099999999999947,-0.6499999999999948,50000.0,5.0,250000.0,-2024.9999999999868,-1624.9999999999868
2026-01-29,GANDHAR,SHORT,A_MOD_BREAK_C1_LOW,MODERATE,2026-01-29 10:30:00+05:30,2026-01-29 10:45:00+05:30,150.3000061035156,151.27695614318847,148.94730604858398,2026-01-29 15:30:00+05:30,149.3000030517578,EOD,2.5266899905149454,3.3266899905149447,20.031414031982422,29.523653030395508,7.317122459411621,1.1538510783017553,2.467791837777588,0.006978947610190577,0.3623951491825435,0.0,151.27695614318847,0.5053379981029891,0.665337998102989,50000.0,5.0,250000.0,1263.3449952574726,1663.3449952574726
2026-01-29,GARUDA,SHORT,A_MOD_BREAK_C1_LOW,MODERATE,2026-01-29 10:30:00+05:30,2026-01-29 10:45:00+05:30,155.77000732421874,156.78251237182616,154.36807725830076,2026-01-29 10:58:00+05:30,154.36807725830076,TARGET,3.7000000000000375,4.500000000000038,20.13504981994629,32.4597053527832,7.321896076202393,1.8118921956429386,2.057115621283806,0.008324172252263779,0.4791068815367086,0.0,156.78251237182616,0.7400000000000075,0.9000000000000076,50000.0,5.0,250000.0,1850.0000000000189,2250.000000000019
2026-01-29,AEROFLEX,LONG,B_HUGE_C1_CLOSE_RECLAIM_BREAK,HUGE,2026-01-29 11:30:00+05:30,2026-01-29 12:00:00+05:30,188.12000732421876,187.08534728393556,190.18932740478516,2026-01-29 12:01:00+05:30,190.18932740478516,TARGET,4.699999999999981,5.4999999999999805,48.127952575683594,88.37934112548828,69.37325286865234,1.6675204957335046,4.636214256599403,0.019198784958016628,8.780566984046446,0.0,187.08534728393556,0.9399999999999962,1.099999999999996,50000.0,5.0,250000.0,2349.9999999999905,2749.9999999999905
2026-01-29,DREDGECORP,LONG,B_HUGE_GREEN_PULLBACK_HOLD_THEN_BREAK,HUGE,2026-01-29 11:30:00+05:30,2026-01-29 12:30:00+05:30,1103.6207044189453,1097.5507905446411,1115.7605321675535,2026-01-29 12:31:00+05:30,1115.7605321675535,TARGET,4.699999999999928,5.499999999999928,42.6312255859375,75.7920150756836,81.2550048828125,2.834373272322873,2.8677413595536487,0.010167702008538842,8.184929997584662,0.0,1097.5507905446411,0.9399999999999857,1.0999999999999857,50000.0,5.0,250000.0,2349.9999999999645,2749.999999999964
2026-01-29,ABB,LONG,B_HUGE_GREEN_PULLBACK_HOLD_THEN_BREAK,HUGE,2026-01-29 11:45:00+05:30,2026-01-29 12:45:00+05:30,5534.6067,5504.1663631500005,5595.4873737,2026-01-29 12:54:00+05:30,5504.1663631500005,SL,-3.5499999999999785,-2.7499999999999787,57.29492950439453,87.43741607666016,81.8754653930664,1.7911095196755185,6.556621056624373,0.011114728678978891,10.754577304554651,0.0,5504.1663631500005,-0.7099999999999957,-0.5499999999999957,50000.0,5.0,250000.0,-1774.9999999999893,-1374.9999999999893
2026-01-29,GRAVITA,LONG,B_HUGE_GREEN_PULLBACK_HOLD_THEN_BREAK,HUGE,2026-01-29 12:30:00+05:30,2026-01-29 14:00:00+05:30,1594.5187911621094,1585.748937810718,1612.0584978648924,2026-01-29 14:44:00+05:30,1612.0584978648924,TARGET,4.699999999999921,5.49999999999992,38.79933166503906,75.45443725585938,76.74296569824219,3.213383924645445,2.914892348064651,0.007118015247095321,8.53795124207899,0.0,1585.748937810718,0.9399999999999842,1.099999999999984,50000.0,5.0,250000.0,2349.9999999999604,2749.9999999999604
2026-01-29,SUNTECK,LONG,B_HUGE_C1_CLOSE_RECLAIM_BREAK,HUGE,2026-01-29 13:30:00+05:30,2026-01-29 14:00:00+05:30,388.27765220947265,386.1421251223206,392.5487063837768,2026-01-29 14:41:00+05:30,392.5487063837768,TARGET,4.699999999999925,5.499999999999924,34.97333526611328,73.09196472167969,73.98623657226562,2.624329849562345,3.959146902417222,0.006504385982927766,8.554173558693748,0.0,386.1421251223206,0.9399999999999848,1.0999999999999848,50000.0,5.0,250000.0,2349.999999999962,2749.9999999999623
2026-01-29,KSL,LONG,B_HUGE_C1_CLOSE_RECLAIM_BREAK,HUGE,2026-01-29 13:45:00+05:30,2026-01-29 14:15:00+05:30,712.0924022094727,708.1758939973206,719.9254186337768,2026-01-29 14:16:00+05:30,719.9254186337768,TARGET,4.6999999999999345,5.499999999999934,54.82277297973633,77.42774963378906,61.55930709838867,3.719764251559564,4.087418395336096,0.0051117227131834645,10.757306145532931,0.0,708.1758939973206,0.9399999999999868,1.0999999999999868,50000.0,5.0,250000.0,2349.9999999999673,2749.999999999967
2026-01-29,MOTHERSON,LONG,B_HUGE_C1_CLOSE_RECLAIM_BREAK,HUGE,2026-01-29 13:45:00+05:30,2026-01-29 14:15:00+05:30,113.36999969482422,112.74646469650268,114.61706969146726,2026-01-29 15:30:00+05:30,114.0,EOD,1.9785141874907584,2.7785141874907584,51.71412658691406,78.41056060791016,88.6722183227539,3.1851749334633217,3.203875865248905,0.004677034261717722,9.168608799610968,0.0,112.74646469650268,0.39570283749815166,0.5557028374981516,50000.0,5.0,250000.0,989.2570937453792,1389.257093745379
2026-01-29,SANGHVIMOV,LONG,B_HUGE_C1_CLOSE_RECLAIM_BREAK,HUGE,2026-01-29 13:45:00+05:30,2026-01-29 14:15:00+05:30,290.2580522094727,288.6616329223206,293.45089078377686,2026-01-29 14:59:00+05:30,293.45089078377686,TARGET,4.69999999999996,5.499999999999959,35.86238098144531,69.59780883789062,80.24857330322266,2.7294809331770806,2.36095669235575,0.007482522785125342,7.625596178531081,0.0,288.6616329223206,0.939999999999992,1.0999999999999919,50000.0,5.0,250000.0,2349.9999999999795,2749.99999999998
2026-01-30,AARTIIND,LONG,B_HUGE_C1_CLOSE_RECLAIM_BREAK,HUGE,2026-01-30 11:00:00+05:30,2026-01-30 11:30:00+05:30,369.27385220947264,367.2428460223206,373.3358645837768,2026-01-30 11:55:00+05:30,367.2428460223206,SL,-3.5499999999999443,-2.749999999999945,22.10997200012207,78.0803451538086,90.91539001464844,1.5357745306187294,4.439920111251766,0.007516246197908306,7.154684785387443,0.0,367.2428460223206,-0.7099999999999889,-0.5499999999999889,50000.0,5.0,250000.0,-1774.999999999972,-1374.9999999999725
2026-01-30,JASH,LONG,B_HUGE_C1_CLOSE_RECLAIM_BREAK,HUGE,2026-01-30 13:00:00+05:30,2026-01-30 13:30:00+05:30,382.67652610473635,380.5718052111603,386.8859678918884,2026-01-30 14:01:00+05:30,386.8859678918884,TARGET,4.699999999999948,5.499999999999947,48.724151611328125,75.38664245605469,88.28213500976562,2.4712651967877117,3.151123046875,0.006860951275807833,8.295832719787832,0.0,380.5718052111603,0.9399999999999895,1.0999999999999894,50000.0,5.0,250000.0,2349.9999999999736,2749.999999999973
2026-01-30,LUXIND,LONG,B_HUGE_GREEN_PULLBACK_HOLD_THEN_BREAK,HUGE,2026-01-30 11:00:00+05:30,2026-01-30 14:15:00+05:30,926.9853477905274,921.8869283776795,937.1821866162231,2026-01-30 15:30:00+05:30,921.8869283776795,SL,-3.5499999999999856,-2.749999999999986,23.430166244506836,77.64437103271484,95.79387664794922,2.174270421781161,3.8582024013629286,0.005783061751651555,7.3473641310851585,0.0,921.8869283776795,-0.7099999999999971,-0.5499999999999972,50000.0,5.0,250000.0,-1774.9999999999927,-1374.999999999993
2026-01-30,KRN,LONG,B_HUGE_C1_CLOSE_RECLAIM_BREAK,HUGE,2026-01-30 14:00:00+05:30,2026-01-30 14:30:00+05:30,639.1278,635.6125971,646.1582057999999,2026-01-30 14:31:00+05:30,646.1582057999999,TARGET,4.699999999999943,5.499999999999943,21.469717025756836,80.49429321289062,87.45458221435547,3.597143205746933,3.4240307584938083,0.007405544483978797,9.238785192705038,0.0,635.6125971,0.9399999999999886,1.0999999999999885,50000.0,5.0,250000.0,2349.9999999999714,2749.9999999999714
2026-02-01,GALAPREC,LONG,B_HUGE_C1_CLOSE_RECLAIM_BREAK,HUGE,2026-02-01 10:00:00+05:30,2026-02-01 10:30:00+05:30,803.2105977905273,798.7929395026795,812.0459143662231,2026-02-01 10:31:00+05:30,812.0459143662231,TARGET,4.699999999999963,5.499999999999963,43.13101577758789,89.39163208007812,89.08363342285156,1.303370113034657,6.451361972749588,0.014956385286016272,10.100008134007275,0.0,798.7929395026795,0.9399999999999926,1.0999999999999925,50000.0,5.0,250000.0,2349.9999999999814,2749.9999999999814
2026-02-01,BALMLAWRIE,LONG,A_MOD_BREAK_C1_HIGH,MODERATE,2026-02-01 10:15:00+05:30,2026-02-01 10:30:00+05:30,173.52999572753907,172.57558075103762,175.43882568054198,2026-02-01 11:25:00+05:30,175.43882568054198,TARGET,4.699999999999936,5.499999999999936,20.512149810791016,60.49282455444336,61.75665283203125,1.1122244037539235,1.2308501130329637,0.005027787949521054,3.5281967260052975,0.0,172.57558075103762,0.9399999999999873,1.0999999999999872,50000.0,5.0,250000.0,2349.9999999999686,2749.999999999968
2026-02-01,OLECTRA,LONG,B_HUGE_GREEN_PULLBACK_HOLD_THEN_BREAK,HUGE,2026-02-01 10:00:00+05:30,2026-02-01 11:00:00+05:30,1118.4235911621095,1112.2722614107179,1130.7262506648926,2026-02-01 11:02:00+05:30,1130.7262506648926,TARGET,4.699999999999987,5.499999999999986,24.126815795898438,77.73955535888672,91.4745101928711,2.080707481838042,3.635685867455329,0.006590448266310657,7.474574536793938,0.0,1112.2722614107179,0.9399999999999973,1.0999999999999972,50000.0,5.0,250000.0,2349.999999999993,2749.9999999999927
2026-02-01,FILATEX,LONG,B_HUGE_C1_CLOSE_RECLAIM_BREAK,HUGE,2026-02-01 10:30:00+05:30,2026-02-01 11:00:00+05:30,46.48999862670898,46.23430363426208,47.00138861160278,2026-02-01 11:44:00+05:30,46.23430363426208,SL,-3.5499999999999856,-2.749999999999986,37.083499908447266,67.41258239746094,53.847068786621094,1.1416404156213247,1.4948050551517642,0.007859616420637578,4.8379220704548915,0.0,46.23430363426208,-0.7099999999999971,-0.5499999999999972,50000.0,5.0,250000.0,-1774.9999999999927,-1374.999999999993
2026-02-01,AFFLE,LONG,A_MOD_BREAK_C1_HIGH,MODERATE,2026-02-01 11:00:00+05:30,2026-02-01 11:15:00+05:30,1612.3224,1603.4546268000001,1630.0579463999998,2026-02-01 11:16:00+05:30,1630.0579463999998,TARGET,4.699999999999922,5.499999999999922,22.639577865600586,70.28492736816406,82.970458984375,0.5251327019600215,2.02625966168737,0.014378771296801698,3.7552490029519214,0.0,1603.4546268000001,0.9399999999999844,1.0999999999999843,50000.0,5.0,250000.0,2349.999999999961,2749.999999999961
2026-02-01,HIMATSEIDE,LONG,B_HUGE_GREEN_PULLBACK_HOLD_THEN_BREAK,HUGE,2026-02-01 10:00:00+05:30,2026-02-01 11:30:00+05:30,107.31000213623047,106.7197971244812,108.49041215972899,2026-02-01 11:36:00+05:30,106.7197971244812,SL,-3.549999999999974,-2.7499999999999747,29.751293182373047,72.6303939819336,81.79142761230469,1.079622837940813,3.1893514122757916,0.009245644662981835,5.914517472727539,0.0,106.7197971244812,-0.7099999999999949,-0.5499999999999949,50000.0,5.0,250000.0,-1774.999999999987,-1374.9999999999873
2026-02-01,INDIANB,SHORT,A_MOD_BREAK_C1_LOW,MODERATE,2026-02-01 12:00:00+05:30,2026-02-01 12:15:00+05:30,878.0243722045899,883.7315306239196,870.1221528547486,2026-02-01 12:19:00+05:30,870.1221528547486,TARGET,3.6999999999999886,4.4999999999999885,33.16893005371094,27.238954544067383,21.921733856201172,1.8779900870593562,2.700202159740914,0.00890774807768942,0.6861822160410513,0.0,883.7315306239196,0.7399999999999978,0.8999999999999977,50000.0,5.0,250000.0,1849.9999999999945,2249.999999999994
2026-02-01,BANKINDIA,SHORT,A_MOD_BREAK_C1_LOW,MODERATE,2026-02-01 12:15:00+05:30,2026-02-01 12:30:00+05:30,154.27000732421874,155.27276237182616,152.88157725830078,2026-02-01 12:31:00+05:30,152.88157725830078,TARGET,3.6999999999999678,4.499999999999967,38.57444381713867,20.240110397338867,7.18445348739624,2.100699118323677,3.317930776998337,0.011445579667822135,0.7886166572570801,0.0,155.27276237182616,0.7399999999999936,0.8999999999999935,50000.0,5.0,250000.0,1849.9999999999839,2249.9999999999836
2026-02-01,DEEPAKFERT,SHORT,A_MOD_BREAK_C1_LOW,MODERATE,2026-02-01 12:15:00+05:30,2026-02-01 12:30:00+05:30,1015.8967555908204,1022.5000845021607,1006.7536847905029,2026-02-01 12:31:00+05:30,1006.7536847905029,TARGET,3.7000000000000313,4.50000000000003,24.249547958374023,32.833316802978516,4.018714427947998,2.16726808942355,2.5484141739222417,0.011090025437616668,0.5737432193756102,0.0,1022.5000845021607,0.7400000000000062,0.9000000000000061,50000.0,5.0,250000.0,1850.0000000000155,2250.0000000000155
2026-02-01,MAHABANK,SHORT,A_MOD_BREAK_C1_LOW,MODERATE,2026-02-01 12:15:00+05:30,2026-02-01 12:30:00+05:30,63.10000152587891,63.51015153579712,62.532101512146,2026-02-01 12:31:00+05:30,62.532101512146,TARGET,3.6999999999999975,4.499999999999997,21.71331787109375,29.01271629333496,9.605545997619629,1.258802073579094,2.1155560160610967,0.007797337067829597,0.40599013094274766,0.0,63.51015153579712,0.7399999999999995,0.8999999999999995,50000.0,5.0,250000.0,1849.9999999999989,2249.9999999999986
2026-02-01,NORTHARC,SHORT,A_MOD_BREAK_C1_LOW,MODERATE,2026-02-01 14:00:00+05:30,2026-02-01 14:15:00+05:30,260.9478,262.6439607,258.59926979999995,2026-02-01 14:16:00+05:30,258.59926979999995,TARGET,3.7000000000000535,4.500000000000053,27.420928955078125,33.93229293823242,14.767890930175781,2.4602317804133227,1.966827196230993,0.009431907550164473,0.6196552941377216,0.0,262.6439607,0.7400000000000106,0.9000000000000107,50000.0,5.0,250000.0,1850.0000000000266,2250.000000000027
2026-02-01,GABRIEL,SHORT,A_MOD_BREAK_C1_LOW,MODERATE,2026-02-01 14:15:00+05:30,2026-02-01 14:30:00+05:30,900.56985,906.4235540249999,892.46472135,2026-02-01 15:01:00+05:30,906.4235540249999,SL,-4.049999999999976,-3.249999999999976,28.267126083374023,32.94293212890625,11.104958534240723,2.5558092626509685,2.2018921381832475,0.008471557542879801,0.6340068912506103,0.0,906.4235540249999,-0.8099999999999952,-0.6499999999999952,50000.0,5.0,250000.0,-2024.9999999999877,-1624.9999999999882
2026-02-02,IEX,SHORT,A_MOD_BREAK_C1_LOW,MODERATE,2026-02-02 10:00:00+05:30,2026-02-02 10:15:00+05:30,121.7999984741211,122.59169846420288,120.703798487854,2026-02-02 10:16:00+05:30,120.703798487854,TARGET,3.700000000000021,4.500000000000021,40.0098762512207,23.506929397583008,10.963611602783203,1.0615183844393346,3.1888466276066256,0.007409959448117115,0.645913861045194,0.0,122.59169846420288,0.7400000000000042,0.9000000000000042,50000.0,5.0,250000.0,1850.0000000000105,2250.0000000000105
2026-02-02,PRECAM,SHORT,A_PULLBACK_C2_THEN_BREAK_C2_LOW,MODERATE,2026-02-02 10:00:00+05:30,2026-02-02 10:30:00+05:30,141.0000030517578,141.9165030715942,139.731003024292,2026-02-02 10:45:00+05:30,139.731003024292,TARGET,3.6999999999999558,4.499999999999956,25.695676803588867,25.51032829284668,0.653106153011322,0.9234361347405226,3.325882680820818,0.008821599641675393,0.40703647563342443,0.0,141.9165030715942,0.7399999999999911,0.899999999999991,50000.0,5.0,250000.0,1849.9999999999777,2249.9999999999777
2026-02-02,LINDEINDIA,SHORT,A_MOD_BREAK_C1_LOW,MODERATE,2026-02-02 10:15:00+05:30,2026-02-02 10:30:00+05:30,5853.829,5891.878888499999,5801.144539,2026-02-02 14:32:00+05:30,5891.878888499999,SL,-4.049999999999976,-3.249999999999976,23.589679718017578,25.261083602905273,1.9680850505828857,1.2771649630773383,2.900057320495477,0.0038585327533878833,0.4373490643087979,0.0,5891.878888499999,-0.8099999999999952,-0.6499999999999952,50000.0,5.0,250000.0,-2024.9999999999877,-1624.9999999999882
2026-02-02,AXISBANK,SHORT,A_MOD_BREAK_C1_LOW,MODERATE,2026-02-02 10:30:00+05:30,2026-02-02 10:45:00+05:30,1327.9343111816406,1336.5658842043213,1315.982902381006,2026-02-02 13:14:00+05:30,1315.982902381006,TARGET,3.699999999999969,4.499999999999968,42.03583526611328,28.944135665893555,10.867176055908203,0.9559174163774197,1.9239055602802413,0.006806809694909673,0.6540183548717597,0.0,1336.5658842043213,0.7399999999999938,0.8999999999999937,50000.0,5.0,250000.0,1849.9999999999845,2249.999999999984
2026-02-02,EIMCOELECO,SHORT,A_MOD_BREAK_C1_LOW,MODERATE,2026-02-02 10:30:00+05:30,2026-02-02 10:45:00+05:30,1666.0667444091796,1676.896178247839,1651.072143709497,2026-02-02 11:03:00+05:30,1676.896178247839,SL,-4.049999999999949,-3.249999999999949,23.90155029296875,33.60518264770508,12.48740291595459,1.196747521002715,2.052785652074484,0.01173512782374397,0.4279540705700064,0.0,1676.896178247839,-0.8099999999999898,-0.6499999999999898,50000.0,5.0,250000.0,-2024.9999999999748,-1624.9999999999745
2026-02-02,HERITGFOOD,SHORT,A_MOD_BREAK_C1_LOW,MODERATE,2026-02-02 10:30:00+05:30,2026-02-02 10:45:00+05:30,347.4305,349.68879825,344.3036255,2026-02-02 14:42:00+05:30,344.3036255,TARGET,3.699999999999979,4.499999999999979,44.848087310791016,21.872934341430664,1.9940143823623657,1.5766642550546108,3.278133816023352,0.005383859063575682,0.8086375542964221,0.0,349.68879825,0.7399999999999958,0.8999999999999958,50000.0,5.0,250000.0,1849.9999999999895,2249.9999999999895
2026-02-02,HUDCO,SHORT,A_MOD_BREAK_C1_LOW,MODERATE,2026-02-02 10:30:00+05:30,2026-02-02 10:45:00+05:30,184.14999694824218,185.34697192840574,182.492646975708,2026-02-02 10:55:00+05:30,182.492646975708,TARGET,3.6999999999999944,4.499999999999995,29.559093475341797,26.424968719482422,3.0698511600494385,1.0871570719733457,2.8514117922190603,0.012210349703829454,0.4936388897254624,0.0,185.34697192840574,0.7399999999999989,0.8999999999999989,50000.0,5.0,250000.0,1849.9999999999973,2249.9999999999973
2026-02-02,NAUKRI,SHORT,A_MOD_BREAK_C1_LOW,MODERATE,2026-02-02 10:30:00+05:30,2026-02-02 10:45:00+05:30,1235.7528,1243.7851931999999,1224.6310248,2026-02-02 11:04:00+05:30,1224.6310248,TARGET,3.700000000000001,4.500000000000001,22.31656265258789,38.79560089111328,31.904861450195312,0.6493840153189331,1.2193135775875903,0.010200787823111637,0.2693563213490111,0.0,1243.7851931999999,0.7400000000000002,0.9000000000000001,50000.0,5.0,250000.0,1850.0000000000005,2250.0000000000005
2026-02-02,WELCORP,SHORT,A_MOD_BREAK_C1_LOW,MODERATE,2026-02-02 10:30:00+05:30,2026-02-02 10:45:00+05:30,719.8060222045898,724.4847613489196,713.3277680047485,2026-02-02 11:01:00+05:30,713.3277680047485,TARGET,3.7000000000000166,4.500000000000016,22.822616577148438,32.214534759521484,9.020064353942871,1.134125184823535,2.448006461907231,0.006766598134312584,0.40081115600134515,0.0,724.4847613489196,0.7400000000000033,0.9000000000000032,50000.0,5.0,250000.0,1850.0000000000084,2250.000000000008
2026-02-02,TOLINS,SHORT,A_PULLBACK_C2_THEN_BREAK_C2_LOW,MODERATE,2026-02-02 10:30:00+05:30,2026-02-02 11:00:00+05:30,116.50000305175782,117.25725307159423,115.451503024292,2026-02-02 11:01:00+05:30,115.451503024292,TARGET,3.700000000000001,4.500000000000001,38.305572509765625,27.84463119506836,7.587239742279053,1.1910984541725067,2.5295297192469115,0.007930394455561053,0.643025817126673,0.0,117.25725307159423,0.7400000000000002,0.9000000000000001,50000.0,5.0,250000.0,1850.0000000000005,2250.0000000000005
2026-02-02,ASAL,SHORT,A_MOD_BREAK_C1_LOW,MODERATE,2026-02-02 10:45:00+05:30,2026-02-02 11:00:00+05:30,439.6120722045898,442.4695506739196,435.6555635547485,2026-02-02 11:03:00+05:30,435.6555635547485,TARGET,3.7000000000000357,4.5000000000000355,31.60515022277832,24.13347625732422,5.604427337646484,1.6378189222114237,3.5286115694881985,0.006441078631865847,0.6206955647286738,0.0,442.4695506739196,0.7400000000000071,0.900000000000007,50000.0,5.0,250000.0,1850.0000000000177,2250.0000000000177
2026-02-02,HDFCLIFE,SHORT,A_MOD_BREAK_C1_LOW,MODERATE,2026-02-02 10:45:00+05:30,2026-02-02 11:00:00+05:30,714.857,719.5035704999999,708.423287,2026-02-02 15:30:00+05:30,718.0,EOD,-2.9983417662553693,-2.1983417662553695,26.84290313720703,36.24705505371094,39.45247268676758,0.5419198451155329,1.2616160211895597,0.0060535266827475235,0.3205603210128017,0.0,719.5035704999999,-0.5996683532510738,-0.4396683532510739,50000.0,5.0,250000.0,-1499.1708831276844,-1099.1708831276846
2026-02-02,ABREL,SHORT,A_MOD_BREAK_C1_LOW,MODERATE,2026-02-02 11:00:00+05:30,2026-02-02 11:15:00+05:30,1205.4588111816406,1213.2942934543212,1194.6096818810058,2026-02-02 11:18:00+05:30,1194.6096818810058,TARGET,3.700000000000009,4.500000000000009,29.610031127929688,32.58793640136719,31.3226261138916,1.086268069313577,2.2208693119305236,0.011858410633071761,0.49424737904882127,0.0,1213.2942934543212,0.7400000000000018,0.9000000000000017,50000.0,5.0,250000.0,1850.0000000000043,2250.000000000004
2026-02-02,DBREALTY,SHORT,A_MOD_BREAK_C1_LOW,MODERATE,2026-02-02 11:00:00+05:30,2026-02-02 11:15:00+05:30,100.95,101.606175,100.04145,2026-02-02 11:16:00+05:30,100.04145,TARGET,3.7000000000000255,4.500000000000026,39.32966232299805,37.8031120300293,46.01202392578125,0.9625450813234031,1.5027711580446161,0.011538523330597246,0.5935288819787969,0.0,101.606175,0.7400000000000051,0.9000000000000051,50000.0,5.0,250000.0,1850.0000000000127,2250.0000000000127
2026-02-02,DHANUKA,SHORT,A_MOD_BREAK_C1_LOW,MODERATE,2026-02-02 11:00:00+05:30,2026-02-02 11:15:00+05:30,1073.8851555908202,1080.8654091021606,1064.2201891905029,2026-02-02 11:35:00+05:30,1080.8654091021606,SL,-4.050000000000022,-3.250000000000022,35.88215255737305,32.4233512878418,39.54462432861328,0.7530746876367936,1.659821935761959,0.00861131002736646,0.5130114554851326,0.0,1080.8654091021606,-0.8100000000000045,-0.6500000000000045,50000.0,5.0,250000.0,-2025.0000000000111,-1625.0000000000111
2026-02-02,FEDFINA,SHORT,A_MOD_BREAK_C1_LOW,MODERATE,2026-02-02 11:00:00+05:30,2026-02-02 11:15:00+05:30,134.45,135.32392499999997,133.23995,2026-02-02 12:08:00+05:30,133.23995,TARGET,3.6999999999999833,4.499999999999983,34.264530181884766,22.121931076049805,1.4758037328720093,1.6210537874618036,3.3274727508320843,0.01115307347523184,0.6576523655340871,0.0,135.32392499999997,0.7399999999999967,0.8999999999999966,50000.0,5.0,250000.0,1849.9999999999916,2249.999999999992
2026-02-02,GLENMARK,SHORT,A_MOD_BREAK_C1_LOW,MODERATE,2026-02-02 11:00:00+05:30,2026-02-02 11:15:00+05:30,1864.9269888183594,1877.0490142456786,1848.142645918994,2026-02-02 11:58:00+05:30,1848.142645918994,TARGET,3.700000000000033,4.500000000000033,46.7439079284668,21.984756469726562,8.702234268188477,1.7127657744093667,3.1123374123735195,0.011308020740172892,0.8608926294486412,0.0,1877.0490142456786,0.7400000000000067,0.9000000000000066,50000.0,5.0,250000.0,1850.0000000000166,2250.0000000000164
2026-02-02,J&KBANK,SHORT,A_MOD_BREAK_C1_LOW,MODERATE,2026-02-02 11:00:00+05:30,2026-02-02 11:15:00+05:30,99.21000213623047,99.85486715011596,98.3171121170044,2026-02-02 12:15:00+05:30,99.85486715011596,SL,-4.049999999999974,-3.2499999999999742,62.01520919799805,17.305288314819336,5.425427436828613,1.7843466485754116,3.2815401955694816,0.007083944415846365,0.9222606635006969,0.0,99.85486715011596,-0.8099999999999947,-0.6499999999999948,50000.0,5.0,250000.0,-2024.9999999999868,-1624.9999999999868
2026-02-02,LEMONTREE,SHORT,A_MOD_BREAK_C1_LOW,MODERATE,2026-02-02 11:00:00+05:30,2026-02-02 11:15:00+05:30,125.32000274658203,126.13458276443481,124.1921227218628,2026-02-02 13:04:00+05:30,126.13458276443481,SL,-4.049999999999972,-3.249999999999973,40.078006744384766,29.523929595947266,11.594154357910156,0.9430920465622707,2.453569998105519,0.007226562060437724,0.6262112093141687,0.0,126.13458276443481,-0.8099999999999945,-0.6499999999999946,50000.0,5.0,250000.0,-2024.9999999999864,-1624.9999999999866
2026-02-02,LICI,SHORT,A_MOD_BREAK_C1_LOW,MODERATE,2026-02-02 11:00:00+05:30,2026-02-02 11:15:00+05:30,790.8418,795.9822717,783.7242238,2026-02-02 14:49:00+05:30,795.9822717,SL,-4.04999999999995,-3.2499999999999503,56.09169387817383,22.9844913482666,7.6919732093811035,1.7313224828102303,3.2091356825877524,0.004233274676606601,0.9129814344917901,0.0,795.9822717,-0.8099999999999901,-0.64999999999999,50000.0,5.0,250000.0,-2024.9999999999752,-1624.999999999975
2026-02-02,MOIL,SHORT,A_MOD_BREAK_C1_LOW,MODERATE,2026-02-02 11:00:00+05:30,2026-02-02 11:15:00+05:30,328.9342,331.07227229999995,325.9737922,2026-02-02 11:59:00+05:30,325.9737922,TARGET,3.699999999999978,4.499999999999977,42.56499099731445,20.02006721496582,2.414046287536621,1.819544836940639,3.513253152984395,0.01191019088640843,0.8168952114243286,0.0,331.07227229999995,0.7399999999999956,0.8999999999999955,50000.0,5.0,250000.0,1849.9999999999889,2249.9999999999886
2026-02-02,POLYMED,SHORT,A_MOD_BREAK_C1_LOW,MODERATE,2026-02-02 11:00:00+05:30,2026-02-02 11:15:00+05:30,1453.0093888183594,1462.4539498456786,1439.932304318994,2026-02-02 11:34:00+05:30,1462.4539498456786,SL,-4.049999999999951,-3.249999999999952,32.77166748046875,29.23231315612793,1.6820062398910522,1.7406219155135527,3.0369707987507666,0.007952325264998119,0.656183847421903,0.0,1462.4539498456786,-0.8099999999999903,-0.6499999999999904,50000.0,5.0,250000.0,-2024.9999999999757,-1624.999999999976
2026-02-02,PRINCEPIPE,SHORT,A_MOD_BREAK_C1_LOW,MODERATE,2026-02-02 11:00:00+05:30,2026-02-02 11:15:00+05:30,233.95,235.47067499999997,231.84445,2026-02-02 11:27:00+05:30,231.84445,TARGET,3.699999999999987,4.499999999999987,26.83260154724121,30.468896865844727,3.1532106399536133,1.4010527200097909,2.4452375602124268,0.004581805477794419,0.5076732492103315,0.0,235.47067499999997,0.7399999999999973,0.8999999999999974,50000.0,5.0,250000.0,1849.9999999999934,2249.999999999993
2026-02-02,PSB,SHORT,A_MOD_BREAK_C1_LOW,MODERATE,2026-02-02 11:00:00+05:30,2026-02-02 11:15:00+05:30,26.499999237060546,26.67224923210144,26.261499243927002,2026-02-02 11:24:00+05:30,26.261499243927002,TARGET,3.6999999999999886,4.4999999999999885,24.171236038208008,30.014766693115234,9.232571601867676,1.3507087909770776,2.192681244468426,0.0071401619742857015,0.4589425789941087,0.0,26.67224923210144,0.7399999999999978,0.8999999999999977,50000.0,5.0,250000.0,1849.9999999999945,2249.999999999994
2026-02-02,PSPPROJECT,SHORT,A_MOD_BREAK_C1_LOW,MODERATE,2026-02-02 11:00:00+05:30,2026-02-02 11:15:00+05:30,699.4100777954102,703.9562433010803,693.1153870952514,2026-02-02 11:35:00+05:30,703.9562433010803,SL,-4.049999999999995,-3.2499999999999956,49.28202819824219,23.231870651245117,1.999650239944458,1.5241183811560006,3.1987718279566857,0.010116026340523146,0.8659511396759327,0.0,703.9562433010803,-0.8099999999999992,-0.6499999999999991,50000.0,5.0,250000.0,-2024.9999999999977,-1624.9999999999977
2026-02-02,SAIL,SHORT,A_MOD_BREAK_C1_LOW,MODERATE,2026-02-02 11:00:00+05:30,2026-02-02 11:15:00+05:30,144.0500061035156,144.98633114318847,142.75355604858396,2026-02-02 11:52:00+05:30,142.75355604858396,TARGET,3.7000000000000464,4.500000000000047,27.717313766479492,34.878387451171875,29.244794845581055,0.6959402978450185,1.9130205231330089,0.010969931111321628,0.39320028477672103,0.0,144.98633114318847,0.7400000000000093,0.9000000000000093,50000.0,5.0,250000.0,1850.0000000000232,2250.000000000023
2026-02-02,SANGHVIMOV,SHORT,A_MOD_BREAK_C1_LOW,MODERATE,2026-02-02 11:00:00+05:30,2026-02-02 11:15:00+05:30,288.29233610229494,290.1662362869598,285.6977050773743,2026-02-02 11:47:00+05:30,290.1662362869598,SL,-4.04999999999993,-3.249999999999929,24.087217330932617,32.95054626464844,7.466522216796875,1.3636280761283013,2.1373381487839165,0.008503686116926413,0.459943173286442,0.0,290.1662362869598,-0.8099999999999858,-0.6499999999999858,50000.0,5.0,250000.0,-2024.9999999999648,-1624.9999999999645
2026-02-02,SAREGAMA,SHORT,A_MOD_BREAK_C1_LOW,MODERATE,2026-02-02 11:00:00+05:30,2026-02-02 11:15:00+05:30,325.23492779541016,327.34895482608033,322.30781344525144,2026-02-02 15:01:00+05:30,327.34895482608033,SL,-4.05000000000001,-3.2500000000000098,34.907867431640625,22.18613052368164,1.8260133266448975,1.6956142448187925,2.929515868569642,0.008486670517325974,0.6803505043178981,0.0,327.34895482608033,-0.8100000000000018,-0.6500000000000019,50000.0,5.0,250000.0,-2025.0000000000045,-1625.0000000000048
2026-02-02,TARSONS,SHORT,A_MOD_BREAK_C1_LOW,MODERATE,2026-02-02 11:00:00+05:30,2026-02-02 11:15:00+05:30,190.2500030517578,191.48662807159423,188.537753024292,2026-02-02 11:24:00+05:30,188.537753024292,TARGET,3.6999999999999833,4.499999999999983,23.57569694519043,27.79421615600586,2.6952786445617676,1.9548293585876897,3.0886660536536765,0.00603172812098665,0.5557305919307021,0.0,191.48662807159423,0.7399999999999967,0.8999999999999966,50000.0,5.0,250000.0,1849.9999999999916,2249.999999999992
2026-02-02,VINDHYATEL,SHORT,A_MOD_BREAK_C1_LOW,MODERATE,2026-02-02 11:00:00+05:30,2026-02-02 11:15:00+05:30,1172.7654,1180.3883750999998,1162.2105114,2026-02-02 11:16:00+05:30,1162.2105114,TARGET,3.6999999999999633,4.499999999999964,27.144926071166992,30.18800926208496,4.344150543212891,1.3357773610473553,2.01400239121354,0.009042739868164062,0.5009349292507921,0.0,1180.3883750999998,0.7399999999999927,0.8999999999999927,50000.0,5.0,250000.0,1849.9999999999816,2249.999999999982
2026-02-02,VPRPL,SHORT,A_MOD_BREAK_C1_LOW,MODERATE,2026-02-02 11:00:00+05:30,2026-02-02 11:15:00+05:30,42.959998321533206,43.23923831062317,42.57335833663941,2026-02-02 11:34:00+05:30,43.23923831062317,SL,-4.050000000000002,-3.2500000000000013,20.62055206298828,30.76190185546875,1.731640338897705,1.8054008512108808,2.6738462977105186,0.008536239137624722,0.4852534299067283,0.0,43.23923831062317,-0.8100000000000003,-0.6500000000000002,50000.0,5.0,250000.0,-2025.0000000000007,-1625.0000000000007
2026-02-02,ZEEL,SHORT,A_MOD_BREAK_C1_LOW,MODERATE,2026-02-02 11:00:00+05:30,2026-02-02 11:15:00+05:30,80.57000274658203,81.09370776443481,79.8448727218628,2026-02-02 11:59:00+05:30,79.8448727218628,TARGET,3.699999999999978,4.499999999999978,50.002010345458984,35.04487228393555,46.258583068847656,1.4749676304220027,1.9619332847049833,0.0075588478822047915,0.8662159995590997,0.0,81.09370776443481,0.7399999999999956,0.8999999999999956,50000.0,5.0,250000.0,1849.9999999999889,2249.999999999989
2026-02-02,BRIGADE,SHORT,A_MOD_BREAK_C1_LOW,MODERATE,2026-02-02 11:15:00+05:30,2026-02-02 11:30:00+05:30,727.9043777954101,732.6357562510802,721.3532383952514,2026-02-02 12:10:00+05:30,721.3532383952514,TARGET,3.700000000000018,4.500000000000018,32.64128494262695,36.29671859741211,18.813499450683594,0.6930999070319791,1.924238464767565,0.009528716323386342,0.4671236811083789,0.0,732.6357562510802,0.7400000000000035,0.9000000000000036,50000.0,5.0,250000.0,1850.0000000000089,2250.000000000009
2026-02-02,CHOLAHLDNG,SHORT,A_MOD_BREAK_C1_LOW,MODERATE,2026-02-02 11:15:00+05:30,2026-02-02 11:30:00+05:30,1617.1765,1627.68814725,1602.6219115000001,2026-02-02 13:12:00+05:30,1627.68814725,SL,-4.049999999999968,-3.249999999999968,28.5753231048584,31.596784591674805,4.9761643409729,1.2510860445321157,2.2562568502474813,0.010810335563176197,0.5075699043659962,0.0,1627.68814725,-0.8099999999999936,-0.6499999999999936,50000.0,5.0,250000.0,-2024.9999999999839,-1624.9999999999839
2026-02-02,DMART,SHORT,A_MOD_BREAK_C1_LOW,MODERATE,2026-02-02 11:15:00+05:30,2026-02-02 11:30:00+05:30,3612.3774776367186,3635.857931241357,3579.866080337988,2026-02-02 13:00:00+05:30,3635.857931241357,SL,-4.049999999999986,-3.2499999999999862,44.43327331542969,36.404605865478516,46.26580047607422,0.7318656235313037,1.5016199916642625,0.007026378722267299,0.6296565834326366,0.0,3635.857931241357,-0.8099999999999972,-0.6499999999999972,50000.0,5.0,250000.0,-2024.999999999993,-1624.9999999999932
2026-02-03,SHK,LONG,B_HUGE_GREEN_PULLBACK_HOLD_THEN_BREAK,HUGE,2026-02-03 12:00:00+05:30,2026-02-03 13:00:00+05:30,157.27999572753907,156.4149557510376,159.010075680542,2026-02-03 13:05:00+05:30,159.010075680542,TARGET,4.699999999999996,5.499999999999995,54.40895462036133,84.50359344482422,76.0478744506836,3.313713159347381,3.3198123874081005,0.014131802090179222,9.998115485078884,0.0,156.4149557510376,0.9399999999999991,1.099999999999999,50000.0,5.0,250000.0,2349.9999999999973,2749.9999999999973
2026-02-04,NCLIND,LONG,A_MOD_BREAK_C1_HIGH,MODERATE,2026-02-04 10:00:00+05:30,2026-02-04 10:15:00+05:30,187.54000549316407,186.50853546295167,189.60294555358885,2026-02-04 12:10:00+05:30,186.50853546295167,SL,-3.5500000000000034,-2.7500000000000036,24.45485496520996,66.3804702758789,81.36554718017578,1.306453173569112,1.9609509515149963,0.006206048530011976,4.3309306864382915,0.0,186.50853546295167,-0.7100000000000006,-0.5500000000000007,50000.0,5.0,250000.0,-1775.0000000000016,-1375.0000000000018
2026-02-04,ADFFOODS,LONG,B_HUGE_C1_CLOSE_RECLAIM_BREAK,HUGE,2026-02-04 10:00:00+05:30,2026-02-04 10:30:00+05:30,217.33999328613282,216.1446233230591,219.73073321228026,2026-02-04 10:31:00+05:30,219.73073321228026,TARGET,4.699999999999935,5.499999999999935,70.25008392333984,95.48584747314453,85.47376251220703,2.84224527930706,4.953746569937241,0.00977298622460441,11.065939821098732,0.0,216.1446233230591,0.9399999999999871,1.099999999999987,50000.0,5.0,250000.0,2349.9999999999677,2749.9999999999673
2026-02-04,BIRLACORPN,LONG,B_HUGE_C1_CLOSE_RECLAIM_BREAK,HUGE,2026-02-04 10:00:00+05:30,2026-02-04 10:30:00+05:30,1074.1148044189454,1068.2071729946413,1085.9300672675536,2026-02-04 10:31:00+05:30,1085.9300672675536,TARGET,4.699999999999908,5.499999999999908,31.73277473449707,72.95794677734375,94.85752868652344,1.6463871171280016,2.9100764535128016,0.006578161376204917,6.391790888910718,0.0,1068.2071729946413,0.9399999999999815,1.0999999999999814,50000.0,5.0,250000.0,2349.9999999999536,2749.9999999999536
2026-02-04,BOMDYEING,LONG,B_HUGE_C1_CLOSE_RECLAIM_BREAK,HUGE,2026-02-04 10:15:00+05:30,2026-02-04 10:45:00+05:30,125.05,124.36222500000001,126.42554999999999,2026-02-04 11:21:00+05:30,124.36222500000001,SL,-3.549999999999951,-2.749999999999951,52.70193099975586,80.55366516113281,94.95660400390625,1.4141815070328771,4.394021383527681,0.008628570556640625,7.964690817361207,0.0,124.36222500000001,-0.7099999999999902,-0.5499999999999903,50000.0,5.0,250000.0,-1774.9999999999754,-1374.9999999999757
2026-02-04,DBREALTY,LONG,B_HUGE_C1_CLOSE_RECLAIM_BREAK,HUGE,2026-02-04 10:15:00+05:30,2026-02-04 10:45:00+05:30,116.81000213623047,116.1675471244812,118.09491215972899,2026-02-04 10:48:00+05:30,118.09491215972899,TARGET,4.69999999999996,5.499999999999959,55.03253173828125,83.27098846435547,78.83387756347656,0.6868142581655765,4.897360836864715,0.01084640852433882,7.616386458001402,0.0,116.1675471244812,0.939999999999992,1.0999999999999919,50000.0,5.0,250000.0,2349.9999999999795,2749.99999999998
2026-02-04,VENKEYS,LONG,B_HUGE_C1_CLOSE_RECLAIM_BREAK,HUGE,2026-02-04 10:30:00+05:30,2026-02-04 11:00:00+05:30,1610.322,1601.465229,1628.0355419999996,2026-02-04 11:20:00+05:30,1601.465229,SL,-3.5499999999999945,-2.7499999999999942,42.6460075378418,77.6378402709961,79.51248168945312,0.7434434628786325,3.635321033995011,0.009236926321657547,6.411012914535133,0.0,1601.465229,-0.7099999999999989,-0.5499999999999988,50000.0,5.0,250000.0,-1774.999999999997,-1374.999999999997
2026-02-04,IDBI,LONG,A_MOD_BREAK_C1_HIGH,MODERATE,2026-02-04 11:45:00+05:30,2026-02-04 12:00:00+05:30,106.93999938964843,106.35182939300537,108.11633938293456,2026-02-04 12:01:00+05:30,108.11633938293456,TARGET,4.699999999999943,5.499999999999943,51.17380142211914,79.867431640625,94.38903045654297,2.928207045461812,2.7184176246546063,0.009547446797015732,8.215216770586455,0.0,106.35182939300537,0.9399999999999886,1.0999999999999885,50000.0,5.0,250000.0,2349.9999999999714,2749.9999999999714
2026-02-04,UDS,LONG,B_HUGE_GREEN_PULLBACK_HOLD_THEN_BREAK,HUGE,2026-02-04 10:00:00+05:30,2026-02-04 12:15:00+05:30,154.68999938964845,153.8392043930054,156.39158938293457,2026-02-04 13:05:00+05:30,156.39158938293457,TARGET,4.69999999999996,5.499999999999959,27.654340744018555,70.14578247070312,87.92559814453125,1.9575400013407327,2.8538507207664976,0.006549587588359325,6.516320777929108,0.0,153.8392043930054,0.939999999999992,1.0999999999999919,50000.0,5.0,250000.0,2349.9999999999795,2749.99999999998
2026-02-04,KALAMANDIR,LONG,B_HUGE_GREEN_PULLBACK_HOLD_THEN_BREAK,HUGE,2026-02-04 10:00:00+05:30,2026-02-04 13:45:00+05:30,116.55,115.908975,117.83204999999998,2026-02-04 13:58:00+05:30,117.83204999999998,TARGET,4.699999999999932,5.499999999999932,31.914974212646484,73.92193603515625,86.64503479003906,2.9986396129995914,3.631498932267023,0.010519476680012492,8.819197250871136,0.0,115.908975,0.9399999999999864,1.0999999999999863,50000.0,5.0,250000.0,2349.999999999966,2749.999999999966
2026-02-04,PVRINOX,LONG,B_HUGE_C1_CLOSE_RECLAIM_BREAK,HUGE,2026-02-04 13:30:00+05:30,2026-02-04 14:00:00+05:30,1017.1534022094727,1011.5590584973206,1028.3420896337768,2026-02-04 14:16:00+05:30,1028.3420896337768,TARGET,4.699999999999969,5.499999999999968,46.500022888183594,80.17875671386719,79.11360168457031,2.7831358282339225,3.617007991698092,0.004723512399748429,8.889837893098555,0.0,1011.5590584973206,0.9399999999999937,1.0999999999999936,50000.0,5.0,250000.0,2349.9999999999845,2749.999999999984
2026-02-04,TVSSCS-BE,LONG,B_HUGE_GREEN_PULLBACK_HOLD_THEN_BREAK,HUGE,2026-02-04 10:15:00+05:30,2026-02-04 14:15:00+05:30,102.35000305175781,101.78707803497315,103.47585308532713,2026-02-04 15:30:00+05:30,102.5,EOD,-0.0672352527125096,0.7327647472874903,51.03419494628906,79.85218048095703,90.76992797851562,2.9119044615847396,3.7020845780485305,0.005111017731927994,9.098509473860043,0.0,101.78707803497315,-0.01344705054250192,0.14655294945749806,50000.0,5.0,250000.0,-33.6176263562548,366.3823736437451
2026-02-04,UGROCAP,LONG,B_HUGE_C1_CLOSE_RECLAIM_BREAK,HUGE,2026-02-04 13:45:00+05:30,2026-02-04 14:15:00+05:30,161.6800048828125,160.79076485595706,163.45848493652343,2026-02-04 14:47:00+05:30,160.79076485595706,SL,-3.5499999999999323,-2.749999999999932,43.14373016357422,83.74182891845703,94.44730377197266,2.4180672090187505,5.020242900033886,0.004794917870134426,9.629512849267579,0.0,160.79076485595706,-0.7099999999999864,-0.5499999999999864,50000.0,5.0,250000.0,-1774.9999999999661,-1374.999999999966
2026-02-04,KOTHARIPET,LONG,B_HUGE_GREEN_PULLBACK_HOLD_THEN_BREAK,HUGE,2026-02-04 10:15:00+05:30,2026-02-04 14:30:00+05:30,121.53000335693359,120.86158833847047,122.86683339385985,2026-02-04 15:01:00+05:30,122.86683339385985,TARGET,4.699999999999955,5.499999999999955,35.015560150146484,73.39952087402344,73.42472839355469,2.041300101718302,3.2403348979969206,0.008931508483179314,7.514153022148953,0.0,120.86158833847047,0.9399999999999911,1.099999999999991,50000.0,5.0,250000.0,2349.9999999999777,2749.9999999999773
2026-02-04,CONCORDBIO,LONG,B_HUGE_C1_CLOSE_RECLAIM_BREAK,HUGE,2026-02-04 14:00:00+05:30,2026-02-04 14:30:00+05:30,1187.3373955810546,1180.8070399053588,1200.3981069324461,2026-02-04 15:19:00+05:30,1180.8070399053588,SL,-3.5499999999999887,-2.7499999999999885,30.00699806213379,69.38711547851562,81.69243621826172,2.044372800472472,2.775774381069804,0.006311894918497936,6.743153135564411,0.0,1180.8070399053588,-0.7099999999999977,-0.5499999999999977,50000.0,5.0,250000.0,-1774.9999999999945,-1374.9999999999943
2026-02-04,POONAWALLA,LONG,B_HUGE_C1_CLOSE_RECLAIM_BREAK,HUGE,2026-02-04 14:00:00+05:30,2026-02-04 14:30:00+05:30,418.4836738952637,416.18201368883973,423.0869943081115,2026-02-04 15:30:00+05:30,420.95001220703125,EOD,2.146755710695702,2.946755710695702,28.792423248291016,76.76570892333984,97.68705749511719,3.9792210965136174,3.5390055391230724,0.005633712011030383,9.899971071577689,0.0,416.18201368883973,0.42935114213914044,0.5893511421391404,50000.0,5.0,250000.0,1073.377855347851,1473.377855347851
2026-02-05,GANECOS,SHORT,A_MOD_BREAK_C1_LOW,MODERATE,2026-02-05 10:00:00+05:30,2026-02-05 10:15:00+05:30,685.8628,690.3209082,679.6900348,2026-02-05 15:06:00+05:30,690.3209082,SL,-4.049999999999978,-3.249999999999978,20.126317977905273,29.74007797241211,10.701156616210938,1.5359752829013598,2.9527830541863858,0.007131417915629324,0.430690444176317,0.0,690.3209082,-0.8099999999999956,-0.6499999999999956,50000.0,5.0,250000.0,-2024.999999999989,-1624.9999999999889
2026-02-05,AIIL,SHORT,A_MOD_BREAK_C1_LOW,MODERATE,2026-02-05 10:45:00+05:30,2026-02-05 11:00:00+05:30,496.05076389770505,499.2750938630401,491.5863070226257,2026-02-05 14:48:00+05:30,499.2750938630401,SL,-4.04999999999999,-3.2499999999999902,45.499542236328125,25.64434051513672,32.65115737915039,1.1379862836892969,2.5436900981410373,0.00593799426928238,0.7416407331905488,0.0,499.2750938630401,-0.809999999999998,-0.649999999999998,50000.0,5.0,250000.0,-2024.9999999999952,-1624.9999999999952
2026-02-05,KOTAKBANK,SHORT,A_MOD_BREAK_C1_LOW,MODERATE,2026-02-05 10:45:00+05:30,2026-02-05 11:00:00+05:30,407.36852220458985,410.01641759891965,403.7022055047485,2026-02-05 15:28:00+05:30,410.01641759891965,SL,-4.04999999999995,-3.2499999999999507,22.8316593170166,26.045316696166992,8.992392539978027,2.020035698468027,2.589813461134538,0.0038017958236542136,0.5524748897552489,0.0,410.01641759891965,-0.8099999999999901,-0.6499999999999901,50000.0,5.0,250000.0,-2024.9999999999752,-1624.9999999999754
2026-02-05,RATEGAIN,SHORT,A_MOD_BREAK_C1_LOW,MODERATE,2026-02-05 11:00:00+05:30,2026-02-05 11:15:00+05:30,609.9279777954101,613.8925096510802,604.4386259952514,2026-02-05 11:23:00+05:30,604.4386259952514,TARGET,3.7000000000000197,4.5000000000000195,29.392465591430664,24.608274459838867,12.90731143951416,0.9936175474898209,3.0558267196623468,0.007724552724705238,0.47477005468217864,0.0,613.8925096510802,0.740000000000004,0.9000000000000039,50000.0,5.0,250000.0,1850.00000000001,2250.00000000001
2026-02-05,PARADEEP,SHORT,A_MOD_BREAK_C1_LOW,MODERATE,2026-02-05 14:15:00+05:30,2026-02-05 14:30:00+05:30,124.67000122070313,125.48035622863769,123.54797120971679,2026-02-05 14:39:00+05:30,125.48035622863769,SL,-4.0499999999999625,-3.2499999999999623,32.29257583618164,26.777734756469727,7.25681209564209,3.173122182891421,3.409985617060734,0.004651307352683173,0.6943886375427246,0.0,125.48035622863769,-0.8099999999999925,-0.6499999999999925,50000.0,5.0,250000.0,-2024.9999999999814,-1624.9999999999814
2026-02-06,DOLATALGO,SHORT,A_MOD_BREAK_C1_LOW,MODERATE,2026-02-06 10:00:00+05:30,2026-02-06 10:15:00+05:30,74.75000305175782,75.23587807159424,74.07725302429199,2026-02-06 11:25:00+05:30,75.23587807159424,SL,-4.050000000000012,-3.2500000000000124,22.997730255126953,26.098724365234375,15.154998779296875,0.968270202137003,2.546099031009483,0.0066418691325138704,0.3744132392008798,0.0,75.23587807159424,-0.8100000000000025,-0.6500000000000025,50000.0,5.0,250000.0,-2025.0000000000064,-1625.0000000000061
2026-02-06,IEX,SHORT,A_MOD_BREAK_C1_LOW,MODERATE,2026-02-06 10:00:00+05:30,2026-02-06 10:15:00+05:30,121.11000366210938,121.89721868591309,120.0200136291504,2026-02-06 10:49:00+05:30,120.0200136291504,TARGET,3.699999999999981,4.4999999999999805,25.147762298583984,17.209070205688477,1.8298949003219604,1.5937786096836595,5.0567912378164115,0.005018739019690142,0.5161276911734001,0.0,121.89721868591309,0.7399999999999962,0.8999999999999961,50000.0,5.0,250000.0,1849.9999999999905,2249.9999999999905
2026-02-06,KHAICHEM,SHORT,A_MOD_BREAK_C1_LOW,MODERATE,2026-02-06 10:00:00+05:30,2026-02-06 10:15:00+05:30,64.71999664306641,65.14067662124634,64.13751667327881,2026-02-06 10:40:00+05:30,64.13751667327881,TARGET,3.700000000000009,4.500000000000009,30.41642189025879,28.057662963867188,24.333444595336914,1.4609340322722848,2.781845755915109,0.006330089063791848,0.5719097840015317,0.0,65.14067662124634,0.7400000000000018,0.9000000000000018,50000.0,5.0,250000.0,1850.0000000000043,2250.0000000000045
2026-02-06,PDSL,SHORT,A_MOD_BREAK_C1_LOW,MODERATE,2026-02-06 10:00:00+05:30,2026-02-06 10:15:00+05:30,339.98197779541016,342.19186065108033,336.9221399952515,2026-02-06 10:25:00+05:30,342.19186065108033,SL,-4.0500000000000105,-3.2500000000000107,20.075756072998047,24.111316680908203,6.733747959136963,1.522241709576718,4.287884713005794,0.004833194716239374,0.42752864027089627,0.0,342.19186065108033,-0.810000000000002,-0.6500000000000021,50000.0,5.0,250000.0,-2025.000000000005,-1625.0000000000055
2026-02-06,RHIM,SHORT,A_MOD_BREAK_C1_LOW,MODERATE,2026-02-06 10:00:00+05:30,2026-02-06 10:15:00+05:30,431.7636361022949,434.57009973695983,427.87776337737427,2026-02-06 14:58:00+05:30,434.57009973695983,SL,-4.04999999999999,-3.2499999999999902,21.558086395263672,27.61237144470215,17.440750122070312,0.9455823255179786,2.6407920559689617,0.005182196530599726,0.34884820289460133,0.0,434.57009973695983,-0.809999999999998,-0.649999999999998,50000.0,5.0,250000.0,-2024.9999999999952,-1624.9999999999952
2026-02-06,TATVA,SHORT,A_MOD_BREAK_C1_LOW,MODERATE,2026-02-06 10:00:00+05:30,2026-02-06 10:15:00+05:30,1145.7708,1153.2183102,1135.4588628,2026-02-06 11:48:00+05:30,1153.2183102,SL,-4.0499999999999545,-3.249999999999955,33.416038513183594,25.074186325073242,5.295774936676025,1.500847899316823,3.9719463035392253,0.006731465640908553,0.6238889600781978,0.0,1153.2183102,-0.809999999999991,-0.649999999999991,50000.0,5.0,250000.0,-2024.9999999999773,-1624.9999999999775
2026-02-06,TIRUMALCHM,SHORT,A_MOD_BREAK_C1_LOW,MODERATE,2026-02-06 10:00:00+05:30,2026-02-06 10:15:00+05:30,192.45,193.70092499999998,190.71794999999997,2026-02-06 10:49:00+05:30,193.70092499999998,SL,-4.049999999999988,-3.249999999999988,34.399986267089844,23.15489387512207,5.000051021575928,1.6196043996759593,3.7691679725799023,0.00553988605350643,0.6594305639496405,0.0,193.70092499999998,-0.8099999999999976,-0.6499999999999976,50000.0,5.0,250000.0,-2024.9999999999939,-1624.9999999999939
2026-02-06,NATIONALUM,SHORT,A_MOD_BREAK_C1_LOW,MODERATE,2026-02-06 10:15:00+05:30,2026-02-06 10:30:00+05:30,351.3797222045898,353.66369039891964,348.2173047047485,2026-02-06 11:12:00+05:30,353.66369039891964,SL,-4.049999999999975,-3.2499999999999747,30.11336326599121,28.8162899017334,7.694621562957764,0.8200911966627704,3.037446794570711,0.007654514139190002,0.4552164084058529,0.0,353.66369039891964,-0.809999999999995,-0.6499999999999949,50000.0,5.0,250000.0,-2024.9999999999873,-1624.9999999999873
2026-02-06,POLYMED,SHORT,A_MOD_BREAK_C1_LOW,MODERATE,2026-02-06 10:15:00+05:30,2026-02-06 10:30:00+05:30,1432.7134,1442.0260371,1419.8189794,2026-02-06 10:31:00+05:30,1419.8189794,TARGET,3.7000000000000366,4.500000000000036,29.438966751098633,23.31696319580078,3.984560966491699,1.2325208326078545,3.1180747464700955,0.013109373530556252,0.5172756469728539,0.0,1442.0260371,0.7400000000000073,0.9000000000000072,50000.0,5.0,250000.0,1850.0000000000182,2250.000000000018
2026-02-06,PRECWIRE,SHORT,A_MOD_BREAK_C1_LOW,MODERATE,2026-02-06 10:15:00+05:30,2026-02-06 10:30:00+05:30,245.61000366210936,247.20646868591305,243.3995136291504,2026-02-06 11:16:00+05:30,247.20646868591305,SL,-4.049999999999954,-3.249999999999954,22.438032150268555,31.57578468322754,21.626014709472656,1.1705659696317805,1.7875117289290332,0.006873611123965144,0.39079511338604156,0.0,247.20646868591305,-0.8099999999999907,-0.6499999999999908,50000.0,5.0,250000.0,-2024.9999999999768,-1624.999999999977
2026-02-06,TATATECH,SHORT,A_MOD_BREAK_C1_LOW,MODERATE,2026-02-06 10:15:00+05:30,2026-02-06 10:30:00+05:30,621.7256055908204,625.7668220271606,616.130075140503,2026-02-06 13:10:00+05:30,616.130075140503,TARGET,3.6999999999999886,4.499999999999989,29.912038803100586,12.86075210571289,7.096752643585205,1.7960632865490112,4.8530580546921955,0.004974586223175591,0.6229916571925858,0.0,625.7668220271606,0.7399999999999978,0.8999999999999978,50000.0,5.0,250000.0,1849.9999999999945,2249.9999999999945
2026-02-06,GRANULES,SHORT,A_MOD_BREAK_C1_LOW,MODERATE,2026-02-06 10:30:00+05:30,2026-02-06 10:45:00+05:30,565.1869277954102,568.8606428260803,560.1002454452515,2026-02-06 12:28:00+05:30,560.1002454452515,TARGET,3.6999999999999544,4.499999999999955,26.959199905395508,20.064517974853516,3.206754684448242,1.4657133380532854,3.651571915909907,0.0045614181962345636,0.5208878327402575,0.0,568.8606428260803,0.7399999999999909,0.8999999999999909,50000.0,5.0,250000.0,1849.9999999999773,2249.9999999999773
2026-02-06,HLEGLAS,SHORT,A_MOD_BREAK_C1_LOW,MODERATE,2026-02-06 10:30:00+05:30,2026-02-06 10:45:00+05:30,370.2759361022949,372.6827296869598,366.94345267737424,2026-02-06 11:04:00+05:30,372.6827296869598,SL,-4.049999999999992,-3.249999999999992,20.353132247924805,29.715986251831055,4.692502975463867,1.2421937346490877,2.5939919879290185,0.00630678965012856,0.3826808872824624,0.0,372.6827296869598,-0.8099999999999983,-0.6499999999999984,50000.0,5.0,250000.0,-2024.9999999999955,-1624.999999999996
2026-02-06,NATCOPHARM,SHORT,A_MOD_BREAK_C1_LOW,MODERATE,2026-02-06 10:30:00+05:30,2026-02-06 10:45:00+05:30,814.2871222045899,819.5799884989196,806.9585381047485,2026-02-06 12:22:00+05:30,819.5799884989196,SL,-4.04999999999996,-3.24999999999996,27.020483016967773,14.85713005065918,16.266422271728516,1.3199306483361968,3.218776000135584,0.004520976006052531,0.496295108713351,0.0,819.5799884989196,-0.8099999999999921,-0.649999999999992,50000.0,5.0,250000.0,-2024.99999999998,-1624.99999999998
2026-02-06,FILATEX,SHORT,A_MOD_BREAK_C1_LOW,MODERATE,2026-02-06 10:45:00+05:30,2026-02-06 11:00:00+05:30,48.13999862670899,48.45290861778259,47.706738639068604,2026-02-06 12:25:00+05:30,47.706738639068604,TARGET,3.7000000000000255,4.500000000000025,28.80609893798828,34.16040802001953,11.988179206848145,1.144757501514388,1.9291315987183009,0.006667270477431409,0.4888806267707572,0.0,48.45290861778259,0.7400000000000051,0.900000000000005,50000.0,5.0,250000.0,1850.0000000000127,2250.0000000000123
2026-02-06,NUVAMA,SHORT,A_MOD_BREAK_C1_LOW,MODERATE,2026-02-06 10:45:00+05:30,2026-02-06 11:00:00+05:30,1329.6340444091798,1338.2766656978395,1317.6673380094971,2026-02-06 12:01:00+05:30,1338.2766656978395,SL,-4.050000000000016,-3.250000000000016,21.588729858398438,22.744611740112305,1.4315515756607056,1.5918768696956098,3.3079718022772915,0.0067028028458065774,0.4624094000727083,0.0,1338.2766656978395,-0.8100000000000032,-0.6500000000000032,50000.0,5.0,250000.0,-2025.0000000000077,-1625.0000000000082
2026-02-06,SOLARA,SHORT,A_MOD_BREAK_C1_LOW,MODERATE,2026-02-06 10:45:00+05:30,2026-02-06 11:00:00+05:30,515.8968,519.2501292,511.2537288,2026-02-06 11:24:00+05:30,519.2501292,SL,-4.0499999999999625,-3.2499999999999627,22.81309700012207,30.42562484741211,7.22763204574585,1.863731278451718,2.1150180389725133,0.006819505806693675,0.5283494287308816,0.0,519.2501292,-0.8099999999999925,-0.6499999999999926,50000.0,5.0,250000.0,-2024.9999999999814,-1624.9999999999816
2026-02-06,SHANKARA,LONG,B_HUGE_C1_CLOSE_RECLAIM_BREAK,HUGE,2026-02-06 12:15:00+05:30,2026-02-06 12:45:00+05:30,111.0699966430664,110.45911166152955,112.29176660614013,2026-02-06 13:00:00+05:30,112.29176660614013,TARGET,4.69999999999998,5.49999999999998,39.32737731933594,81.54742431640625,89.57647705078125,1.4272592107865356,2.7822145655376143,0.012288657020359186,6.80469989897745,0.0,110.45911166152955,0.939999999999996,1.0999999999999959,50000.0,5.0,250000.0,2349.9999999999895,2749.99999999999
2026-02-06,JUBLINGREA,SHORT,A_MOD_BREAK_C1_LOW,MODERATE,2026-02-06 13:15:00+05:30,2026-02-06 13:30:00+05:30,608.7782444091797,612.7353029978393,603.299240209497,2026-02-06 13:48:00+05:30,612.7353029978393,SL,-4.049999999999949,-3.249999999999949,21.913524627685547,27.224411010742188,11.687058448791504,2.0251443307980503,2.952136361319396,0.005726709516576109,0.5387028694152831,0.0,612.7353029978393,-0.8099999999999898,-0.6499999999999898,50000.0,5.0,250000.0,-2024.9999999999748,-1624.9999999999745
2026-02-09,JGCHEM,LONG,A_MOD_BREAK_C1_HIGH,MODERATE,2026-02-09 10:30:00+05:30,2026-02-09 10:45:00+05:30,346.31925,344.41449412500003,350.12876174999997,2026-02-09 10:46:00+05:30,350.12876174999997,TARGET,4.699999999999936,5.499999999999936,41.04672622680664,82.9911880493164,97.68476104736328,1.221055265608934,3.4921352402201515,0.011242914716259237,6.775615441082623,0.0,344.41449412500003,0.9399999999999873,1.0999999999999872,50000.0,5.0,250000.0,2349.9999999999686,2749.999999999968
2026-02-09,PATELENG,LONG,B_HUGE_C1_CLOSE_RECLAIM_BREAK,HUGE,2026-02-09 10:30:00+05:30,2026-02-09 11:00:00+05:30,29.730000305175782,29.566485303497316,30.057030308532713,2026-02-09 11:01:00+05:30,30.057030308532713,TARGET,4.699999999999962,5.499999999999962,32.54175567626953,77.69840240478516,87.22075653076172,1.0751674571106746,4.421992703713573,0.006281292237361052,7.724379202690192,0.0,29.566485303497316,0.9399999999999924,1.0999999999999923,50000.0,5.0,250000.0,2349.999999999981,2749.999999999981
2026-02-09,AEGISLOG,LONG,B_HUGE_GREEN_PULLBACK_HOLD_THEN_BREAK,HUGE,2026-02-09 10:45:00+05:30,2026-02-09 11:45:00+05:30,711.5423044189453,707.6288217446411,719.3692697675536,2026-02-09 11:46:00+05:30,719.3692697675536,TARGET,4.6999999999999895,5.499999999999989,32.638484954833984,81.6999282836914,69.62675476074219,2.7114507392213567,3.184413162163488,0.005981031873775844,8.679405266894076,0.0,707.6288217446411,0.939999999999998,1.0999999999999979,50000.0,5.0,250000.0,2349.999999999995,2749.9999999999945
2026-02-09,ELECON,LONG,B_HUGE_GREEN_PULLBACK_HOLD_THEN_BREAK,HUGE,2026-02-09 10:45:00+05:30,2026-02-09 11:45:00+05:30,487.2974522094727,484.6173162223206,492.65772418377685,2026-02-09 11:51:00+05:30,484.6173162223206,SL,-3.5499999999999843,-2.749999999999984,26.519119262695312,81.47150421142578,77.70574951171875,1.8428947761544854,5.378477136789556,0.009861072072519057,8.830379479513315,0.0,484.6173162223206,-0.7099999999999969,-0.5499999999999968,50000.0,5.0,250000.0,-1774.999999999992,-1374.999999999992
2026-02-09,VAIBHAVGBL,LONG,B_HUGE_C1_CLOSE_RECLAIM_BREAK,HUGE,2026-02-09 11:15:00+05:30,2026-02-09 11:45:00+05:30,257.2314286743164,255.8166558166077,260.0609743897339,2026-02-09 11:46:00+05:30,260.0609743897339,TARGET,4.699999999999946,5.499999999999946,41.66926193237305,88.1370620727539,94.83259582519531,1.4954505997486216,3.952040640774598,0.018008505404594654,7.976245711566072,0.0,255.8166558166077,0.9399999999999893,1.0999999999999892,50000.0,5.0,250000.0,2349.999999999973,2749.999999999973
2026-02-09,SPORTKING,LONG,B_HUGE_C1_CLOSE_RECLAIM_BREAK,HUGE,2026-02-09 11:30:00+05:30,2026-02-09 12:00:00+05:30,115.05,114.417225,116.31554999999999,2026-02-09 12:22:00+05:30,114.417225,SL,-3.5499999999999785,-2.749999999999979,47.36498260498047,85.06329345703125,84.12126159667969,1.3716370371021425,3.7879645110764217,0.021192548585974653,7.862713922036052,0.0,114.417225,-0.7099999999999957,-0.5499999999999958,50000.0,5.0,250000.0,-1774.9999999999893,-1374.9999999999895
2026-02-09,ABFRL,LONG,B_HUGE_C1_CLOSE_RECLAIM_BREAK,HUGE,2026-02-09 12:15:00+05:30,2026-02-09 12:45:00+05:30,73.67999725341797,73.27475726852417,74.49047722320556,2026-02-09 12:51:00+05:30,74.49047722320556,TARGET,4.699999999999971,5.499999999999971,43.67380142211914,80.4483871459961,86.19599914550781,2.105936701345581,3.6909455634275243,0.0123687940059255,8.398101775315702,0.0,73.27475726852417,0.9399999999999942,1.099999999999994,50000.0,5.0,250000.0,2349.9999999999854,2749.999999999985
2026-02-09,GULPOLY,LONG,B_HUGE_GREEN_PULLBACK_HOLD_THEN_BREAK,HUGE,2026-02-09 10:30:00+05:30,2026-02-09 13:15:00+05:30,138.72999267578126,137.96697771606446,140.25602259521483,2026-02-09 13:16:00+05:30,140.25602259521483,TARGET,4.69999999999991,5.499999999999909,36.683448791503906,90.19441986083984,92.24244689941406,3.333333985902994,5.374059682022647,0.008512842809087075,11.479532037002492,0.0,137.96697771606446,0.939999999999982,1.0999999999999819,50000.0,5.0,250000.0,2349.999999999955,2749.9999999999545
2026-02-09,ROTO,LONG,B_HUGE_GREEN_PULLBACK_HOLD_THEN_BREAK,HUGE,2026-02-09 11:15:00+05:30,2026-02-09 13:45:00+05:30,61.89999847412109,61.55954848251343,62.58089845733642,2026-02-09 13:49:00+05:30,62.58089845733642,TARGET,4.699999999999953,5.499999999999953,32.62223434448242,86.79588317871094,94.71240997314453,2.364913285949675,4.0435316238694865,0.008468877155285378,8.788206319139496,0.0,61.55954848251343,0.9399999999999906,1.0999999999999905,50000.0,5.0,250000.0,2349.999999999977,2749.9999999999764
2026-02-09,ENGINERSIN,LONG,B_HUGE_C1_CLOSE_RECLAIM_BREAK,HUGE,2026-02-09 13:45:00+05:30,2026-02-09 14:15:00+05:30,178.35000305175782,177.36907803497317,180.31185308532713,2026-02-09 15:03:00+05:30,180.31185308532713,TARGET,4.699999999999916,5.499999999999915,52.453643798828125,78.00708770751953,88.22647857666016,3.3053764577920393,3.2608457208926347,0.004110257674237953,9.346532287246196,0.0,177.36907803497317,0.9399999999999831,1.099999999999983,50000.0,5.0,250000.0,2349.9999999999577,2749.9999999999573
2026-02-09,NEULANDLAB,LONG,B_HUGE_GREEN_PULLBACK_HOLD_THEN_BREAK,HUGE,2026-02-09 10:45:00+05:30,2026-02-09 14:30:00+05:30,13635.7266,13560.7301037,13785.719592599999,2026-02-09 15:04:00+05:30,13560.7301037,SL,-3.550000000000008,-2.750000000000008,24.31825828552246,80.00330352783203,92.61016082763672,290.96902113367685,3.947313052874275,0.007098131829642898,354.80696166086597,0.0,13560.7301037,-0.7100000000000015,-0.5500000000000016,50000.0,5.0,250000.0,-1775.0000000000039,-1375.000000000004
2026-02-09,GRSE,LONG,B_HUGE_C1_CLOSE_RECLAIM_BREAK,HUGE,2026-02-09 14:00:00+05:30,2026-02-09 14:30:00+05:30,2516.0031,2502.16508295,2543.6791341,2026-02-09 14:43:00+05:30,2502.16508295,SL,-3.549999999999992,-2.7499999999999925,46.002437591552734,76.3680648803711,92.24647521972656,2.902049878563802,3.663184894501713,0.005457590171769987,8.958625903422856,0.0,2502.16508295,-0.7099999999999984,-0.5499999999999985,50000.0,5.0,250000.0,-1774.999999999996,-1374.9999999999961
2026-02-10,DELTACORP,LONG,B_HUGE_C1_CLOSE_RECLAIM_BREAK,HUGE,2026-02-10 10:00:00+05:30,2026-02-10 10:30:00+05:30,70.28999786376953,69.9034028755188,71.06318784027098,2026-02-10 10:31:00+05:30,71.06318784027098,TARGET,4.699999999999937,5.499999999999937,62.17497634887695,82.60884094238281,95.23307037353516,1.6508063037175194,4.319969973124007,0.007352346867109173,8.366203339102807,0.0,69.9034028755188,0.9399999999999875,1.0999999999999874,50000.0,5.0,250000.0,2349.999999999969,2749.9999999999686
2026-02-10,GABRIEL,LONG,B_HUGE_C1_CLOSE_RECLAIM_BREAK,HUGE,2026-02-10 10:00:00+05:30,2026-02-10 10:30:00+05:30,993.8487544189453,988.3825862696411,1004.7810907175536,2026-02-10 10:48:00+05:30,1004.7810907175536,TARGET,4.699999999999967,5.499999999999967,22.507963180541992,75.42310333251953,86.85369873046875,0.39489485643359007,3.499214907220251,0.007080667633007989,5.374950541704518,0.0,988.3825862696411,0.9399999999999935,1.0999999999999934,50000.0,5.0,250000.0,2349.9999999999836,2749.999999999983
2026-02-10,BAYERCROP,LONG,B_HUGE_GREEN_PULLBACK_HOLD_THEN_BREAK,HUGE,2026-02-10 10:00:00+05:30,2026-02-10 11:15:00+05:30,4715.842882324218,4689.905746471435,4767.717154029784,2026-02-10 15:22:00+05:30,4689.905746471435,SL,-3.5500000000000087,-2.750000000000009,45.29539108276367,75.69369506835938,90.03250885009766,1.8741020779669124,3.236597464060299,0.005931593306521152,7.196594324671815,0.0,4689.905746471435,-0.7100000000000017,-0.5500000000000018,50000.0,5.0,250000.0,-1775.0000000000045,-1375.0000000000045
2026-02-10,VLSFINANCE,LONG,B_HUGE_GREEN_PULLBACK_HOLD_THEN_BREAK,HUGE,2026-02-10 10:00:00+05:30,2026-02-10 11:30:00+05:30,277.80555,276.277619475,280.86141104999996,2026-02-10 15:30:00+05:30,277.29998779296875,EOD,-1.7099209987547628,-0.909920998754763,33.55442810058594,66.20865631103516,74.58009338378906,0.9757880788823169,1.8542236161781018,0.005106665753670947,4.604398516434269,0.0,276.277619475,-0.34198419975095257,-0.1819841997509526,50000.0,5.0,250000.0,-854.9604993773814,-454.9604993773815
2026-02-10,VEDL,LONG,B_HUGE_GREEN_PULLBACK_HOLD_THEN_BREAK,HUGE,2026-02-10 10:30:00+05:30,2026-02-10 12:15:00+05:30,689.0878022094727,685.2978192973206,696.6677680337768,2026-02-10 15:30:00+05:30,687.2999877929688,EOD,-2.0972326681531146,-1.2972326681531148,35.29391098022461,72.14929962158203,78.92435455322266,1.4673596322845688,2.569146402211216,0.0050301874265364765,5.815221251311236,0.0,685.2978192973206,-0.41944653363062295,-0.259446533630623,50000.0,5.0,250000.0,-1048.6163340765575,-648.6163340765575
2026-02-10,RPGLIFE,LONG,B_HUGE_GREEN_PULLBACK_HOLD_THEN_BREAK,HUGE,2026-02-10 12:45:00+05:30,2026-02-10 14:30:00+05:30,2055.411,2044.1062395000001,2078.020521,2026-02-10 14:31:00+05:30,2078.020521,TARGET,4.699999999999966,5.499999999999966,41.592899322509766,82.6108627319336,78.74215698242188,3.1562191250421208,2.8617174619624097,0.006321487841625066,8.76301764471813,0.0,2044.1062395000001,0.9399999999999933,1.0999999999999932,50000.0,5.0,250000.0,2349.999999999983,2749.9999999999827
2026-02-11,ZFCVINDIA,LONG,B_HUGE_GREEN_PULLBACK_HOLD_THEN_BREAK,HUGE,2026-02-11 10:45:00+05:30,2026-02-11 13:15:00+05:30,15927.1848,15839.585283600001,16102.3838328,2026-02-11 15:30:00+05:30,15966.0,EOD,0.41852042553054,1.21852042553054,38.78290557861328,82.84648895263672,91.03260803222656,206.4953535127957,4.17351090407001,0.007706247601368954,254.1325357645386,0.0,15839.585283600001,0.083704085106108,0.24370408510610797,50000.0,5.0,250000.0,209.26021276526998,609.2602127652699
2026-02-11,JKTYRE,LONG,B_HUGE_C1_CLOSE_RECLAIM_BREAK,HUGE,2026-02-11 13:45:00+05:30,2026-02-11 14:15:00+05:30,602.9205477905274,599.6044847776795,609.5526738162231,2026-02-11 14:50:00+05:30,609.5526738162231,TARGET,4.699999999999914,5.499999999999914,34.452911376953125,75.40746307373047,82.79253387451172,3.230643837658148,3.568079734055823,0.005338182206221475,8.84715802329381,0.0,599.6044847776795,0.9399999999999828,1.0999999999999828,50000.0,5.0,250000.0,2349.9999999999573,2749.999999999957
2026-02-12,CLEAN,SHORT,A_MOD_BREAK_C1_LOW,MODERATE,2026-02-12 10:30:00+05:30,2026-02-12 10:45:00+05:30,764.847,769.8185054999999,757.9633769999999,2026-02-12 11:07:00+05:30,757.9633769999999,TARGET,3.7000000000000366,4.500000000000036,43.932334899902344,19.03716468811035,10.8720064163208,1.3157264913967783,3.3755700927671213,0.00539153843505142,0.7492371594929712,0.0,769.8185054999999,0.7400000000000073,0.9000000000000073,50000.0,5.0,250000.0,1850.0000000000182,2250.0000000000186
2026-02-12,HINDPETRO,SHORT,A_MOD_BREAK_C1_LOW,MODERATE,2026-02-12 10:30:00+05:30,2026-02-12 10:45:00+05:30,456.45867779541015,459.4256592010803,452.35054969525146,2026-02-12 11:27:00+05:30,452.35054969525146,TARGET,3.7000000000000033,4.500000000000003,20.35025405883789,31.989383697509766,11.645659446716309,1.331435342694371,2.1816494228413155,0.0037367773689265527,0.39825499585408325,0.0,459.4256592010803,0.7400000000000007,0.9000000000000006,50000.0,5.0,250000.0,1850.0000000000016,2250.0000000000014
2026-02-12,ADANIPORTS,SHORT,A_MOD_BREAK_C1_LOW,MODERATE,2026-02-12 11:15:00+05:30,2026-02-12 11:30:00+05:30,1538.0923444091798,1548.0899446478393,1524.2495133094972,2026-02-12 15:30:00+05:30,1543.4000244140625,EOD,-2.5254100588224286,-1.7254100588224288,20.65256690979004,33.72797393798828,5.544919013977051,1.3436878803801997,1.7747229609356103,0.002696034976577219,0.39367003076016605,0.0,1548.0899446478393,-0.5050820117644857,-0.3450820117644858,50000.0,5.0,250000.0,-1262.7050294112144,-862.7050294112145
2026-02-12,JKLAKSHMI,SHORT,A_MOD_BREAK_C1_LOW,MODERATE,2026-02-12 11:15:00+05:30,2026-02-12 11:30:00+05:30,721.9555555908203,726.6482667021605,715.4579555905029,2026-02-12 11:56:00+05:30,726.6482667021605,SL,-4.049999999999949,-3.2499999999999494,20.787151336669922,26.304784774780273,7.733781337738037,2.2372020334806537,2.7623168742014625,0.005730702738546021,0.5218072700500489,0.0,726.6482667021605,-0.8099999999999898,-0.6499999999999899,50000.0,5.0,250000.0,-2024.9999999999748,-1624.9999999999748
2026-02-12,SIS,SHORT,A_MOD_BREAK_C1_LOW,MODERATE,2026-02-12 11:45:00+05:30,2026-02-12 12:00:00+05:30,340.9318,343.1478567,337.8634138,2026-02-12 15:30:00+05:30,340.70001220703125,EOD,-0.46006721436844583,0.33993278563155405,39.05403518676758,31.270263671875,16.617521286010742,0.9781823081631729,2.068404202552194,0.003967106130508972,0.616992431730069,0.0,343.1478567,-0.09201344287368916,0.06798655712631081,50000.0,5.0,250000.0,-230.03360718422292,169.96639281577703
2026-02-12,INSECTICID,SHORT,A_MOD_BREAK_C1_LOW,MODERATE,2026-02-12 14:00:00+05:30,2026-02-12 14:15:00+05:30,609.8280222045898,613.7919043489196,604.3395700047486,2026-02-12 14:44:00+05:30,613.7919043489196,SL,-4.04999999999995,-3.2499999999999503,48.1039924621582,30.291728973388672,17.600975036621094,1.8433391522928166,2.2827289825440635,0.003536315433314589,0.9041442385836158,0.0,613.7919043489196,-0.8099999999999901,-0.64999999999999,50000.0,5.0,250000.0,-2024.9999999999752,-1624.999999999975
2026-02-13,AURIONPRO,SHORT,A_MOD_BREAK_C1_LOW,MODERATE,2026-02-13 10:00:00+05:30,2026-02-13 10:15:00+05:30,924.4150555908203,930.4237534521606,916.0953200905029,2026-02-13 10:33:00+05:30,930.4237534521606,SL,-4.049999999999949,-3.249999999999949,25.70800018310547,19.810483932495117,6.272153377532959,1.6274968183328173,4.6794994595372685,0.007810325713268367,0.530431945954825,0.0,930.4237534521606,-0.8099999999999898,-0.6499999999999898,50000.0,5.0,250000.0,-2024.9999999999748,-1624.9999999999745
2026-02-13,CARTRADE,SHORT,A_MOD_BREAK_C1_LOW,MODERATE,2026-02-13 10:00:00+05:30,2026-02-13 10:15:00+05:30,2043.5912,2056.8745427999997,2025.1988792,2026-02-13 10:16:00+05:30,2025.1988792,TARGET,3.7000000000000255,4.500000000000026,29.68543243408203,25.6215763092041,11.62260913848877,0.8563324217955817,2.741589762306146,0.01030084639435765,0.4551396603254572,0.0,2056.8745427999997,0.7400000000000051,0.9000000000000051,50000.0,5.0,250000.0,1850.0000000000127,2250.0000000000127
2026-02-13,DATAPATTNS,SHORT,A_MOD_BREAK_C1_LOW,MODERATE,2026-02-13 10:00:00+05:30,2026-02-13 10:15:00+05:30,2733.5532776367186,2751.3213739413573,2708.951298137988,2026-02-13 10:35:00+05:30,2751.3213739413573,SL,-4.050000000000001,-3.250000000000001,26.715635299682617,28.763290405273438,25.270204544067383,0.4573389717474975,2.065736774493545,0.007108904543916748,0.3407688495510513,0.0,2751.3213739413573,-0.81,-0.6500000000000001,50000.0,5.0,250000.0,-2025.0000000000002,-1625.0000000000005
2026-02-13,FEDFINA,SHORT,A_MOD_BREAK_C1_LOW,MODERATE,2026-02-13 10:00:00+05:30,2026-02-13 10:15:00+05:30,142.16000671386718,143.0840467575073,140.88056665344237,2026-02-13 11:38:00+05:30,143.0840467575073,SL,-4.0499999999999865,-3.2499999999999876,23.431774139404297,25.782499313354492,16.15614891052246,0.7899388856303221,2.8181034963656098,0.006391700097558219,0.3497159170763708,0.0,143.0840467575073,-0.8099999999999974,-0.6499999999999975,50000.0,5.0,250000.0,-2024.9999999999934,-1624.9999999999936
2026-02-13,JIOFIN,SHORT,A_MOD_BREAK_C1_LOW,MODERATE,2026-02-13 10:00:00+05:30,2026-02-13 10:15:00+05:30,263.99717779541015,265.7131594510803,261.62120319525144,2026-02-13 12:47:00+05:30,265.7131594510803,SL,-4.04999999999994,-3.24999999999994,22.712234497070312,26.19427490234375,8.014547348022461,1.0847213914925542,3.159946163536484,0.00381422295241546,0.3905097609672517,0.0,265.7131594510803,-0.8099999999999881,-0.649999999999988,50000.0,5.0,250000.0,-2024.99999999997,-1624.99999999997
2026-02-13,NCC,SHORT,A_MOD_BREAK_C1_LOW,MODERATE,2026-02-13 10:00:00+05:30,2026-02-13 10:15:00+05:30,152.14999694824218,153.13897192840574,150.780646975708,2026-02-13 10:51:00+05:30,153.13897192840574,SL,-4.049999999999959,-3.249999999999959,23.64179039001465,28.260461807250977,22.251123428344727,0.5539517140196454,2.423622814483676,0.004903473644739688,0.3115684058036577,0.0,153.13897192840574,-0.8099999999999918,-0.6499999999999918,50000.0,5.0,250000.0,-2024.9999999999795,-1624.9999999999795
2026-02-13,PAYTM,SHORT,A_MOD_BREAK_C1_LOW,MODERATE,2026-02-13 10:00:00+05:30,2026-02-13 10:15:00+05:30,1106.7786,1113.9726609,1096.8175926000001,2026-02-13 10:44:00+05:30,1113.9726609,SL,-4.049999999999927,-3.249999999999927,36.887420654296875,17.018798828125,11.166823387145996,1.5472438455660662,4.762164439262108,0.005898126787719821,0.6840789827885145,0.0,1113.9726609,-0.8099999999999854,-0.6499999999999855,50000.0,5.0,250000.0,-2024.9999999999634,-1624.9999999999636
2026-02-13,RICOAUTO,SHORT,A_MOD_BREAK_C1_LOW,MODERATE,2026-02-13 10:00:00+05:30,2026-02-13 10:15:00+05:30,122.75000305175782,123.54787807159424,121.64525302429199,2026-02-13 10:44:00+05:30,123.54787807159424,SL,-4.049999999999998,-3.249999999999998,42.70647430419922,20.41231346130371,14.138168334960938,1.31746224610604,4.677947228431468,0.007897774863049267,0.7311530076315453,0.0,123.54787807159424,-0.8099999999999996,-0.6499999999999996,50000.0,5.0,250000.0,-2024.999999999999,-1624.9999999999989
2026-02-13,BRIGADE,SHORT,A_MOD_BREAK_C1_LOW,MODERATE,2026-02-13 10:15:00+05:30,2026-02-13 10:30:00+05:30,768.6962055908203,773.6927309271606,761.7779397405029,2026-02-13 15:25:00+05:30,761.7779397405029,TARGET,3.7000000000000277,4.5000000000000275,29.521127700805664,21.274906158447266,6.707597732543945,1.3574031204591206,3.6812742424216798,0.00623257603539912,0.540362461592431,0.0,773.6927309271606,0.7400000000000055,0.9000000000000055,50000.0,5.0,250000.0,1850.0000000000139,2250.0000000000136
2026-02-13,ETERNAL,SHORT,A_MOD_BREAK_C1_LOW,MODERATE,2026-02-13 10:15:00+05:30,2026-02-13 10:30:00+05:30,288.49227779541013,290.3674776010803,285.89584729525143,2026-02-13 14:09:00+05:30,285.89584729525143,TARGET,3.700000000000021,4.500000000000021,28.740528106689453,20.761173248291016,6.835132598876953,1.5257705059568871,3.663510696513382,0.0068074514155217775,0.5581177601427971,0.0,290.3674776010803,0.7400000000000042,0.9000000000000042,50000.0,5.0,250000.0,1850.0000000000105,2250.0000000000105
2026-02-13,TECHNOE,SHORT,A_MOD_BREAK_C1_LOW,MODERATE,2026-02-13 11:15:00+05:30,2026-02-13 11:30:00+05:30,1032.4934111816406,1039.2046183543212,1023.2009704810058,2026-02-13 12:08:00+05:30,1039.2046183543212,SL,-4.049999999999963,-3.2499999999999636,27.1635799407959,16.633071899414062,3.8118605613708496,1.572156317872079,3.5245403599370735,0.007818324218977768,0.5425810547395522,0.0,1039.2046183543212,-0.8099999999999927,-0.6499999999999927,50000.0,5.0,250000.0,-2024.9999999999816,-1624.9999999999818
2026-02-13,GHCL,SHORT,A_MOD_BREAK_C1_LOW,MODERATE,2026-02-13 11:30:00+05:30,2026-02-13 11:45:00+05:30,494.10117220458983,497.3128298239196,489.6542616547485,2026-02-13 12:12:00+05:30,497.3128298239196,SL,-4.049999999999963,-3.249999999999964,51.48723602294922,14.643692016601562,3.089561700820923,2.2318849720512506,3.531018278765394,0.005571769208536326,0.96,0.0,497.3128298239196,-0.8099999999999927,-0.6499999999999928,50000.0,5.0,250000.0,-2024.9999999999816,-1624.999999999982
2026-02-13,AJMERA,SHORT,A_MOD_BREAK_C1_LOW,MODERATE,2026-02-13 14:00:00+05:30,2026-02-13 14:15:00+05:30,139.7,140.60805,138.44269999999997,2026-02-13 14:48:00+05:30,138.44269999999997,TARGET,3.7000000000000544,4.500000000000054,34.98681640625,26.921436309814453,20.414445877075195,1.8157156620330812,2.3307221314158246,0.005923841848356353,0.7025524869495392,0.0,140.60805,0.7400000000000109,0.9000000000000109,50000.0,5.0,250000.0,1850.0000000000273,2250.0000000000273
2026-02-16,GTPL,SHORT,A_MOD_BREAK_C1_LOW,MODERATE,2026-02-16 11:00:00+05:30,2026-02-16 11:15:00+05:30,74.50000305175782,74.98425307159424,73.829503024292,2026-02-16 13:31:00+05:30,73.829503024292,TARGET,3.700000000000001,4.500000000000001,27.930330276489258,18.013734817504883,2.735604763031006,2.5060285256959243,5.989750715977254,0.0055188290129692535,0.6289549541473389,0.0,74.98425307159424,0.7400000000000002,0.9000000000000001,50000.0,5.0,250000.0,1850.0000000000005,2250.0000000000005
2026-02-16,KNRCON,SHORT,A_PULLBACK_C2_THEN_BREAK_C2_LOW,MODERATE,2026-02-16 11:00:00+05:30,2026-02-16 11:30:00+05:30,137.22000427246093,138.11193430023192,135.9850242340088,2026-02-16 15:30:00+05:30,137.99000549316406,EOD,-3.6057178134692345,-2.805717813469235,51.321285247802734,21.462018966674805,2.311047315597534,1.6402788382427664,2.931066933427365,0.007331200304453303,0.897048796692484,0.0,138.11193430023192,-0.7211435626938469,-0.561143562693847,50000.0,5.0,250000.0,-1802.8589067346174,-1402.8589067346177
2026-02-16,AHLUCONT,SHORT,A_MOD_BREAK_C1_LOW,MODERATE,2026-02-16 11:30:00+05:30,2026-02-16 11:45:00+05:30,813.7372444091797,819.0265364978393,806.413609209497,2026-02-16 11:50:00+05:30,806.413609209497,TARGET,3.6999999999999886,4.499999999999989,34.86500549316406,23.886810302734375,7.413746356964111,1.5649440614044452,3.0347586331788214,0.018253287297386702,0.6568402931432389,0.0,819.0265364978393,0.7399999999999978,0.8999999999999978,50000.0,5.0,250000.0,1849.9999999999945,2249.9999999999945
2026-02-16,TARSONS,SHORT,A_MOD_BREAK_C1_LOW,MODERATE,2026-02-16 11:30:00+05:30,2026-02-16 11:45:00+05:30,197.0000030517578,198.2805030715942,195.22700302429197,2026-02-16 15:09:00+05:30,198.2805030715942,SL,-4.049999999999959,-3.2499999999999596,20.78558921813965,34.445648193359375,7.9217424392700195,0.815491980621534,1.687128834215161,0.005961137585452818,0.29885137659162125,0.0,198.2805030715942,-0.8099999999999918,-0.6499999999999919,50000.0,5.0,250000.0,-2024.9999999999795,-1624.9999999999798
2026-02-16,SIS,SHORT,A_PULLBACK_C2_THEN_BREAK_C2_LOW,MODERATE,2026-02-16 11:30:00+05:30,2026-02-16 12:00:00+05:30,319.03618610229495,321.10992131195985,316.16486042737426,2026-02-16 12:47:00+05:30,316.16486042737426,TARGET,3.7000000000000455,4.500000000000045,76.52932739257812,14.370033264160156,6.7441558837890625,1.269655958679301,2.7784838971205486,0.006659340858101489,0.8321897927688777,0.0,321.10992131195985,0.7400000000000091,0.9000000000000091,50000.0,5.0,250000.0,1850.0000000000227,2250.0000000000227
2026-02-16,JKLAKSHMI,SHORT,A_MOD_BREAK_C1_LOW,MODERATE,2026-02-16 12:00:00+05:30,2026-02-16 12:15:00+05:30,688.3623,692.83665495,682.1670393,2026-02-16 13:18:00+05:30,692.83665495,SL,-4.050000000000015,-3.2500000000000147,35.401729583740234,21.64103126525879,2.773402690887451,1.8578173212671467,2.902671332401577,0.006568916815551636,0.7161439749778542,0.0,692.83665495,-0.8100000000000029,-0.6500000000000029,50000.0,5.0,250000.0,-2025.0000000000073,-1625.0000000000073
2026-02-17,DELTACORP,LONG,A_MOD_BREAK_C1_HIGH,MODERATE,2026-02-17 10:15:00+05:30,2026-02-17 10:30:00+05:30,68.32999877929687,67.95418378601074,69.08162876586913,2026-02-17 12:32:00+05:30,67.95418378601074,SL,-3.549999999999959,-2.749999999999959,27.82021713256836,65.13902282714844,82.07762908935547,1.1533138635800397,1.5044082994652646,0.0062726190935247905,3.865840067860447,0.0,67.95418378601074,-0.7099999999999917,-0.5499999999999918,50000.0,5.0,250000.0,-1774.9999999999793,-1374.9999999999795
2026-02-17,SWSOLAR,LONG,B_HUGE_GREEN_PULLBACK_HOLD_THEN_BREAK,HUGE,2026-02-17 10:45:00+05:30,2026-02-17 12:00:00+05:30,219.9499938964844,218.74026893005373,222.3694438293457,2026-02-17 12:04:00+05:30,218.74026893005373,SL,-3.549999999999981,-2.7499999999999813,42.156036376953125,89.51428985595703,82.2677230834961,1.7209415797197298,4.413195465216832,0.008012041226654937,8.629625171645735,0.0,218.74026893005373,-0.7099999999999962,-0.5499999999999963,50000.0,5.0,250000.0,-1774.9999999999905,-1374.9999999999907
2026-02-17,JASH,LONG,B_HUGE_C1_CLOSE_RECLAIM_BREAK,HUGE,2026-02-17 13:00:00+05:30,2026-02-17 13:30:00+05:30,409.0818,406.8318501,413.58169979999997,2026-02-17 13:32:00+05:30,406.8318501,SL,-3.5499999999999874,-2.749999999999988,31.431842803955078,68.16303253173828,78.46155548095703,0.6884753663678663,3.1202605935506957,0.006007688261185998,5.19942572844684,0.0,406.8318501,-0.7099999999999975,-0.5499999999999976,50000.0,5.0,250000.0,-1774.9999999999939,-1374.999999999994
2026-02-17,CANBK,LONG,B_HUGE_GREEN_PULLBACK_HOLD_THEN_BREAK,HUGE,2026-02-17 12:00:00+05:30,2026-02-17 13:45:00+05:30,149.7499969482422,148.92637196502687,151.39724691467285,2026-02-17 14:14:00+05:30,148.92637196502687,SL,-3.5499999999999754,-2.749999999999976,35.3365364074707,83.6336898803711,92.03423309326172,2.5971001865032597,3.554450014915176,0.005316174817800502,8.33446812941281,0.0,148.92637196502687,-0.7099999999999951,-0.5499999999999952,50000.0,5.0,250000.0,-1774.9999999999877,-1374.999999999988
2026-02-17,ADANIGREEN,LONG,B_HUGE_GREEN_PULLBACK_HOLD_THEN_BREAK,HUGE,2026-02-17 12:45:00+05:30,2026-02-17 14:00:00+05:30,1013.2026,1007.6299857,1024.3478286,2026-02-17 15:30:00+05:30,1013.5499877929688,EOD,-0.628569432723135,0.17143056727686484,29.05290985107422,70.83766174316406,77.08361053466797,2.6866330145508774,2.7632844733961703,0.007758744189272599,7.214583839244396,0.0,1007.6299857,-0.125713886544627,0.03428611345537297,50000.0,5.0,250000.0,-314.2847163615675,85.71528363843242
2026-02-17,BHARTIHEXA,LONG,B_HUGE_C1_CLOSE_RECLAIM_BREAK,HUGE,2026-02-17 14:00:00+05:30,2026-02-17 14:30:00+05:30,1672.1344088378905,1662.9376695892822,1690.5278873351072,2026-02-17 15:11:00+05:30,1690.5278873351072,TARGET,4.699999999999948,5.499999999999947,27.007415771484375,62.29828643798828,70.21685791015625,2.8818220415067044,2.2435886130177036,0.0023627247698148122,6.8674253211792395,0.0,1662.9376695892822,0.9399999999999895,1.0999999999999894,50000.0,5.0,250000.0,2349.9999999999736,2749.999999999973
2026-02-17,KAJARIACER,LONG,B_HUGE_C1_CLOSE_RECLAIM_BREAK,HUGE,2026-02-17 14:00:00+05:30,2026-02-17 14:30:00+05:30,962.5925044189453,957.2982456446412,973.1810219675535,2026-02-17 15:22:00+05:30,973.1810219675535,TARGET,4.699999999999925,5.499999999999924,20.60562515258789,76.9251937866211,89.05352020263672,1.660450180222523,3.9235505944239306,0.004779719134755652,6.950561523715352,0.0,957.2982456446412,0.9399999999999848,1.0999999999999848,50000.0,5.0,250000.0,2349.999999999962,2749.9999999999623
2026-02-18,AFFLE,SHORT,A_MOD_BREAK_C1_LOW,MODERATE,2026-02-18 10:15:00+05:30,2026-02-18 10:30:00+05:30,1534.693,1544.6685045,1520.880763,2026-02-18 10:48:00+05:30,1520.880763,TARGET,3.7000000000000313,4.50000000000003,25.817745208740234,19.186933517456055,2.9845056533813477,1.4900226092106101,3.157914792962834,0.005253654106490851,0.5080201347429603,0.0,1544.6685045,0.7400000000000062,0.9000000000000061,50000.0,5.0,250000.0,1850.0000000000155,2250.0000000000155
2026-02-18,AMBIKCO,SHORT,A_PULLBACK_C2_THEN_BREAK_C2_LOW,MODERATE,2026-02-18 10:15:00+05:30,2026-02-18 10:45:00+05:30,1362.7274,1371.5851281,1350.4628534,2026-02-18 15:30:00+05:30,1352.0,EOD,3.136003635063033,3.9360036350630323,25.736711502075195,27.56877326965332,12.244719505310059,0.9143689241228664,3.2690978764314167,0.003422082213907669,0.4060652342526296,0.0,1371.5851281,0.6272007270126065,0.7872007270126065,50000.0,5.0,250000.0,1568.0018175315163,1968.001817531516
2026-02-18,GANECOS,SHORT,A_MOD_BREAK_C1_LOW,MODERATE,2026-02-18 10:30:00+05:30,2026-02-18 10:45:00+05:30,783.3932777954102,788.4853341010803,776.3427382952515,2026-02-18 10:49:00+05:30,776.3427382952515,TARGET,3.700000000000018,4.500000000000018,25.789030075073242,30.855886459350586,8.713444709777832,1.276630651360601,2.1926474058667336,0.006764087486620444,0.47024581511420377,0.0,788.4853341010803,0.7400000000000035,0.9000000000000036,50000.0,5.0,250000.0,1850.0000000000089,2250.000000000009
2026-02-18,RGL,SHORT,A_PULLBACK_C2_THEN_BREAK_C2_LOW,MODERATE,2026-02-18 10:30:00+05:30,2026-02-18 11:00:00+05:30,111.1800033569336,111.90267337875366,110.1793833267212,2026-02-18 11:01:00+05:30,110.1793833267212,TARGET,3.700000000000002,4.500000000000003,25.499950408935547,19.840913772583008,2.520895004272461,2.155702501524639,3.935943992563524,0.006976291737748903,0.5924992561340332,0.0,111.90267337875366,0.7400000000000004,0.9000000000000005,50000.0,5.0,250000.0,1850.0000000000011,2250.000000000001
2026-02-18,SUNPHARMA,LONG,A_MOD_BREAK_C1_HIGH,MODERATE,2026-02-18 11:45:00+05:30,2026-02-18 12:00:00+05:30,1724.9448955810547,1715.4576986553589,1743.919289432446,2026-02-18 15:30:00+05:30,1725.5,EOD,-0.6390950283781793,0.16090497162182058,29.973634719848633,64.06392669677734,61.73712921142578,1.2980681832438927,1.14617473181556,0.0023867574574032123,3.8587785572494164,0.0,1715.4576986553589,-0.12781900567563587,0.032180994324364116,50000.0,5.0,250000.0,-319.54751418908967,80.45248581091029
2026-02-18,VOLTAMP,LONG,B_HUGE_GREEN_PULLBACK_HOLD_THEN_BREAK,HUGE,2026-02-18 11:00:00+05:30,2026-02-18 12:15:00+05:30,8542.7082,8495.723304899999,8636.677990199998,2026-02-18 12:16:00+05:30,8636.677990199998,TARGET,4.699999999999936,5.499999999999936,33.33859634399414,76.81224822998047,72.96028900146484,2.0214013132907533,3.4971216466963617,0.0069910773054146485,7.573244692256189,0.0,8495.723304899999,0.9399999999999873,1.0999999999999872,50000.0,5.0,250000.0,2349.9999999999686,2749.999999999968
2026-02-18,CGPOWER,LONG,B_HUGE_C1_CLOSE_RECLAIM_BREAK,HUGE,2026-02-18 11:45:00+05:30,2026-02-18 12:15:00+05:30,703.0406044189453,699.1738810946412,710.7740510675537,2026-02-18 14:16:00+05:30,710.7740510675537,TARGET,4.699999999999987,5.499999999999986,30.760818481445312,78.89188385009766,95.12734985351562,2.2953417819756408,3.1454381535101734,0.005040352768798246,7.783135767990432,0.0,699.1738810946412,0.9399999999999973,1.0999999999999972,50000.0,5.0,250000.0,2349.999999999993,2749.9999999999927
2026-02-18,APOLLO,LONG,B_HUGE_C1_CLOSE_RECLAIM_BREAK,HUGE,2026-02-18 13:30:00+05:30,2026-02-18 14:00:00+05:30,236.8,235.49760000000003,239.4048,2026-02-18 15:08:00+05:30,235.49760000000003,SL,-3.549999999999952,-2.749999999999952,28.28270721435547,71.4128646850586,73.13434600830078,1.9302005047921729,3.19174255470277,0.0042540324653214615,7.093065588233527,0.0,235.49760000000003,-0.7099999999999904,-0.5499999999999904,50000.0,5.0,250000.0,-1774.9999999999761,-1374.9999999999761
2026-02-18,SOLARINDS,LONG,B_HUGE_C1_CLOSE_RECLAIM_BREAK,HUGE,2026-02-18 13:30:00+05:30,2026-02-18 14:00:00+05:30,13412.682,13338.912249,13560.221501999999,2026-02-18 15:30:00+05:30,13350.0,EOD,-3.136669131498111,-2.336669131498111,25.525184631347656,70.04180145263672,83.25193786621094,532.2638359787715,2.6991722470238093,0.003131991051454139,642.7338086326673,0.0,13338.912249,-0.6273338262996222,-0.4673338262996222,50000.0,5.0,250000.0,-1568.3345657490554,-1168.3345657490554
2026-02-19,ABREL,SHORT,A_MOD_BREAK_C1_LOW,MODERATE,2026-02-19 11:45:00+05:30,2026-02-19 12:00:00+05:30,1320.7358,1329.3205827,1308.8491778,2026-02-19 12:21:00+05:30,1308.8491778,TARGET,3.69999999999997,4.49999999999997,51.81342697143555,17.895008087158203,8.17498779296875,2.4964285019125154,3.636414491395646,0.006606051871335142,0.96,0.0,1329.3205827,0.739999999999994,0.899999999999994,50000.0,5.0,250000.0,1849.999999999985,2249.999999999985
2026-02-19,PRUDENT,SHORT,A_MOD_BREAK_C1_LOW,MODERATE,2026-02-19 11:45:00+05:30,2026-02-19 12:00:00+05:30,2593.781188818359,2610.640766545678,2570.437158118994,2026-02-19 12:18:00+05:30,2570.437158118994,TARGET,3.7000000000000033,4.500000000000003,28.244117736816406,29.597999572753906,3.8083102703094482,1.9158591493464978,2.472329725878598,0.0045000330759866055,0.6189371171878832,0.0,2610.640766545678,0.7400000000000007,0.9000000000000006,50000.0,5.0,250000.0,1850.0000000000016,2250.0000000000014
2026-02-19,TATAPOWER,SHORT,A_MOD_BREAK_C1_LOW,MODERATE,2026-02-19 12:00:00+05:30,2026-02-19 12:15:00+05:30,373.4253,375.85256445,370.0644723,2026-02-19 14:08:00+05:30,370.0644723,TARGET,3.700000000000021,4.500000000000021,22.3626766204834,26.984996795654297,4.945956230163574,2.1343214873020337,2.424896544010737,0.0036507580559625562,0.5454401493072509,0.0,375.85256445,0.7400000000000042,0.9000000000000042,50000.0,5.0,250000.0,1850.0000000000105,2250.0000000000105
2026-02-19,CONTROLPR,SHORT,A_MOD_BREAK_C1_LOW,MODERATE,2026-02-19 12:15:00+05:30,2026-02-19 12:30:00+05:30,636.8726,641.0122719,631.1407466,2026-02-19 12:41:00+05:30,631.1407466,TARGET,3.6999999999999824,4.499999999999982,30.200071334838867,31.906490325927734,6.7204389572143555,1.9280114793466818,2.470084038059629,0.0054328475305386575,0.6504030789082522,0.0,641.0122719,0.7399999999999964,0.8999999999999965,50000.0,5.0,250000.0,1849.9999999999911,2249.9999999999914
2026-02-19,RCF,SHORT,A_MOD_BREAK_C1_LOW,MODERATE,2026-02-19 12:15:00+05:30,2026-02-19 12:30:00+05:30,133.0500061035156,133.91483114318845,131.85255604858398,2026-02-19 15:16:00+05:30,131.85255604858398,TARGET,3.6999999999999833,4.499999999999983,33.678932189941406,29.581806182861328,7.069138526916504,1.9118743259196902,2.1306755260243633,0.003208437366186167,0.6997619898850669,0.0,133.91483114318845,0.7399999999999967,0.8999999999999966,50000.0,5.0,250000.0,1849.9999999999916,2249.999999999992
2026-02-19,TNPL,SHORT,A_MOD_BREAK_C1_LOW,MODERATE,2026-02-19 12:30:00+05:30,2026-02-19 12:45:00+05:30,139.25999755859374,140.1651875427246,138.00665758056638,2026-02-19 14:24:00+05:30,138.00665758056638,TARGET,3.7000000000000433,4.500000000000043,20.094383239746094,28.27836799621582,4.3294172286987305,1.8450349106109478,2.88697224883033,0.003553215161279193,0.48429685795310723,0.0,140.1651875427246,0.7400000000000087,0.9000000000000086,50000.0,5.0,250000.0,1850.0000000000216,2250.0000000000214
2026-02-19,GREENPLY,SHORT,A_MOD_BREAK_C1_LOW,MODERATE,2026-02-19 14:00:00+05:30,2026-02-19 14:15:00+05:30,226.5699951171875,228.04270008544918,224.5308651611328,2026-02-19 14:32:00+05:30,228.04270008544918,SL,-4.049999999999948,-3.249999999999948,27.14728355407715,30.093185424804688,3.058871030807495,4.087327300174726,2.9062017436383885,0.003268528682073407,0.6172092533111573,0.0,228.04270008544918,-0.8099999999999896,-0.6499999999999896,50000.0,5.0,250000.0,-2024.9999999999739,-1624.9999999999739
2026-02-19,DWARKESH,SHORT,A_MOD_BREAK_C1_LOW,MODERATE,2026-02-19 14:15:00+05:30,2026-02-19 14:30:00+05:30,35.42000122070313,35.65023122863769,35.1012212097168,2026-02-19 15:03:00+05:30,35.1012212097168,TARGET,3.7000000000000313,4.50000000000003,30.812381744384766,26.590261459350586,11.928004264831543,2.954845510008474,2.7974074625796965,0.003865353283789934,0.6721857261657715,0.0,35.65023122863769,0.7400000000000062,0.9000000000000061,50000.0,5.0,250000.0,1850.0000000000155,2250.0000000000155
2026-02-23,MAZDOCK,SHORT,A_MOD_BREAK_C1_LOW,MODERATE,2026-02-23 14:15:00+05:30,2026-02-23 14:30:00+05:30,2284.9428223632813,2299.7949507086423,2264.378336962012,2026-02-23 15:30:00+05:30,2284.10009765625,EOD,-0.6155917297397294,0.1844082702602704,36.449928283691406,23.804866790771484,4.382053375244141,3.2359925246407273,2.745975954329803,0.004152239745602302,0.7567489242553711,0.0,2299.7949507086423,-0.12311834594794589,0.03688165405205408,50000.0,5.0,250000.0,-307.7958648698647,92.2041351301352
2026-02-24,CIGNITITEC,SHORT,A_MOD_BREAK_C1_LOW,MODERATE,2026-02-24 10:00:00+05:30,2026-02-24 10:15:00+05:30,1216.1567444091797,1224.0617632478393,1205.211333709497,2026-02-24 10:18:00+05:30,1205.211333709497,TARGET,3.7000000000000446,4.500000000000044,46.501747131347656,15.57632064819336,4.687480449676514,1.7009500545337486,5.348675013056194,0.007361668207373781,0.8551924665136208,0.0,1224.0617632478393,0.7400000000000089,0.9000000000000088,50000.0,5.0,250000.0,1850.0000000000223,2250.000000000022
2026-02-24,YATRA,SHORT,A_MOD_BREAK_C1_LOW,MODERATE,2026-02-24 10:15:00+05:30,2026-02-24 10:30:00+05:30,129.0500061035156,129.88883114318847,127.88855604858398,2026-02-24 10:31:00+05:30,127.88855604858398,TARGET,3.699999999999978,4.499999999999977,34.30581283569336,9.7034912109375,8.21834659576416,2.159844660418286,5.417490460848242,0.015615489475299976,0.7245871925354004,0.0,129.88883114318847,0.7399999999999956,0.8999999999999955,50000.0,5.0,250000.0,1849.9999999999889,2249.9999999999886
2026-02-24,JKCEMENT,SHORT,A_MOD_BREAK_C1_LOW,MODERATE,2026-02-24 10:30:00+05:30,2026-02-24 10:45:00+05:30,5673.865,5710.7451224999995,5622.800214999999,2026-02-24 11:44:00+05:30,5622.800214999999,TARGET,3.7000000000000433,4.500000000000043,20.503921508789062,32.64033508300781,6.394464492797852,1.5923525502225035,2.557388537565187,0.0044835434275641494,0.446220518920774,0.0,5710.7451224999995,0.7400000000000087,0.9000000000000086,50000.0,5.0,250000.0,1850.0000000000216,2250.0000000000214
2026-02-24,GMMPFAUDLR,SHORT,A_MOD_BREAK_C1_LOW,MODERATE,2026-02-24 10:45:00+05:30,2026-02-24 11:00:00+05:30,949.81,955.983765,941.26171,2026-02-24 12:05:00+05:30,941.26171,TARGET,3.6999999999999744,4.499999999999974,33.00235366821289,19.664514541625977,5.403416633605957,2.068344502917301,3.417983783054272,0.004515036532753393,0.7050353050231932,0.0,955.983765,0.7399999999999949,0.8999999999999949,50000.0,5.0,250000.0,1849.9999999999873,2249.9999999999873
2026-02-24,LTIM,SHORT,A_MOD_BREAK_C1_LOW,MODERATE,2026-02-24 10:45:00+05:30,2026-02-24 11:00:00+05:30,4686.0626,4716.5220069,4643.8880366,2026-02-24 11:03:00+05:30,4643.8880366,TARGET,3.6999999999999886,4.499999999999989,29.991849899291992,26.50371742248535,11.915210723876953,1.0493685563555855,2.7793894998960904,0.006588367796523862,0.49351724585160733,0.0,4716.5220069,0.7399999999999978,0.8999999999999978,50000.0,5.0,250000.0,1849.9999999999945,2249.9999999999945
2026-02-24,LTTS,SHORT,A_MOD_BREAK_C1_LOW,MODERATE,2026-02-24 11:15:00+05:30,2026-02-24 11:30:00+05:30,3257.3484,3278.5211646,3228.0322644,2026-02-24 13:10:00+05:30,3228.0322644,TARGET,3.700000000000009,4.500000000000009,27.87588119506836,28.083248138427734,8.753547668457031,1.2301594682392083,2.6130377938015243,0.008987153192588837,0.49341612486788683,0.0,3278.5211646,0.7400000000000018,0.9000000000000017,50000.0,5.0,250000.0,1850.0000000000043,2250.000000000004
2026-02-24,AGARIND,SHORT,A_MOD_BREAK_C1_LOW,MODERATE,2026-02-24 11:30:00+05:30,2026-02-24 11:45:00+05:30,568.6862277954101,572.3826882760802,563.5680517452514,2026-02-24 12:10:00+05:30,563.5680517452514,TARGET,3.7000000000000046,4.5000000000000036,45.167240142822266,26.957962036132812,7.330012321472168,0.990017406358839,2.570862766064766,0.007038648940163333,0.7107616482551307,0.0,572.3826882760802,0.7400000000000009,0.9000000000000008,50000.0,5.0,250000.0,1850.0000000000023,2250.000000000002
2026-02-24,INDIANHUME,SHORT,A_MOD_BREAK_C1_LOW,MODERATE,2026-02-24 11:30:00+05:30,2026-02-24 11:45:00+05:30,350.5798638977051,352.85863301304016,347.42464512262575,2026-02-24 12:04:00+05:30,347.42464512262575,TARGET,3.6999999999999833,4.499999999999983,45.233917236328125,28.98178482055664,10.8877592086792,0.8533215855978229,2.497340730414244,0.004736102374422535,0.6878400360245409,0.0,352.85863301304016,0.7399999999999967,0.8999999999999966,50000.0,5.0,250000.0,1849.9999999999916,2249.999999999992
2026-02-24,NYKAA,SHORT,A_MOD_BREAK_C1_LOW,MODERATE,2026-02-24 11:30:00+05:30,2026-02-24 11:45:00+05:30,259.4680850158691,261.1546275684723,257.1328722507263,2026-02-24 15:15:00+05:30,261.1546275684723,SL,-4.050000000000016,-3.2500000000000155,33.667869567871094,27.0418758392334,2.8439249992370605,1.4659891542459633,2.7509381441416374,0.004878412295115789,0.6215661455111099,0.0,261.1546275684723,-0.8100000000000032,-0.6500000000000031,50000.0,5.0,250000.0,-2025.0000000000077,-1625.0000000000077
2026-02-24,ABREL,SHORT,A_MOD_BREAK_C1_LOW,MODERATE,2026-02-24 11:45:00+05:30,2026-02-24 12:00:00+05:30,1277.8443555908202,1286.1503439021606,1266.343756390503,2026-02-24 12:42:00+05:30,1266.343756390503,TARGET,3.699999999999972,4.499999999999972,21.12588119506836,33.97101593017578,3.930734634399414,1.072952575777396,1.8243860177037672,0.004807691074710241,0.355874219572258,0.0,1286.1503439021606,0.7399999999999944,0.8999999999999944,50000.0,5.0,250000.0,1849.9999999999861,2249.999999999986
2026-02-24,TECHM,SHORT,A_MOD_BREAK_C1_LOW,MODERATE,2026-02-24 11:45:00+05:30,2026-02-24 12:00:00+05:30,1366.7266,1375.6103228999998,1354.4260606,2026-02-24 12:13:00+05:30,1354.4260606,TARGET,3.6999999999999766,4.499999999999976,41.8624267578125,12.482892036437988,2.678572654724121,2.445451306558479,3.8293676314568943,0.007476722365842528,0.8379364013671875,0.0,1375.6103228999998,0.7399999999999953,0.8999999999999952,50000.0,5.0,250000.0,1849.9999999999884,2249.999999999988
2026-02-24,HCLTECH,SHORT,A_MOD_BREAK_C1_LOW,MODERATE,2026-02-24 12:00:00+05:30,2026-02-24 12:15:00+05:30,1349.1301444091796,1357.8994903478392,1336.987973109497,2026-02-24 12:42:00+05:30,1336.987973109497,TARGET,3.699999999999979,4.499999999999979,51.051578521728516,14.013261795043945,1.6499691009521484,1.7449877899936894,3.2994183344899657,0.007676123578972949,0.9153728632488956,0.0,1357.8994903478392,0.7399999999999958,0.8999999999999958,50000.0,5.0,250000.0,1849.9999999999895,2249.9999999999895
2026-02-24,HUDCO,SHORT,A_MOD_BREAK_C1_LOW,MODERATE,2026-02-24 12:00:00+05:30,2026-02-24 12:15:00+05:30,190.66000671386718,191.8992967575073,188.94406665344238,2026-02-24 13:32:00+05:30,188.94406665344238,TARGET,3.6999999999999855,4.499999999999986,30.4532470703125,31.671592712402344,24.565649032592773,1.0683602307000128,2.1103178404678027,0.0046233925814655775,0.5037617464271897,0.0,191.8992967575073,0.7399999999999971,0.8999999999999971,50000.0,5.0,250000.0,1849.9999999999927,2249.9999999999927
2026-02-24,INFY,SHORT,A_MOD_BREAK_C1_LOW,MODERATE,2026-02-24 12:00:00+05:30,2026-02-24 12:15:00+05:30,1274.0451888183593,1282.3264825456786,1262.578782118994,2026-02-24 15:30:00+05:30,1280.4000244140625,EOD,-3.293960046109956,-2.4939600461099563,52.72886276245117,17.864540100097656,3.3521571159362793,1.1775493058013424,2.864438649262978,0.005826330371931488,0.8160711285152349,0.0,1282.3264825456786,-0.6587920092219912,-0.4987920092219913,50000.0,5.0,250000.0,-1646.980023054978,-1246.9800230549783
2026-02-24,POCL,SHORT,A_MOD_BREAK_C1_LOW,MODERATE,2026-02-24 12:00:00+05:30,2026-02-24 12:15:00+05:30,1109.778,1116.991557,1099.789998,2026-02-24 12:16:00+05:30,1099.789998,TARGET,3.7000000000000233,4.500000000000023,22.199050903320312,27.9123592376709,2.5649349689483643,2.112017406424494,2.846972864432063,0.0070496879608524955,0.5429857635498048,0.0,1116.991557,0.7400000000000047,0.9000000000000046,50000.0,5.0,250000.0,1850.0000000000116,2250.0000000000114
2026-02-24,RPSGVENT,SHORT,A_MOD_BREAK_C1_LOW,MODERATE,2026-02-24 12:00:00+05:30,2026-02-24 12:15:00+05:30,674.865,679.2516224999999,668.791215,2026-02-24 14:51:00+05:30,668.791215,TARGET,3.700000000000032,4.500000000000032,60.09818649291992,24.566410064697266,8.105563163757324,1.4294855333765362,2.833179614517456,0.0054603018584074795,0.8601599683408938,0.0,679.2516224999999,0.7400000000000064,0.9000000000000064,50000.0,5.0,250000.0,1850.0000000000161,2250.000000000016
2026-02-24,TCS,SHORT,A_MOD_BREAK_C1_LOW,MODERATE,2026-02-24 12:00:00+05:30,2026-02-24 12:15:00+05:30,2586.4826,2603.2947369,2563.2042566,2026-02-24 13:26:00+05:30,2563.2042566,TARGET,3.6999999999999647,4.4999999999999645,30.078737258911133,26.52964973449707,14.991473197937012,0.8264175419323814,2.300988690288523,0.005835965121688169,0.4558041287218337,0.0,2603.2947369,0.7399999999999929,0.8999999999999928,50000.0,5.0,250000.0,1849.9999999999823,2249.9999999999823
2026-02-24,LXCHEM,SHORT,A_MOD_BREAK_C1_LOW,MODERATE,2026-02-24 12:15:00+05:30,2026-02-24 12:30:00+05:30,131.8699981689453,132.72715315704343,130.6831681854248,2026-02-24 15:22:00+05:30,132.72715315704343,SL,-4.049999999999948,-3.2499999999999485,41.459259033203125,18.909107208251953,1.584306001663208,2.291566577650203,2.9616808669079937,0.0049849025595904446,0.8318888854980468,0.0,132.72715315704343,-0.8099999999999896,-0.6499999999999897,50000.0,5.0,250000.0,-2024.9999999999739,-1624.9999999999743
2026-02-24,MAYURUNIQ,SHORT,A_MOD_BREAK_C1_LOW,MODERATE,2026-02-24 12:15:00+05:30,2026-02-24 12:30:00+05:30,543.9911555908203,547.5270981021606,539.0952351905029,2026-02-24 12:33:00+05:30,539.0952351905029,TARGET,3.700000000000049,4.500000000000049,46.73965072631836,25.61496925354004,2.1422715187072754,2.1842073436245864,3.225771214818631,0.0067169228825000446,0.9110947608947753,0.0,547.5270981021606,0.7400000000000098,0.9000000000000098,50000.0,5.0,250000.0,1850.0000000000243,2250.0000000000246
2026-02-24,SBICARD,SHORT,A_MOD_BREAK_C1_LOW,MODERATE,2026-02-24 12:15:00+05:30,2026-02-24 12:30:00+05:30,765.2469444091797,770.2210495478394,758.3597219094971,2026-02-24 14:40:00+05:30,770.2210495478394,SL,-4.04999999999998,-3.24999999999998,29.48335838317871,28.64130973815918,11.734305381774902,1.1533020021938452,2.2667918126683766,0.0052965415675708585,0.5040782261316035,0.0,770.2210495478394,-0.8099999999999961,-0.649999999999996,50000.0,5.0,250000.0,-2024.9999999999905,-1624.9999999999902
2026-02-24,TATATECH,SHORT,A_MOD_BREAK_C1_LOW,MODERATE,2026-02-24 12:30:00+05:30,2026-02-24 12:45:00+05:30,574.4350777954102,578.1689058010803,569.2651620952515,2026-02-24 14:06:00+05:30,569.2651620952515,TARGET,3.6999999999999558,4.499999999999956,44.02748107910156,18.972667694091797,2.3988354206085205,2.4129451778865176,3.4842371286894935,0.0065607242263287955,0.8704122161865233,0.0,578.1689058010803,0.7399999999999911,0.899999999999991,50000.0,5.0,250000.0,1849.9999999999777,2249.9999999999777
2026-02-24,CELLO,SHORT,A_PULLBACK_C2_THEN_BREAK_C2_LOW,MODERATE,2026-02-24 12:30:00+05:30,2026-02-24 13:00:00+05:30,428.9142,431.7021423,425.0539722,2026-02-24 15:30:00+05:30,428.0,EOD,0.26571430836283116,1.065714308362831,38.26710891723633,24.908550262451172,8.714739799499512,0.8049278085619629,1.9487934560327198,0.005652687766335227,0.5723086730585243,0.0,431.7021423,0.05314286167256624,0.21314286167256621,50000.0,5.0,250000.0,132.8571541814156,532.8571541814156
2026-02-24,CAMS,SHORT,A_MOD_BREAK_C1_LOW,MODERATE,2026-02-24 12:45:00+05:30,2026-02-24 13:00:00+05:30,706.4086777954102,711.0003342010804,700.0509996952514,2026-02-24 15:22:00+05:30,711.0003342010804,SL,-4.049999999999998,-3.2499999999999982,37.41448211669922,28.671737670898438,7.229222297668457,1.6125395073183022,2.0377868912550268,0.0041687003533441664,0.7034116455311912,0.0,711.0003342010804,-0.8099999999999996,-0.6499999999999997,50000.0,5.0,250000.0,-2024.999999999999,-1624.9999999999993
2026-02-24,GREAVESCOT,SHORT,A_MOD_BREAK_C1_LOW,MODERATE,2026-02-24 12:45:00+05:30,2026-02-24 13:00:00+05:30,155.5500061035156,156.56108114318846,154.15005604858396,2026-02-24 13:32:00+05:30,154.15005604858396,TARGET,3.700000000000033,4.500000000000034,24.7430362701416,24.644155502319336,2.5670340061187744,1.8423979686576284,2.4222833073966954,0.005463798641678643,0.553565188567209,0.0,156.56108114318846,0.7400000000000067,0.9000000000000067,50000.0,5.0,250000.0,1850.0000000000166,2250.000000000017
2026-02-24,KALAMANDIR,SHORT,A_MOD_BREAK_C1_LOW,MODERATE,2026-02-24 12:45:00+05:30,2026-02-24 13:00:00+05:30,111.40999908447266,112.13416407852172,110.40730909271241,2026-02-24 13:23:00+05:30,112.13416407852172,SL,-4.049999999999953,-3.2499999999999525,22.933500289916992,34.749961853027344,33.659515380859375,0.9939501249061357,1.8163748712667354,0.004650851536224776,0.3687625197706654,0.0,112.13416407852172,-0.8099999999999905,-0.6499999999999905,50000.0,5.0,250000.0,-2024.9999999999766,-1624.9999999999764
2026-02-24,PHOENIXLTD,SHORT,A_MOD_BREAK_C1_LOW,MODERATE,2026-02-24 13:00:00+05:30,2026-02-24 13:15:00+05:30,1690.4618888183593,1701.4498910956786,1675.247731818994,2026-02-24 13:37:00+05:30,1675.247731818994,TARGET,3.7000000000000153,4.500000000000015,27.188636779785156,36.34202194213867,16.315147399902344,1.352915954666334,1.7941146822781375,0.004653502173089713,0.49429557787729267,0.0,1701.4498910956786,0.7400000000000031,0.900000000000003,50000.0,5.0,250000.0,1850.0000000000077,2250.0000000000077
2026-02-24,ECLERX,SHORT,A_PULLBACK_C2_THEN_BREAK_C2_LOW,MODERATE,2026-02-24 14:00:00+05:30,2026-02-24 14:30:00+05:30,3345.5307111816405,3367.276660804321,3315.4209347810056,2026-02-24 15:30:00+05:30,3350.0,EOD,-1.467949154288427,-0.667949154288427,57.357025146484375,19.01910972595215,6.412367820739746,3.7784106814552247,3.694506460733768,0.00383978188306842,0.96,0.0,3367.276660804321,-0.2935898308576854,-0.13358983085768542,50000.0,5.0,250000.0,-733.9745771442135,-333.9745771442136
2026-02-25,GRAPHITE,LONG,A_MOD_BREAK_C1_HIGH,MODERATE,2026-02-25 10:45:00+05:30,2026-02-25 11:00:00+05:30,702.0404044189453,698.1791821946412,709.7628488675537,2026-02-25 11:01:00+05:30,709.7628488675537,TARGET,4.699999999999981,5.4999999999999805,24.415422439575195,69.86579895019531,89.8853988647461,1.1917919955425327,2.599029416723249,0.006614407562063224,5.249485317189794,0.0,698.1791821946412,0.9399999999999962,1.099999999999996,50000.0,5.0,250000.0,2349.9999999999905,2749.9999999999905
2026-02-25,LICHSGFIN,LONG,B_HUGE_GREEN_PULLBACK_HOLD_THEN_BREAK,HUGE,2026-02-25 10:30:00+05:30,2026-02-25 11:45:00+05:30,548.7096955810547,545.6917922553589,554.7455022324463,2026-02-25 12:35:00+05:30,545.6917922553589,SL,-3.5499999999999843,-2.749999999999984,28.759117126464844,84.64390563964844,93.66085815429688,2.2456474160199917,4.541539248928411,0.004718666485467093,8.795497159450704,0.0,545.6917922553589,-0.7099999999999969,-0.5499999999999968,50000.0,5.0,250000.0,-1774.999999999992,-1374.999999999992
2026-02-25,JINDALPOLY,LONG,B_HUGE_GREEN_PULLBACK_HOLD_THEN_BREAK,HUGE,2026-02-25 10:45:00+05:30,2026-02-25 11:45:00+05:30,614.5229044189454,611.1430284446412,621.2826563675537,2026-02-25 12:13:00+05:30,611.1430284446412,SL,-3.549999999999941,-2.7499999999999414,54.61096954345703,89.51913452148438,97.06800079345703,1.6535666817448493,5.579490861845829,0.014010233083971476,9.886443569386888,0.0,611.1430284446412,-0.7099999999999882,-0.5499999999999883,50000.0,5.0,250000.0,-1774.9999999999704,-1374.9999999999707
2026-02-25,FOSECOIND,LONG,B_HUGE_C1_CLOSE_RECLAIM_BREAK,HUGE,2026-02-25 11:30:00+05:30,2026-02-25 12:00:00+05:30,4890.877882324219,4863.978053971437,4944.677539029785,2026-02-25 12:01:00+05:30,4863.978053971437,SL,-3.5499999999999385,-2.7499999999999387,41.38180160522461,75.99281311035156,88.48735046386719,1.7258031460079526,3.4860185729703184,0.0077258359491198525,7.789796638956892,0.0,4863.978053971437,-0.7099999999999878,-0.5499999999999877,50000.0,5.0,250000.0,-1774.9999999999693,-1374.9999999999693
2026-02-25,MANAPPURAM,SHORT,A_MOD_BREAK_C1_LOW,MODERATE,2026-02-25 12:45:00+05:30,2026-02-25 13:00:00+05:30,299.94,301.88961,297.24054,2026-02-25 13:02:00+05:30,297.24054,TARGET,3.6999999999999797,4.49999999999998,21.8275089263916,33.87119674682617,6.488446235656738,1.7286256510975715,1.7827484686031976,0.004796825471229871,0.47905954626810887,0.0,301.88961,0.739999999999996,0.8999999999999959,50000.0,5.0,250000.0,1849.99999999999,2249.99999999999
2026-02-25,QUESS,SHORT,A_MOD_BREAK_C1_LOW,MODERATE,2026-02-25 12:45:00+05:30,2026-02-25 13:00:00+05:30,196.34999389648436,197.6262688568115,194.582843951416,2026-02-25 15:24:00+05:30,197.6262688568115,SL,-4.04999999999995,-3.2499999999999503,28.733638763427734,28.912137985229492,2.9589853286743164,2.2115568500780403,2.045072378700573,0.00469314073819669,0.641004581451416,0.0,197.6262688568115,-0.8099999999999901,-0.64999999999999,50000.0,5.0,250000.0,-2024.9999999999752,-1624.999999999975
2026-02-25,CONCORDBIO,LONG,B_HUGE_GREEN_PULLBACK_HOLD_THEN_BREAK,HUGE,2026-02-25 11:30:00+05:30,2026-02-25 13:15:00+05:30,1217.2434,1210.5485613,1230.6330774,2026-02-25 13:16:00+05:30,1230.6330774,TARGET,4.699999999999993,5.499999999999993,35.87057876586914,84.61209106445312,84.88482666015625,1.0598358945798765,3.9062401908151334,0.012176365057969473,7.428038664868661,0.0,1210.5485613,0.9399999999999986,1.0999999999999985,50000.0,5.0,250000.0,2349.999999999997,2749.9999999999964
2026-02-25,EDELWEISS,SHORT,A_MOD_BREAK_C1_LOW,MODERATE,2026-02-25 13:00:00+05:30,2026-02-25 13:15:00+05:30,117.46999664306641,118.23355162124633,116.41276667327881,2026-02-25 13:28:00+05:30,116.41276667327881,TARGET,3.7000000000000055,4.500000000000005,28.32400131225586,25.252771377563477,10.372961044311523,2.9295870945529314,2.7159817073175097,0.0070736949978412325,0.6348600196838379,0.0,118.23355162124633,0.7400000000000011,0.9000000000000011,50000.0,5.0,250000.0,1850.0000000000027,2250.0000000000027
2026-02-25,GTPL,SHORT,A_MOD_BREAK_C1_LOW,MODERATE,2026-02-25 13:15:00+05:30,2026-02-25 13:30:00+05:30,65.50000305175782,65.92575307159424,64.910503024292,2026-02-25 13:31:00+05:30,64.910503024292,TARGET,3.699999999999978,4.499999999999977,23.29071617126465,14.91114330291748,2.4457852840423584,4.126317803518721,4.484627887074686,0.009379273135816138,0.5593607425689697,0.0,65.92575307159424,0.7399999999999956,0.8999999999999955,50000.0,5.0,250000.0,1849.9999999999889,2249.9999999999886
2026-02-25,SUMICHEM,SHORT,A_MOD_BREAK_C1_LOW,MODERATE,2026-02-25 13:15:00+05:30,2026-02-25 13:30:00+05:30,400.2199277954102,402.8213573260803,396.6179484452515,2026-02-25 14:07:00+05:30,396.6179484452515,TARGET,3.6999999999999753,4.499999999999975,21.366775512695312,28.68878746032715,11.90268611907959,2.0405932597448655,2.957952611787388,0.00350542751448194,0.5305016326904297,0.0,402.8213573260803,0.7399999999999951,0.899999999999995,50000.0,5.0,250000.0,1849.9999999999877,2249.9999999999877
2026-02-25,ATL,SHORT,A_MOD_BREAK_C1_LOW,MODERATE,2026-02-25 14:15:00+05:30,2026-02-25 14:30:00+05:30,24.7,24.860549999999996,24.4777,2026-02-25 14:32:00+05:30,24.4777,TARGET,3.7000000000000135,4.500000000000012,29.995027542114258,27.39325523376465,6.140581130981445,3.559034405812534,3.216986974050493,0.005654284079470497,0.6599254131317138,0.0,24.860549999999996,0.7400000000000027,0.9000000000000026,50000.0,5.0,250000.0,1850.0000000000066,2250.0000000000064
2026-02-26,MUKANDLTD,LONG,B_HUGE_C1_CLOSE_RECLAIM_BREAK,HUGE,2026-02-26 10:15:00+05:30,2026-02-26 10:45:00+05:30,134.05,133.31272500000003,135.52455,2026-02-26 10:46:00+05:30,135.52455,TARGET,4.699999999999975,5.499999999999975,24.15064239501953,73.44686126708984,90.97138977050781,0.41341092756971826,4.308115291850956,0.008097008093079524,5.6272675822822,0.0,133.31272500000003,0.9399999999999951,1.099999999999995,50000.0,5.0,250000.0,2349.9999999999877,2749.9999999999873
2026-02-26,IGPL,SHORT,A_MOD_BREAK_C1_LOW,MODERATE,2026-02-26 11:00:00+05:30,2026-02-26 11:15:00+05:30,364.927,367.2990255,361.64265700000004,2026-02-26 13:59:00+05:30,361.64265700000004,TARGET,3.69999999999997,4.49999999999997,35.4743766784668,32.640174865722656,14.000041007995605,1.2042526893825038,2.5126925715711343,0.002681031945633562,0.6028598708189401,0.0,367.2990255,0.739999999999994,0.899999999999994,50000.0,5.0,250000.0,1849.999999999985,2249.999999999985
2026-02-26,MUTHOOTFIN,SHORT,A_MOD_BREAK_C1_LOW,MODERATE,2026-02-26 12:00:00+05:30,2026-02-26 12:15:00+05:30,3449.4100776367186,3471.831243141357,3418.365386937988,2026-02-26 12:42:00+05:30,3418.365386937988,TARGET,3.6999999999999886,4.499999999999989,25.588247299194336,31.481464385986328,12.664485931396484,1.847095427868672,2.0865443732972944,0.0043008969515742615,0.5670654093649325,0.0,3471.831243141357,0.7399999999999978,0.8999999999999978,50000.0,5.0,250000.0,1849.9999999999945,2249.9999999999945
2026-02-26,TRENT,SHORT,A_MOD_BREAK_C1_LOW,MODERATE,2026-02-26 12:00:00+05:30,2026-02-26 12:15:00+05:30,3859.827977636719,3884.9168594913576,3825.0895258379883,2026-02-26 14:54:00+05:30,3884.9168594913576,SL,-4.049999999999998,-3.249999999999998,28.559398651123047,26.111351013183594,11.638484954833984,2.310052140048234,2.7703407324159697,0.004463703670296883,0.6383909797668457,0.0,3884.9168594913576,-0.8099999999999996,-0.6499999999999996,50000.0,5.0,250000.0,-2024.999999999999,-1624.9999999999989
2026-02-26,REMSONSIND,SHORT,A_MOD_BREAK_C1_LOW,MODERATE,2026-02-26 12:15:00+05:30,2026-02-26 12:30:00+05:30,111.45,112.174425,110.44695,2026-02-26 14:15:00+05:30,112.174425,SL,-4.049999999999984,-3.249999999999984,27.183650970458984,38.84334945678711,28.217853546142578,1.3289888515209873,1.5056748862730565,0.006681609581404202,0.47561155788671033,0.0,112.174425,-0.8099999999999967,-0.6499999999999968,50000.0,5.0,250000.0,-2024.9999999999916,-1624.9999999999918
2026-02-26,ASIANPAINT,SHORT,A_PULLBACK_C2_THEN_BREAK_C2_LOW,MODERATE,2026-02-26 12:30:00+05:30,2026-02-26 13:00:00+05:30,2387.9222223632814,2403.4437168086424,2366.430922362012,2026-02-26 15:30:00+05:30,2394.89990234375,EOD,-2.2610358568468967,-1.4610358568468969,26.03199005126953,33.00267028808594,8.518280029296875,1.9246080060482567,1.937391758977878,0.0031266468201951777,0.5841558397763817,0.0,2403.4437168086424,-0.4522071713693793,-0.29220717136937935,50000.0,5.0,250000.0,-1130.5179284234482,-730.5179284234483
2026-02-26,ARVINDFASN,SHORT,A_MOD_BREAK_C1_LOW,MODERATE,2026-02-26 13:15:00+05:30,2026-02-26 13:30:00+05:30,434.51308610229495,437.33742116195987,430.6024683273743,2026-02-26 13:44:00+05:30,437.33742116195987,SL,-4.050000000000001,-3.250000000000001,39.5435791015625,27.852920532226562,3.0439023971557617,2.902380128699249,2.5188553679994796,0.003368884739164048,0.8031536865234374,0.0,437.33742116195987,-0.81,-0.6500000000000001,50000.0,5.0,250000.0,-2025.0000000000002,-1625.0000000000005
2026-02-27,CAMS,SHORT,A_MOD_BREAK_C1_LOW,MODERATE,2026-02-27 10:00:00+05:30,2026-02-27 10:15:00+05:30,684.863,689.3146095000001,678.699233,2026-02-27 15:07:00+05:30,678.699233,TARGET,3.7000000000000055,4.500000000000005,23.30950164794922,20.51534080505371,1.3683865070343018,1.6743852278956795,4.366995937735886,0.005650497156674029,0.5026599396009821,0.0,689.3146095000001,0.7400000000000011,0.900000000000001,50000.0,5.0,250000.0,1850.0000000000027,2250.0000000000023
2026-02-27,SSDL,SHORT,A_MOD_BREAK_C1_LOW,MODERATE,2026-02-27 10:00:00+05:30,2026-02-27 10:15:00+05:30,62.60000152587891,63.00690153579712,62.036601512146,2026-02-27 15:01:00+05:30,62.036601512146,TARGET,3.6999999999999957,4.499999999999995,31.669517517089844,45.285037994384766,26.19046974182129,0.9045233665007947,0.6003269654266735,0.00998746059110331,0.42335070016532045,0.0,63.00690153579712,0.7399999999999991,0.899999999999999,50000.0,5.0,250000.0,1849.9999999999977,2249.9999999999977
2026-02-27,EMAMILTD,SHORT,A_MOD_BREAK_C1_LOW,MODERATE,2026-02-27 10:15:00+05:30,2026-02-27 10:30:00+05:30,467.35652220458985,470.39433959891966,463.1503135047485,2026-02-27 15:02:00+05:30,463.1503135047485,TARGET,3.7000000000000344,4.500000000000035,28.60915756225586,26.207033157348633,6.4885382652282715,1.9163404182120707,3.4053198760787393,0.0037577961956569623,0.6244969366209503,0.0,470.39433959891966,0.7400000000000069,0.9000000000000069,50000.0,5.0,250000.0,1850.0000000000173,2250.0000000000173
2026-02-27,SBFC,SHORT,A_PULLBACK_C2_THEN_BREAK_C2_LOW,MODERATE,2026-02-27 10:15:00+05:30,2026-02-27 10:45:00+05:30,94.61000366210938,95.22496868591308,93.75851362915039,2026-02-27 12:47:00+05:30,95.22496868591308,SL,-4.0499999999999705,-3.2499999999999707,33.574058532714844,29.028047561645508,9.080376625061035,1.3720277971871677,3.273690652260586,0.004596135073496498,0.6037157424984769,0.0,95.22496868591308,-0.8099999999999941,-0.6499999999999941,50000.0,5.0,250000.0,-2024.9999999999852,-1624.9999999999854
2026-02-27,KARURVYSYA,SHORT,A_MOD_BREAK_C1_LOW,MODERATE,2026-02-27 10:45:00+05:30,2026-02-27 11:00:00+05:30,328.0843638977051,330.2169122630402,325.13160462262573,2026-02-27 11:21:00+05:30,325.13160462262573,TARGET,3.7000000000000197,4.5000000000000195,42.3077507019043,19.92306137084961,12.020485877990723,1.5100681102186941,2.905120066875307,0.007374540290358927,0.7588781798168358,0.0,330.2169122630402,0.740000000000004,0.9000000000000039,50000.0,5.0,250000.0,1850.00000000001,2250.00000000001
2026-02-27,APEX,SHORT,A_MOD_BREAK_C1_LOW,MODERATE,2026-02-27 11:00:00+05:30,2026-02-27 11:15:00+05:30,405.01898610229495,407.65160951195986,401.3738152273743,2026-02-27 11:39:00+05:30,401.3738152273743,TARGET,3.7000000000000144,4.500000000000014,22.28774642944336,25.50792694091797,9.44980525970459,1.9302008678413647,3.020439072303112,0.008499644793316899,0.5321013483138892,0.0,407.65160951195986,0.7400000000000029,0.9000000000000029,50000.0,5.0,250000.0,1850.0000000000073,2250.0000000000073
2026-02-27,CREDITACC,SHORT,A_MOD_BREAK_C1_LOW,MODERATE,2026-02-27 11:00:00+05:30,2026-02-27 11:15:00+05:30,1267.7464,1275.9867516,1256.3366824,2026-02-27 11:21:00+05:30,1256.3366824,TARGET,3.700000000000009,4.500000000000009,41.77212142944336,19.798837661743164,1.1118195056915283,2.2879355286596805,3.9485216627261766,0.007970918992340377,0.8365818214416503,0.0,1275.9867516,0.7400000000000018,0.9000000000000017,50000.0,5.0,250000.0,1850.0000000000043,2250.000000000004
2026-02-27,SRHHYPOLTD,SHORT,A_MOD_BREAK_C1_LOW,MODERATE,2026-02-27 11:00:00+05:30,2026-02-27 11:15:00+05:30,471.9056,474.97298639999997,467.6584496,2026-02-27 14:06:00+05:30,467.6584496,TARGET,3.70000000000001,4.50000000000001,23.80891227722168,40.52915954589844,15.296717643737793,0.497932739575303,1.4253779335947583,0.004933410276800899,0.2755408102637411,0.0,474.97298639999997,0.740000000000002,0.900000000000002,50000.0,5.0,250000.0,1850.000000000005,2250.000000000005
2026-02-27,JKTYRE,SHORT,A_MOD_BREAK_C1_LOW,MODERATE,2026-02-27 11:45:00+05:30,2026-02-27 12:00:00+05:30,508.8982,512.2060382999999,504.31811619999996,2026-02-27 14:33:00+05:30,504.31811619999996,TARGET,3.700000000000011,4.500000000000011,37.578025817871094,24.193578720092773,4.666368007659912,1.9908634490632802,2.8126600994164668,0.00814204900954086,0.7720714908541404,0.0,512.2060382999999,0.7400000000000022,0.9000000000000021,50000.0,5.0,250000.0,1850.0000000000055,2250.0000000000055
2026-02-27,RAMKY,SHORT,A_MOD_BREAK_C1_LOW,MODERATE,2026-02-27 11:45:00+05:30,2026-02-27 12:00:00+05:30,458.45827779541014,461.4382566010803,454.33215329525143,2026-02-27 15:30:00+05:30,458.95001220703125,EOD,-1.3362913436591377,-0.5362913436591381,24.486440658569336,38.60409927368164,15.322912216186523,0.89969108106672,1.4803149993710076,0.004648746492873831,0.3587582990337664,0.0,461.4382566010803,-0.26725826873182756,-0.10725826873182762,50000.0,5.0,250000.0,-668.145671829569,-268.14567182956904
2026-02-27,SAFARI,SHORT,A_PULLBACK_C2_THEN_BREAK_C2_LOW,MODERATE,2026-02-27 12:45:00+05:30,2026-02-27 13:15:00+05:30,1821.6356,1833.4762314,1805.2408796,2026-02-27 13:16:00+05:30,1805.2408796,TARGET,3.700000000000027,4.500000000000027,38.75407409667969,30.00260353088379,21.924135208129883,1.1188608838765275,1.7817563549015394,0.004870310106973235,0.6261995838736647,0.0,1833.4762314,0.7400000000000053,0.9000000000000054,50000.0,5.0,250000.0,1850.0000000000134,2250.000000000013
2026-02-27,NAVINFLUOR,SHORT,A_MOD_BREAK_C1_LOW,MODERATE,2026-02-27 13:15:00+05:30,2026-02-27 13:30:00+05:30,6238.752,6279.303888,6182.603232,2026-02-27 13:40:00+05:30,6182.603232,TARGET,3.700000000000001,4.500000000000001,47.95878601074219,24.501388549804688,2.925084114074707,2.9518152062376646,3.634001714038589,0.003627209707312838,0.9293817901611328,0.0,6279.303888,0.7400000000000002,0.9000000000000002,50000.0,5.0,250000.0,1850.0000000000005,2250.000000000001
2026-03-02,ROHLTD,SHORT,A_MOD_BREAK_C1_LOW,MODERATE,2026-03-02 10:15:00+05:30,2026-03-02 10:30:00+05:30,350.9298,353.2108437,347.7714318,2026-03-02 10:39:00+05:30,347.7714318,TARGET,3.699999999999978,4.499999999999977,28.055885314941406,23.529008865356445,16.33341407775879,0.6517212551940326,3.1815372482192843,0.007647257329432205,0.39488949938307677,0.0,353.2108437,0.7399999999999956,0.8999999999999955,50000.0,5.0,250000.0,1849.9999999999889,2249.9999999999886
2026-03-02,JTLIND,SHORT,A_MOD_BREAK_C1_LOW,MODERATE,2026-03-02 10:30:00+05:30,2026-03-02 10:45:00+05:30,60.0499984741211,60.44032346420288,59.509548487854005,2026-03-02 10:49:00+05:30,59.509548487854005,TARGET,3.7000000000000153,4.500000000000015,34.299591064453125,14.61463737487793,29.097244262695312,0.43956082737656677,3.6876939673220654,0.009998810206100193,0.4514170107576961,0.0,60.44032346420288,0.7400000000000031,0.900000000000003,50000.0,5.0,250000.0,1850.0000000000077,2250.0000000000077
2026-03-02,GHCL,SHORT,A_MOD_BREAK_C1_LOW,MODERATE,2026-03-02 10:45:00+05:30,2026-03-02 11:00:00+05:30,469.0061861022949,472.0547263119598,464.78513042737427,2026-03-02 12:23:00+05:30,464.78513042737427,TARGET,3.6999999999999944,4.499999999999995,46.9393310546875,17.428327560424805,6.200136661529541,1.818759204448237,3.413911053043018,0.005489241850437326,0.882372826598754,0.0,472.0547263119598,0.7399999999999989,0.8999999999999989,50000.0,5.0,250000.0,1849.9999999999973,2249.9999999999973
2026-03-02,SANSERA,SHORT,A_MOD_BREAK_C1_LOW,MODERATE,2026-03-02 11:00:00+05:30,2026-03-02 11:15:00+05:30,2258.1483776367186,2272.826342091357,2237.825042237988,2026-03-02 11:55:00+05:30,2237.825042237988,TARGET,3.7000000000000535,4.500000000000053,37.87452697753906,37.506229400634766,66.35553741455078,0.06932050962250466,1.2681157824417675,0.014670731620633303,0.4036547829691126,0.0,2272.826342091357,0.7400000000000106,0.9000000000000106,50000.0,5.0,250000.0,1850.0000000000266,2250.0000000000264
2026-03-02,VPRPL,SHORT,A_MOD_BREAK_C1_LOW,MODERATE,2026-03-02 11:00:00+05:30,2026-03-02 11:15:00+05:30,42.26000137329102,42.53469138221741,41.8796613609314,2026-03-02 13:26:00+05:30,41.8796613609314,TARGET,3.6999999999999824,4.499999999999982,52.06702423095703,16.796518325805664,30.891366958618164,0.671950631365642,3.2667322183138605,0.008471725827605366,0.7275913604889874,0.0,42.53469138221741,0.7399999999999964,0.8999999999999965,50000.0,5.0,250000.0,1849.9999999999911,2249.9999999999914
2026-03-02,GRAPHITE,SHORT,A_MOD_BREAK_C1_LOW,MODERATE,2026-03-02 11:15:00+05:30,2026-03-02 11:30:00+05:30,700.3099222045898,704.8619366989196,694.0071329047486,2026-03-02 12:15:00+05:30,694.0071329047486,TARGET,3.69999999999997,4.49999999999997,41.510677337646484,29.475421905517578,45.84762191772461,0.6603077749322398,1.826301696589909,0.013468843157604129,0.5895291055073346,0.0,704.8619366989196,0.739999999999994,0.8999999999999939,50000.0,5.0,250000.0,1849.999999999985,2249.9999999999845
2026-03-02,IRMENERGY,SHORT,A_MOD_BREAK_C1_LOW,MODERATE,2026-03-02 11:15:00+05:30,2026-03-02 11:30:00+05:30,228.0500061035156,229.53233114318846,225.99755604858396,2026-03-02 13:54:00+05:30,225.99755604858396,TARGET,3.70000000000003,4.50000000000003,30.383092880249023,38.89952850341797,27.240406036376953,0.5510724566655314,1.3386688251387255,0.013958175124821426,0.37911751437713964,0.0,229.53233114318846,0.740000000000006,0.900000000000006,50000.0,5.0,250000.0,1850.000000000015,2250.000000000015
2026-03-02,JAGRAN,SHORT,A_MOD_BREAK_C1_LOW,MODERATE,2026-03-02 11:15:00+05:30,2026-03-02 11:30:00+05:30,62.400000762939456,62.80560076789856,61.838400756073,2026-03-02 14:46:00+05:30,62.80560076789856,SL,-4.0499999999999865,-3.2499999999999876,30.47744369506836,33.83150100708008,29.980234146118164,0.5426690152026564,1.7156981054462253,0.0051927351145414,0.3979136383588015,0.0,62.80560076789856,-0.8099999999999974,-0.6499999999999975,50000.0,5.0,250000.0,-2024.9999999999934,-1624.9999999999936
2026-03-02,LATENTVIEW,SHORT,A_MOD_BREAK_C1_LOW,MODERATE,2026-03-02 11:15:00+05:30,2026-03-02 11:30:00+05:30,323.23532779541017,325.3363574260803,320.32620984525147,2026-03-02 12:11:00+05:30,320.32620984525147,TARGET,3.7000000000000166,4.500000000000016,42.25672912597656,21.50938606262207,36.22383117675781,0.8864229704541614,2.531735663930016,0.01069774214967141,0.6489749567191267,0.0,325.3363574260803,0.7400000000000033,0.9000000000000032,50000.0,5.0,250000.0,1850.0000000000084,2250.000000000008
2026-03-02,ADANIENT,SHORT,A_MOD_BREAK_C1_LOW,MODERATE,2026-03-02 12:15:00+05:30,2026-03-02 12:30:00+05:30,2088.5822,2102.1579842999995,2069.7849601999997,2026-03-02 14:14:00+05:30,2102.1579842999995,SL,-4.049999999999921,-3.249999999999921,51.794498443603516,25.521787643432617,16.795408248901367,0.6739025479621574,1.948783674823437,0.009259895082688745,0.7253721296345494,0.0,2102.1579842999995,-0.8099999999999841,-0.6499999999999841,50000.0,5.0,250000.0,-2024.99999999996,-1624.9999999999604
2026-03-02,ADANIGREEN,SHORT,A_MOD_BREAK_C1_LOW,MODERATE,2026-03-02 12:15:00+05:30,2026-03-02 12:30:00+05:30,895.4208555908203,901.2410911521606,887.362067890503,2026-03-02 12:46:00+05:30,887.362067890503,TARGET,3.6999999999999753,4.499999999999975,55.02862548828125,15.74551010131836,2.862475872039795,1.6616499804980618,2.934069439506347,0.009317648434308493,0.9007887465871607,0.0,901.2410911521606,0.7399999999999951,0.899999999999995,50000.0,5.0,250000.0,1849.9999999999877,2249.9999999999877
2026-03-02,CEMPRO,SHORT,A_MOD_BREAK_C1_LOW,MODERATE,2026-03-02 12:15:00+05:30,2026-03-02 12:30:00+05:30,560.7878444091797,564.4329653978393,555.740753809497,2026-03-02 13:21:00+05:30,555.740753809497,TARGET,3.7000000000000144,4.500000000000014,47.7790412902832,25.686168670654297,59.763980865478516,0.6737933685523866,1.4402609081013171,0.012645506652712043,0.6666125042559816,0.0,564.4329653978393,0.7400000000000029,0.9000000000000029,50000.0,5.0,250000.0,1850.0000000000073,2250.0000000000073
2026-03-02,ETERNAL,SHORT,A_MOD_BREAK_C1_LOW,MODERATE,2026-03-02 12:15:00+05:30,2026-03-02 12:30:00+05:30,239.5500061035156,241.10708114318845,237.39405604858396,2026-03-02 13:18:00+05:30,241.10708114318845,SL,-4.049999999999972,-3.249999999999973,40.20187759399414,29.899587631225586,47.13066101074219,0.6438478614366859,1.6452207517097015,0.010837046332371968,0.5579625772468173,0.0,241.10708114318845,-0.8099999999999945,-0.6499999999999946,50000.0,5.0,250000.0,-2024.9999999999864,-1624.9999999999866
2026-03-02,HARSHA,SHORT,A_MOD_BREAK_C1_LOW,MODERATE,2026-03-02 12:15:00+05:30,2026-03-02 12:30:00+05:30,359.928,362.26753199999996,356.688648,2026-03-02 13:38:00+05:30,356.688648,TARGET,3.6999999999999957,4.499999999999995,53.00559997558594,28.737823486328125,40.978309631347656,0.5272620682127764,1.6838346830687325,0.006974211004045275,0.6864625960906725,0.0,362.26753199999996,0.7399999999999991,0.899999999999999,50000.0,5.0,250000.0,1849.9999999999977,2249.9999999999977
2026-03-02,KAMATHOTEL,SHORT,A_MOD_BREAK_C1_LOW,MODERATE,2026-03-02 12:15:00+05:30,2026-03-02 12:30:00+05:30,181.36000366210936,182.53884368591306,179.7277636291504,2026-03-02 14:45:00+05:30,182.53884368591306,SL,-4.049999999999974,-3.2499999999999742,29.77439308166504,33.48453903198242,20.667482376098633,1.247591471561796,1.855711101779604,0.01003252704353461,0.5177299588372701,0.0,182.53884368591306,-0.8099999999999947,-0.6499999999999948,50000.0,5.0,250000.0,-2024.9999999999868,-1624.9999999999868
2026-03-02,PFS,SHORT,A_MOD_BREAK_C1_LOW,MODERATE,2026-03-02 12:15:00+05:30,2026-03-02 12:30:00+05:30,29.349999618530273,29.54077461605072,29.0858496219635,2026-03-02 13:55:00+05:30,29.0858496219635,TARGET,3.699999999999992,4.499999999999992,33.487022399902344,20.96510887145996,9.836695671081543,1.6198105584662716,2.5149490039244986,0.010495621872540193,0.6457721837301327,0.0,29.54077461605072,0.7399999999999984,0.8999999999999984,50000.0,5.0,250000.0,1849.9999999999961,2249.999999999996
2026-03-02,ORIENTCEM,SHORT,A_PULLBACK_C2_THEN_BREAK_C2_LOW,MODERATE,2026-03-02 12:15:00+05:30,2026-03-02 12:45:00+05:30,149.59999389648436,150.57239385681152,148.253593951416,2026-03-02 14:36:00+05:30,150.57239385681152,SL,-4.050000000000012,-3.250000000000013,57.55992126464844,17.772064208984375,14.815673828125,1.085916258492668,2.213225744459039,0.007025896295851057,0.8000353452362168,0.0,150.57239385681152,-0.8100000000000025,-0.6500000000000026,50000.0,5.0,250000.0,-2025.0000000000064,-1625.0000000000064
2026-03-02,ABREL,SHORT,A_MOD_BREAK_C1_LOW,MODERATE,2026-03-02 12:45:00+05:30,2026-03-02 13:00:00+05:30,1249.75,1257.873375,1238.50225,2026-03-02 13:49:00+05:30,1238.50225,TARGET,3.699999999999999,4.499999999999999,37.373531341552734,34.295188903808594,58.99654769897461,1.1523362300984372,1.5704404123592632,0.011125201901103426,0.6007838310084808,0.0,1257.873375,0.7399999999999998,0.8999999999999998,50000.0,5.0,250000.0,1849.9999999999993,2249.9999999999995
2026-03-02,ADOR,SHORT,A_MOD_BREAK_C1_LOW,MODERATE,2026-03-02 12:45:00+05:30,2026-03-02 13:00:00+05:30,1018.1963444091797,1024.8146206478393,1009.032577309497,2026-03-02 13:39:00+05:30,1024.8146206478393,SL,-4.049999999999983,-3.2499999999999822,37.492679595947266,29.185441970825195,13.610856056213379,1.6720207502557178,2.3472891872709902,0.009181583183632932,0.7149938252339596,0.0,1024.8146206478393,-0.8099999999999965,-0.6499999999999965,50000.0,5.0,250000.0,-2024.9999999999911,-1624.9999999999914
2026-03-02,JYOTICNC,SHORT,A_MOD_BREAK_C1_LOW,MODERATE,2026-03-02 12:45:00+05:30,2026-03-02 13:00:00+05:30,789.842,794.975973,782.733422,2026-03-02 13:45:00+05:30,794.975973,SL,-4.04999999999998,-3.24999999999998,37.18301010131836,21.647037506103516,23.84465217590332,2.0818638214062273,2.378738409317696,0.008282235111774179,0.7677451515197753,0.0,794.975973,-0.8099999999999961,-0.649999999999996,50000.0,5.0,250000.0,-2024.9999999999905,-1624.9999999999902
2026-03-02,LINDEINDIA,SHORT,A_MOD_BREAK_C1_LOW,MODERATE,2026-03-02 12:45:00+05:30,2026-03-02 13:00:00+05:30,6659.1679,6702.45249135,6599.2353889000005,2026-03-02 13:56:00+05:30,6599.2353889000005,TARGET,3.699999999999987,4.499999999999987,29.561044692993164,31.712635040283203,55.09720230102539,1.262952188381567,1.591168186695279,0.008741652284835297,0.5039907126964356,0.0,6702.45249135,0.7399999999999973,0.8999999999999974,50000.0,5.0,250000.0,1849.9999999999934,2249.999999999993
2026-03-02,SHANKARA,SHORT,A_MOD_BREAK_C1_LOW,MODERATE,2026-03-02 13:00:00+05:30,2026-03-02 13:15:00+05:30,105.89999694824219,106.58834692840576,104.94689697570801,2026-03-02 14:45:00+05:30,106.58834692840576,SL,-4.049999999999957,-3.249999999999957,40.231231689453125,27.4754695892334,19.06089973449707,3.0603016914614916,2.310173958061666,0.009249642005323222,0.8134684753417969,0.0,106.58834692840576,-0.8099999999999914,-0.6499999999999914,50000.0,5.0,250000.0,-2024.9999999999786,-1624.9999999999784
2026-03-02,IOB,SHORT,A_MOD_BREAK_C1_LOW,MODERATE,2026-03-02 13:15:00+05:30,2026-03-02 13:30:00+05:30,35.01000137329102,35.23756638221741,34.6949113609314,2026-03-02 14:48:00+05:30,35.23756638221741,SL,-4.049999999999985,-3.2499999999999845,49.918617248535156,23.39610481262207,17.65875816345215,1.6118993125614864,2.994338865424003,0.0044579140013249795,0.8908616384262875,0.0,35.23756638221741,-0.809999999999997,-0.6499999999999969,50000.0,5.0,250000.0,-2024.9999999999925,-1624.9999999999923
2026-03-02,IONEXCHANG,SHORT,A_MOD_BREAK_C1_LOW,MODERATE,2026-03-02 13:30:00+05:30,2026-03-02 13:45:00+05:30,347.98037779541016,350.2422502510803,344.8485543952515,2026-03-02 14:37:00+05:30,350.2422502510803,SL,-4.049999999999947,-3.2499999999999476,50.10881042480469,23.556570053100586,6.705958843231201,2.2195615952445023,2.7086808145041297,0.006456253347301073,0.96,0.0,350.2422502510803,-0.8099999999999894,-0.6499999999999895,50000.0,5.0,250000.0,-2024.9999999999734,-1624.9999999999736
2026-03-02,JBMA,SHORT,A_MOD_BREAK_C1_LOW,MODERATE,2026-03-02 13:30:00+05:30,2026-03-02 13:45:00+05:30,520.2459055908203,523.6275039771606,515.5636924405029,2026-03-02 14:15:00+05:30,523.6275039771606,SL,-4.049999999999997,-3.2499999999999973,57.08589553833008,16.967729568481445,5.131521224975586,3.089175675597578,4.1110612720911455,0.00522850249159462,0.96,0.0,523.6275039771606,-0.8099999999999994,-0.6499999999999995,50000.0,5.0,250000.0,-2024.9999999999986,-1624.9999999999986
2026-03-02,KANSAINER,SHORT,A_MOD_BREAK_C1_LOW,MODERATE,2026-03-02 13:30:00+05:30,2026-03-02 13:45:00+05:30,195.2,196.4688,193.4432,2026-03-02 13:54:00+05:30,193.4432,TARGET,3.6999999999999966,4.4999999999999964,43.94330978393555,26.879634857177734,3.4797589778900146,2.9764698880929976,3.744669232928614,0.003094930196998977,0.8691496467590332,0.0,196.4688,0.7399999999999993,0.8999999999999992,50000.0,5.0,250000.0,1849.9999999999984,2249.999999999998
2026-03-02,ROUTE,SHORT,A_MOD_BREAK_C1_LOW,MODERATE,2026-03-02 13:30:00+05:30,2026-03-02 13:45:00+05:30,486.20272779541017,489.3630455260803,481.82690324525146,2026-03-02 14:22:00+05:30,489.3630455260803,SL,-4.049999999999992,-3.249999999999992,45.02320861816406,26.77583122253418,6.416240692138672,2.3954992289871706,3.4169076947923243,0.0042742809291551635,0.8853481292724608,0.0,489.3630455260803,-0.8099999999999983,-0.6499999999999984,50000.0,5.0,250000.0,-2024.9999999999955,-1624.999999999996
2026-03-02,NAM-INDIA,SHORT,A_MOD_BREAK_C1_LOW,MODERATE,2026-03-02 13:45:00+05:30,2026-03-02 14:00:00+05:30,895.7708222045899,901.5933325489196,887.7088848047485,2026-03-02 14:06:00+05:30,901.5933325489196,SL,-4.049999999999965,-3.2499999999999645,47.09926986694336,22.421010971069336,3.0605976581573486,3.542982496657118,3.907478845749961,0.004661580979223896,0.9164890480041503,0.0,901.5933325489196,-0.809999999999993,-0.6499999999999929,50000.0,5.0,250000.0,-2024.9999999999825,-1624.9999999999823
2026-03-04,FEDERALBNK,SHORT,A_PULLBACK_C2_THEN_BREAK_C2_LOW,MODERATE,2026-03-04 10:00:00+05:30,2026-03-04 10:30:00+05:30,285.7928361022949,287.6504895369598,283.22070057737426,2026-03-04 12:45:00+05:30,283.22070057737426,TARGET,3.700000000000024,4.500000000000024,54.940284729003906,19.371627807617188,6.695160388946533,1.952538054314004,3.706316564276947,0.006223100203737661,0.9516941595049506,0.0,287.6504895369598,0.7400000000000049,0.9000000000000048,50000.0,5.0,250000.0,1850.0000000000123,2250.000000000012
2026-03-04,UNITDSPR,SHORT,A_MOD_BREAK_C1_LOW,MODERATE,2026-03-04 10:30:00+05:30,2026-03-04 10:45:00+05:30,1336.1327444091796,1344.8176072478393,1324.107549709497,2026-03-04 12:45:00+05:30,1324.107549709497,TARGET,3.699999999999962,4.499999999999963,37.82339859008789,26.039772033691406,6.58197021484375,0.9949619091537606,2.258416819055039,0.006546448446571679,0.6014693129532265,0.0,1344.8176072478393,0.7399999999999924,0.8999999999999925,50000.0,5.0,250000.0,1849.999999999981,2249.9999999999814
2026-03-04,GPIL,SHORT,A_MOD_BREAK_C1_LOW,MODERATE,2026-03-04 10:45:00+05:30,2026-03-04 11:00:00+05:30,245.34999389648436,246.9447688568115,243.141843951416,2026-03-04 11:31:00+05:30,246.9447688568115,SL,-4.04999999999996,-3.249999999999961,64.4056625366211,26.562803268432617,14.506257057189941,1.0003275519163766,2.193954322984173,0.014867041385064653,0.7850573215853658,0.0,246.9447688568115,-0.8099999999999921,-0.6499999999999921,50000.0,5.0,250000.0,-2024.99999999998,-1624.9999999999804
2026-03-04,INDIASHLTR,SHORT,A_MOD_BREAK_C1_LOW,MODERATE,2026-03-04 10:45:00+05:30,2026-03-04 11:00:00+05:30,708.3083222045899,712.9123262989197,701.9335473047486,2026-03-04 11:39:00+05:30,701.9335473047486,TARGET,3.7000000000000135,4.500000000000012,22.00564193725586,36.57963180541992,17.043201446533203,0.4321359416824834,1.7171187695040182,0.009249747952321807,0.2515643573284734,0.0,712.9123262989197,0.7400000000000027,0.9000000000000026,50000.0,5.0,250000.0,1850.0000000000066,2250.0000000000064
2026-03-04,RICOAUTO,SHORT,A_MOD_BREAK_C1_LOW,MODERATE,2026-03-04 10:45:00+05:30,2026-03-04 11:00:00+05:30,119.01999969482422,119.79362969284057,117.9488196975708,2026-03-04 11:29:00+05:30,117.9488196975708,TARGET,3.700000000000024,4.500000000000024,54.09758377075195,29.397159576416016,18.87608528137207,1.1478559472143803,2.048002837913432,0.016428623531799424,0.8108747907625165,0.0,119.79362969284057,0.7400000000000049,0.9000000000000048,50000.0,5.0,250000.0,1850.0000000000123,2250.000000000012
2026-03-04,SHARDACROP,SHORT,A_MOD_BREAK_C1_LOW,MODERATE,2026-03-04 10:45:00+05:30,2026-03-04 11:00:00+05:30,1064.4870111816406,1071.4061767543212,1054.906628081006,2026-03-04 11:06:00+05:30,1054.906628081006,TARGET,3.699999999999952,4.499999999999952,58.4913330078125,18.208559036254883,10.594298362731934,1.2112596275233356,2.600313155919989,0.016045942222729703,0.8219704348165837,0.0,1071.4061767543212,0.7399999999999904,0.8999999999999904,50000.0,5.0,250000.0,1849.9999999999761,2249.999999999976
2026-03-04,KSCL,SHORT,A_PULLBACK_C2_THEN_BREAK_C2_LOW,MODERATE,2026-03-04 10:45:00+05:30,2026-03-04 11:15:00+05:30,723.8552,728.5602587999999,717.3405032,2026-03-04 11:55:00+05:30,717.3405032,TARGET,3.7000000000000166,4.500000000000017,48.32710266113281,30.754789352416992,18.460744857788086,0.4531536203340408,2.014896549205742,0.010373673608088208,0.6642084234754493,0.0,728.5602587999999,0.7400000000000033,0.9000000000000034,50000.0,5.0,250000.0,1850.0000000000084,2250.0000000000086
2026-03-04,DOMS,SHORT,A_MOD_BREAK_C1_LOW,MODERATE,2026-03-04 11:00:00+05:30,2026-03-04 11:15:00+05:30,2196.460522363281,2210.7375157586425,2176.6923776620115,2026-03-04 15:24:00+05:30,2210.7375157586425,SL,-4.050000000000013,-3.250000000000014,48.16564178466797,23.813762664794922,8.540807723999023,0.9565513037722544,2.3358898444320575,0.007357334418118922,0.7498811049301639,0.0,2210.7375157586425,-0.8100000000000027,-0.6500000000000028,50000.0,5.0,250000.0,-2025.0000000000068,-1625.000000000007
2026-03-04,CIEINDIA,SHORT,A_PULLBACK_C2_THEN_BREAK_C2_LOW,MODERATE,2026-03-04 11:00:00+05:30,2026-03-04 11:30:00+05:30,451.5596638977051,454.49480171304015,447.4956269226257,2026-03-04 15:23:00+05:30,447.4956269226257,TARGET,3.700000000000033,4.500000000000033,40.32653045654297,25.041677474975586,2.1537020206451416,1.3755732427889558,2.4246569145536028,0.009125263384304525,0.7056232743362116,0.0,454.49480171304015,0.7400000000000067,0.9000000000000066,50000.0,5.0,250000.0,1850.0000000000166,2250.0000000000164
2026-03-04,HINDCOPPER,SHORT,A_PULLBACK_C2_THEN_BREAK_C2_LOW,MODERATE,2026-03-04 11:00:00+05:30,2026-03-04 11:30:00+05:30,544.9909555908204,548.5333968021607,540.086036990503,2026-03-04 12:27:00+05:30,540.086036990503,TARGET,3.7000000000000046,4.5000000000000036,35.71723556518555,26.0037784576416,6.602467060089111,1.6880514418273267,2.318943112198525,0.0131504846072729,0.6911675357975653,0.0,548.5333968021607,0.7400000000000009,0.9000000000000008,50000.0,5.0,250000.0,1850.0000000000023,2250.000000000002
2026-03-04,JKIL,SHORT,A_PULLBACK_C2_THEN_BREAK_C2_LOW,MODERATE,2026-03-04 11:00:00+05:30,2026-03-04 11:30:00+05:30,481.9036,485.03597339999993,477.56646759999995,2026-03-04 11:33:00+05:30,477.56646759999995,TARGET,3.7000000000000313,4.50000000000003,49.774383544921875,20.171186447143555,9.563261032104492,1.6292915887877455,2.659136177625418,0.012405001918482376,0.8917417812116835,0.0,485.03597339999993,0.7400000000000062,0.9000000000000061,50000.0,5.0,250000.0,1850.0000000000155,2250.0000000000155
2026-03-04,ALLDIGI,SHORT,A_MOD_BREAK_C1_LOW,MODERATE,2026-03-04 11:30:00+05:30,2026-03-04 11:45:00+05:30,775.8947777954102,780.9380938510803,768.9117247952514,2026-03-04 12:04:00+05:30,780.9380938510803,SL,-4.050000000000006,-3.2500000000000058,47.110984802246094,13.783397674560547,0.8960134387016296,1.7837427443840053,3.5878548665930725,0.007551984879356762,0.8788197523008923,0.0,780.9380938510803,-0.8100000000000012,-0.6500000000000011,50000.0,5.0,250000.0,-2025.000000000003,-1625.0000000000027
2026-03-04,CYIENT,SHORT,A_MOD_BREAK_C1_LOW,MODERATE,2026-03-04 11:30:00+05:30,2026-03-04 11:45:00+05:30,882.7234444091797,888.4611467978393,874.7789334094971,2026-03-04 14:39:00+05:30,888.4611467978393,SL,-4.049999999999969,-3.249999999999969,34.62998962402344,35.485836029052734,24.60763931274414,1.2481693715740163,1.530814015728579,0.009837702804146769,0.5744201851722333,0.0,888.4611467978393,-0.8099999999999938,-0.6499999999999938,50000.0,5.0,250000.0,-2024.9999999999848,-1624.9999999999845
2026-03-04,DEEPAKNTR,SHORT,A_MOD_BREAK_C1_LOW,MODERATE,2026-03-04 11:30:00+05:30,2026-03-04 11:45:00+05:30,1470.1059444091798,1479.6616330478394,1456.8749909094972,2026-03-04 13:29:00+05:30,1479.6616330478394,SL,-4.049999999999978,-3.249999999999978,65.12471771240234,10.8817138671875,1.1321102380752563,2.353535311815456,3.488349740309019,0.0075895917569594185,0.96,0.0,1479.6616330478394,-0.8099999999999956,-0.6499999999999956,50000.0,5.0,250000.0,-2024.999999999989,-1624.9999999999889
2026-03-04,UNIPARTS,SHORT,A_MOD_BREAK_C1_LOW,MODERATE,2026-03-04 11:30:00+05:30,2026-03-04 11:45:00+05:30,438.0123861022949,440.8594666119598,434.07027462737426,2026-03-04 13:04:00+05:30,440.8594666119598,SL,-4.050000000000003,-3.250000000000004,39.274391174316406,32.451690673828125,13.333305358886719,1.058865398584397,1.633092051058977,0.009635765378549967,0.6160719149199645,0.0,440.8594666119598,-0.8100000000000007,-0.6500000000000008,50000.0,5.0,250000.0,-2025.0000000000016,-1625.000000000002
2026-03-04,MONTECARLO,SHORT,A_PULLBACK_C2_THEN_BREAK_C2_LOW,MODERATE,2026-03-04 12:00:00+05:30,2026-03-04 12:30:00+05:30,530.7938444091797,534.2440043978393,526.016699809497,2026-03-04 15:25:00+05:30,526.016699809497,TARGET,3.700000000000011,4.500000000000011,33.99588394165039,29.88840675354004,2.1377522945404053,2.173965955014747,2.247601493908646,0.00838993808561807,0.7199382591247558,0.0,534.2440043978393,0.7400000000000022,0.9000000000000021,50000.0,5.0,250000.0,1850.0000000000055,2250.0000000000055
2026-03-05,AGI,SHORT,A_MOD_BREAK_C1_LOW,MODERATE,2026-03-05 14:00:00+05:30,2026-03-05 14:15:00+05:30,502.8994,506.1682461,498.3733054,2026-03-05 14:47:00+05:30,506.1682461,SL,-4.0499999999999625,-3.2499999999999623,27.62989616394043,28.1812744140625,1.8584033250808716,3.260489375109234,2.7184788095600227,0.0042597341665907345,0.6244484424591064,0.0,506.1682461,-0.8099999999999925,-0.6499999999999925,50000.0,5.0,250000.0,-2024.9999999999814,-1624.9999999999814
2026-03-05,JUBLPHARMA,SHORT,A_MOD_BREAK_C1_LOW,MODERATE,2026-03-05 14:15:00+05:30,2026-03-05 14:30:00+05:30,823.5352722045899,828.8882514739197,816.1234547547485,2026-03-05 14:55:00+05:30,828.8882514739197,SL,-4.049999999999984,-3.249999999999984,22.779550552368164,34.140933990478516,4.1934404373168945,3.022329217813725,2.0295197293475655,0.003705779904300727,0.5516932582855225,0.0,828.8882514739197,-0.8099999999999967,-0.6499999999999968,50000.0,5.0,250000.0,-2024.9999999999916,-1624.9999999999918
2026-03-06,EMIL,SHORT,A_MOD_BREAK_C1_LOW,MODERATE,2026-03-06 10:45:00+05:30,2026-03-06 11:00:00+05:30,92.06000061035157,92.65839061431885,91.2314606048584,2026-03-06 12:52:00+05:30,92.65839061431885,SL,-4.049999999999981,-3.249999999999982,22.758201599121094,44.32924270629883,71.35877990722656,0.22620553374586846,0.42894075795821796,0.010548437164206484,0.1624060302902543,0.0,92.65839061431885,-0.8099999999999963,-0.6499999999999964,50000.0,5.0,250000.0,-2024.9999999999907,-1624.999999999991
2026-03-06,ROSSARI,SHORT,A_MOD_BREAK_C1_LOW,MODERATE,2026-03-06 13:00:00+05:30,2026-03-06 13:15:00+05:30,470.4059,473.46353834999996,466.17224689999995,2026-03-06 13:48:00+05:30,466.17224689999995,TARGET,3.7000000000000286,4.500000000000028,26.596330642700195,30.152990341186523,17.8779354095459,1.8109984004827062,1.7217029495111549,0.005607152006905129,0.5619548272005344,0.0,473.46353834999996,0.7400000000000058,0.9000000000000057,50000.0,5.0,250000.0,1850.0000000000143,2250.000000000014
2026-03-09,MAYURUNIQ,SHORT,A_MOD_BREAK_C1_LOW,MODERATE,2026-03-09 09:45:00+05:30,2026-03-09 10:00:00+05:30,500.2499361022949,503.5015606869598,495.74768667737425,2026-03-09 10:36:00+05:30,495.74768667737425,TARGET,3.6999999999999944,4.499999999999995,30.685653686523438,21.811120986938477,26.76771354675293,0.5170108646600089,3.155386561579387,0.008372726711873873,0.41076170661335315,0.0,503.5015606869598,0.7399999999999989,0.8999999999999989,50000.0,5.0,250000.0,1849.9999999999973,2249.9999999999973
2026-03-09,NORTHARC,SHORT,A_MOD_BREAK_C1_LOW,MODERATE,2026-03-09 09:45:00+05:30,2026-03-09 10:00:00+05:30,231.5000030517578,233.00475307159422,229.41650302429198,2026-03-09 10:43:00+05:30,229.41650302429198,TARGET,3.699999999999993,4.499999999999994,25.24810791015625,27.192358016967773,27.80489730834961,0.6387606052226854,2.3786351619046022,0.010048009508769563,0.3505047245663137,0.0,233.00475307159422,0.7399999999999987,0.8999999999999987,50000.0,5.0,250000.0,1849.9999999999966,2249.999999999997
2026-03-09,ZOTA,SHORT,A_MOD_BREAK_C1_LOW,MODERATE,2026-03-09 09:45:00+05:30,2026-03-09 10:00:00+05:30,1169.8659555908202,1177.4700843021606,1159.3371619905029,2026-03-09 10:34:00+05:30,1177.4700843021606,SL,-4.04999999999999,-3.2499999999999902,34.984527587890625,19.92577362060547,11.083109855651855,1.010769509680942,3.181382231671109,0.007807638306626736,0.5616525780125241,0.0,1177.4700843021606,-0.809999999999998,-0.649999999999998,50000.0,5.0,250000.0,-2024.9999999999952,-1624.9999999999952
2026-03-09,MANKIND,SHORT,A_MOD_BREAK_C1_LOW,MODERATE,2026-03-09 10:00:00+05:30,2026-03-09 10:15:00+05:30,2121.2756111816407,2135.0639026543213,2102.184130681006,2026-03-09 12:56:00+05:30,2135.0639026543213,SL,-4.049999999999988,-3.249999999999988,28.412944793701172,17.965730667114258,10.244110107421875,1.3038644034107636,4.072476326672771,0.005851484736929281,0.5143704425024012,0.0,2135.0639026543213,-0.8099999999999976,-0.6499999999999976,50000.0,5.0,250000.0,-2024.9999999999939,-1624.9999999999939
2026-03-09,AUBANK,SHORT,A_MOD_BREAK_C1_LOW,MODERATE,2026-03-09 10:15:00+05:30,2026-03-09 10:30:00+05:30,922.1155277954101,928.1092787260802,913.8164880452514,2026-03-09 10:51:00+05:30,913.8164880452514,TARGET,3.7000000000000197,4.5000000000000195,35.79896545410156,14.812647819519043,4.133482456207275,1.3877496193641505,3.784194910181572,0.008643362544069564,0.6398406652002497,0.0,928.1092787260802,0.740000000000004,0.9000000000000039,50000.0,5.0,250000.0,1850.00000000001,2250.00000000001
2026-03-09,GPTINFRA,SHORT,A_MOD_BREAK_C1_LOW,MODERATE,2026-03-09 10:15:00+05:30,2026-03-09 10:30:00+05:30,106.45,107.141925,105.49195,2026-03-09 10:45:00+05:30,105.49195,TARGET,3.700000000000001,4.500000000000001,49.48141098022461,14.634589195251465,25.077255249023438,0.7189065286571786,2.9314047708586086,0.018726467654759486,0.7280298072183753,0.0,107.141925,0.7400000000000002,0.9000000000000001,50000.0,5.0,250000.0,1850.0000000000005,2250.0000000000005
2026-03-09,ASIANENE,SHORT,A_MOD_BREAK_C1_LOW,MODERATE,2026-03-09 10:30:00+05:30,2026-03-09 10:45:00+05:30,273.8452138977051,275.62520778804014,271.38060697262574,2026-03-09 11:37:00+05:30,271.38060697262574,TARGET,3.700000000000011,4.500000000000011,28.424116134643555,22.16277503967285,16.314199447631836,1.1072427334942054,2.3629009355631108,0.01519063946527943,0.4801292203811393,0.0,275.62520778804014,0.7400000000000022,0.9000000000000021,50000.0,5.0,250000.0,1850.0000000000055,2250.0000000000055
2026-03-09,JISLJALEQS,SHORT,A_MOD_BREAK_C1_LOW,MODERATE,2026-03-09 10:30:00+05:30,2026-03-09 10:45:00+05:30,32.85000152587891,33.06352653579712,32.554351512146,2026-03-09 10:46:00+05:30,32.554351512146,TARGET,3.699999999999999,4.499999999999999,26.66792869567871,19.670745849609375,8.68470573425293,1.1966329700468543,2.7457061164534187,0.012833294875223514,0.4694297001933802,0.0,33.06352653579712,0.7399999999999998,0.8999999999999998,50000.0,5.0,250000.0,1849.9999999999993,2249.9999999999995
2026-03-09,KARURVYSYA,SHORT,A_MOD_BREAK_C1_LOW,MODERATE,2026-03-09 10:30:00+05:30,2026-03-09 10:45:00+05:30,292.14157220458986,294.04049242391966,289.51229805474856,2026-03-09 11:22:00+05:30,294.04049242391966,SL,-4.049999999999933,-3.2499999999999343,43.22188186645508,10.583813667297363,4.105114459991455,1.1619813304547382,3.4590471541009475,0.012782979577037607,0.7116749608264052,0.0,294.04049242391966,-0.8099999999999867,-0.6499999999999868,50000.0,5.0,250000.0,-2024.999999999967,-1624.999999999967
2026-03-09,RELIGARE,SHORT,A_MOD_BREAK_C1_LOW,MODERATE,2026-03-09 10:45:00+05:30,2026-03-09 11:00:00+05:30,198.5800048828125,199.87077491455076,196.79278483886716,2026-03-09 11:17:00+05:30,196.79278483886716,TARGET,3.700000000000033,4.500000000000033,30.698375701904297,28.73948860168457,8.852099418640137,0.9568571937841048,2.4384935269880392,0.009673471755778963,0.48792564444078274,0.0,199.87077491455076,0.7400000000000067,0.9000000000000066,50000.0,5.0,250000.0,1850.0000000000166,2250.0000000000164
2026-03-09,SSDL,SHORT,A_MOD_BREAK_C1_LOW,MODERATE,2026-03-09 10:45:00+05:30,2026-03-09 11:00:00+05:30,58.959998321533206,59.34323831062317,58.4293583366394,2026-03-09 11:33:00+05:30,59.34323831062317,SL,-4.049999999999994,-3.249999999999994,39.02753448486328,25.398225784301758,22.020299911499023,0.8983403946079109,2.215017628437154,0.010325128771086288,0.6026225863293335,0.0,59.34323831062317,-0.8099999999999987,-0.6499999999999988,50000.0,5.0,250000.0,-2024.9999999999968,-1624.999999999997
2026-03-10,ABSLAMC,LONG,B_HUGE_GREEN_PULLBACK_HOLD_THEN_BREAK,HUGE,2026-03-10 11:45:00+05:30,2026-03-10 12:45:00+05:30,934.1368022094726,928.9990497973206,944.4123070337768,2026-03-10 13:00:00+05:30,1000.8398043457031,BE,35.00694997598306,35.703015863661925,35.8135986328125,79.81109619140625,96.18804168701172,3.732551612131917,4.317966399238554,0.009416282817881594,10.446600337152269,0.0,928.9990497973206,7.001389995196612,7.140603172732385,50000.0,5.0,250000.0,17503.47498799153,17851.50793183096
2026-03-10,MAZDOCK,LONG,B_HUGE_GREEN_PULLBACK_HOLD_THEN_BREAK,HUGE,2026-03-10 11:00:00+05:30,2026-03-10 13:45:00+05:30,2462.892382324219,2449.346474221436,2489.9841985297853,2026-03-10 15:15:00+05:30,2475.0504,BE,1.815357463185957,2.4682397337044177,31.385955810546875,68.13924407958984,67.48361206054688,2.2401706306683473,1.9006985043446043,0.011642636041656402,6.097158488256216,0.0,2449.346474221436,0.3630714926371914,0.4936479467408835,50000.0,5.0,250000.0,907.6787315929786,1234.1198668522088
2026-03-10,VINDHYATEL,LONG,B_HUGE_GREEN_PULLBACK_HOLD_THEN_BREAK,HUGE,2026-03-10 11:30:00+05:30,2026-03-10 14:15:00+05:30,1117.8234955810547,1111.6754663553588,1130.119554032446,2026-03-10 14:30:00+05:30,1130.6254086914062,BE,5.06915209024479,5.72626768043418,22.8184757232666,77.80736541748047,91.3739242553711,1.618425906978504,3.2254797396815618,0.013201387127609179,6.480736380973946,0.0,1111.6754663553588,1.0138304180489581,1.145253536086836,50000.0,5.0,250000.0,2534.576045122395,2863.1338402170904
2026-03-11,HDFCBANK,SHORT,A_MOD_BREAK_C1_LOW,MODERATE,2026-03-11 12:45:00+05:30,2026-03-11 13:00:00+05:30,829.1341277954101,834.5234996260803,821.6719206452514,2026-03-11 15:15:00+05:30,834.5234996260803,SL,-3.904552276137951,-3.2499999999999862,36.94819641113281,24.25743293762207,7.994156837463379,2.779758066968245,2.921550589647159,0.0033476763461009564,0.764222946166992,0.0,834.5234996260803,-0.7809104552275902,-0.6499999999999972,50000.0,5.0,250000.0,-1952.2761380689756,-1624.9999999999932
2026-03-11,APLAPOLLO,SHORT,A_MOD_BREAK_C1_LOW,MODERATE,2026-03-11 14:00:00+05:30,2026-03-11 14:15:00+05:30,2000.6997555908204,2013.7043040021606,1982.6934577905029,2026-03-11 14:30:00+05:30,1995.0705999999998,BE,0.7583012787724699,1.4067966907803828,22.266019821166992,17.011430740356445,6.785619735717773,4.907479224197281,5.574917196379618,0.007423465345785037,0.5439902973175048,0.0,2013.7043040021606,0.151660255754494,0.28135933815607655,50000.0,5.0,250000.0,379.15063938623496,703.3983453901915
2026-03-11,JUNIPER,SHORT,A_MOD_BREAK_C1_LOW,MODERATE,2026-03-11 14:00:00+05:30,2026-03-11 14:15:00+05:30,200.64999694824218,201.95422192840573,198.844146975708,2026-03-11 15:30:00+05:30,198.5544,BE,4.578487742996817,5.222020882419326,29.24816131591797,33.634883880615234,12.717536926269531,2.501358856920085,2.236270793765088,0.004277884520349804,0.6487224197387695,0.0,201.95422192840573,0.9156975485993634,1.0444041764838652,50000.0,5.0,250000.0,2289.243871498408,2611.010441209663
2026-03-12,NITINSPIN,SHORT,A_PULLBACK_C2_THEN_BREAK_C2_LOW,MODERATE,2026-03-12 09:45:00+05:30,2026-03-12 10:15:00+05:30,350.7798361022949,353.0599050369598,347.62281757737424,2026-03-12 11:00:00+05:30,353.0599050369598,SL,-3.9045522761379465,-3.2499999999999507,29.341472625732422,29.96727180480957,17.48429298400879,0.5336394056636141,1.9833077469691032,0.008711546468836413,0.39267437272557393,0.0,353.0599050369598,-0.7809104552275893,-0.6499999999999901,50000.0,5.0,250000.0,-1952.276138068973,-1624.9999999999754
2026-03-12,MAPMYINDIA,SHORT,A_MOD_BREAK_C1_LOW,MODERATE,2026-03-12 10:15:00+05:30,2026-03-12 10:30:00+05:30,955.9087555908203,962.1221625021606,947.3055767905029,2026-03-12 10:45:00+05:30,952.8605722412109,BE,0.9461389101783739,1.5943903284604923,37.12482833862305,14.714534759521484,5.05697774887085,1.3209442684163084,3.5654581982309277,0.008061020890098285,0.6480376720521996,0.0,962.1221625021606,0.18922778203567478,0.3188780656920985,50000.0,5.0,250000.0,473.06945508918693,797.1951642302462
2026-03-12,NILKAMAL,SHORT,A_MOD_BREAK_C1_LOW,MODERATE,2026-03-12 10:15:00+05:30,2026-03-12 10:30:00+05:30,1297.7404,1306.1757125999998,1286.0607364,2026-03-12 11:00:00+05:30,1306.1757125999998,SL,-3.9045522761379523,-3.2499999999999463,25.628881454467773,31.60120964050293,6.828584671020508,0.7384640783443868,2.286638032033237,0.00633392275206297,0.3736644355272843,0.0,1306.1757125999998,-0.7809104552275905,-0.6499999999999893,50000.0,5.0,250000.0,-1952.2761380689763,-1624.999999999973
2026-03-12,ORIENTHOT,SHORT,A_MOD_BREAK_C1_LOW,MODERATE,2026-03-12 10:15:00+05:30,2026-03-12 10:30:00+05:30,88.06000061035157,88.63239061431885,87.2674606048584,2026-03-12 10:45:00+05:30,88.63239061431885,SL,-3.9045522761379563,-3.2500000000000018,38.52611541748047,19.57025146484375,8.32133960723877,1.8143492051001624,3.6688769369158294,0.00839048781258134,0.7554028421547354,0.0,88.63239061431885,-0.7809104552275913,-0.6500000000000004,50000.0,5.0,250000.0,-1952.2761380689783,-1625.0000000000007
2026-03-13,ADSL,SHORT,A_MOD_BREAK_C1_LOW,MODERATE,2026-03-13 10:00:00+05:30,2026-03-13 10:15:00+05:30,100.95,101.606175,100.04145,2026-03-13 11:00:00+05:30,100.68112153015136,BE,0.6831477780719859,1.3317408115336522,29.513694763183594,26.09670639038086,10.54842758178711,1.0962972575742411,3.4213578427070583,0.007925519528027801,0.49455744152324604,0.0,101.606175,0.13662955561439719,0.2663481623067304,50000.0,5.0,250000.0,341.573889035993,665.870405766826
2026-03-13,ASHOKA,SHORT,A_MOD_BREAK_C1_LOW,MODERATE,2026-03-13 10:00:00+05:30,2026-03-13 10:15:00+05:30,117.65999908447266,118.42478907852173,116.6010590927124,2026-03-13 10:30:00+05:30,117.31756985778807,BE,0.8067316538286398,1.455164156676321,24.27262306213379,30.2132568359375,5.968149662017822,1.0154327933559946,3.111757127152074,0.008134516834780095,0.40179008476930583,0.0,118.42478907852173,0.16134633076572796,0.2910328313352642,50000.0,5.0,250000.0,403.36582691431994,727.5820783381605
2026-03-13,AZAD,SHORT,A_MOD_BREAK_C1_LOW,MODERATE,2026-03-13 10:00:00+05:30,2026-03-13 10:15:00+05:30,1531.6936,1541.6496084,1517.9083576,2026-03-13 10:30:00+05:30,1524.6571444824217,BE,1.6496150753799619,2.2969527056776764,28.757749557495117,24.495336532592773,2.899306535720825,1.6021382755980418,4.210183398017168,0.007649565031417391,0.5717404415920841,0.0,1541.6496084,0.32992301507599237,0.45939054113553524,50000.0,5.0,250000.0,824.807537689981,1148.476352838838
2026-03-13,BATAINDIA,SHORT,A_MOD_BREAK_C1_LOW,MODERATE,2026-03-13 10:00:00+05:30,2026-03-13 10:15:00+05:30,704.0091944091797,708.5852541728393,697.6731116594971,2026-03-13 10:30:00+05:30,698.9516,BE,2.9463413378063112,3.591994571480117,25.60463523864746,29.578205108642578,4.732215404510498,0.8964854448391423,2.5935622382568506,0.005947733229737774,0.4009544814265618,0.0,708.5852541728393,0.5892682675612623,0.7183989142960234,50000.0,5.0,250000.0,1473.1706689031557,1795.9972857400585
2026-03-13,CDSL,SHORT,A_MOD_BREAK_C1_LOW,MODERATE,2026-03-13 10:00:00+05:30,2026-03-13 10:15:00+05:30,1189.762,1197.495453,1179.054142,2026-03-13 11:00:00+05:30,1197.495453,SL,-3.9045522761380247,-3.250000000000023,27.334434509277344,29.00172996520996,9.090006828308105,0.9825564610197057,2.61161091853268,0.0050051613798417615,0.4419638983176087,0.0,1197.495453,-0.7809104552276049,-0.6500000000000046,50000.0,5.0,250000.0,-1952.2761380690124,-1625.0000000000114
2026-03-13,CLEAN,SHORT,A_MOD_BREAK_C1_LOW,MODERATE,2026-03-13 10:00:00+05:30,2026-03-13 10:15:00+05:30,716.7566444091797,721.4155625978393,710.3058346094971,2026-03-13 11:00:00+05:30,715.046527758789,BE,0.5441813184710322,1.1929548639205876,21.038198471069336,24.885662078857422,1.046196460723877,1.1108338990661628,3.50274516363633,0.005692571425008805,0.36996890940261856,0.0,721.4155625978393,0.10883626369420644,0.23859097278411753,50000.0,5.0,250000.0,272.0906592355161,596.4774319602938
2026-03-13,EMAMILTD,SHORT,A_MOD_BREAK_C1_LOW,MODERATE,2026-03-13 10:00:00+05:30,2026-03-13 10:15:00+05:30,423.01538610229494,425.76498611195984,419.2082476273743,2026-03-13 11:00:00+05:30,425.76498611195984,SL,-3.904552276137995,-3.249999999999983,52.453956604003906,26.83434295654297,10.796541213989258,0.8723825853080069,2.536465336212107,0.005023177605462989,0.7626669524289011,0.0,425.76498611195984,-0.7809104552275989,-0.6499999999999966,50000.0,5.0,250000.0,-1952.2761380689974,-1624.9999999999914
2026-03-13,GILLETTE,SHORT,A_MOD_BREAK_C1_LOW,MODERATE,2026-03-13 10:00:00+05:30,2026-03-13 10:15:00+05:30,7881.4234,7932.6526521,7810.490589399999,2026-03-13 11:00:00+05:30,7879.0,EOD,-0.49638393440167405,0.15374126455379078,21.34638214111328,34.03052520751953,37.216827392578125,0.8911969507718093,1.9836320887979952,0.004811438512457335,0.3353368029416656,0.0,7932.6526521,-0.09927678688033481,0.030748252910758153,50000.0,5.0,250000.0,-248.19196720083704,76.87063227689538
2026-03-13,GPPL,SHORT,A_MOD_BREAK_C1_LOW,MODERATE,2026-03-13 10:00:00+05:30,2026-03-13 10:15:00+05:30,155.1199981689453,156.12827815704344,153.7239181854248,2026-03-13 10:30:00+05:30,154.58161387939452,BE,1.0873119751685154,1.7353800151686705,22.468666076660156,23.087888717651367,6.224729537963867,1.688162108694492,3.647781326936237,0.006003367218958753,0.49245836017143846,0.0,156.12827815704344,0.2174623950337031,0.3470760030337341,50000.0,5.0,250000.0,543.6559875842578,867.6900075843353
2026-03-13,GRAPHITE,SHORT,A_MOD_BREAK_C1_LOW,MODERATE,2026-03-13 10:00:00+05:30,2026-03-13 10:15:00+05:30,628.6742277954102,632.7606102760803,623.0161597452515,2026-03-13 10:30:00+05:30,622.5883555175781,BE,4.1962134739384425,4.8402431726632065,26.750782012939453,28.17191505432129,3.4242026805877686,1.134804339283232,3.3671895099264404,0.008303273485134493,0.4598524895686574,0.0,632.7606102760803,0.8392426947876884,0.9680486345326413,50000.0,5.0,250000.0,2098.106736969221,2420.1215863316033
2026-03-13,HEG,SHORT,A_MOD_BREAK_C1_LOW,MODERATE,2026-03-13 10:00:00+05:30,2026-03-13 10:15:00+05:30,505.5488638977051,508.83493151304015,500.99892412262574,2026-03-13 10:30:00+05:30,500.5977722412109,BE,4.252792665876848,4.896748870447449,25.57240867614746,25.75840950012207,3.4858715534210205,1.230646579640282,3.598131514655491,0.007625349180805233,0.45894928157926124,0.0,508.83493151304015,0.8505585331753697,0.9793497740894898,50000.0,5.0,250000.0,2126.396332938424,2448.3744352237245
2026-03-13,IDBI,SHORT,A_MOD_BREAK_C1_LOW,MODERATE,2026-03-13 10:00:00+05:30,2026-03-13 10:15:00+05:30,96.06000061035157,96.68439061431884,95.1954606048584,2026-03-13 10:30:00+05:30,95.46655693969726,BE,2.4426143001605345,3.0889218555259887,23.795284271240234,25.295209884643555,5.219970226287842,1.3186377528175846,3.2860423320127006,0.0070188210956927755,0.44769087081168074,0.0,96.68439061431884,0.4885228600321069,0.6177843711051978,50000.0,5.0,250000.0,1221.3071500802673,1544.4609277629945
2026-03-13,IDEAFORGE,SHORT,A_MOD_BREAK_C1_LOW,MODERATE,2026-03-13 10:00:00+05:30,2026-03-13 10:15:00+05:30,417.9164,420.63285659999997,414.1551524,2026-03-13 10:30:00+05:30,414.15639999999996,BE,3.8540331794491984,4.498507356973844,23.507030487060547,28.476215362548828,10.013779640197754,1.163086451535822,2.4791433941193772,0.006468680597120716,0.4161455863246771,0.0,420.63285659999997,0.7708066358898397,0.8997014713947689,50000.0,5.0,250000.0,1927.0165897245993,2249.253678486922
2026-03-13,INDIGOPNTS,SHORT,A_MOD_BREAK_C1_LOW,MODERATE,2026-03-13 10:00:00+05:30,2026-03-13 10:15:00+05:30,799.8899777954101,805.0892626510803,792.6909679952514,2026-03-13 10:45:00+05:30,796.9251722412108,BE,1.2053436243245284,1.8532583458356677,20.695947647094727,18.10992431640625,7.1303863525390625,1.1418436598929311,3.8046834832085334,0.006017105239419391,0.37026185518768384,0.0,805.0892626510803,0.24106872486490566,0.37065166916713355,50000.0,5.0,250000.0,602.6718121622641,926.6291729178339
2026-03-13,INDOAMIN,SHORT,A_MOD_BREAK_C1_LOW,MODERATE,2026-03-13 10:00:00+05:30,2026-03-13 10:15:00+05:30,97.6800033569336,98.31492337875366,96.80088332672119,2026-03-13 10:30:00+05:30,96.77019999999999,BE,4.012792474898729,4.657060430316968,28.913759231567383,30.563310623168945,13.175232887268066,0.8314165163702385,2.7460839244394823,0.009477601083826004,0.43920427883830243,0.0,98.31492337875366,0.802558494979746,0.9314120860633937,50000.0,5.0,250000.0,2006.396237449365,2328.530215158484
2026-03-13,ITDC,SHORT,A_MOD_BREAK_C1_LOW,MODERATE,2026-03-13 10:00:00+05:30,2026-03-13 10:15:00+05:30,450.70982779541015,453.6394416760803,446.65343934525146,2026-03-13 11:00:00+05:30,450.5,EOD,-0.4172475868955856,0.23277481704414463,27.52533721923828,28.496644973754883,9.263854026794434,1.3518458778228828,3.4561705905065248,0.007035112613792727,0.5094530869075786,0.0,453.6394416760803,-0.08344951737911713,0.04655496340882893,50000.0,5.0,250000.0,-208.62379344779282,116.3874085220723
2026-03-13,KICL,SHORT,A_MOD_BREAK_C1_LOW,MODERATE,2026-03-13 10:00:00+05:30,2026-03-13 10:15:00+05:30,4596.5805,4626.458273249999,4555.2112755,2026-03-13 10:30:00+05:30,4577.2806,BE,1.4517812207629701,2.0993758294888973,29.71276092529297,34.53532028198242,6.048905849456787,1.3635959392169825,3.1610671872756972,0.007045754561805414,0.5443207032423665,0.0,4626.458273249999,0.29035624415259403,0.41987516589777946,50000.0,5.0,250000.0,725.8906103814851,1049.6879147444488
2026-03-13,KROSS,SHORT,A_MOD_BREAK_C1_LOW,MODERATE,2026-03-13 10:00:00+05:30,2026-03-13 10:15:00+05:30,184.41000671386718,185.6086717575073,182.75031665344238,2026-03-13 10:30:00+05:30,183.89346889648436,BE,0.752011027519,1.400514610316885,35.08060836791992,22.01095962524414,9.783406257629395,0.9094284709994329,3.4610552670292827,0.0068578550344365035,0.5453591079436997,0.0,185.6086717575073,0.15040220550379998,0.280102922063377,50000.0,5.0,250000.0,376.00551375949993,700.2573051584425
2026-03-13,LLOYDSENGG,SHORT,A_MOD_BREAK_C1_LOW,MODERATE,2026-03-13 10:00:00+05:30,2026-03-13 10:15:00+05:30,42.470000457763675,42.746055460739136,42.0877704536438,2026-03-13 10:30:00+05:30,42.29810430603027,BE,1.3760431758207368,2.023736165300456,29.67071533203125,25.998092651367188,7.301587104797363,1.0611451147284017,3.4040723721792743,0.00996169880143864,0.49076112505793906,0.0,42.746055460739136,0.27520863516414734,0.4047472330600912,50000.0,5.0,250000.0,688.0215879103683,1011.868082650228
2026-03-13,MANALIPETC,SHORT,A_MOD_BREAK_C1_LOW,MODERATE,2026-03-13 10:00:00+05:30,2026-03-13 10:15:00+05:30,47.65999908447266,47.96978907852173,47.23105909271241,2026-03-13 10:30:00+05:30,47.3722736831665,BE,2.372121721359128,3.018520843823315,28.630475997924805,20.193098068237305,8.1611909866333,1.2466091174053517,3.9606044682266064,0.007670684118673578,0.5076137355148087,0.0,47.96978907852173,0.47442434427182556,0.6037041687646629,50000.0,5.0,250000.0,1186.060860679564,1509.2604219116574
2026-03-13,NAM-INDIA,SHORT,A_MOD_BREAK_C1_LOW,MODERATE,2026-03-13 10:00:00+05:30,2026-03-13 10:15:00+05:30,829.834,835.2279209999999,822.3654939999999,2026-03-13 10:30:00+05:30,825.3043999999999,BE,2.0824451419091874,2.7292205429038057,22.231035232543945,24.21622657775879,13.120920181274414,0.7479557651892419,2.765734418032059,0.005650178906178348,0.32435778739627646,0.0,835.2279209999999,0.4164890283818375,0.5458441085807612,50000.0,5.0,250000.0,1041.2225709545937,1364.610271451903
2026-03-13,NAVNETEDUL,SHORT,A_MOD_BREAK_C1_LOW,MODERATE,2026-03-13 10:00:00+05:30,2026-03-13 10:15:00+05:30,132.97999877929686,133.8443687713623,131.7831787902832,2026-03-13 10:30:00+05:30,132.6804655517578,BE,0.4773738082490684,1.126234134037649,21.654760360717773,30.532024383544922,11.761482238769531,0.9231058384206943,2.55245251327469,0.006519849404287065,0.3463649271343881,0.0,133.8443687713623,0.09547476164981368,0.2252468268075298,50000.0,5.0,250000.0,238.68690412453418,563.1170670188245
2026-03-13,NSLNISP,SHORT,A_MOD_BREAK_C1_LOW,MODERATE,2026-03-13 10:00:00+05:30,2026-03-13 10:15:00+05:30,36.79000015258789,37.029135153579716,36.458890151214604,2026-03-13 11:00:00+05:30,36.83000183105469,EOD,-1.194681054083928,-0.5436487945214131,25.679035186767578,25.032333374023438,8.585805892944336,1.5057880452319319,3.2771256126118504,0.007127362567725614,0.5086984357171018,0.0,37.029135153579716,-0.23893621081678562,-0.10872975890428263,50000.0,5.0,250000.0,-597.340527041964,-271.8243972607066
2026-03-13,PAGEIND,SHORT,A_MOD_BREAK_C1_LOW,MODERATE,2026-03-13 10:00:00+05:30,2026-03-13 10:15:00+05:30,30293.94,30490.850609999998,30021.29454,2026-03-13 10:30:00+05:30,30209.35,BE,0.7476445635588426,1.396153818222393,36.07881546020508,23.302112579345703,25.903846740722656,1.3877787596729787,3.2259017284794926,0.005268741015947298,0.6440435148458474,0.0,30490.850609999998,0.14952891271176852,0.2792307636444786,50000.0,5.0,250000.0,373.8222817794213,698.0769091111964
2026-03-13,PRINCEPIPE,SHORT,A_MOD_BREAK_C1_LOW,MODERATE,2026-03-13 10:00:00+05:30,2026-03-13 10:15:00+05:30,246.45,248.05192499999998,244.23194999999998,2026-03-13 11:00:00+05:30,246.39999389648438,EOD,-0.5487403705941831,0.10145283732118814,22.339292526245117,25.417272567749023,4.850457191467285,1.1554590488816407,3.84636540352654,0.007685627497679798,0.3972947214479639,0.0,248.05192499999998,-0.10974807411883662,0.020290567464237626,50000.0,5.0,250000.0,-274.37018529709155,50.72641866059407
2026-03-13,QUICKHEAL,SHORT,A_MOD_BREAK_C1_LOW,MODERATE,2026-03-13 10:00:00+05:30,2026-03-13 10:15:00+05:30,150.0000030517578,150.97500307159422,148.65000302429198,2026-03-13 11:00:00+05:30,149.66789999999997,BE,0.4581248205342524,1.1070101500039093,27.792015075683594,25.509719848632812,3.7072596549987793,0.7998252804129219,3.179761900303149,0.010598218430230774,0.41684965020751524,0.0,150.97500307159422,0.09162496410685048,0.22140203000078187,50000.0,5.0,250000.0,229.06241026712618,553.5050750019547
2026-03-13,RAINBOW,SHORT,A_MOD_BREAK_C1_LOW,MODERATE,2026-03-13 10:00:00+05:30,2026-03-13 10:15:00+05:30,1143.8711555908203,1151.3063181021605,1133.576315190503,2026-03-13 10:45:00+05:30,1138.6794,BE,1.6220060453565774,2.269379538702823,24.379472732543945,23.932836532592773,11.157014846801758,0.8959147895120013,3.4002725499644715,0.005624493466147893,0.3824771791527594,0.0,1151.3063181021605,0.3244012090713155,0.4538759077405646,50000.0,5.0,250000.0,811.0030226782887,1134.6897693514115
2026-03-13,SONATSOFTW,SHORT,A_MOD_BREAK_C1_LOW,MODERATE,2026-03-13 10:00:00+05:30,2026-03-13 10:15:00+05:30,236.0000030517578,237.5340030715942,233.87600302429198,2026-03-13 11:00:00+05:30,237.5340030715942,SL,-3.904552276137989,-3.2499999999999716,23.958431243896484,23.825088500976562,7.268112659454346,1.0891152102933706,3.21769071293112,0.007458404822957733,0.4099716304597871,0.0,237.5340030715942,-0.7809104552275978,-0.6499999999999944,50000.0,5.0,250000.0,-1952.2761380689947,-1624.999999999986
2026-03-13,TATACHEM,SHORT,A_MOD_BREAK_C1_LOW,MODERATE,2026-03-13 10:00:00+05:30,2026-03-13 10:15:00+05:30,674.865,679.2516224999999,668.791215,2026-03-13 10:45:00+05:30,672.9790555175781,BE,0.7487675720591604,1.3972753679787109,28.949304580688477,25.886669158935547,8.873735427856445,1.1770660020123276,2.9021193769656133,0.004727356990879248,0.5002261190624844,0.0,679.2516224999999,0.1497535144118321,0.2794550735957422,50000.0,5.0,250000.0,374.3837860295802,698.6376839893554
2026-03-13,TCI,SHORT,A_MOD_BREAK_C1_LOW,MODERATE,2026-03-13 10:00:00+05:30,2026-03-13 10:15:00+05:30,963.8072,970.0719467999999,955.1329351999999,2026-03-13 10:45:00+05:30,961.1837999999999,BE,0.712401805044212,1.3609568386706703,20.83316993713379,30.098480224609375,8.887656211853027,0.6304819962142605,2.448785306908625,0.008741827392158846,0.2828318983945024,0.0,970.0719467999999,0.1424803610088424,0.27219136773413405,50000.0,5.0,250000.0,356.200902522106,680.4784193353352
2026-03-13,BODALCHEM,SHORT,A_MOD_BREAK_C1_LOW,MODERATE,2026-03-13 10:15:00+05:30,2026-03-13 10:30:00+05:30,43.810000610351565,44.094765614318845,43.415710604858404,2026-03-13 10:45:00+05:30,43.62179999999999,BE,1.500386899861611,2.1479183717142365,20.461898803710938,28.10447883605957,14.191486358642578,0.5456296017771038,2.0342879558280313,0.005714936821629291,0.2624136623666572,0.0,44.094765614318845,0.3000773799723222,0.42958367434284733,50000.0,5.0,250000.0,750.1934499308055,1073.9591858571182
2026-03-13,DATAPATTNS,SHORT,A_MOD_BREAK_C1_LOW,MODERATE,2026-03-13 10:15:00+05:30,2026-03-13 10:30:00+05:30,3230.3538,3251.3510997,3201.2806158,2026-03-13 10:45:00+05:30,3180.8815999999997,BE,7.017030969279139,7.6573965365651535,20.108755111694336,29.906919479370117,10.459129333496094,2.03719152944557,3.0450425137109667,0.007098710728516832,0.5116313266754151,0.0,3251.3510997,1.4034061938558278,1.5314793073130306,50000.0,5.0,250000.0,3508.5154846395694,3828.6982682825765
2026-03-13,HEROMOTOCO,SHORT,A_MOD_BREAK_C1_LOW,MODERATE,2026-03-13 10:15:00+05:30,2026-03-13 10:30:00+05:30,5209.4579,5243.31937635,5162.5727789,2026-03-13 10:45:00+05:30,5182.470399999999,BE,1.9432845583699987,2.590240723511854,45.29729080200195,17.61492919921875,3.5754659175872803,1.905756480445822,4.74664146226044,0.0068841865862619605,0.8729667461080481,0.0,5243.31937635,0.38865691167399974,0.5180481447023708,50000.0,5.0,250000.0,971.6422791849993,1295.120361755927
2026-03-13,IPL,SHORT,A_MOD_BREAK_C1_LOW,MODERATE,2026-03-13 10:15:00+05:30,2026-03-13 10:30:00+05:30,143.5500061035156,144.48308114318846,142.25805604858397,2026-03-13 10:45:00+05:30,142.9190602844238,BE,1.5501848761330814,2.1976516623650437,27.184844970703125,26.587873458862305,5.98042106628418,1.2826563076500304,3.315739094132833,0.008650019936839667,0.4922375283993022,0.0,144.48308114318846,0.3100369752266163,0.4395303324730087,50000.0,5.0,250000.0,775.0924380665407,1098.8258311825218
2026-03-13,KINGFA,SHORT,A_MOD_BREAK_C1_LOW,MODERATE,2026-03-13 10:15:00+05:30,2026-03-13 10:30:00+05:30,4028.0941223632813,4054.2767341586423,3991.8412752620115,2026-03-13 11:00:00+05:30,4025.5,EOD,-0.3279026557490533,0.3220036926246509,26.472871780395508,29.98346710205078,7.10931921005249,1.1172808455064385,3.00365993080543,0.005117222902728193,0.4526172246695593,0.0,4054.2767341586423,-0.06558053114981066,0.06440073852493018,50000.0,5.0,250000.0,-163.95132787452664,161.00184631232545
2026-03-13,LIKHITHA,SHORT,A_MOD_BREAK_C1_LOW,MODERATE,2026-03-13 10:15:00+05:30,2026-03-13 10:30:00+05:30,144.2,145.13729999999998,142.9022,2026-03-13 11:00:00+05:30,144.58999633789062,EOD,-2.004359790716962,-1.3522757901894467,20.035675048828125,26.45909309387207,4.051339626312256,1.1643561358683698,3.1889241229193757,0.008620860254888304,0.3642974495093866,0.0,145.13729999999998,-0.4008719581433924,-0.27045515803788933,50000.0,5.0,250000.0,-1002.1798953584808,-676.1378950947234
2026-03-13,SANOFI,SHORT,A_MOD_BREAK_C1_LOW,MODERATE,2026-03-13 10:15:00+05:30,2026-03-13 10:30:00+05:30,3569.286,3592.486359,3537.162426,2026-03-13 11:00:00+05:30,3561.0,EOD,0.5119208984789102,1.1607363489504705,48.08956527709961,25.36464500427246,27.130277633666992,1.385598013944293,2.8807077280360236,0.0025735881267175964,0.8238231315967455,0.0,3592.486359,0.10238417969578205,0.2321472697900941,50000.0,5.0,250000.0,255.9604492394551,580.3681744752352
2026-03-13,SAPPHIRE,SHORT,A_MOD_BREAK_C1_LOW,MODERATE,2026-03-13 10:15:00+05:30,2026-03-13 10:30:00+05:30,160.14999694824218,161.19097192840573,158.708646975708,2026-03-13 10:45:00+05:30,159.73600526733398,BE,0.6438682411706144,1.292512297212194,21.572128295898438,25.326541900634766,1.803466558456421,1.6049504497572062,3.521822998611233,0.011240413787030543,0.46444825314598764,0.0,161.19097192840573,0.12877364823412288,0.2585024594424388,50000.0,5.0,250000.0,321.9341205853072,646.2561486060971
2026-03-13,SOUTHBANK,SHORT,A_MOD_BREAK_C1_LOW,MODERATE,2026-03-13 10:15:00+05:30,2026-03-13 10:30:00+05:30,38.2,38.4483,37.8562,2026-03-13 11:00:00+05:30,38.13999938964844,EOD,0.13604460397547063,0.7853483030309599,23.68049430847168,23.77558708190918,6.483218669891357,0.9712764374507074,2.8919393522736123,0.005744125409669112,0.385180791180949,0.0,38.4483,0.027208920795094127,0.15706966060619199,50000.0,5.0,250000.0,68.02230198773532,392.67415151548
2026-03-13,WCIL,SHORT,A_MOD_BREAK_C1_LOW,MODERATE,2026-03-13 10:15:00+05:30,2026-03-13 10:30:00+05:30,90.17000122070313,90.75610622863769,89.3584712097168,2026-03-13 11:00:00+05:30,90.75610622863769,SL,-3.904552276137967,-3.24999999999996,35.5219612121582,16.712636947631836,4.569720268249512,1.7744435367977622,4.371543033888579,0.010483768881127578,0.7033570371219815,0.0,90.75610622863769,-0.7809104552275934,-0.649999999999992,50000.0,5.0,250000.0,-1952.2761380689835,-1624.99999999998
2026-03-13,SHYAMMETL,SHORT,A_PULLBACK_C2_THEN_BREAK_C2_LOW,MODERATE,2026-03-13 10:15:00+05:30,2026-03-13 10:45:00+05:30,767.8464,772.8374016,760.9357824,2026-03-13 11:00:00+05:30,772.8374016,SL,-3.904552276137933,-3.250000000000002,24.116437911987305,28.92904281616211,6.055910110473633,1.1620978983914474,3.0486795457543225,0.004799621398676255,0.42511370089831285,0.0,772.8374016,-0.7809104552275866,-0.6500000000000005,50000.0,5.0,250000.0,-1952.2761380689667,-1625.0000000000011
