{
  "rows": 1025,
  "kept": 1025,
  "kept_pct": 100.0,
  "base_pnl": 1383658.7156641535,
  "ml_pnl": 2047615.8992558932,
  "pnl_delta": 663957.1835917397,
  "base_avg_trade": 1349.9109421113692,
  "ml_avg_trade": 1997.67404805453,
  "base_win_rate": 0.7873170731707317,
  "ml_win_rate": 0.7873170731707317
}